o_18f7283c1a7e4a0b	https://www.youtube.com/watch?v=04DEnquPVms	28-256
c1_18f7283c1a7e4a0b	https://www.youtube.com/watch?v=HfLlbZKZgaA	34-91;122-160;188-286
o_08c6aa7987fb5a6f	https://www.youtube.com/watch?v=c12ity9FE1w	12-97;139-163;192-216;238-259
c1_08c6aa7987fb5a6f	https://www.youtube.com/watch?v=kiy0PDQBf20	11-83;151-175;236-257
o_15d3dcf3435c0a22	https://www.youtube.com/watch?v=8Ms3mJFkSeg	60-112;134-228
c1_15d3dcf3435c0a22	https://www.youtube.com/watch?v=-q3tmZLeJW8	42-94;116-210
o_9e0b7df6af990cab	https://www.youtube.com/watch?v=HFP44jSnaoM	0-118;169-226;274-298
c1_9e0b7df6af990cab	https://www.youtube.com/watch?v=cizKjm6EoWo	0-118;169-226;274-298
o_9d447915ab50d081	https://www.youtube.com/watch?v=Bs2DTcWutT0	31-49;77-202
c1_9d447915ab50d081	https://www.youtube.com/watch?v=VKwbp5ddhN8	31-129;151-201
o_f4eb010f949624a2	https://www.youtube.com/watch?v=m49EhpGeLu4	0-16;126-209;307-369
c1_f4eb010f949624a2	https://www.youtube.com/watch?v=gdNp8uuNb7g	74-168;189-212;234-252;310-372
o_ead181e04bd6d556	https://www.youtube.com/watch?v=P3iGU3sFM5k	32-110;142-201
c1_ead181e04bd6d556	https://www.youtube.com/watch?v=rw6XqVpSZ7Y	33-111;142-202
o_42b1833f64a697ad	https://www.youtube.com/watch?v=FEWhn9MTbko	30-185
c1_42b1833f64a697ad	https://www.youtube.com/watch?v=0d_MhDyv_CI	29-187
o_a0568f96adda9c36	https://www.youtube.com/watch?v=Wzruh76X5a0	19-38;125-267
c1_a0568f96adda9c36	https://www.youtube.com/watch?v=1MqsqUEy1TA	6-24;46-70;112-133;158-254
o_b35d6e6160d8e8d1	https://www.youtube.com/watch?v=z-fSv9jClCw	11-175;219-243
c1_b35d6e6160d8e8d1	https://www.youtube.com/watch?v=Z2G58yUH1hI	28-118;147-196
o_c48171ed7f8a07ed	https://www.youtube.com/watch?v=4-W9DJhUUEg	73-155;193-269
c1_c48171ed7f8a07ed	https://www.youtube.com/watch?v=wL7FIp5fDsM	97-268
o_6dd4df2f8d53d414	https://www.youtube.com/watch?v=GzRD-5E1iv8	25-49;70-154;188-212
c1_6dd4df2f8d53d414	https://www.youtube.com/watch?v=SpFVYK_EVpY	25-49;70-154;189-213
o_248cb860283d74b4	https://www.youtube.com/watch?v=v6nR6zzn9E8	32-86;123-182;217-241;281-299
c1_248cb860283d74b4	https://www.youtube.com/watch?v=0tnEQvSAPR0	9-63;100-159;194-218;258-276
o_70b433373a2fe680	https://www.youtube.com/watch?v=EAvtkdQqusY	23-83;112-135;166-225
c1_70b433373a2fe680	https://www.youtube.com/watch?v=2Y2b8yp8PbI	29-90;118-141;172-232
o_5b27743a33b1db31	https://www.youtube.com/watch?v=uzwQ-PNJtPg	50-133;184-241;264-282
c1_5b27743a33b1db31	https://www.youtube.com/watch?v=p9xt0mMz2C0	51-135;187-246;270-288
o_6f4cec03fe14f7b8	https://www.youtube.com/watch?v=6yUq_-_v4rI	18-214
c1_6f4cec03fe14f7b8	https://www.youtube.com/watch?v=WMSptzLF9IM	39-119;177-201
o_d38eff71e23b467d	https://www.youtube.com/watch?v=GmyuhLRHKcs	0-21;42-98;119-143;207-252
c1_d38eff71e23b467d	https://www.youtube.com/watch?v=D6rICUHQ1yM	0-28;50-74;95-119;184-229
o_5ca8386981a23054	https://www.youtube.com/watch?v=HVvXWUAKtus	32-222
c1_5ca8386981a23054	https://www.youtube.com/watch?v=q38-TuAidwE	32-113;136-221;283-307
o_4e8b64c6d74d6653	https://www.youtube.com/watch?v=H_Ti_4zPJsE	12-78;111-172;194-214
c1_4e8b64c6d74d6653	https://www.youtube.com/watch?v=gKCF4L54Tow	12-34;58-78;111-214
o_443050c8c76653d6	https://www.youtube.com/watch?v=UaNGtgYwSsU	6-147
c1_443050c8c76653d6	https://www.youtube.com/watch?v=-EunJtenDOI	42-146
o_19324caad3610258	https://www.youtube.com/watch?v=S8DqT5yZ0Oo	28-46;80-104;142-180;202-226
c1_19324caad3610258	https://www.youtube.com/watch?v=wXA-mZHSwv4	55-108;146-183;206-230
o_ea367bd2511a07ee	https://www.youtube.com/watch?v=oGEwc4xap0E	7-82;104-128;158-182;279-300
c1_ea367bd2511a07ee	https://www.youtube.com/watch?v=6yoPLFeRBi0	56-132;153-177;207-231;328-349
o_9be7a4979b9db101	https://www.youtube.com/watch?v=y8vEeFHdknY	28-47;85-109;170-258
c1_9be7a4979b9db101	https://www.youtube.com/watch?v=h3zjtZPkNkE	101-246
o_be28820905c78846	https://www.youtube.com/watch?v=jh1SdKH1yog	37-186
c1_be28820905c78846	https://www.youtube.com/watch?v=WNzdmkZt81o	36-151
o_7f9155715cca4c27	https://www.youtube.com/watch?v=ippaCca4L6A	23-94;148-197
c1_7f9155715cca4c27	https://www.youtube.com/watch?v=VtKqUAuUEg4	24-95;150-200
o_681fb793ffa44ad3	https://www.youtube.com/watch?v=RIGWa9BCo_A	30-54;87-162;184-207
c1_681fb793ffa44ad3	https://www.youtube.com/watch?v=5wtf6Bk8iD0	34-58;91-165;187-210
o_ee901f82a06c2b52	https://www.youtube.com/watch?v=ZcEqCsDflY4	0-99;185-275
c1_ee901f82a06c2b52	https://www.youtube.com/watch?v=FLXBt9k7awY	58-117;201-273
o_03329b136dfb4f21	https://www.youtube.com/watch?v=RuMnXi7L7wE	28-85;144-190;286-310
c1_03329b136dfb4f21	https://www.youtube.com/watch?v=zz996pVPdRI	54-110;145-191;288-312
o_3ee5a9b9fce7a9da	https://www.youtube.com/watch?v=4NPAz8-O29U	2-147
c1_3ee5a9b9fce7a9da	https://www.youtube.com/watch?v=z6Ub8O98w68	25-137
o_f480387e8bf75f60	https://www.youtube.com/watch?v=7-FTgiCz-Tw	13-85;124-148;172-196;272-296
c1_f480387e8bf75f60	https://www.youtube.com/watch?v=YD37l7Mt4vs	13-37;61-85;124-205;272-296
o_e0ef05905678c312	https://www.youtube.com/watch?v=O7hcDIgjUKs	26-79;115-207
c1_e0ef05905678c312	https://www.youtube.com/watch?v=4Nb_MH89kng	41-65;88-193
o_8e72f612ad4dd821	https://www.youtube.com/watch?v=quglprlSQ8k	60-81;108-205
c1_8e72f612ad4dd821	https://www.youtube.com/watch?v=CUHc_H_PPBM	63-84;112-209
o_c36c15038b3b2cc6	https://www.youtube.com/watch?v=5ZFVtZxxkH0	16-40;100-182;223-247
c1_c36c15038b3b2cc6	https://www.youtube.com/watch?v=ZYObJLnq1eo	15-68;141-182;222-246
o_cfff872874c8346a	https://www.youtube.com/watch?v=_BfcRjZn6y4	0-147;201-225
c1_cfff872874c8346a	https://www.youtube.com/watch?v=PghjFXFXyNY	0-81;125-149;203-227
o_1afb7545cc2c7e71	https://www.youtube.com/watch?v=lLtBeQBP2CU	0-72;133-173
c1_1afb7545cc2c7e71	https://www.youtube.com/watch?v=BrTxW8oUey0	14-73;99-174;203-225
o_e7e2f3a825373102	https://www.youtube.com/watch?v=rFiOWce94i8	0-80;178-202;230-281
c1_e7e2f3a825373102	https://www.youtube.com/watch?v=QYfDnsWjfZ4	0-79;177-201;228-280
o_5f85c71ebf333606	https://www.youtube.com/watch?v=wZ7lzCFano4	25-68;131-235
c1_5f85c71ebf333606	https://www.youtube.com/watch?v=1SmCF-alPEU	24-48;106-234
o_5593754db49306c4	https://www.youtube.com/watch?v=FEjSsT49EIE	11-32;84-108;149-173;257-337
c1_5593754db49306c4	https://www.youtube.com/watch?v=1lSNE7hyjR0	12-33;85-109;150-174;257-327
o_23e1d9400e54d71f	https://www.youtube.com/watch?v=-3dvyxOHKT8	27-159;191-215;240-263
c1_23e1d9400e54d71f	https://www.youtube.com/watch?v=obAaaXNxTFw	9-92;116-137;167-191;212-235
o_8580b8740a358a0a	https://www.youtube.com/watch?v=dfbAAiL5ec8	26-145;174-223
c1_8580b8740a358a0a	https://www.youtube.com/watch?v=RDm0TNfyafc	19-65;99-123;147-213
o_ad5a86ed4a66b6da	https://www.youtube.com/watch?v=eqC4xFqjalM	43-90;131-189;221-256
c1_ad5a86ed4a66b6da	https://www.youtube.com/watch?v=J2MnjTCjFBU	44-92;135-195;246-264
o_0d9f40779112a491	https://www.youtube.com/watch?v=upH1x4TsGNQ	38-93;124-148;195-250
c1_0d9f40779112a491	https://www.youtube.com/watch?v=DzksOEMNjdM	40-64;126-174;197-252
o_e678f7e0b0d331bd	https://www.youtube.com/watch?v=CxH1BYed6xc	21-166
c1_e678f7e0b0d331bd	https://www.youtube.com/watch?v=pWmSpjvbux4	0-126
o_0c5dd8c870ddb8e5	https://www.youtube.com/watch?v=TZ0gOrpoJeo	4-107;140-164
c1_0c5dd8c870ddb8e5	https://www.youtube.com/watch?v=4pGCQ3saFb4	4-105;137-161
o_89f98adf5fb9acd0	https://www.youtube.com/watch?v=lyjOPzIGbKA	28-48;70-94;184-246;304-347
c1_89f98adf5fb9acd0	https://www.youtube.com/watch?v=peadaFVmyM0	31-52;73-97;187-211;307-354
o_b5e06efae662c63c	https://www.youtube.com/watch?v=LApMn3gQVF8	7-25;90-132;214-282
c1_b5e06efae662c63c	https://www.youtube.com/watch?v=n8b_l4fjDI4	29-47;90-132;214-251
o_829e97388310500f	https://www.youtube.com/watch?v=orECmODCIfA	20-44;70-142;174-233
c1_829e97388310500f	https://www.youtube.com/watch?v=l_6D5q8RSN8	9-33;60-131;163-223
o_b6b1a501734c7b14	https://www.youtube.com/watch?v=3IkIREL5OjA	10-92;117-136
c1_b6b1a501734c7b14	https://www.youtube.com/watch?v=xynXT38HDcA	10-74;116-163
o_484a0a29f6ad2628	https://www.youtube.com/watch?v=7g4-uSSXF-U	48-137;203-227
c1_484a0a29f6ad2628	https://www.youtube.com/watch?v=r1Ti4NHCUqY	49-69;96-176
o_eb8ea17068a1f6b1	https://www.youtube.com/watch?v=7LLzPPFc21o	20-63;86-149;195-213
c1_eb8ea17068a1f6b1	https://www.youtube.com/watch?v=1LHGtxJPHZY	28-157
o_2a4fe603792a6265	https://www.youtube.com/watch?v=wfCih9eF-aw	29-184
c1_2a4fe603792a6265	https://www.youtube.com/watch?v=KXYcBYlwFf8	36-190
o_8937d427a5a99eaf	https://www.youtube.com/watch?v=3-Yh6rnOchs	28-124;172-196
c1_8937d427a5a99eaf	https://www.youtube.com/watch?v=vpozQc7VMVs	17-41;74-98;159-220
o_38d6b9f84aa08b06	https://www.youtube.com/watch?v=OgCv-qrlRrI	15-39;78-155;228-252
c1_38d6b9f84aa08b06	https://www.youtube.com/watch?v=Cn5DoS2rdi8	13-37;76-153;226-250
o_565c4a9376f2d4ea	https://www.youtube.com/watch?v=mQER0A0ej0M	14-71;95-114;179-203;355-379
c1_565c4a9376f2d4ea	https://www.youtube.com/watch?v=jcsHVrQJZ-E	16-72;94-140;257-281
o_19a2723d77b6ff8f	https://www.youtube.com/watch?v=q1FpuzP5ihA	5-38;76-121;143-167;198-217
c1_19a2723d77b6ff8f	https://www.youtube.com/watch?v=t-trYFwGPcE	6-39;79-124;147-171;215-235
o_170fe07523c28c34	https://www.youtube.com/watch?v=LhiOPSyYmAI	20-44;73-97;134-158;180-276
c1_170fe07523c28c34	https://www.youtube.com/watch?v=zukO8B3Gvc0	20-44;73-97;134-158;180-276
o_844ba7d8186ea80e	https://www.youtube.com/watch?v=4tfnSv-tskg	40-115;158-182;208-232
c1_844ba7d8186ea80e	https://www.youtube.com/watch?v=o7Y2rFSRmxU	40-115;158-182;207-231
o_f890c30f1ad0faba	https://www.youtube.com/watch?v=RSP-9SebVpY	31-82;133-151;188-212;246-264
c1_f890c30f1ad0faba	https://www.youtube.com/watch?v=5Vut6wHZw98	13-70;170-214
o_4b0297705f447ee5	https://www.youtube.com/watch?v=h4bZYcq4qeE	19-77;181-263
c1_4b0297705f447ee5	https://www.youtube.com/watch?v=cx5yWcvnfVk	22-97;185-209;243-267
o_f5b5dcf97dc59b18	https://www.youtube.com/watch?v=1Olo8gzgpC4	24-69;166-258
c1_f5b5dcf97dc59b18	https://www.youtube.com/watch?v=uW7eyimd2Lk	23-69;165-257
o_ae8874f6e42956d9	https://www.youtube.com/watch?v=nbRJdlIWUdw	48-162;219-243;274-298
c1_ae8874f6e42956d9	https://www.youtube.com/watch?v=lZ2JTvFSqR4	47-94;207-295
o_ea043f1e0c3d32d7	https://www.youtube.com/watch?v=0Kp5NNRYx48	12-61;140-202;224-248
c1_ea043f1e0c3d32d7	https://www.youtube.com/watch?v=nCZzff7rslA	12-62;140-158;224-248
o_57730003f9fbda87	https://www.youtube.com/watch?v=j1fqRlbFQiM	45-164;199-242
c1_57730003f9fbda87	https://www.youtube.com/watch?v=cOTPDm5TPAY	47-109;131-177;221-245
o_c862fb26b0b397b2	https://www.youtube.com/watch?v=G-I9csAflBs	8-33;112-148;272-296
c1_c862fb26b0b397b2	https://www.youtube.com/watch?v=Yxp3L3KcvUI	8-27;73-97;123-169;271-295
o_45ce09ad85a105e0	https://www.youtube.com/watch?v=crSP0epi2y4	9-68;124-142;173-225
c1_45ce09ad85a105e0	https://www.youtube.com/watch?v=VVUBTfdAoyo	12-71;176-249
o_c253179b1c3cdb4a	https://www.youtube.com/watch?v=4NuKrCfCP2E	55-112;220-281;303-327
c1_c253179b1c3cdb4a	https://www.youtube.com/watch?v=hzwgduvbSTY	65-122;195-255;278-302
o_6149803bd98b2908	https://www.youtube.com/watch?v=A-2vN3YJ29k	41-99;136-154;270-292
c1_6149803bd98b2908	https://www.youtube.com/watch?v=27xJviyA6Es	42-100;136-154;268-290
o_fadc981867bfaf03	https://www.youtube.com/watch?v=s2gzYGbQ4L8	32-81;168-192;214-238
c1_fadc981867bfaf03	https://www.youtube.com/watch?v=8TF9tdkf-90	44-95;181-222
o_7bd1e842d7c043ba	https://www.youtube.com/watch?v=3sOmjfHihyI	15-39;76-174;249-273
c1_7bd1e842d7c043ba	https://www.youtube.com/watch?v=DV0kYX5nTyg	19-43;80-177;199-223
o_30a3656e99259242	https://www.youtube.com/watch?v=1qJb888Ic_I	33-57;130-169;215-263
c1_30a3656e99259242	https://www.youtube.com/watch?v=M9jaQgKn5U0	32-81;145-167;213-261
o_5f0a5ca5e31af4b4	https://www.youtube.com/watch?v=9V-vcXOpG9g	38-146;192-216
c1_5f0a5ca5e31af4b4	https://www.youtube.com/watch?v=CWgekdtmjf8	0-19;48-167
o_74f3d9728aa9e618	https://www.youtube.com/watch?v=PnvcGv0TWek	44-194
c1_74f3d9728aa9e618	https://www.youtube.com/watch?v=Wj7j8J75JHM	47-104;140-197;237-261
o_a435ed1a2801c15d	https://www.youtube.com/watch?v=cfMhFnm-9S8	68-154;194-238
c1_a435ed1a2801c15d	https://www.youtube.com/watch?v=E2qIcnqDJWs	47-183;208-230
o_49127f2783ca52d9	https://www.youtube.com/watch?v=NEZuCMf-dfo	14-70;107-177
c1_49127f2783ca52d9	https://www.youtube.com/watch?v=n-3x_Po-T8w	25-93;193-211
o_3ade5f3679fa667d	https://www.youtube.com/watch?v=VWPG1W2r_VE	18-58;128-179;202-226
c1_3ade5f3679fa667d	https://www.youtube.com/watch?v=8qdgULDgfX0	0-63;84-104;134-158;181-205
o_3af7104d99f899b5	https://www.youtube.com/watch?v=QMR-u-GVd9c	12-91;192-244;286-308
c1_3af7104d99f899b5	https://www.youtube.com/watch?v=cjupkNX5FsE	9-88;190-285
o_ec13bfb21a90cb05	https://www.youtube.com/watch?v=jBVifG4_Ruk	38-62;85-153;212-254
c1_ec13bfb21a90cb05	https://www.youtube.com/watch?v=L5EczqNpoZs	25-49;73-198
o_a64369afb2ce4f35	https://www.youtube.com/watch?v=Yb0r9BO-EbE	31-73;106-130;180-225
c1_a64369afb2ce4f35	https://www.youtube.com/watch?v=wN73dgxcE54	47-127;181-227
o_232917519d59c587	https://www.youtube.com/watch?v=kjnlA4OaUGw	10-79;175-225
c1_232917519d59c587	https://www.youtube.com/watch?v=iSCsH8Y57CI	6-54;126-147;174-224
o_8093d38ae032b519	https://www.youtube.com/watch?v=82dDnv9zeLs	57-126;162-204
c1_8093d38ae032b519	https://www.youtube.com/watch?v=eERCgp6_PxU	57-126;160-203
o_51fb044a5ea024b9	https://www.youtube.com/watch?v=Fcs-mF8SHh8	39-134
c1_51fb044a5ea024b9	https://www.youtube.com/watch?v=_J-gJP1Lpyc	39-158
o_1d5ed5f675e799fc	https://www.youtube.com/watch?v=YXc8MxrAC0k	18-139;190-214
c1_1d5ed5f675e799fc	https://www.youtube.com/watch?v=xDPk-Zuru6w	16-137;188-212
o_5d92decac52cedb0	https://www.youtube.com/watch?v=4Yp2eZ-TMuI	36-60;90-114;136-160;181-202;259-283
c1_5d92decac52cedb0	https://www.youtube.com/watch?v=TrN-0plRP2g	36-60;136-202;259-283
o_80ceafb5714838d0	https://www.youtube.com/watch?v=x9U65tEwc8o	30-76;169-222
c1_80ceafb5714838d0	https://www.youtube.com/watch?v=pPoXQKX05VQ	16-62;111-179
o_84889906a75eb8e0	https://www.youtube.com/watch?v=LMnPwyu-EcQ	72-171;216-240
c1_84889906a75eb8e0	https://www.youtube.com/watch?v=wIJyYjaYcVo	81-139;224-290
o_f4ecaa5f972e0152	https://www.youtube.com/watch?v=J1GSiAsih98	81-120;142-166;193-242
c1_f4ecaa5f972e0152	https://www.youtube.com/watch?v=1oHsBkqv0iY	45-67;106-207
o_0b393cd782c6dc15	https://www.youtube.com/watch?v=OtJheFHKHP8	12-36;68-103;189-281
c1_0b393cd782c6dc15	https://www.youtube.com/watch?v=UdIxYKDDc2g	19-55;140-233
o_c52e2c97343a29e1	https://www.youtube.com/watch?v=_geeaWHt5zk	5-50;112-131;216-240;326-350
c1_c52e2c97343a29e1	https://www.youtube.com/watch?v=Fd8U6LAFIwA	6-51;100-119;207-231;321-345
o_17569f7735b96c7b	https://www.youtube.com/watch?v=2DwMiB0YT7I	47-70;109-151;218-269
c1_17569f7735b96c7b	https://www.youtube.com/watch?v=WA-70dYi1EU	44-67;106-148;215-265
o_20fa2be226f325ae	https://www.youtube.com/watch?v=bnBHJbc7C_4	36-81;162-227
c1_20fa2be226f325ae	https://www.youtube.com/watch?v=NJtLYHwuQcA	37-82;127-187
o_9c3701873a3b0171	https://www.youtube.com/watch?v=UM3389FUnKo	4-25;52-76;156-203
c1_9c3701873a3b0171	https://www.youtube.com/watch?v=M96dfbV_YN8	0-20;41-72;144-164
o_ca6263260813861e	https://www.youtube.com/watch?v=ds0fLXL0G4A	36-129;198-254
c1_ca6263260813861e	https://www.youtube.com/watch?v=0djdmo-YCBw	73-164;231-287
o_4719009d2f58d54a	https://www.youtube.com/watch?v=zyaKO5DbHWc	28-90;213-269
c1_4719009d2f58d54a	https://www.youtube.com/watch?v=ZdjClCcbL94	57-77;174-269
o_625c757c01e4ad39	https://www.youtube.com/watch?v=Us3cGQs0Q8A	36-54;77-130;173-197;222-246
c1_625c757c01e4ad39	https://www.youtube.com/watch?v=odTEjqz_oZ4	35-53;75-129;172-196;220-244
o_62a886b60df19794	https://www.youtube.com/watch?v=xi3GzpHNkdQ	18-98;149-173;264-288
c1_62a886b60df19794	https://www.youtube.com/watch?v=YxREBaRs_Uk	6-59;150-174;196-220
o_ef5c9e4974dbfb7f	https://www.youtube.com/watch?v=-DsyZdeFjug	16-68;149-214
c1_ef5c9e4974dbfb7f	https://www.youtube.com/watch?v=jW_k4vpBvCY	15-66;148-212
o_9bb57080b27fd526	https://www.youtube.com/watch?v=5Lq1LLlxaW4	10-76;154-178;209-233
c1_9bb57080b27fd526	https://www.youtube.com/watch?v=E_FbEbQs8bA	9-33;126-193
o_f1fd382bd0f749e6	https://www.youtube.com/watch?v=_MLxCgyo0uA	60-102;181-205;268-292
c1_f1fd382bd0f749e6	https://www.youtube.com/watch?v=bNT280RZGq4	61-102;182-206;269-293
o_2a9865c19b511acc	https://www.youtube.com/watch?v=huhO98prLFk	19-85;153-213
c1_2a9865c19b511acc	https://www.youtube.com/watch?v=rJZRyU85Rd8	17-82;112-166
o_e8eb8faf984c2114	https://www.youtube.com/watch?v=GiBzKtfXyZ8	28-168
c1_e8eb8faf984c2114	https://www.youtube.com/watch?v=EQzGtYSND4c	28-110;131-169
o_b7848a21d9bf525d	https://www.youtube.com/watch?v=cDshdJK9Rwg	26-58;81-100;194-215;239-289
c1_b7848a21d9bf525d	https://www.youtube.com/watch?v=fosrQ-616Vc	19-55;132-170;191-215
o_1f4c4f9492342611	https://www.youtube.com/watch?v=ubvnir-eatQ	36-114;176-200
c1_1f4c4f9492342611	https://www.youtube.com/watch?v=iEHBrWdBuLs	89-201
o_0a1368dc390cf170	https://www.youtube.com/watch?v=o5gtVoA2upU	28-153
c1_0a1368dc390cf170	https://www.youtube.com/watch?v=xt4ZJrdBZ_8	53-151
o_b3b9debc71c869e5	https://www.youtube.com/watch?v=UHXGc2oWyJ4	20-50;100-130
c1_b3b9debc71c869e5	https://www.youtube.com/watch?v=0JetT7vgJlU	27-58;107-138
o_c15dcdca2f68b790	https://www.youtube.com/watch?v=-GhK4X-hMKA	15-34;61-85;115-139;242-261;399-423
c1_c15dcdca2f68b790	https://www.youtube.com/watch?v=gpGMa6elbQc	6-25;55-79;188-206;340-364
o_694a94bba0b36660	https://www.youtube.com/watch?v=F4XvKV4kd3Y	30-130;168-192
c1_694a94bba0b36660	https://www.youtube.com/watch?v=I5t07Gritwg	33-55;76-197
o_ce9580139d246c4f	https://www.youtube.com/watch?v=LAW5JibpkTY	1-23;50-73;106-130;161-179
c1_ce9580139d246c4f	https://www.youtube.com/watch?v=d2_d0FTFzOg	0-22;50-73;106-130;161-179
o_a61f819f985954bb	https://www.youtube.com/watch?v=AQ4TW5Z8eu0	7-38;59-83;173-197
c1_a61f819f985954bb	https://www.youtube.com/watch?v=5SQpTL2FtlE	18-49;70-119
o_824da93d47dee1e0	https://www.youtube.com/watch?v=eOaeC12RzDs	10-131
c1_824da93d47dee1e0	https://www.youtube.com/watch?v=dEOM7sUNCPM	23-144
o_4f3a16f36945072c	https://www.youtube.com/watch?v=WvhxyWflodI	34-184;208-232
c1_4f3a16f36945072c	https://www.youtube.com/watch?v=0Spul4cnowk	26-175;200-224
o_8751682f18a08998	https://www.youtube.com/watch?v=Zv8czIoAw5w	24-85;151-192
c1_8751682f18a08998	https://www.youtube.com/watch?v=UQI5lGQ7G4c	25-81;150-200
o_439d6e136b3a5313	https://www.youtube.com/watch?v=xVYlwySmhVw	52-103;166-230
c1_439d6e136b3a5313	https://www.youtube.com/watch?v=4gb71EwY3tI	51-102;165-228
o_df5e509dc5b8ecd2	https://www.youtube.com/watch?v=dUCNQhVgv6Y	82-122;149-173;224-246
c1_df5e509dc5b8ecd2	https://www.youtube.com/watch?v=tgZDv4UIXUM	87-105;154-178;199-250
o_34cb1c8fac49ac8e	https://www.youtube.com/watch?v=Mbk2XlP15u4	45-129;167-191
c1_34cb1c8fac49ac8e	https://www.youtube.com/watch?v=uKTdh5BL3IY	47-132;170-194
o_1a906bc7216a8cc3	https://www.youtube.com/watch?v=Wdju4CsX0sA	15-70;112-134;177-201;222-246
c1_1a906bc7216a8cc3	https://www.youtube.com/watch?v=Gd_5bwoWfnw	48-135;225-249
o_77b459a849eb8f20	https://www.youtube.com/watch?v=you3tArfuSY	0-21;64-101;137-161;223-247
c1_77b459a849eb8f20	https://www.youtube.com/watch?v=r1ceGE5RvJU	38-62;143-226;271-295
o_76e6c201cfed0f50	https://www.youtube.com/watch?v=qDkCDa6Bfjs	16-80;121-145;191-211
c1_76e6c201cfed0f50	https://www.youtube.com/watch?v=H9RjbpxiigY	24-88;128-152;215-235
o_0d27731aafce9f9d	https://www.youtube.com/watch?v=257Fw-YwVeE	23-47;112-191
c1_0d27731aafce9f9d	https://www.youtube.com/watch?v=bbfKfOJljGc	22-74;112-177
o_d14c3c326d08c148	https://www.youtube.com/watch?v=hqEbJyfm_Bo	26-73;95-113;161-185;225-249
c1_d14c3c326d08c148	https://www.youtube.com/watch?v=25609lW9QSA	32-79;101-119;167-191;231-255
o_f16ff0a347233eaf	https://www.youtube.com/watch?v=D7K3wFXJFsQ	24-104;179-203
c1_f16ff0a347233eaf	https://www.youtube.com/watch?v=4RNdjNJH0-Q	19-100;174-198
o_a2cf97e1426300a8	https://www.youtube.com/watch?v=8l2Vq0qdBBE	14-47;73-97;132-156
c1_a2cf97e1426300a8	https://www.youtube.com/watch?v=4FX-IOPrF_U	21-53;79-103;138-162
o_14f9a2dfd85d4a3b	https://www.youtube.com/watch?v=HYcoFZjRIlU	45-122;144-168;261-279
c1_14f9a2dfd85d4a3b	https://www.youtube.com/watch?v=BJXHgu19YZA	44-68;143-209;274-292
o_25e91058f444f208	https://www.youtube.com/watch?v=hCes4PbXcX0	24-92;198-219
c1_25e91058f444f208	https://www.youtube.com/watch?v=M41OUDsabu0	31-99;205-225
o_bbfe134851206a93	https://www.youtube.com/watch?v=RsP3rFJJk1Y	26-62;88-106;130-154;210-234
c1_bbfe134851206a93	https://www.youtube.com/watch?v=l1TNIPMqVoc	22-40;84-152;211-235
o_6b2dc4f704b70731	https://www.youtube.com/watch?v=w2CELiObPeQ	42-61;100-119;152-170;196-219
c1_6b2dc4f704b70731	https://www.youtube.com/watch?v=zYHD6J4KOM0	25-44;106-125;147-165;190-213
o_5130307ac4f227fe	https://www.youtube.com/watch?v=LLcPqpG4jps	17-99;176-200;228-251
c1_5130307ac4f227fe	https://www.youtube.com/watch?v=ta6xFOxo8Zo	16-98;173-197;226-249
o_3385dffd16625173	https://www.youtube.com/watch?v=Ly7uj0JwgKg	3-26;80-123;146-170;208-232
c1_3385dffd16625173	https://www.youtube.com/watch?v=9oCf6h6zNjM	2-25;79-123;146-170;208-232
o_6e8e2a1b6714696e	https://www.youtube.com/watch?v=A95cw7S1Hhk	45-165
c1_6e8e2a1b6714696e	https://www.youtube.com/watch?v=8AJx-Koq5yQ	22-68;90-164
o_cabfdd31b776f447	https://www.youtube.com/watch?v=21NpKLmyxkU	3-96
c1_cabfdd31b776f447	https://www.youtube.com/watch?v=BHaNirkAfSA	92-154;205-229
o_42c72c3f727a5fa3	https://www.youtube.com/watch?v=b3ZGthPU3Ek	31-54;138-216
c1_42c72c3f727a5fa3	https://www.youtube.com/watch?v=u4ZrjuZJzDI	102-234
o_91bc0f8fc80d0173	https://www.youtube.com/watch?v=dKy3MS99eIo	42-96;135-177;215-271
c1_91bc0f8fc80d0173	https://www.youtube.com/watch?v=gTm_9VRaMlI	25-135;207-230
o_26b69f1b08917e36	https://www.youtube.com/watch?v=3Po4tZ_kfcU	0-21;43-95;130-154
c1_26b69f1b08917e36	https://www.youtube.com/watch?v=h-CBWGkE52s	0-24;47-98;133-157
o_03bf31996a107191	https://www.youtube.com/watch?v=lR3gLKzxILE	75-169;222-246
c1_03bf31996a107191	https://www.youtube.com/watch?v=7y--zPHx8j4	72-166
o_025535f8d579f945	https://www.youtube.com/watch?v=U106bnsMvWo	15-33;121-202
c1_025535f8d579f945	https://www.youtube.com/watch?v=cXR_RIBG5sY	20-78;158-206
o_359ba03c227a3b54	https://www.youtube.com/watch?v=PUWZB5Uoi90	38-62;110-159;234-285
c1_359ba03c227a3b54	https://www.youtube.com/watch?v=3darq60VHrQ	41-81;136-160;247-284
o_ed085ecd8cf069ab	https://www.youtube.com/watch?v=gAIkWMDgtWo	57-111;205-260
c1_ed085ecd8cf069ab	https://www.youtube.com/watch?v=XEDatFQ3m98	57-110;205-259
o_f58fef4a3cabfa68	https://www.youtube.com/watch?v=wwdjo4vlIv0	84-133;164-188;222-246
c1_f58fef4a3cabfa68	https://www.youtube.com/watch?v=1fo9rVuWwUI	44-89;206-230;260-284
o_0533e08c7781912d	https://www.youtube.com/watch?v=eZA2nJbxOCo	8-58;92-125;199-223
c1_0533e08c7781912d	https://www.youtube.com/watch?v=c5lHoAMimjs	11-61;95-128;205-229
o_cfba1146efddacc3	https://www.youtube.com/watch?v=pQkklRt_CUY	100-185;247-296
c1_cfba1146efddacc3	https://www.youtube.com/watch?v=WCTFqsmiyKo	96-254
o_cb8ffdbc501cdff5	https://www.youtube.com/watch?v=zfmc3wCuRco	12-103;154-219
c1_cb8ffdbc501cdff5	https://www.youtube.com/watch?v=L5stD-iLYe4	14-102;152-217
o_4a57b9c20643dab8	https://www.youtube.com/watch?v=frI8u1Pntd8	22-108;163-187
c1_4a57b9c20643dab8	https://www.youtube.com/watch?v=gEzsixE-_KE	6-91;144-168
o_343b4375bbf2b22c	https://www.youtube.com/watch?v=GHddJnNo_BQ	27-66;135-206
c1_343b4375bbf2b22c	https://www.youtube.com/watch?v=Htd_0vpIry0	67-89;149-227
o_57aeb595be122858	https://www.youtube.com/watch?v=4e4x6pCUYMo	40-79;150-216
c1_57aeb595be122858	https://www.youtube.com/watch?v=MuwB-gQ3LSs	37-61;118-199
o_1d938636eccaa12c	https://www.youtube.com/watch?v=sS5T6gmdc7U	73-97;121-225
c1_1d938636eccaa12c	https://www.youtube.com/watch?v=8Pqp1qj2FVA	55-79;103-206
o_49cc70b49b0bf9c3	https://www.youtube.com/watch?v=ilw-Cjrm2Ao	20-85;157-181
c1_49cc70b49b0bf9c3	https://www.youtube.com/watch?v=zN-jI5fx5S8	19-85;156-180
o_21311772ef4c98d2	https://www.youtube.com/watch?v=YyGjMqVhFUQ	51-75;144-260
c1_21311772ef4c98d2	https://www.youtube.com/watch?v=gC3ycntqH_Y	51-75;144-260
o_56ed848602b72448	https://www.youtube.com/watch?v=edUhlRxyGOY	3-27;66-133
c1_56ed848602b72448	https://www.youtube.com/watch?v=gd4yG9SeMtU	2-26;65-131
o_eef6891e83545b9c	https://www.youtube.com/watch?v=W5XWRJWjWbI	47-113;183-219
c1_eef6891e83545b9c	https://www.youtube.com/watch?v=v5YWN1EQuvQ	47-113;184-220
o_acce88df12e30afc	https://www.youtube.com/watch?v=CY3D_14-AC8	6-67;167-223
c1_acce88df12e30afc	https://www.youtube.com/watch?v=S6XXDw0Mrck	5-24;165-221
o_5fda23ef8e46a2d9	https://www.youtube.com/watch?v=SCl9fCq23dg	24-76;100-180
c1_5fda23ef8e46a2d9	https://www.youtube.com/watch?v=tVuKA5K-MUU	7-58;82-157
o_926d7fb5ae27adb7	https://www.youtube.com/watch?v=DPoioniEhrw	22-152;228-252
c1_926d7fb5ae27adb7	https://www.youtube.com/watch?v=J12p5oNblsk	19-38;89-148;171-195
o_340a8d9266e6311e	https://www.youtube.com/watch?v=A_J2bcNx3Gw	8-73;127-151;195-217
c1_340a8d9266e6311e	https://www.youtube.com/watch?v=qv8Wf5dTeeg	1-64;115-139;180-202
o_28962a46770a4092	https://www.youtube.com/watch?v=4aXkA6X_zsA	6-29;60-182
c1_28962a46770a4092	https://www.youtube.com/watch?v=50R6lUdCduA	6-29;60-96;118-182
o_86228d425a10d96d	https://www.youtube.com/watch?v=NjCxooFP71o	11-96;163-210
c1_86228d425a10d96d	https://www.youtube.com/watch?v=bKlT1zGLYDw	8-50;137-207
o_acba7d81b7d709b9	https://www.youtube.com/watch?v=cbIxiZ8yGEc	53-120;166-230
c1_acba7d81b7d709b9	https://www.youtube.com/watch?v=zHDILThBlzM	53-119;166-230
o_23d07a4528f648f8	https://www.youtube.com/watch?v=dwaCaaqfIK4	7-87;150-197
c1_23d07a4528f648f8	https://www.youtube.com/watch?v=Y1OHAJI23yY	22-72;143-213
o_e142da65ce3f7523	https://www.youtube.com/watch?v=n-EJQ9kjZ84	18-98;146-168
c1_e142da65ce3f7523	https://www.youtube.com/watch?v=dmlvYRobtZI	18-59;145-180
o_6255e7dc4d738b73	https://www.youtube.com/watch?v=UnaK1RRrZ2c	56-94;126-144;210-231
c1_6255e7dc4d738b73	https://www.youtube.com/watch?v=OR11-ttAZmw	66-104;135-154;220-241
o_e09bb73bacd212ab	https://www.youtube.com/watch?v=XBPcBUJb6o0	32-107;149-195
c1_e09bb73bacd212ab	https://www.youtube.com/watch?v=XUiM3mw-5ek	32-108;146-196
o_4e52fcc51a892f38	https://www.youtube.com/watch?v=sWGh92O9kxU	56-187
c1_4e52fcc51a892f38	https://www.youtube.com/watch?v=3mCBMj6n8RY	60-189
o_3e2e985542152ba1	https://www.youtube.com/watch?v=TA4-wZPxhFE	32-129;192-216
c1_3e2e985542152ba1	https://www.youtube.com/watch?v=U6gwddX-WY0	16-40;67-114;145-169
o_f6371f22720b96b0	https://www.youtube.com/watch?v=YwBxEXmRAcw	53-98;202-269
c1_f6371f22720b96b0	https://www.youtube.com/watch?v=yZTqol2CdEQ	68-113;217-284
o_7a19e4c32f11c060	https://www.youtube.com/watch?v=L2TrBVCzrQo	19-43;66-128;199-221
c1_7a19e4c32f11c060	https://www.youtube.com/watch?v=STJ-K-hse8g	22-46;108-132;164-224
o_cc9dbfd992c83217	https://www.youtube.com/watch?v=cZiq84hM74g	12-84;194-218
c1_cc9dbfd992c83217	https://www.youtube.com/watch?v=SpZuv-d6_Zk	10-81;151-170;202-226
o_5bfd6d863fcf2bc0	https://www.youtube.com/watch?v=P-zahjMjeiw	109-164;185-205;286-310
c1_5bfd6d863fcf2bc0	https://www.youtube.com/watch?v=GkB-j6_SfUU	67-87;108-145;284-308
o_02b43366157a592e	https://www.youtube.com/watch?v=4UM55ZuZdNo	9-63;95-119;151-175;202-226
c1_02b43366157a592e	https://www.youtube.com/watch?v=azcYHPJOTTg	10-30;57-119;151-175;201-225
o_354b2b2c5b0d93d4	https://www.youtube.com/watch?v=RvuVFHTvdaY	19-110
c1_354b2b2c5b0d93d4	https://www.youtube.com/watch?v=lWK4Z3-DWFU	17-105;217-241
o_4e3fe379322dd5e4	https://www.youtube.com/watch?v=k_qj0UcVsmk	0-46;82-144
c1_4e3fe379322dd5e4	https://www.youtube.com/watch?v=JCaK_Q0ZvmU	11-58;95-157
o_e25fe36a92afe950	https://www.youtube.com/watch?v=p7hzXU46XJk	10-73;137-182
c1_e25fe36a92afe950	https://www.youtube.com/watch?v=xHNuz8ndDIg	10-31;53-157
o_81ee6511adc1b9e3	https://www.youtube.com/watch?v=NtBwVWWa3Ss	16-40;64-119;162-191
c1_81ee6511adc1b9e3	https://www.youtube.com/watch?v=Aulqs579QRE	6-30;85-194
o_cdeeb34ebe03d121	https://www.youtube.com/watch?v=e0z7PyuipBA	42-66;129-173;207-258
c1_cdeeb34ebe03d121	https://www.youtube.com/watch?v=Ph2n6VSfveM	47-71;133-157;211-280
o_7bd09be6a2b62d80	https://www.youtube.com/watch?v=HxZ83WxhMnU	31-93;124-142
c1_7bd09be6a2b62d80	https://www.youtube.com/watch?v=Qx_RR744bK0	39-101;199-218
o_6fb875f6c63eac27	https://www.youtube.com/watch?v=4WgWGcED0JQ	1-65;90-114;183-207
c1_6fb875f6c63eac27	https://www.youtube.com/watch?v=XpIr7x_B_Ic	8-71;96-120;189-213
o_b91ba221f720b813	https://www.youtube.com/watch?v=dFSP3GRhATw	9-32;56-80;135-159;183-207
c1_b91ba221f720b813	https://www.youtube.com/watch?v=1c2u_g_KqSA	7-30;54-78;132-156;181-205
o_19c4a0ebb4868f72	https://www.youtube.com/watch?v=IQMJpwSjuDo	126-216
c1_19c4a0ebb4868f72	https://www.youtube.com/watch?v=eFH54zLYa3g	111-194
o_2e3eb72ce153534b	https://www.youtube.com/watch?v=94vGsYTsPRQ	53-103;131-163
c1_2e3eb72ce153534b	https://www.youtube.com/watch?v=voCeNyH1u7E	52-102;130-162
o_aab791e1f99e1c75	https://www.youtube.com/watch?v=rx-PzF1vM_M	76-169;199-222
c1_aab791e1f99e1c75	https://www.youtube.com/watch?v=c-cBxN5f2Tk	76-168;199-222
o_02979dc62e9a9e9c	https://www.youtube.com/watch?v=uaqoQr-aCtQ	8-87
c1_02979dc62e9a9e9c	https://www.youtube.com/watch?v=wt2KATVIhto	9-122
o_1d3d37f96ace1d06	https://www.youtube.com/watch?v=1eQWdpWjXlk	62-97;148-172;213-233
c1_1d3d37f96ace1d06	https://www.youtube.com/watch?v=KznykxsgMpA	63-98;149-173;214-234
o_c858be40ce5a0c20	https://www.youtube.com/watch?v=H1JQV3bHS_w	30-53;118-185
c1_c858be40ce5a0c20	https://www.youtube.com/watch?v=Xo9gAL7-XqU	33-97;163-187
o_09eabad4d1754dc6	https://www.youtube.com/watch?v=oisTdGBNcqo	10-30;72-141
c1_09eabad4d1754dc6	https://www.youtube.com/watch?v=6uRc6UQFmKA	9-29;71-140
o_5017d53e1d12a13e	https://www.youtube.com/watch?v=LAX5GgvS-8s	46-121
c1_5017d53e1d12a13e	https://www.youtube.com/watch?v=Cr13urSF32A	9-33;60-115
o_e2b41b5dd0436c7c	https://www.youtube.com/watch?v=DwPWGUhEtP0	49-82;189-208;252-273;334-355;482-506
c1_e2b41b5dd0436c7c	https://www.youtube.com/watch?v=pk4xqBHBOl0	20-61;87-135;217-282
o_6b582e7c564b13b7	https://www.youtube.com/watch?v=tKdSj4hMfNg	28-128;233-251
c1_6b582e7c564b13b7	https://www.youtube.com/watch?v=90D0p3nA1-g	14-113
o_a4051a2be85187f8	https://www.youtube.com/watch?v=Xt2RNkwGRnk	21-92;121-165
c1_a4051a2be85187f8	https://www.youtube.com/watch?v=f_yuJNxuvrc	21-39;67-91;115-166
o_00e2d0f10acc6500	https://www.youtube.com/watch?v=JU-Lrt9p9NE	28-91;139-159
c1_00e2d0f10acc6500	https://www.youtube.com/watch?v=GKdNsw0LWok	8-78;139-159
o_79f31baec526c96f	https://www.youtube.com/watch?v=Rb6Scz-5YOs	3-114
c1_79f31baec526c96f	https://www.youtube.com/watch?v=8mbzvITjAeg	2-113
o_03321db2c0bdfda1	https://www.youtube.com/watch?v=QszbpWMsI5M	20-82;103-122
c1_03321db2c0bdfda1	https://www.youtube.com/watch?v=ZEWniQiKT9M	16-40;98-140;190-210
o_85e0560365556e37	https://www.youtube.com/watch?v=Q_LLNQkMWJc	17-97
c1_85e0560365556e37	https://www.youtube.com/watch?v=VM0gkrOTfu4	20-78;233-254
o_f3c29f94f2f298ee	https://www.youtube.com/watch?v=PMW5nbirms4	27-45;72-94;119-137;173-192
c1_f3c29f94f2f298ee	https://www.youtube.com/watch?v=m3Cv_jzxmCE	21-55;154-208
o_083250dc6352ffdd	https://www.youtube.com/watch?v=Jd9zYKLepCw	33-99;127-151
c1_083250dc6352ffdd	https://www.youtube.com/watch?v=0DcD8PvJAV4	35-114
o_1acb2a5727b7a8fd	https://www.youtube.com/watch?v=CpicP0hDq-I	32-69;160-184;250-274
c1_1acb2a5727b7a8fd	https://www.youtube.com/watch?v=TbOEsg4yViU	157-178;230-254;293-317;367-391
o_23ea8b095a6a0be6	https://www.youtube.com/watch?v=j4S8lGmpVdw	7-69;136-173
c1_23ea8b095a6a0be6	https://www.youtube.com/watch?v=fhg9BZ8Hc20	44-68;135-173
o_0f43439e584d4c49	https://www.youtube.com/watch?v=p0aIC31deRc	16-106;133-157
c1_0f43439e584d4c49	https://www.youtube.com/watch?v=QdXbYm_JUZ0	1-58;82-139
c1_11d6d06dbcc2ca57	https://www.youtube.com/watch?v=L0dMUe6w1zQ	38-160
o_c0414190c35a431b	https://www.youtube.com/watch?v=0v4hnVawe1o	17-75;114-134;173-197
c1_c0414190c35a431b	https://www.youtube.com/watch?v=e7T1rty7psk	25-83;122-142;181-205
o_a7640def66fdc495	https://www.youtube.com/watch?v=hK0ZRzCL4Ec	116-151;173-221
c1_a7640def66fdc495	https://www.youtube.com/watch?v=-hOZFj_dKSk	83-149;171-195
o_4ea68189d15631ed	https://www.youtube.com/watch?v=_YrNW2RtOH4	19-43;79-129;187-211
c1_4ea68189d15631ed	https://www.youtube.com/watch?v=5E2yX4-haJQ	85-135;193-217
o_169dd3a6ddec9f89	https://www.youtube.com/watch?v=BRiaroLhTEo	64-128;174-231;254-278
c1_169dd3a6ddec9f89	https://www.youtube.com/watch?v=aEPPRUC4J2g	63-126;171-254
o_861bcfd1803c7325	https://www.youtube.com/watch?v=0wXxsH71YN8	38-57;98-119;154-173;220-240
c1_861bcfd1803c7325	https://www.youtube.com/watch?v=C4FsUtPWrYc	33-51;89-110;141-161;186-206
o_98c62785fa09e8bb	https://www.youtube.com/watch?v=ui3QlLbKSkA	35-59;90-114;158-182;215-239
c1_98c62785fa09e8bb	https://www.youtube.com/watch?v=6WTOdfbZ6lY	35-59;214-238;263-299
o_8b618459d16a14bd	https://www.youtube.com/watch?v=z082xUBdzrM	23-97;187-211
c1_8b618459d16a14bd	https://www.youtube.com/watch?v=hFUl1eg8yEI	45-106;196-220
o_d6b1c8390a69fc95	https://www.youtube.com/watch?v=4G-YQA_bsOU	44-88;206-276
c1_d6b1c8390a69fc95	https://www.youtube.com/watch?v=Di9rAMor-8g	73-92;113-180;256-280
o_08cd4c442dc9a29d	https://www.youtube.com/watch?v=4qYU9b5OF8M	75-148;170-191;227-251
c1_08cd4c442dc9a29d	https://www.youtube.com/watch?v=qUI-A1f0C4A	9-29;95-167;196-220
o_5eeb6edfb80208b9	https://www.youtube.com/watch?v=LvKQtpVCR3o	48-67;116-140;201-239
c1_5eeb6edfb80208b9	https://www.youtube.com/watch?v=GnL7tJimWWw	47-66;115-148;217-237
o_767b3f065b5a01be	https://www.youtube.com/watch?v=Q9jNSwmEQ3s	4-71;158-182
c1_767b3f065b5a01be	https://www.youtube.com/watch?v=OIZVDBs-Cxs	6-73;160-184
o_5d03a44eab9162ac	https://www.youtube.com/watch?v=v2xLmhAo4NE	19-56;152-176;245-269
c1_5d03a44eab9162ac	https://www.youtube.com/watch?v=s291Mzo5pro	15-39;101-125;147-202
o_f60788e9f90a0454	https://www.youtube.com/watch?v=MlfP5QuPhno	8-29;65-111;163-187
c1_f60788e9f90a0454	https://www.youtube.com/watch?v=C-KLIiPxHWY	8-29;65-111;163-187
o_7da8dddb605a65a2	https://www.youtube.com/watch?v=H-0OuRVCAK8	86-218
c1_7da8dddb605a65a2	https://www.youtube.com/watch?v=kdtVxxy1mFY	54-134;172-218
o_ea55893cd0f4fba6	https://www.youtube.com/watch?v=Ewg1LTLBGkE	28-119;160-184;238-262
c1_ea55893cd0f4fba6	https://www.youtube.com/watch?v=BFbkI-EmX1E	28-52;95-184;237-261
o_9494cd9a8b85fbcf	https://www.youtube.com/watch?v=tk2X5iurLtc	56-99;177-201;235-259
c1_9494cd9a8b85fbcf	https://www.youtube.com/watch?v=ffhz_50Ac7Y	28-71;150-174;210-234
o_5e48b59b99ff80a2	https://www.youtube.com/watch?v=XIATjH1AxVc	56-100;182-248
c1_5e48b59b99ff80a2	https://www.youtube.com/watch?v=kOr9grvKY6o	63-107;189-255
o_dd4b03adf79a3e24	https://www.youtube.com/watch?v=K14MkwIsR9U	10-63;88-110;165-183
c1_dd4b03adf79a3e24	https://www.youtube.com/watch?v=yXCqtyC5S64	8-45;91-113
o_7503f9f8a3e893a9	https://www.youtube.com/watch?v=IlkBLwl4aBM	4-40;132-172
c1_7503f9f8a3e893a9	https://www.youtube.com/watch?v=f1ZsHPKPw3M	5-77;134-155
o_20a1a1bfc15f93f5	https://www.youtube.com/watch?v=I4wAEdwD_oI	26-95;144-164
c1_20a1a1bfc15f93f5	https://www.youtube.com/watch?v=OEI0Ir3lwr4	26-94;144-163
o_307fa4ff6a12ef58	https://www.youtube.com/watch?v=WqkjYKUXERQ	29-79;112-136;204-268
c1_307fa4ff6a12ef58	https://www.youtube.com/watch?v=tfOaKOyA_rM	13-64;87-122;189-213
o_0cce053058c2129c	https://www.youtube.com/watch?v=cQywZYoGB1g	23-109;135-159
c1_0cce053058c2129c	https://www.youtube.com/watch?v=6HJVd1e5U_k	30-54;92-166
o_335d424db7c838c8	https://www.youtube.com/watch?v=_beX0bJgPt0	10-64;119-168
c1_335d424db7c838c8	https://www.youtube.com/watch?v=iehhv2ZBPy0	10-82;144-168
o_f4e6464457d548e4	https://www.youtube.com/watch?v=cgptvsHHYK4	1-108
c1_f4e6464457d548e4	https://www.youtube.com/watch?v=HSKsEY1xy2M	0-103;124-145
o_88d07df98e9feaf6	https://www.youtube.com/watch?v=RQa7SvVCdZk	25-100;162-186;255-274
c1_88d07df98e9feaf6	https://www.youtube.com/watch?v=cr1EJmclSp4	21-145
o_c3e4b974d2e09f73	https://www.youtube.com/watch?v=O6gfU0r1Waw	20-44;129-203
c1_c3e4b974d2e09f73	https://www.youtube.com/watch?v=LF-1zy8VII4	23-47;132-206
o_284a2596e3b3af70	https://www.youtube.com/watch?v=ZAcY_rd6eFg	4-39;78-102;154-178
c1_284a2596e3b3af70	https://www.youtube.com/watch?v=BqGqZ2IXFgo	0-35;74-98;151-175
o_ee66bd2dd51557b2	https://www.youtube.com/watch?v=kNlVIMrUU6w	37-89;126-146;170-214
c1_ee66bd2dd51557b2	https://www.youtube.com/watch?v=0UdVz45ANJ4	17-70;107-127;151-196
o_0ef0616b30b92baf	https://www.youtube.com/watch?v=pdQjIOp9o48	60-110;172-236
c1_0ef0616b30b92baf	https://www.youtube.com/watch?v=pjPNa0ENvkA	79-129;201-264
o_0a0d38765ea12539	https://www.youtube.com/watch?v=56hqrlQxMMI	69-149
c1_0a0d38765ea12539	https://www.youtube.com/watch?v=XWTQiQlQhGs	245-307
o_75143a83145f4b20	https://www.youtube.com/watch?v=d6zlH6d70vg	47-110;176-232
c1_75143a83145f4b20	https://www.youtube.com/watch?v=Hwdxbsoc6ws	28-69;174-230
o_8f18d4c5bf9330ee	https://www.youtube.com/watch?v=7lRgRouqnuU	30-173
c1_8f18d4c5bf9330ee	https://www.youtube.com/watch?v=28skVjTWpVE	0-54;80-157
o_819b850413ee7439	https://www.youtube.com/watch?v=7pQmXaswBqM	14-87;178-226
c1_819b850413ee7439	https://www.youtube.com/watch?v=mJWp865XJvA	53-77;106-130;169-220
o_0884573c63081b01	https://www.youtube.com/watch?v=AEg3ebsHYjQ	23-47;85-160
c1_0884573c63081b01	https://www.youtube.com/watch?v=u41hA24qZpc	22-46;83-158
o_08f8b6c320504a1f	https://www.youtube.com/watch?v=wIEu23CnuLY	39-63;177-201;226-272
c1_08f8b6c320504a1f	https://www.youtube.com/watch?v=lYTzvSERgzw	38-62;175-199;223-270
o_3cea24ead34da1e6	https://www.youtube.com/watch?v=Jh-uBm_4yuA	40-64;136-227
c1_3cea24ead34da1e6	https://www.youtube.com/watch?v=zXdWWHjjx4c	98-122;154-235
o_36de040b1e97aa8a	https://www.youtube.com/watch?v=-SGmZQtRKC8	19-43;116-162;194-218
c1_36de040b1e97aa8a	https://www.youtube.com/watch?v=obuLeV3JfmY	24-89;150-168;201-225
o_3c39ba3f44598d56	https://www.youtube.com/watch?v=cbjclzNmkZA	65-154
c1_3c39ba3f44598d56	https://www.youtube.com/watch?v=L2g4p7MPyOE	34-124
o_67da5c924df2e19a	https://www.youtube.com/watch?v=0ao6Mlc0Pbs	7-50;165-202
c1_67da5c924df2e19a	https://www.youtube.com/watch?v=RAtx8DELYGo	7-50;166-202
o_b33dc3b57a032ed9	https://www.youtube.com/watch?v=w3LPp7xKqyE	19-81;130-185
c1_b33dc3b57a032ed9	https://www.youtube.com/watch?v=X0o6UonHiqg	14-76;125-180
o_b135b9745921d7f8	https://www.youtube.com/watch?v=HpDUTtAqBcI	7-56;89-174
c1_b135b9745921d7f8	https://www.youtube.com/watch?v=9xH8wOAruTQ	15-148
o_a51ab6a8dbabfb98	https://www.youtube.com/watch?v=SX45WtYryT0	33-57;88-126;180-199
c1_a51ab6a8dbabfb98	https://www.youtube.com/watch?v=NG1235ZS_MY	35-59;91-128;182-201
o_b165e0873712428c	https://www.youtube.com/watch?v=vnmPwHaKRa0	14-32;115-236
c1_b165e0873712428c	https://www.youtube.com/watch?v=PYKmwIEozx8	50-74;102-183;249-267
o_5e84530e8017b227	https://www.youtube.com/watch?v=3YSUvYDJ6R4	15-39;80-162
c1_5e84530e8017b227	https://www.youtube.com/watch?v=PeO94EN06-Y	14-38;79-162
o_95e14c54058f5a30	https://www.youtube.com/watch?v=ofA3URC1wyk	56-80;129-153;216-240;295-319
c1_95e14c54058f5a30	https://www.youtube.com/watch?v=Vc6fUC817eA	1-25;73-97;161-185;239-263
o_92173afa1a8eaa07	https://www.youtube.com/watch?v=NI7FNGTYvaY	61-143;164-183;224-248
c1_92173afa1a8eaa07	https://www.youtube.com/watch?v=3yMxvtPeIRQ	35-120;168-192;386-410
o_8917bc161974b5bd	https://www.youtube.com/watch?v=iQK6yNVGyas	31-121;163-187
c1_8917bc161974b5bd	https://www.youtube.com/watch?v=sftBjNKHuSo	2-55;97-121;163-187
o_edfc972f72382c26	https://www.youtube.com/watch?v=qndq4pYqgk8	36-80;103-169
c1_edfc972f72382c26	https://www.youtube.com/watch?v=Dirmopc5zDA	51-96;120-189
o_4c8a62e1c81d76f3	https://www.youtube.com/watch?v=ojdAD_xNt9c	13-34;75-95;220-276
c1_4c8a62e1c81d76f3	https://www.youtube.com/watch?v=SUpnfS8uH8Q	15-35;77-97;189-213;257-281
o_09352cb07bb2b1a0	https://www.youtube.com/watch?v=i5PtTU9yb5Y	34-92;176-200
c1_09352cb07bb2b1a0	https://www.youtube.com/watch?v=WpudskQf3pk	34-93;177-201
o_19bbae51856a369b	https://www.youtube.com/watch?v=veOGid9KUV8	40-177
c1_19bbae51856a369b	https://www.youtube.com/watch?v=LSyFYQEdUeU	47-184
o_752706765b5c6a23	https://www.youtube.com/watch?v=mqSEo4ArAVw	45-108;140-164;199-223
c1_752706765b5c6a23	https://www.youtube.com/watch?v=OuSGjTshUf4	44-108;141-165;201-225
o_6a83df2ac493cbbc	https://www.youtube.com/watch?v=lPWN8kuQ9Bw	27-74;128-147;200-224
c1_6a83df2ac493cbbc	https://www.youtube.com/watch?v=uQkKT2OFU2w	26-73;128-146;180-204
o_9d6a0cbcff19745a	https://www.youtube.com/watch?v=XzTiVtGJ1v4	33-57;156-220
c1_9d6a0cbcff19745a	https://www.youtube.com/watch?v=OXlXDcP9OLg	14-82;136-155;176-200
o_5eb9dc60189393b2	https://www.youtube.com/watch?v=VlrKETxwRvM	16-159
c1_5eb9dc60189393b2	https://www.youtube.com/watch?v=TJAfcdWk9MA	15-168
o_cae01235156b523c	https://www.youtube.com/watch?v=ZT_7UjCVELg	40-110;186-210
c1_cae01235156b523c	https://www.youtube.com/watch?v=EPLbyeRmOgg	38-108
o_0d81923c0118335d	https://www.youtube.com/watch?v=KRwg8p82FHo	47-65;177-197;225-269
c1_0d81923c0118335d	https://www.youtube.com/watch?v=SfzbAUPmP_s	50-108;179-198;226-246
o_f00f3701256eadc9	https://www.youtube.com/watch?v=18UD-R0yly0	49-113;138-178
c1_f00f3701256eadc9	https://www.youtube.com/watch?v=30mzhKE95g0	89-113;137-207
o_b444a4c99aa0febc	https://www.youtube.com/watch?v=puM1k-S86nE	14-33;72-153
c1_b444a4c99aa0febc	https://www.youtube.com/watch?v=uRvdkjh1kag	15-53;106-155
o_f8eecbc49b8d5c27	https://www.youtube.com/watch?v=1avX1lX7gSs	25-77;148-188
c1_f8eecbc49b8d5c27	https://www.youtube.com/watch?v=cKMY4T_HhYY	24-75;142-182
o_d4547c83780d5d6c	https://www.youtube.com/watch?v=Plo5PywZKdA	28-52;159-240
c1_d4547c83780d5d6c	https://www.youtube.com/watch?v=I8ikpGwF7ko	77-102;197-241
o_4c8c7a9c600f9ab6	https://www.youtube.com/watch?v=MKway7VaCPU	15-72;193-217
c1_4c8c7a9c600f9ab6	https://www.youtube.com/watch?v=rv4_WGI_mNo	8-45;97-139
o_2cc68d31523f7f6a	https://www.youtube.com/watch?v=AOShEUn0aA4	28-52;111-213
c1_2cc68d31523f7f6a	https://www.youtube.com/watch?v=94_aEurn7tM	32-56;113-215
o_c128ada5671feade	https://www.youtube.com/watch?v=g29GJQP7_r8	48-72;106-130;165-189;230-254
c1_c128ada5671feade	https://www.youtube.com/watch?v=5Vm4mQFooNY	63-87;121-145;176-205
o_711d38ce691d21f3	https://www.youtube.com/watch?v=Ry5GHJifMWY	44-68;146-205;236-255
c1_711d38ce691d21f3	https://www.youtube.com/watch?v=L2YF3ZsOcl8	42-96;204-264
o_c5569ce27024468c	https://www.youtube.com/watch?v=vjP3tZgUDmA	13-107
c1_c5569ce27024468c	https://www.youtube.com/watch?v=CwAU1qzC1EM	36-130
o_60083adb9200e997	https://www.youtube.com/watch?v=t33XuYCeBX0	62-109;201-220
c1_60083adb9200e997	https://www.youtube.com/watch?v=47fZ0gSycEg	48-83;136-154;184-202
o_fdbe594e67350804	https://www.youtube.com/watch?v=qxmXu6k8PiU	21-81;148-170
c1_fdbe594e67350804	https://www.youtube.com/watch?v=Lgl7lTXxSrM	25-94;142-164
o_1ce09ba1b441bbc8	https://www.youtube.com/watch?v=ygIcyOSITgo	53-137;164-232
c1_1ce09ba1b441bbc8	https://www.youtube.com/watch?v=9XBXrguMasA	78-162;189-259
o_8c782c935c0b1568	https://www.youtube.com/watch?v=EXssqYAAvJg	10-74
c1_8c782c935c0b1568	https://www.youtube.com/watch?v=gayulxmNII4	8-38;170-211
o_54ed628949fe8267	https://www.youtube.com/watch?v=qzqSYyKiORk	17-96;178-200
c1_54ed628949fe8267	https://www.youtube.com/watch?v=ms4qwO_gPwE	120-208
o_9979a2c2d78d2409	https://www.youtube.com/watch?v=tS4Wh30HGAs	40-64;89-113;195-261
c1_9979a2c2d78d2409	https://www.youtube.com/watch?v=kqZF9zo0sgc	40-64;89-113;195-260
o_008bc32ea7f7bd86	https://www.youtube.com/watch?v=9B88cXlcV1A	20-43;118-142;167-190;214-238
c1_008bc32ea7f7bd86	https://www.youtube.com/watch?v=osoZMgIDf7s	41-63;148-172;195-218;241-265
o_adff146cf5ce51f3	https://www.youtube.com/watch?v=enoO7c7wZZk	38-61;143-208
c1_adff146cf5ce51f3	https://www.youtube.com/watch?v=oCy9OPFobtE	37-59;141-206
o_1fb36045153be6bf	https://www.youtube.com/watch?v=f-EAmw4Q6DU	23-92;165-189
c1_1fb36045153be6bf	https://www.youtube.com/watch?v=E37j3rYeqnk	31-101;188-212
o_a9d327098502d7ee	https://www.youtube.com/watch?v=AM_liRkPwdg	2-66;126-145
c1_a9d327098502d7ee	https://www.youtube.com/watch?v=6qbnFbbEl8s	31-55;136-214
o_9b3f3cc9f15cf034	https://www.youtube.com/watch?v=KD_1Z8iUDho	16-93;142-166;288-312
c1_9b3f3cc9f15cf034	https://www.youtube.com/watch?v=m5MR15-84H0	46-105;137-161;286-310
o_6553e02e8cf37f3e	https://www.youtube.com/watch?v=8T6HNbdi9AA	44-78;107-173;226-250
c1_6553e02e8cf37f3e	https://www.youtube.com/watch?v=bO9y5LPqmUQ	60-79;108-174;227-251
o_708741b5fa9d777b	https://www.youtube.com/watch?v=fkstdb32Gmw	38-135;161-185
c1_708741b5fa9d777b	https://www.youtube.com/watch?v=_I96gpzHk-8	37-163
o_46d1954b1151d9ea	https://www.youtube.com/watch?v=YZQBrHPoEeM	56-122;146-167;190-214
c1_46d1954b1151d9ea	https://www.youtube.com/watch?v=xPk4AOzZ8tQ	55-121;146-166;189-213
o_22f3d87cae36e32d	https://www.youtube.com/watch?v=kaQN_tkV90k	16-77;165-189
c1_22f3d87cae36e32d	https://www.youtube.com/watch?v=RlRZY3eRT0w	20-80;166-190
o_3de348088d24ab16	https://www.youtube.com/watch?v=YxyJDoI4Jls	60-84;121-162;186-204;239-263
c1_3de348088d24ab16	https://www.youtube.com/watch?v=rAGALnEFbXM	63-87;109-161;229-253
o_ba648a631a86c3f1	https://www.youtube.com/watch?v=frMSPP4CbWs	6-54;134-158;202-221
c1_ba648a631a86c3f1	https://www.youtube.com/watch?v=le-9ItC-1to	8-55;132-156;186-205
o_0a1eafac54b19872	https://www.youtube.com/watch?v=3YxaaGgTQYM	15-110;147-171
c1_0a1eafac54b19872	https://www.youtube.com/watch?v=B-SxVF9QWgU	9-53;95-159
o_2a5610145abd792e	https://www.youtube.com/watch?v=Z3v6s0MhYRc	16-38;72-146
c1_2a5610145abd792e	https://www.youtube.com/watch?v=BUbqqvQUO4s	17-39;74-149
o_9b055edb5d243890	https://www.youtube.com/watch?v=3NXLHQu_Jq8	69-93;133-157;218-269
c1_9b055edb5d243890	https://www.youtube.com/watch?v=Bu8TNyuf3Lw	54-96;196-247
o_d1d8ded43e412fff	https://www.youtube.com/watch?v=I7HahVwYpwo	28-89;165-184
c1_d1d8ded43e412fff	https://www.youtube.com/watch?v=7zSJxl12ylg	28-89;131-183
o_48755db5c599ea68	https://www.youtube.com/watch?v=svcbu-fv-GA	7-30;76-122;176-194
c1_48755db5c599ea68	https://www.youtube.com/watch?v=GSBoBlHyCks	7-31;76-122;175-193
o_b984744d8f60c936	https://www.youtube.com/watch?v=Olssdjs_blY	6-43;87-150
c1_b984744d8f60c936	https://www.youtube.com/watch?v=m58VqbF3ubM	25-62;87-151
o_24904396d3ec216d	https://www.youtube.com/watch?v=rybl57iLSjY	38-61;92-111;183-250
c1_24904396d3ec216d	https://www.youtube.com/watch?v=pXQqb_34Fxw	38-62;95-199
o_4b09c61cf4de006c	https://www.youtube.com/watch?v=6I8Cqpl5arE	135-182;210-249
c1_4b09c61cf4de006c	https://www.youtube.com/watch?v=Vxxn8M1ZRx4	135-182;210-250
o_dfea6ec783302e16	https://www.youtube.com/watch?v=kNh5quHsyDg	0-65;95-113;134-158
c1_dfea6ec783302e16	https://www.youtube.com/watch?v=lpw2-sPSdNM	0-24;95-158
o_49d1fde4edea5702	https://www.youtube.com/watch?v=fVnsiFHfeAM	29-129;235-259
c1_49d1fde4edea5702	https://www.youtube.com/watch?v=2qF-qRkEYRA	56-126;213-237
o_8f7d9e56ef20d183	https://www.youtube.com/watch?v=Xy2YOL8wdBA	55-179
c1_8f7d9e56ef20d183	https://www.youtube.com/watch?v=PFBxgJNcvvs	54-177
o_7452ca1c01f4612e	https://www.youtube.com/watch?v=l64EyXcxvmo	20-109
c1_7452ca1c01f4612e	https://www.youtube.com/watch?v=noEp6w6f81s	20-38;90-138
o_a249adf5e5bf13ed	https://www.youtube.com/watch?v=NXXT9RFKO5E	21-122;151-175
c1_a249adf5e5bf13ed	https://www.youtube.com/watch?v=lGkVslTp9-8	9-100
o_bd544d39513159a8	https://www.youtube.com/watch?v=nmvLhOJn9Qo	0-17;77-108;162-181
c1_bd544d39513159a8	https://www.youtube.com/watch?v=IsNTbWGsl9c	77-95;148-220
o_84b328ee092a927a	https://www.youtube.com/watch?v=tjLS2KVXohc	41-78;127-151;204-228
c1_84b328ee092a927a	https://www.youtube.com/watch?v=U--ZOenZt8w	40-78;118-156
o_e94c6df96cb12ffb	https://www.youtube.com/watch?v=2X_2IdybTV0	65-111;222-266
c1_e94c6df96cb12ffb	https://www.youtube.com/watch?v=m00KFtLVUlk	64-84;141-165;221-266
o_be6d6f89fa8eca03	https://www.youtube.com/watch?v=b5IT4KiaYvc	6-68;102-155
c1_be6d6f89fa8eca03	https://www.youtube.com/watch?v=LeD_iSkxR4A	7-68;200-253
o_185f50b96d3678e6	https://www.youtube.com/watch?v=4hC0jy2HtZ4	14-59;123-160
c1_185f50b96d3678e6	https://www.youtube.com/watch?v=FroQk4hCJfg	23-68;131-169
o_aa3a799043b6f813	https://www.youtube.com/watch?v=3F3vjO8UY2E	24-67;144-207
c1_aa3a799043b6f813	https://www.youtube.com/watch?v=2ruhfBqljzc	2-44;121-184
o_536433ed2ee80433	https://www.youtube.com/watch?v=E-rTKd-Alk8	14-153
c1_536433ed2ee80433	https://www.youtube.com/watch?v=Ra_ecutQzpw	15-156
o_d31a65e91a430c47	https://www.youtube.com/watch?v=NKAuhbAeztA	52-110;148-250
c1_d31a65e91a430c47	https://www.youtube.com/watch?v=djEEfokXNpI	62-119;156-254
o_a52b984ef37e1d90	https://www.youtube.com/watch?v=KHk-266zAbk	0-24;86-110;168-192
c1_a52b984ef37e1d90	https://www.youtube.com/watch?v=lcegVO4gH-8	87-147;170-194
o_334d5983d8445924	https://www.youtube.com/watch?v=nvdYll1euGU	21-74;116-156
c1_334d5983d8445924	https://www.youtube.com/watch?v=gw_88UVUTyc	0-73;135-156
o_f7b8405d0df4e0e7	https://www.youtube.com/watch?v=QxQXJ3CU7rw	17-89;120-144
c1_f7b8405d0df4e0e7	https://www.youtube.com/watch?v=hLUctxtXkNg	18-88;112-133
o_57fbbcc60501616d	https://www.youtube.com/watch?v=JdOX_0aj2X8	20-102
c1_57fbbcc60501616d	https://www.youtube.com/watch?v=gIbaZu_JH7I	19-81;214-238
o_ef2ddd066295eeab	https://www.youtube.com/watch?v=UTpOFm7Ni7I	36-60;133-157;251-300
c1_ef2ddd066295eeab	https://www.youtube.com/watch?v=0sxGgcv_L6I	36-60;133-157;252-301
o_2accb6d36ff7ad22	https://www.youtube.com/watch?v=rl-rjk0s1f0	22-70;128-174
c1_2accb6d36ff7ad22	https://www.youtube.com/watch?v=CouCHbHy998	22-41;121-198
o_a7a4c25e47c162a9	https://www.youtube.com/watch?v=7CQVm2H-DSA	18-130
c1_a7a4c25e47c162a9	https://www.youtube.com/watch?v=e2wM5jD3Q9U	30-140
o_eb9018ef92b2d06e	https://www.youtube.com/watch?v=mYTmhTxC6ik	23-47;68-140
c1_eb9018ef92b2d06e	https://www.youtube.com/watch?v=7JZN7vfgndg	70-143
o_a835167191d5f609	https://www.youtube.com/watch?v=9MJ8flVWL1I	38-151
c1_a835167191d5f609	https://www.youtube.com/watch?v=ITSvGfhufC0	41-155
o_c8781cf1439b31e2	https://www.youtube.com/watch?v=YYGiKH6dbGs	30-70;127-189
c1_c8781cf1439b31e2	https://www.youtube.com/watch?v=6o5__M40rMc	29-70;127-189
o_c2cd6e6996c6aeb3	https://www.youtube.com/watch?v=7yeA2P1W9dg	0-43;80-111
c1_c2cd6e6996c6aeb3	https://www.youtube.com/watch?v=Dy7_KFcT6iA	39-85;154-175
o_1c8e6e3f433eb2ec	https://www.youtube.com/watch?v=0IRjl3SWC2U	28-89;138-196
c1_1c8e6e3f433eb2ec	https://www.youtube.com/watch?v=rW-ShMYcqYI	28-89;137-196
o_ada4a43144327783	https://www.youtube.com/watch?v=kRT3V-q_gBI	45-101;125-149;185-208
c1_ada4a43144327783	https://www.youtube.com/watch?v=fyKoM6MLJuM	13-37;64-96;179-202
o_0a71d18b32c3d8e6	https://www.youtube.com/watch?v=H9zSYBVprpM	107-128;192-252;286-306
c1_0a71d18b32c3d8e6	https://www.youtube.com/watch?v=EIa74F-yBbg	34-54;119-213
o_13bbfd051309c27c	https://www.youtube.com/watch?v=_DKyBWYXUZI	8-70;156-218
c1_13bbfd051309c27c	https://www.youtube.com/watch?v=1whpPthCSPE	63-87;131-182;211-235
o_59b4f8f97d83f456	https://www.youtube.com/watch?v=ToPO1Sl0D8M	28-107;207-231
c1_59b4f8f97d83f456	https://www.youtube.com/watch?v=ooMlZKuXLmo	24-103;204-228
o_6200ab494c0dce81	https://www.youtube.com/watch?v=jU-6eKwAoeo	23-76;185-222
c1_6200ab494c0dce81	https://www.youtube.com/watch?v=R7MbbcImdn0	127-151;176-200;225-249;270-291
o_c3e09af117d358b3	https://www.youtube.com/watch?v=p6XqRg9eqJE	37-74;133-151;199-248
c1_c3e09af117d358b3	https://www.youtube.com/watch?v=Ob6n_A87lO0	41-65;122-142;198-246
o_cbf72e0835cb1140	https://www.youtube.com/watch?v=nN22wXPrYZI	16-110;147-171
c1_cbf72e0835cb1140	https://www.youtube.com/watch?v=s-XIdbVxjTI	23-42;94-179
o_8d8d015ce62414a8	https://www.youtube.com/watch?v=SEhI7Sorp6g	0-16;59-98;157-181
c1_8d8d015ce62414a8	https://www.youtube.com/watch?v=nrFmSZEY_O0	8-27;61-85;160-208
o_180d3717f88fdad3	https://www.youtube.com/watch?v=sa7Oz_25DNk	24-73;136-199
c1_180d3717f88fdad3	https://www.youtube.com/watch?v=c7qydEe9Ztg	98-198
o_2988d770b68578ed	https://www.youtube.com/watch?v=WOVoActIZ6I	12-58;114-138;181-205
c1_2988d770b68578ed	https://www.youtube.com/watch?v=qoVLV0bxT60	13-37;102-139;182-206
o_f5dc67aa3fa1f414	https://www.youtube.com/watch?v=W6KhutkJRlU	9-81;120-144
c1_f5dc67aa3fa1f414	https://www.youtube.com/watch?v=Q5FJ-iA_vn4	19-51;141-186
o_802b8a1c38e99fb0	https://www.youtube.com/watch?v=A8T6pAg-ZmM	25-48;95-119;152-200
c1_802b8a1c38e99fb0	https://www.youtube.com/watch?v=dNtb0o5uA4s	5-33;136-160
o_6b089c833e782428	https://www.youtube.com/watch?v=cmR6xV-OJBI	15-113;166-211
c1_6b089c833e782428	https://www.youtube.com/watch?v=ru73bug5xJ8	4-103
o_f37acfaca88909e4	https://www.youtube.com/watch?v=_IaiUY3E1VY	17-41;88-128;261-285
c1_f37acfaca88909e4	https://www.youtube.com/watch?v=VEDSjGdi46g	57-143
o_3afd108c0b88b845	https://www.youtube.com/watch?v=bflkeWVTNk0	11-70;98-140
c1_3afd108c0b88b845	https://www.youtube.com/watch?v=GaPfKOolVlo	13-71;98-139
o_b1b7bc5a144b3ec4	https://www.youtube.com/watch?v=ydFYm-oomec	84-108;189-256;286-310
c1_b1b7bc5a144b3ec4	https://www.youtube.com/watch?v=hAaG595hUrE	88-112;193-217;245-269;291-315
o_16b43d13949f5175	https://www.youtube.com/watch?v=8Nlbj1t99m8	31-108;140-159
c1_16b43d13949f5175	https://www.youtube.com/watch?v=WV3hul_WAYw	31-108;140-159
o_4c05a382caf48f42	https://www.youtube.com/watch?v=rS7Va0sBYAM	20-43;72-113;158-181
c1_4c05a382caf48f42	https://www.youtube.com/watch?v=Zn--PQRbvGA	57-81;127-151;213-256
o_2037a19b8a3674c9	https://www.youtube.com/watch?v=BoaBUPjMr8Q	38-94;118-142;169-193
c1_2037a19b8a3674c9	https://www.youtube.com/watch?v=Wt7jIHsWqRM	47-103;127-151;178-202
o_a4d2e71c85944fa1	https://www.youtube.com/watch?v=jGYJrjwiPC4	2-26;93-113;161-186
c1_a4d2e71c85944fa1	https://www.youtube.com/watch?v=k18XBmtMoos	25-49;82-126
o_79badf5c28b25012	https://www.youtube.com/watch?v=R2k5TwoHtKU	26-47;88-111;152-170;248-269
c1_79badf5c28b25012	https://www.youtube.com/watch?v=UXaoEEJd3vU	29-50;91-114;155-173;252-272
o_392b42cb89b664a4	https://www.youtube.com/watch?v=mIqhl0rH0Wc	23-42;88-108;224-278;330-354
c1_392b42cb89b664a4	https://www.youtube.com/watch?v=vOLu14eONis	22-42;87-107;223-277;329-353
o_c19e52c326465f4c	https://www.youtube.com/watch?v=pWt7z0wR4UQ	66-88;170-277
c1_c19e52c326465f4c	https://www.youtube.com/watch?v=GXEoKQQqLw0	63-86;164-269
o_3c72495079041474	https://www.youtube.com/watch?v=8adNpJoiUA4	16-63;117-141;169-193
c1_3c72495079041474	https://www.youtube.com/watch?v=UwB3qbjKLW0	18-65;120-144;171-195
o_d48d7d3580716ddf	https://www.youtube.com/watch?v=T79U2wnfMf8	1-76
c1_d48d7d3580716ddf	https://www.youtube.com/watch?v=payb9vjT4bc	45-75;136-185
o_bb08d79d70b5bbb3	https://www.youtube.com/watch?v=9uf6EY2BZBw	84-130;159-182;238-283
c1_bb08d79d70b5bbb3	https://www.youtube.com/watch?v=AF9dqjknfDw	41-96;135-205
o_1cd59475ae1b9ae2	https://www.youtube.com/watch?v=VeZfsXcMrBI	26-128
c1_1cd59475ae1b9ae2	https://www.youtube.com/watch?v=DFIRbCQaXhU	32-136
o_888459a8a44d687f	https://www.youtube.com/watch?v=hJzN1vv0nLM	31-87;155-173;200-224
c1_888459a8a44d687f	https://www.youtube.com/watch?v=aUrL0c18kTo	111-178;219-243
o_ef239972f19c17ed	https://www.youtube.com/watch?v=9v_rtaye2yY	12-36;83-107;176-200;242-266
c1_ef239972f19c17ed	https://www.youtube.com/watch?v=QsA6JH7ay1k	6-30;78-102;170-194;236-260
o_91ed52f8ba713ee8	https://www.youtube.com/watch?v=OpYNJ8DzL1Q	53-89;129-153;187-211
c1_91ed52f8ba713ee8	https://www.youtube.com/watch?v=w6bAhFRJs8c	45-81;121-145;180-204
o_9a5991cec6d6f610	https://www.youtube.com/watch?v=725WlG1idPc	16-35;56-80;102-158
c1_9a5991cec6d6f610	https://www.youtube.com/watch?v=F5SZulPqaPs	0-20;41-65;91-111
o_a507fe32ed8b36b0	https://www.youtube.com/watch?v=Rkt8mtIkYI4	1-21;48-72;114-138;190-214
c1_a507fe32ed8b36b0	https://www.youtube.com/watch?v=q9MNfPims1U	31-92;217-245
o_83bc196149cfbec1	https://www.youtube.com/watch?v=uXcjRLQE6dY	13-62;161-182
c1_83bc196149cfbec1	https://www.youtube.com/watch?v=gxk3-VWbpm8	31-69;152-189
o_9e8d6209fe41fd63	https://www.youtube.com/watch?v=kDERlmd2NS4	62-125;172-196
c1_9e8d6209fe41fd63	https://www.youtube.com/watch?v=6bbyBOoKELQ	62-81;106-125;149-195
o_df78d52439af297d	https://www.youtube.com/watch?v=TcELhIoPzok	31-128
c1_df78d52439af297d	https://www.youtube.com/watch?v=liCmDXYG250	34-57;84-131;195-219
o_12fab2c0f70b36d8	https://www.youtube.com/watch?v=T0OdbCwPMXs	14-38;139-195
c1_12fab2c0f70b36d8	https://www.youtube.com/watch?v=AOkzwdTVd6k	15-39;141-196
o_a79bc2be6eaede90	https://www.youtube.com/watch?v=ar0ROSCyWZM	0-22;52-130
c1_a79bc2be6eaede90	https://www.youtube.com/watch?v=4BwLZETp9Fc	6-103
o_1c986f05d7b53602	https://www.youtube.com/watch?v=-Jm3Tq_q4yU	18-58;79-103;143-167
c1_1c986f05d7b53602	https://www.youtube.com/watch?v=T86Xc9pU2TY	32-165
o_982e1b35fe76236d	https://www.youtube.com/watch?v=gPFP8bdQKJY	57-164
c1_982e1b35fe76236d	https://www.youtube.com/watch?v=mELSgp1yFCU	44-165
o_5bfb41b439bdaeb0	https://www.youtube.com/watch?v=1kvc_dWs1f4	43-109;162-183
c1_5bfb41b439bdaeb0	https://www.youtube.com/watch?v=UyGxDf3JCUY	69-133;190-211
o_a2cdd7eb0b4e9905	https://www.youtube.com/watch?v=K4Szgx0Mdw0	23-111
c1_a2cdd7eb0b4e9905	https://www.youtube.com/watch?v=ZkdZ8LPkhX8	24-111
o_681978a7ca6894be	https://www.youtube.com/watch?v=ZAJYgEzgwLs	16-151
c1_681978a7ca6894be	https://www.youtube.com/watch?v=-sZ0WFDQCyM	26-162
o_8d34751face72fd0	https://www.youtube.com/watch?v=2IA7QExh-NQ	32-93;115-183
c1_8d34751face72fd0	https://www.youtube.com/watch?v=Ek5ruVCVZy8	31-92;115-182
o_d1ec7e729edcd966	https://www.youtube.com/watch?v=YalgKfrOdsI	99-117;138-250
c1_d1ec7e729edcd966	https://www.youtube.com/watch?v=E69zHde-BWo	98-116;137-249
o_c9e6e6c8d11708a7	https://www.youtube.com/watch?v=qgrhEc0zEHw	33-108;177-201
c1_c9e6e6c8d11708a7	https://www.youtube.com/watch?v=vtVl5pTR0qM	40-89;218-242
o_c63447c05e249223	https://www.youtube.com/watch?v=9tXVK7fh-kI	40-91;212-262
c1_c63447c05e249223	https://www.youtube.com/watch?v=8JnMLsR0254	67-91;129-153;212-262
o_7f3996dec48ab121	https://www.youtube.com/watch?v=dN0J_twZu4c	17-102;135-159;202-226
c1_7f3996dec48ab121	https://www.youtube.com/watch?v=h5cHJcsMFSw	18-104;204-228
o_a7fc397cedb11bc2	https://www.youtube.com/watch?v=mJxIP85em9A	35-59;118-138;175-225
c1_a7fc397cedb11bc2	https://www.youtube.com/watch?v=jCvq5XSn2aM	96-136;173-221
o_e15650a9173a15a5	https://www.youtube.com/watch?v=_E6Inyy9fos	27-133
c1_e15650a9173a15a5	https://www.youtube.com/watch?v=QGFJzQV_aRk	90-131;215-239
o_5c17155a9aa7e8b8	https://www.youtube.com/watch?v=ApHM1ct4tdM	21-40;109-189
c1_5c17155a9aa7e8b8	https://www.youtube.com/watch?v=WC7APR-Gn3o	20-41;117-183
o_1960c89edcf1d4ae	https://www.youtube.com/watch?v=KGeok-WWA3s	52-92;181-205;226-250
c1_1960c89edcf1d4ae	https://www.youtube.com/watch?v=igdM0V_nH2o	41-80;142-166;196-220
o_05b4588a78a7d340	https://www.youtube.com/watch?v=2fnaFzFluM0	34-99;150-174
c1_05b4588a78a7d340	https://www.youtube.com/watch?v=u1PdUDtMwgQ	30-53;85-167
o_085401b2b37d25d9	https://www.youtube.com/watch?v=hXh55vg_rME	41-140;221-282
c1_085401b2b37d25d9	https://www.youtube.com/watch?v=2nAbryHJiHI	37-61;94-177;215-255
o_1ec12b65897c7e78	https://www.youtube.com/watch?v=AEN-ybwY0ZM	108-205
c1_1ec12b65897c7e78	https://www.youtube.com/watch?v=e451IyHVjds	94-132;166-218
o_38824e7a7cdc34ad	https://www.youtube.com/watch?v=5wqJWPZeFHQ	20-76;130-154;204-228
c1_38824e7a7cdc34ad	https://www.youtube.com/watch?v=dnJfEy9BR14	48-101;132-197
o_65b95f7de639113b	https://www.youtube.com/watch?v=qmRzbKNbTsY	125-208;247-271;385-409
c1_65b95f7de639113b	https://www.youtube.com/watch?v=tcWj_wNElkI	57-108;148-172;222-246
o_03ef58d2a1418ad4	https://www.youtube.com/watch?v=9f3WPBREdjo	3-55;97-121
c1_03ef58d2a1418ad4	https://www.youtube.com/watch?v=j5Tr9fSaZ4g	37-155
o_6c5888c9a6ab1f14	https://www.youtube.com/watch?v=Xzd1Kn5P2Ek	20-40;80-104;132-156;219-259
c1_6c5888c9a6ab1f14	https://www.youtube.com/watch?v=I-Ra6zfTnYU	8-29;67-143;205-229
o_35c733fc880960ca	https://www.youtube.com/watch?v=2aOEiAIJvJ4	1-47;83-130
c1_35c733fc880960ca	https://www.youtube.com/watch?v=IVXcL7OmjTw	0-46;106-130
o_fcafb19ab22b05bf	https://www.youtube.com/watch?v=Yd43nWkgUzg	2-24;77-108
c1_fcafb19ab22b05bf	https://www.youtube.com/watch?v=sY1s4uXqFOo	4-25;79-111
o_d1890109a21bdbf1	https://www.youtube.com/watch?v=VDYIyDuz1FU	0-58;81-102;162-186
c1_d1890109a21bdbf1	https://www.youtube.com/watch?v=qglsEkGYONg	6-98;188-220
o_a63e1325844ffbaa	https://www.youtube.com/watch?v=Hmpa8Yp2isI	52-146
c1_a63e1325844ffbaa	https://www.youtube.com/watch?v=4MjUXCRwaxU	34-159
o_cd67df13c668a683	https://www.youtube.com/watch?v=KkiqTmwEQ-U	78-107;228-286
c1_cd67df13c668a683	https://www.youtube.com/watch?v=N-kL74nTAl8	64-93;214-273
o_96a9bf0157c956cc	https://www.youtube.com/watch?v=MpTJnJwEnE0	39-63;104-128;216-253
c1_96a9bf0157c956cc	https://www.youtube.com/watch?v=kTz1_cYl3nI	48-72;113-137;225-261
o_92575d85204a3cf3	https://www.youtube.com/watch?v=YOZIbk7Glas	28-77;141-202
c1_92575d85204a3cf3	https://www.youtube.com/watch?v=gxwX0iObjJg	46-115;142-166
o_f75736d1d8eb3211	https://www.youtube.com/watch?v=9TEpB6L67J0	80-162;247-271
c1_f75736d1d8eb3211	https://www.youtube.com/watch?v=aGszJOYy6bg	79-171
o_238775374579a462	https://www.youtube.com/watch?v=vHBBBJ0RWRI	27-51;150-202;242-266
c1_238775374579a462	https://www.youtube.com/watch?v=RnX0l2ifWRQ	5-29;155-181;220-244
o_dfe02eee7b0e936e	https://www.youtube.com/watch?v=4XC83_BU1OU	5-76;105-150
c1_dfe02eee7b0e936e	https://www.youtube.com/watch?v=Op27wnbDR3M	5-76;105-150
o_ee94079a0e414af2	https://www.youtube.com/watch?v=bVWV9txJBgQ	67-87;108-132;223-247;284-308
c1_ee94079a0e414af2	https://www.youtube.com/watch?v=OVKwA5jrswo	66-86;214-246;282-306
o_d1823b1c2cd10479	https://www.youtube.com/watch?v=K4pEo0cw4z0	50-164
c1_d1823b1c2cd10479	https://www.youtube.com/watch?v=0vBzFoYTNSA	31-145
o_4b45951f9aa0642d	https://www.youtube.com/watch?v=bB4FD5VkHak	19-73;237-261
c1_4b45951f9aa0642d	https://www.youtube.com/watch?v=DypaPBybQg4	28-81;164-188
o_aa8cee1e82496298	https://www.youtube.com/watch?v=Z9NYDgbKsBE	36-119
c1_aa8cee1e82496298	https://www.youtube.com/watch?v=ABeG3Eb80Ik	41-122
o_345ab3ac82b8069e	https://www.youtube.com/watch?v=XhmGfZ1SeuY	18-148
c1_345ab3ac82b8069e	https://www.youtube.com/watch?v=lsG06MOGPiY	56-147;195-219
o_68b7daf15a44a2b6	https://www.youtube.com/watch?v=EtDuGIbaj6o	31-114;179-203
c1_68b7daf15a44a2b6	https://www.youtube.com/watch?v=1CIzo8PfFpY	31-102;191-215
o_40f33ec03fbe4089	https://www.youtube.com/watch?v=TQmONDZr1wc	50-169
c1_40f33ec03fbe4089	https://www.youtube.com/watch?v=uePsCsPiFrQ	29-53;81-105;140-174
o_f1b5661a670a65ed	https://www.youtube.com/watch?v=eFjjO_lhf9c	4-54;97-119;168-192
c1_f1b5661a670a65ed	https://www.youtube.com/watch?v=XY0IsRhcQ-8	5-54;96-119;167-190
o_729bed713c590ad6	https://www.youtube.com/watch?v=mCJVcZV6PuY	74-150;264-282
c1_729bed713c590ad6	https://www.youtube.com/watch?v=eSmOAYrtSl0	73-148;262-281
o_a98dd552336a94cb	https://www.youtube.com/watch?v=pNRoBtZRMKs	2-71;119-143
c1_a98dd552336a94cb	https://www.youtube.com/watch?v=VXZ0DBj9kTo	5-75
o_e30d6548f96e9b78	https://www.youtube.com/watch?v=-3GBJZzPkYQ	7-56;120-139
c1_e30d6548f96e9b78	https://www.youtube.com/watch?v=4_Tg3H6eJx4	8-57;163-182
o_8ced5cf3de36b306	https://www.youtube.com/watch?v=VtcP0PFifpE	21-45;83-107;142-204
c1_8ced5cf3de36b306	https://www.youtube.com/watch?v=8qhoOdHE8xI	20-106
o_5d0dd1d27337f3aa	https://www.youtube.com/watch?v=jL4YlNUi7ZE	25-46;101-125;147-177;202-226
c1_5d0dd1d27337f3aa	https://www.youtube.com/watch?v=zoxXVRyPnqY	19-40;95-119;141-219
o_713fca0f9437d426	https://www.youtube.com/watch?v=L-TPdgIn0pc	14-38;68-153
c1_713fca0f9437d426	https://www.youtube.com/watch?v=f41O7eXvO-I	22-59;95-118
o_52fe6158e69ad77b	https://www.youtube.com/watch?v=Ip6OmReVmIY	24-81;155-179;231-255
c1_52fe6158e69ad77b	https://www.youtube.com/watch?v=JVwcbCvT1B0	23-80;151-175;226-250
o_23ccca3f01f461d5	https://www.youtube.com/watch?v=CCo8S2_TKMQ	0-53;121-144
c1_23ccca3f01f461d5	https://www.youtube.com/watch?v=ob2OoVIJe8g	0-40;94-145
o_01e383c89b487685	https://www.youtube.com/watch?v=LmRkfdDIyKI	57-81;118-180
c1_01e383c89b487685	https://www.youtube.com/watch?v=hZE4d4CJuYA	50-74;111-182
o_44a3f591c55edb9c	https://www.youtube.com/watch?v=gjUY4dfIbnk	31-50;151-219
c1_44a3f591c55edb9c	https://www.youtube.com/watch?v=_DyJ8EOeIiE	42-61;162-238
o_33b6674b93a38428	https://www.youtube.com/watch?v=Wg42h1pVGeE	18-113;230-249
c1_33b6674b93a38428	https://www.youtube.com/watch?v=4uvmCzr4H7I	57-115;232-251
o_f8415be16c542288	https://www.youtube.com/watch?v=ifWOSnoCS0M	1-20;70-110;138-162
c1_f8415be16c542288	https://www.youtube.com/watch?v=Oi-GR1YnbCg	0-19;65-87;135-159;309-333
o_4993fb4e0cc76159	https://www.youtube.com/watch?v=2k3dUPKfWCA	25-80;174-198
c1_4993fb4e0cc76159	https://www.youtube.com/watch?v=rTFCX-KNxWY	24-80;173-197
o_e8d9953964a07a74	https://www.youtube.com/watch?v=iV-kRH7kUl4	26-46;89-113;164-228
c1_e8d9953964a07a74	https://www.youtube.com/watch?v=wgKFEtkqsYE	25-46;87-111;162-227
o_fea74c7feae83ebb	https://www.youtube.com/watch?v=AAJwscYV9DE	0-21;68-89;161-205
c1_fea74c7feae83ebb	https://www.youtube.com/watch?v=c_g39jpwk6Y	45-93;139-182
o_0c58628030a3d805	https://www.youtube.com/watch?v=gDLaEYewiQg	11-35;95-178
c1_0c58628030a3d805	https://www.youtube.com/watch?v=ZbhPTseHn1s	9-33;93-156
o_ef01b1fc674ce02a	https://www.youtube.com/watch?v=ePQe5E69INg	0-55;110-161
c1_ef01b1fc674ce02a	https://www.youtube.com/watch?v=K7ELoiFC4u4	66-147;235-257
o_293d3bc15025118e	https://www.youtube.com/watch?v=8GB9BULxZ8c	44-165
c1_293d3bc15025118e	https://www.youtube.com/watch?v=jWUZ2oMI6hw	50-171
o_35c6974cc69af489	https://www.youtube.com/watch?v=OiMWFojB9Ok	5-67;157-181
c1_35c6974cc69af489	https://www.youtube.com/watch?v=zOvFbWf5fX0	205-267;356-380
o_6b57bba74d926482	https://www.youtube.com/watch?v=mSeIh9rmEUs	20-44;70-94;126-168
c1_6b57bba74d926482	https://www.youtube.com/watch?v=XZXa62SsEMs	21-45;127-168
o_5049e89cb38c0561	https://www.youtube.com/watch?v=BWEKw5xG69M	36-100;144-168
c1_5049e89cb38c0561	https://www.youtube.com/watch?v=gz3Y4iPqFOE	42-108;156-180
o_e22dc1c564b7536b	https://www.youtube.com/watch?v=Ro7yHf_pU14	11-31;85-136
c1_e22dc1c564b7536b	https://www.youtube.com/watch?v=4WrIqfM-PgI	23-43;123-178
o_da96485942b3e7f5	https://www.youtube.com/watch?v=_tdWkuyFI6c	0-59;156-214
c1_da96485942b3e7f5	https://www.youtube.com/watch?v=8dlJwQFD2ac	6-90;165-189
o_ab44eace9a785965	https://www.youtube.com/watch?v=9UynaLCBxdc	9-53;99-120
c1_ab44eace9a785965	https://www.youtube.com/watch?v=F6V5DFhK7eM	9-53;99-119
o_3ecb6d69ba73eb87	https://www.youtube.com/watch?v=TI0YF3gW9kY	29-137;306-330
c1_3ecb6d69ba73eb87	https://www.youtube.com/watch?v=cJGXmSzt2Pc	28-137;306-330
o_5da414fbde131e5a	https://www.youtube.com/watch?v=y6lfK3bH4z8	82-102;137-161;287-311;347-371;472-496
c1_5da414fbde131e5a	https://www.youtube.com/watch?v=oxlgS6AwL9s	55-75;111-135;264-288;325-349;440-464
o_29b8babd77821e32	https://www.youtube.com/watch?v=Vf3fEyn0jwU	12-87;140-164
c1_29b8babd77821e32	https://www.youtube.com/watch?v=isMXeJqsnYo	0-18;70-151
o_cb5698e1a78d0f25	https://www.youtube.com/watch?v=g43sPgdlEDY	45-68;122-146;175-227
c1_cb5698e1a78d0f25	https://www.youtube.com/watch?v=h8GEnuhqJro	59-82;137-161;191-244
o_b81d5c21bbe037cb	https://www.youtube.com/watch?v=-6Bzp9Nj6kw	13-37;68-92;135-159;180-204
c1_b81d5c21bbe037cb	https://www.youtube.com/watch?v=GNHsovP_C5w	16-40;71-95;139-207
o_953191d660088825	https://www.youtube.com/watch?v=Nac2jcATrjg	15-88;123-147
c1_953191d660088825	https://www.youtube.com/watch?v=XG-q6QUkb54	13-44;129-184
o_2d88fc1f9ce316d4	https://www.youtube.com/watch?v=PFW2uSCZ0uE	36-60;118-140;181-205;256-280
c1_2d88fc1f9ce316d4	https://www.youtube.com/watch?v=YXhpzE4VXFE	39-84;249-287
o_8e19531a3f61bc55	https://www.youtube.com/watch?v=WyZHXoOKYW4	34-77;140-164;264-306
c1_8e19531a3f61bc55	https://www.youtube.com/watch?v=bMDjejRNE-M	41-65;128-199;263-287
o_6223b28b1b113e91	https://www.youtube.com/watch?v=JHa1hiFYbFQ	66-131;207-231
c1_6223b28b1b113e91	https://www.youtube.com/watch?v=9cF3mZDHdGw	72-138;215-239
o_c87b18360fd50895	https://www.youtube.com/watch?v=QeyvpzWYJh4	6-29;70-94;128-172;305-324
c1_c87b18360fd50895	https://www.youtube.com/watch?v=zZ59jtvRXys	0-22;63-87;122-146;224-248;299-318
o_561b6f1387b01900	https://www.youtube.com/watch?v=fo_vn_Ilsu8	35-59;80-148;170-218
c1_561b6f1387b01900	https://www.youtube.com/watch?v=VnLdy6dMDcg	24-60;113-182
o_55e4c1c118a09507	https://www.youtube.com/watch?v=GBOto-9hvUw	29-69;126-150;202-223
c1_55e4c1c118a09507	https://www.youtube.com/watch?v=h9kPjDG-n9U	29-50;111-156
o_d8af0e8c1fca25d5	https://www.youtube.com/watch?v=rWX67i_KDXw	35-79;119-138;164-186
c1_d8af0e8c1fca25d5	https://www.youtube.com/watch?v=MoEvRfcTYVM	116-183
o_ff4b4fd1146a23b6	https://www.youtube.com/watch?v=R-efs62E0SE	3-48;82-149
c1_ff4b4fd1146a23b6	https://www.youtube.com/watch?v=BAxS3VY9qF8	3-48;82-156
o_cdbc3329e2b8667c	https://www.youtube.com/watch?v=cJzRZ0T5ewc	55-146;227-251
c1_cdbc3329e2b8667c	https://www.youtube.com/watch?v=gPLL8UOOU8Q	18-42;85-109;136-192
o_a3620a083955cdaa	https://www.youtube.com/watch?v=IP9F9d9wo6M	2-69;161-181;209-250
c1_a3620a083955cdaa	https://www.youtube.com/watch?v=M3o7FRtHLqA	17-84;176-196;224-265
o_bc3c21345b7f6027	https://www.youtube.com/watch?v=zhkKVhEZV5k	5-60;96-142;173-197
c1_bc3c21345b7f6027	https://www.youtube.com/watch?v=yqSWm1icNTY	3-129
o_63dc9ae097f00e71	https://www.youtube.com/watch?v=yBEER06xrx8	37-67;90-148
c1_63dc9ae097f00e71	https://www.youtube.com/watch?v=BbBKKuql8t8	36-66;89-124
o_4b55c18f1a471956	https://www.youtube.com/watch?v=8Hb9N1TbiVA	88-187
c1_4b55c18f1a471956	https://www.youtube.com/watch?v=ALWC9U3oAgE	68-129;158-182
o_31a05d1de2a8d599	https://www.youtube.com/watch?v=kB_67zLhbEs	1-81;137-161
c1_31a05d1de2a8d599	https://www.youtube.com/watch?v=r2sdAF6TVLg	39-63;102-168
o_dbaf0e56bd9ee095	https://www.youtube.com/watch?v=YWq7ks1AXSU	77-101;179-201;262-316
c1_dbaf0e56bd9ee095	https://www.youtube.com/watch?v=vSwbjUiGeOc	76-100;179-201;262-316
o_c206e9f7772482b2	https://www.youtube.com/watch?v=7yawBHSKHzM	0-46;100-124;154-178;211-235
c1_c206e9f7772482b2	https://www.youtube.com/watch?v=cEuZoIlTVvo	2-77;182-206;276-300
o_2e5e6c64d1ee0b46	https://www.youtube.com/watch?v=lEebsdVFmjs	21-65;149-172
c1_2e5e6c64d1ee0b46	https://www.youtube.com/watch?v=Z21c97rGzis	19-43;97-119;148-171
o_53ae8fc89734c8d6	https://www.youtube.com/watch?v=3sLgh46RWjk	79-122;182-202;230-254
c1_53ae8fc89734c8d6	https://www.youtube.com/watch?v=Fo-R84__nqw	41-102;129-153;185-205
o_efa551628b106798	https://www.youtube.com/watch?v=z-2_OstpR5c	12-36;71-121;148-167
c1_efa551628b106798	https://www.youtube.com/watch?v=3w8YMWIXaGo	64-146
o_75b5e114c4814fd9	https://www.youtube.com/watch?v=yEry0c2bvD8	9-85;135-159
c1_75b5e114c4814fd9	https://www.youtube.com/watch?v=rZMpZDkuFLk	10-86;135-159
o_40843459448c0024	https://www.youtube.com/watch?v=tGySW4HMdRE	37-104;272-296
c1_40843459448c0024	https://www.youtube.com/watch?v=RKi2Li22zSQ	19-68;153-212
o_3a8724736209efa9	https://www.youtube.com/watch?v=LcrahEiFuUM	3-40;89-113
c1_3a8724736209efa9	https://www.youtube.com/watch?v=WTPCOWMXtBo	4-42;91-115
o_786b040daae6c868	https://www.youtube.com/watch?v=8o6BFeXzUTg	50-141;193-246
c1_786b040daae6c868	https://www.youtube.com/watch?v=GdhizUNM-X0	52-142;185-246
o_8c33621efccef931	https://www.youtube.com/watch?v=T9Ybsvw_0p4	102-209
c1_8c33621efccef931	https://www.youtube.com/watch?v=WvuwGUdoXlI	131-196
o_82371b00e59026b5	https://www.youtube.com/watch?v=TMmZSoUOPXA	30-124;184-208
c1_82371b00e59026b5	https://www.youtube.com/watch?v=Dy5lg6yy4sw	67-124;183-207
o_0cca3580b0cea292	https://www.youtube.com/watch?v=IVFJT-W0HxE	9-28;55-79;132-150
c1_0cca3580b0cea292	https://www.youtube.com/watch?v=ER_Qbn_THCU	19-37;65-89;142-160
o_d527c17f7b9537d9	https://www.youtube.com/watch?v=2dzf4T3RbEc	29-96;182-206;255-279
c1_d527c17f7b9537d9	https://www.youtube.com/watch?v=wSgMMlcojxE	28-51;119-183
o_b3af0ea5e32f8be4	https://www.youtube.com/watch?v=CtxSWBIyX-g	14-54;126-150;200-224
c1_b3af0ea5e32f8be4	https://www.youtube.com/watch?v=nrV6G6Lbh4g	16-40;63-87;119-180
o_9ad7135d29d546e5	https://www.youtube.com/watch?v=PS3zuN_jrAU	20-44;86-146;301-325;376-400
c1_9ad7135d29d546e5	https://www.youtube.com/watch?v=ME6Ha3sSAJU	22-46;88-148;304-328;377-401
o_222a00e9096f1973	https://www.youtube.com/watch?v=KMOOr7GEkj8	33-95;191-212;233-257
c1_222a00e9096f1973	https://www.youtube.com/watch?v=CQdcq83rTgo	4-66;162-202
o_160ed73880f43627	https://www.youtube.com/watch?v=m_lkSATnRNw	35-86;148-172;202-226
c1_160ed73880f43627	https://www.youtube.com/watch?v=LMSl1xx02aA	32-63;118-142;198-222
o_5ad767386c6cd727	https://www.youtube.com/watch?v=aZ-El9YEOZg	19-43;75-99;120-144;208-232
c1_5ad767386c6cd727	https://www.youtube.com/watch?v=EhtXNCxd8Wk	38-93;114-138;207-231
o_0f412a3101750289	https://www.youtube.com/watch?v=IlfLRnZv_oo	68-128;155-213
c1_0f412a3101750289	https://www.youtube.com/watch?v=BJpmUzGTvD4	34-92;119-176
o_56cbb55d5835aa37	https://www.youtube.com/watch?v=XkKsSsTtMYU	42-93;138-162
c1_56cbb55d5835aa37	https://www.youtube.com/watch?v=AMAvs4jBptw	82-175
o_d9fb49a3cba95752	https://www.youtube.com/watch?v=poWumhaQLUg	25-61;108-161
c1_d9fb49a3cba95752	https://www.youtube.com/watch?v=CLABLqstuEE	10-34;69-104;159-178
o_3a06fda696f1c8ed	https://www.youtube.com/watch?v=PzSH5kxzXgc	0-65
c1_3a06fda696f1c8ed	https://www.youtube.com/watch?v=SNbrYmgVCa0	0-48;196-220
o_9654e8021c093bd7	https://www.youtube.com/watch?v=xTEp5lV5ytc	25-49;103-144;166-186
c1_9654e8021c093bd7	https://www.youtube.com/watch?v=FwnvmrIyLbc	25-49;82-145
o_c73995ab6583b926	https://www.youtube.com/watch?v=7O98h4SqWS4	14-80;113-137
c1_c73995ab6583b926	https://www.youtube.com/watch?v=-jFn4rrtMFo	15-39;114-177
o_93891e710d72848e	https://www.youtube.com/watch?v=5cZ7IOApdfg	13-34;147-209;236-258
c1_93891e710d72848e	https://www.youtube.com/watch?v=Q9NLvPM37Nc	20-41;163-228;257-279
o_325cd07ee8a498c0	https://www.youtube.com/watch?v=ObuJJ6v7PY8	28-72;100-156
c1_325cd07ee8a498c0	https://www.youtube.com/watch?v=a0mMt2sgP24	23-79;107-131
o_76f10e40784a38f3	https://www.youtube.com/watch?v=SdfW_2frXnE	31-87;145-169;199-218
c1_76f10e40784a38f3	https://www.youtube.com/watch?v=aP0GOQ2_9q4	25-57;146-170;200-219
o_291f788ef3e5d6e0	https://www.youtube.com/watch?v=Y8ygKnBtKAk	47-71;194-237
c1_291f788ef3e5d6e0	https://www.youtube.com/watch?v=hBKaX2SLva0	52-76;199-242
o_fd0fde1ba3abb141	https://www.youtube.com/watch?v=lSPWwU1piAs	38-95;154-195
c1_fd0fde1ba3abb141	https://www.youtube.com/watch?v=m4w0s1KCxi4	49-107;164-206
o_a770d888061fe844	https://www.youtube.com/watch?v=ygcEAKZ8o_I	32-144
c1_a770d888061fe844	https://www.youtube.com/watch?v=vCH9WsFmTuk	27-115;197-221
o_23eb047317cd87b5	https://www.youtube.com/watch?v=e52B4FElxYA	8-27;70-94;128-188
c1_23eb047317cd87b5	https://www.youtube.com/watch?v=y4IVk4wZsrw	14-33;78-102;137-198
o_82dd5d7f6203d292	https://www.youtube.com/watch?v=eRqjLmXWAB0	45-64;145-203
c1_82dd5d7f6203d292	https://www.youtube.com/watch?v=6JNE7av5_3E	44-63;144-203
o_1a88f0c50a396be0	https://www.youtube.com/watch?v=3Ny9jB36w4E	38-62;92-172;200-224
c1_1a88f0c50a396be0	https://www.youtube.com/watch?v=ww6raA6wUhs	80-159;208-232
o_6ed668c57f8b1132	https://www.youtube.com/watch?v=KtPjIWwpIIs	36-59;100-151;203-227
c1_6ed668c57f8b1132	https://www.youtube.com/watch?v=eBh37-rV86o	35-58;97-148;197-221
o_1f2b3f957bdc8a00	https://www.youtube.com/watch?v=op0_RAOt5vQ	6-95;119-143
c1_1f2b3f957bdc8a00	https://www.youtube.com/watch?v=OJ-GnhTKyFI	9-67;122-146
o_5d4af7a159e8701c	https://www.youtube.com/watch?v=mH0D4TANhk4	73-154
c1_5d4af7a159e8701c	https://www.youtube.com/watch?v=kvUejlk4g8I	72-177
o_1a27313f81ed1bd6	https://www.youtube.com/watch?v=N1MMoZ-DLlY	9-63
c1_1a27313f81ed1bd6	https://www.youtube.com/watch?v=vxbXmNmz0fE	43-97
o_30613ca3329a518d	https://www.youtube.com/watch?v=dQe3DKDQRRs	51-116;164-222
c1_30613ca3329a518d	https://www.youtube.com/watch?v=YqLRHhsaOmM	53-118;158-216
o_d1bf957f4b440e1c	https://www.youtube.com/watch?v=XK76f3VBerg	50-87;158-199
c1_d1bf957f4b440e1c	https://www.youtube.com/watch?v=ux6YCQ44Qhk	51-72;178-219;248-268
o_d784fc82f026e354	https://www.youtube.com/watch?v=AdmDuTBTnlg	105-124;165-189;213-236
c1_d784fc82f026e354	https://www.youtube.com/watch?v=NgeCXH20GH0	120-140;181-205;228-252
o_d929b38065acca3b	https://www.youtube.com/watch?v=Y0pdQU87dc8	32-53;142-212
c1_d929b38065acca3b	https://www.youtube.com/watch?v=IGsuvTjpQf4	18-39;127-197
o_166a330e1a36fdf7	https://www.youtube.com/watch?v=_XMXeBlq2lc	19-52;77-122
c1_166a330e1a36fdf7	https://www.youtube.com/watch?v=TrQIIHLds08	40-73;99-143
o_1311ca52246c1968	https://www.youtube.com/watch?v=4UHAEWe4NuY	70-89;131-151;179-197;255-277
c1_1311ca52246c1968	https://www.youtube.com/watch?v=eHc3LBMU2bA	85-154;257-279
o_f5d9601e50bb0665	https://www.youtube.com/watch?v=4C0JsWQ-Pck	17-56;99-161
c1_f5d9601e50bb0665	https://www.youtube.com/watch?v=If8jLFRL6pI	18-56;94-154
o_004f83dda1edb206	https://www.youtube.com/watch?v=aIWdo0HoErk	43-64;89-108;195-215
c1_004f83dda1edb206	https://www.youtube.com/watch?v=a53x7ShENgI	32-54;78-97;184-204
o_419b741eda2b7bdb	https://www.youtube.com/watch?v=x4maoo4A3x4	22-73;128-152;359-383
c1_419b741eda2b7bdb	https://www.youtube.com/watch?v=LOe2-cxIuQM	14-64;99-143
o_e1642376944bab7d	https://www.youtube.com/watch?v=-0n__cUU6nE	0-16;82-119;149-182
c1_e1642376944bab7d	https://www.youtube.com/watch?v=fTT6ROX_ONo	0-56;83-107;150-183
o_49a85c50bd69f4dd	https://www.youtube.com/watch?v=1S5xRPZBMy0	33-57;120-187
c1_49a85c50bd69f4dd	https://www.youtube.com/watch?v=vJUbWg0CEpY	33-57;120-186
o_c89a8da79f306919	https://www.youtube.com/watch?v=3aD7oNb_P7o	59-111;142-166;254-278
c1_c89a8da79f306919	https://www.youtube.com/watch?v=i2DLRyYRMp0	34-87;141-165
o_3fdf56afa59e727d	https://www.youtube.com/watch?v=RIdfPBmUAXc	34-130;243-267
c1_3fdf56afa59e727d	https://www.youtube.com/watch?v=U6wYiOjzSG0	27-103;234-258
o_7876be5e1722d114	https://www.youtube.com/watch?v=mNsm2P0l_7Y	17-41;79-103;200-224;248-272
c1_7876be5e1722d114	https://www.youtube.com/watch?v=fY81tQWpgQk	17-41;164-222;243-267
o_c597eec034bf8008	https://www.youtube.com/watch?v=ZC7v2gFsCz0	8-27;105-129;165-202
c1_c597eec034bf8008	https://www.youtube.com/watch?v=oAPp3Zn0POw	16-35;113-137;173-210
o_9be4de88b4203efa	https://www.youtube.com/watch?v=xZEO1Lug25s	49-69;151-175;230-254
c1_9be4de88b4203efa	https://www.youtube.com/watch?v=Myybj62LlRA	38-57;138-162;218-242
o_2d4c0e6a069ce7d1	https://www.youtube.com/watch?v=fprpTNVM8EY	7-73;134-158;189-213
c1_2d4c0e6a069ce7d1	https://www.youtube.com/watch?v=4dggNwBeAk0	13-35;56-80;141-165;195-219
o_7dede9787107feda	https://www.youtube.com/watch?v=1sfiPAgP8iA	32-114;163-186
c1_7dede9787107feda	https://www.youtube.com/watch?v=ZF47yoTMBkQ	31-112;160-184
o_d3a8e684d8562831	https://www.youtube.com/watch?v=VIFytb8HzUM	88-141;163-187;252-274
c1_d3a8e684d8562831	https://www.youtube.com/watch?v=_hQkLx3hmaM	13-32;78-128
o_cf642d6e68acc712	https://www.youtube.com/watch?v=z42ngXAglDQ	18-42;76-100;193-217
c1_cf642d6e68acc712	https://www.youtube.com/watch?v=bg4-9_yTHmM	18-42;76-100;191-215
o_0c95229d14e3d76b	https://www.youtube.com/watch?v=scHS8YaYoRA	3-44;100-124;148-172
c1_0c95229d14e3d76b	https://www.youtube.com/watch?v=7TshXputDOo	0-38;78-102;186-210
o_21181c929a5ea9c2	https://www.youtube.com/watch?v=QpljgJPFWl8	13-37;154-192
c1_21181c929a5ea9c2	https://www.youtube.com/watch?v=5MOl7EkCTqM	15-39;156-194
o_6b592144db3032fc	https://www.youtube.com/watch?v=HQ1nvhLf1EU	110-180;226-250
c1_6b592144db3032fc	https://www.youtube.com/watch?v=wPQ1YmH1WVA	71-184
o_5772a25d34525e46	https://www.youtube.com/watch?v=VB6bDUeqQmw	38-137
c1_5772a25d34525e46	https://www.youtube.com/watch?v=WmvlRdugybE	37-137
o_83c0d274a7eba7aa	https://www.youtube.com/watch?v=qvvhCzDobRE	93-181
c1_83c0d274a7eba7aa	https://www.youtube.com/watch?v=CIDKex3db5E	101-189
o_cc898a80fe7ed768	https://www.youtube.com/watch?v=DD4PSn6qwtU	19-66;131-152;198-222
c1_cc898a80fe7ed768	https://www.youtube.com/watch?v=UojWIbS4h84	20-67;148-196
o_b7be0f8a399d51d9	https://www.youtube.com/watch?v=gu-P0tvlCic	9-33;68-129;281-305
c1_b7be0f8a399d51d9	https://www.youtube.com/watch?v=o2WM7qzZ5bA	9-33;68-90;183-204;281-305
o_bdf31e636aab475f	https://www.youtube.com/watch?v=OB4JDJiet5M	47-106;144-200
c1_bdf31e636aab475f	https://www.youtube.com/watch?v=UVfL1HgAtt4	21-72;113-170
o_90b89227e25df7ce	https://www.youtube.com/watch?v=5CorhbkYWGg	0-57
c1_90b89227e25df7ce	https://www.youtube.com/watch?v=wmCPZbTdlPc	15-76;148-172
o_faaeb66d8a3bd296	https://www.youtube.com/watch?v=g1B-a1M7U58	22-79;115-134;173-197
c1_faaeb66d8a3bd296	https://www.youtube.com/watch?v=7LczJBpsP1M	24-80;117-148
o_e1801791ef8f3422	https://www.youtube.com/watch?v=Y_7FY-BHnTg	102-124;192-212;241-265;291-312
c1_e1801791ef8f3422	https://www.youtube.com/watch?v=hR5SGJIhaZ0	118-140;188-241;267-288
o_03fdf942eebfb70f	https://www.youtube.com/watch?v=Xl01l8GasP4	28-140
c1_03fdf942eebfb70f	https://www.youtube.com/watch?v=z1LSPWlHDBk	31-141
o_3d849b23a4a20b69	https://www.youtube.com/watch?v=q8j-CfbwrxA	4-26;111-135;199-223
c1_3d849b23a4a20b69	https://www.youtube.com/watch?v=ePz0b66VPEw	3-63;198-222
o_76564a889620bff1	https://www.youtube.com/watch?v=7YL8nyNZwwI	0-22;82-106;133-157;214-238;279-303
c1_76564a889620bff1	https://www.youtube.com/watch?v=bICptGwFq3c	5-28;54-78;104-146;195-219
o_9de766323de7ce6a	https://www.youtube.com/watch?v=3SxItW8M3UI	15-54;223-262
c1_9de766323de7ce6a	https://www.youtube.com/watch?v=O5JKP-kTxcE	18-57;230-268
o_8cc1728abbe48766	https://www.youtube.com/watch?v=3m1wXPEehAo	23-135
c1_8cc1728abbe48766	https://www.youtube.com/watch?v=B8blP3-3mLg	27-105
o_cc770b5dbea5b6af	https://www.youtube.com/watch?v=mKJne4uKVAI	72-169
c1_cc770b5dbea5b6af	https://www.youtube.com/watch?v=ZkxoGJudG90	64-142;163-183
o_41df0b71377eeced	https://www.youtube.com/watch?v=CmDygdGIBrY	46-70;132-156;202-252
c1_41df0b71377eeced	https://www.youtube.com/watch?v=hDDsYl0tE0g	44-68;133-157;205-257
o_f0c4dd295e3e689b	https://www.youtube.com/watch?v=NCyUcB3sH3c	4-27;50-118
c1_f0c4dd295e3e689b	https://www.youtube.com/watch?v=85Fb_f2siLo	4-26;93-155
o_62ef5d8ecfa4bbc2	https://www.youtube.com/watch?v=EQ51hgSxEaI	40-108
c1_62ef5d8ecfa4bbc2	https://www.youtube.com/watch?v=kIRJxFygnGQ	39-107
o_aeb4b768447aac7e	https://www.youtube.com/watch?v=jNn_UoI97GU	2-52;109-133
c1_aeb4b768447aac7e	https://www.youtube.com/watch?v=jMb_tWlknOA	12-63;121-145
o_0d83cc5245f72c3a	https://www.youtube.com/watch?v=O-DNwt9nfGQ	20-44;92-155
c1_0d83cc5245f72c3a	https://www.youtube.com/watch?v=zyluIK225O8	19-59;81-100
o_1e62820cf359bc10	https://www.youtube.com/watch?v=rLiXLzd2Ol8	9-80
c1_1e62820cf359bc10	https://www.youtube.com/watch?v=GA6ef-dLRSM	11-66;121-144
o_8e9e3844b658e232	https://www.youtube.com/watch?v=HCjNJDNzw8Y	43-67;118-142;182-206
c1_8e9e3844b658e232	https://www.youtube.com/watch?v=1y27u-6Ynio	47-71;122-146;186-210
o_82a3005b01017dda	https://www.youtube.com/watch?v=8ytBMWGjjRM	0-53;128-152
c1_82a3005b01017dda	https://www.youtube.com/watch?v=-MEy2AWCHfo	0-49;125-149
o_b8ed0a3d58b40cc5	https://www.youtube.com/watch?v=LpmVp6s-UiY	37-58;124-145;235-259
c1_b8ed0a3d58b40cc5	https://www.youtube.com/watch?v=j5dJe_W9vXA	36-56;122-144;233-257
o_4de83bbd2310cf68	https://www.youtube.com/watch?v=BTU9Pj9xQbc	18-42;64-88;109-133;202-226
c1_4de83bbd2310cf68	https://www.youtube.com/watch?v=OYustFHt1Gw	19-43;64-88;123-159
o_253ab84256559211	https://www.youtube.com/watch?v=WWydknOnsXo	27-51;75-95;126-150;183-207
c1_253ab84256559211	https://www.youtube.com/watch?v=5JqVLNCli-Q	32-56;94-118;144-204
o_2f20a0844e57186a	https://www.youtube.com/watch?v=SFaJ73ZTa28	12-50;128-152
c1_2f20a0844e57186a	https://www.youtube.com/watch?v=lMv7GkG7nUA	51-96;153-177
o_05265428e69f5436	https://www.youtube.com/watch?v=51WQTGH1ixs	5-41;78-99;120-140
c1_05265428e69f5436	https://www.youtube.com/watch?v=MF0DNd7JptI	5-59;122-143
o_81214b6fa344b9a5	https://www.youtube.com/watch?v=7bw9xSwibLI	19-40;65-89;124-148
c1_81214b6fa344b9a5	https://www.youtube.com/watch?v=mKFHVh47oDk	20-42;66-90;125-149
o_cf9450b0197c24ba	https://www.youtube.com/watch?v=YESpUqrKwS8	2-66
c1_cf9450b0197c24ba	https://www.youtube.com/watch?v=PQjSOUFWscU	5-41;100-124
o_2af2e2781128cf61	https://www.youtube.com/watch?v=Di8qX7uuL8w	33-67;133-157
c1_2af2e2781128cf61	https://www.youtube.com/watch?v=nlQ9X5Nmnas	46-68;94-112;134-158
o_a19524bfeee57bda	https://www.youtube.com/watch?v=XngIdbFMXwc	44-97;119-169
c1_a19524bfeee57bda	https://www.youtube.com/watch?v=LqFHkyhObS8	22-97;139-163
o_d3f7065c30890444	https://www.youtube.com/watch?v=OIgq9spZnhk	2-41;70-94;115-139;196-220
c1_d3f7065c30890444	https://www.youtube.com/watch?v=Slu3MaDLauY	9-124;151-175
o_440355bac378b461	https://www.youtube.com/watch?v=0LH5YRqZUaY	18-75;150-174;197-217
c1_440355bac378b461	https://www.youtube.com/watch?v=VI-rpbwzhMc	18-42;118-173;197-216
o_6dbda072cc88454e	https://www.youtube.com/watch?v=ABfZ4cf_sOQ	44-123;152-176
c1_6dbda072cc88454e	https://www.youtube.com/watch?v=rLtuNgbUum8	6-30;93-169
o_3504bad72d0bff1e	https://www.youtube.com/watch?v=rwCYYtUWEDc	11-57;109-133
c1_3504bad72d0bff1e	https://www.youtube.com/watch?v=joT1DtNKd98	9-78
o_6f6484af1d144f0f	https://www.youtube.com/watch?v=dkgenWlqap8	17-107
c1_6f6484af1d144f0f	https://www.youtube.com/watch?v=YwFW2LZX3-o	19-110
o_45e3e9d14a3e2711	https://www.youtube.com/watch?v=71RVbqCrKeo	17-88;174-198
c1_45e3e9d14a3e2711	https://www.youtube.com/watch?v=Qc0nu7r4FvM	10-82
o_4ef6d84df45a58fe	https://www.youtube.com/watch?v=1wbtvNA8GaA	34-58;93-117;151-175
c1_4ef6d84df45a58fe	https://www.youtube.com/watch?v=6ROlI4PTtF8	35-59;95-119;154-178
o_30f0609ffc8bbab5	https://www.youtube.com/watch?v=c0f8ZYdorcA	14-38;94-138
c1_30f0609ffc8bbab5	https://www.youtube.com/watch?v=-nb45eFnC-Q	20-44;100-145
o_3ccea5736be1c56a	https://www.youtube.com/watch?v=TBF_jCLO1l0	20-40;73-112;248-272
c1_3ccea5736be1c56a	https://www.youtube.com/watch?v=T-qfLv-8ESg	17-37;69-107;227-250
o_8c2466e8579da4dc	https://www.youtube.com/watch?v=qVOw_7cV_VM	26-84;167-191
c1_8c2466e8579da4dc	https://www.youtube.com/watch?v=1kafVtRfDTw	26-84;166-190
o_b2d5e9dac1f008c4	https://www.youtube.com/watch?v=83DWyOevXKI	47-106;151-172
c1_b2d5e9dac1f008c4	https://www.youtube.com/watch?v=2fYFRnYvCh4	46-106;150-172
o_08e63d2c3ca51ea0	https://www.youtube.com/watch?v=CwdrtwZiQ9E	29-50;101-136;204-228
c1_08e63d2c3ca51ea0	https://www.youtube.com/watch?v=1dZASNTUwCw	44-65;102-137;205-229
o_2a620274ad5d1cdc	https://www.youtube.com/watch?v=DEbi_YjpA-Y	5-28;64-82;148-171;199-223
c1_2a620274ad5d1cdc	https://www.youtube.com/watch?v=sJUBHsfGrPs	6-29;50-106;162-186
o_272863fca21d4b9c	https://www.youtube.com/watch?v=7CTJcHjkq0E	50-86;190-210;259-283
c1_272863fca21d4b9c	https://www.youtube.com/watch?v=_KmvMGOkAM0	49-85;190-210;259-283
o_850f49c0011fc619	https://www.youtube.com/watch?v=z8v84520W6s	63-87;110-134;285-308;359-383
c1_850f49c0011fc619	https://www.youtube.com/watch?v=TB762zPFh6c	38-62;85-109;176-200;253-277
o_59409074131681fa	https://www.youtube.com/watch?v=YUGUySygZuU	27-93;173-197
c1_59409074131681fa	https://www.youtube.com/watch?v=-IO8hOy-X88	16-122
o_8287ebe635fee3ed	https://www.youtube.com/watch?v=w57i-NmV3Ig	2-41;123-147;205-229
c1_8287ebe635fee3ed	https://www.youtube.com/watch?v=a8cLK--oq4k	25-64;139-163;238-262
o_d00aacd4d1bf8656	https://www.youtube.com/watch?v=5URwFSmT1XU	19-66;195-213
c1_d00aacd4d1bf8656	https://www.youtube.com/watch?v=W28pA7gFAVU	19-66;195-213
o_8aa0a5f771957bc7	https://www.youtube.com/watch?v=kuqLjkX-fTo	38-74;143-167
c1_8aa0a5f771957bc7	https://www.youtube.com/watch?v=Kf097561h-Y	39-75;144-168
o_02105bfbdfe655dc	https://www.youtube.com/watch?v=VsNtkuJEgRQ	4-28;108-128;161-185;237-257
c1_02105bfbdfe655dc	https://www.youtube.com/watch?v=7cAcitvfeJ0	68-121;154-178;231-251
o_e216beb00cc6efc8	https://www.youtube.com/watch?v=c0TghfreFok	24-109
c1_e216beb00cc6efc8	https://www.youtube.com/watch?v=MBcG9h0-8Gg	8-94
o_cde959279c965119	https://www.youtube.com/watch?v=rSZ50vs9OXs	4-69
c1_cde959279c965119	https://www.youtube.com/watch?v=R5s9dQdH2v0	7-71
o_5c8f709e4ba7daef	https://www.youtube.com/watch?v=fbq7ZM0du-c	80-99;123-185;225-244
c1_5c8f709e4ba7daef	https://www.youtube.com/watch?v=R_wzczMp5z8	73-148;200-220
o_9c6a1aefef963028	https://www.youtube.com/watch?v=Tv6eMN3YK9E	44-105
c1_9c6a1aefef963028	https://www.youtube.com/watch?v=j6XSBt043S8	43-65;86-104;186-207
o_37a7362053b1fa84	https://www.youtube.com/watch?v=rsyynVgA48s	27-51;142-193
c1_37a7362053b1fa84	https://www.youtube.com/watch?v=w4bJ612U1Kc	27-51;143-193
o_f56417d47dd0966e	https://www.youtube.com/watch?v=FBkKe0bx4uM	16-40;75-122;179-197
c1_f56417d47dd0966e	https://www.youtube.com/watch?v=OwHC61HEz98	9-42;92-116;173-191
o_45ff80fa5f04108b	https://www.youtube.com/watch?v=hga3bB-rrBA	23-42;109-169;196-220
c1_45ff80fa5f04108b	https://www.youtube.com/watch?v=GPfgdEnY0rE	22-41;108-168
o_62f7b7a2a7e5f3d1	https://www.youtube.com/watch?v=DY7kx0pcKbc	36-60;144-225
c1_62f7b7a2a7e5f3d1	https://www.youtube.com/watch?v=K7Pkgrum_aI	42-87;150-207
o_68f596862096b1a7	https://www.youtube.com/watch?v=7OE7kv2Kmms	51-132
c1_68f596862096b1a7	https://www.youtube.com/watch?v=NQJeE0EX8Nk	23-104
o_b1ee990c22493016	https://www.youtube.com/watch?v=LvfGkekPK2w	64-110;154-178;313-344
c1_b1ee990c22493016	https://www.youtube.com/watch?v=KlajR1GaqfU	35-80;124-148;281-314
o_6ed7976d27a8a626	https://www.youtube.com/watch?v=zmsdw828dwI	41-65;130-154;187-211
c1_6ed7976d27a8a626	https://www.youtube.com/watch?v=6lM3omc1TWU	39-81;179-203
o_7a932ca0bdbeeeea	https://www.youtube.com/watch?v=KR5pPlE4rqc	44-68;137-161;206-261
c1_7a932ca0bdbeeeea	https://www.youtube.com/watch?v=ok32nIw_D44	0-24;46-70;139-163;208-232
o_a309768ebccf7d72	https://www.youtube.com/watch?v=GvEBD6qCqTU	9-28;84-135
c1_a309768ebccf7d72	https://www.youtube.com/watch?v=8VIoWUkFhh8	10-56;114-135
o_b91831e0a8bddf7a	https://www.youtube.com/watch?v=l0rgGKBL8lo	22-41;83-150
c1_b91831e0a8bddf7a	https://www.youtube.com/watch?v=8eMmcBEiYic	31-50;93-159
o_95026f229f2fcc6c	https://www.youtube.com/watch?v=1GKnH4fS8E8	28-73;130-154;185-209
c1_95026f229f2fcc6c	https://www.youtube.com/watch?v=O96pPX_oUAQ	61-157;185-209
o_b68d245f45de5dd2	https://www.youtube.com/watch?v=Ld3lcTcXOZc	94-145;202-226
c1_b68d245f45de5dd2	https://www.youtube.com/watch?v=RTXm5ESAu34	48-68;93-144;178-202
o_7ceb250035e10bbf	https://www.youtube.com/watch?v=SwDSF_Fb_s4	134-208
c1_7ceb250035e10bbf	https://www.youtube.com/watch?v=oObfbpkR_o8	35-71;183-204
o_8edd5aa46aaa1cf4	https://www.youtube.com/watch?v=3lcSFAItC4E	24-44;123-183
c1_8edd5aa46aaa1cf4	https://www.youtube.com/watch?v=hvFeCyXtiHM	24-44;123-183
o_0ed95a50846d67d9	https://www.youtube.com/watch?v=tUeWWRn1Pho	66-90;112-136;203-227;265-289
c1_0ed95a50846d67d9	https://www.youtube.com/watch?v=871YufEZcUM	68-92;113-137;196-229
o_0458a6521fd860a8	https://www.youtube.com/watch?v=zZxm3zs2vrA	10-64;164-188
c1_0458a6521fd860a8	https://www.youtube.com/watch?v=ZpDu1IaOkwc	10-34;83-107;164-188
o_59c9fdb2b4e63253	https://www.youtube.com/watch?v=P4_KzneLslA	29-73
c1_59c9fdb2b4e63253	https://www.youtube.com/watch?v=kMs9p07AYm4	28-56;112-132
o_dbc24c9b8f98e59b	https://www.youtube.com/watch?v=u-8B2Y0PpW8	3-54;152-176
c1_dbc24c9b8f98e59b	https://www.youtube.com/watch?v=8Ul9GcSe7Yk	2-53;151-175
o_dde56ae93cc48e9a	https://www.youtube.com/watch?v=pnNyJ0LXhNw	56-75;99-163
c1_dde56ae93cc48e9a	https://www.youtube.com/watch?v=NmDtAksXkFA	63-81;106-170
o_429028ecce4d2e5d	https://www.youtube.com/watch?v=gQvdmIWT0Mg	31-126
c1_429028ecce4d2e5d	https://www.youtube.com/watch?v=yQP5N_HW9Zw	23-106
o_9e0d012fbfe308e7	https://www.youtube.com/watch?v=Cc7wC8BHp2g	19-61;113-137
c1_9e0d012fbfe308e7	https://www.youtube.com/watch?v=Rbchx9vKzms	0-73
o_6a6bc3a78b917642	https://www.youtube.com/watch?v=5EOFnnBQjp8	88-136;192-213;240-259
c1_6a6bc3a78b917642	https://www.youtube.com/watch?v=U5duUMI5aT8	86-135;191-211;239-258
o_d15b170ef4926d21	https://www.youtube.com/watch?v=ZONKoKIQ9RY	2-24;48-72;146-169
c1_d15b170ef4926d21	https://www.youtube.com/watch?v=k0TvdUxkAOY	2-24;145-168;192-216
o_48b62439704c8550	https://www.youtube.com/watch?v=iAbnEUA0wpA	8-32;82-170
c1_48b62439704c8550	https://www.youtube.com/watch?v=DpBaxaQHaEA	8-35;119-170
o_636f1c79080c6e8c	https://www.youtube.com/watch?v=DCeJMez6onY	44-109
c1_636f1c79080c6e8c	https://www.youtube.com/watch?v=ztlMjZvDyl4	82-152
o_841f9f51367e6d21	https://www.youtube.com/watch?v=QeKuzoXcPWM	81-105;165-189;333-392
c1_841f9f51367e6d21	https://www.youtube.com/watch?v=pE6r8o8aktA	49-97;145-203
o_ee0c3b9c98d05a3e	https://www.youtube.com/watch?v=KXHsWBKKNbI	33-114
c1_ee0c3b9c98d05a3e	https://www.youtube.com/watch?v=A-Q0Tq6-m_4	35-114
o_5c79382c2d02c4dc	https://www.youtube.com/watch?v=gHTiCgSzkks	58-119;183-204
c1_5c79382c2d02c4dc	https://www.youtube.com/watch?v=oawZrBj6oik	95-150
o_98cefd24e8907222	https://www.youtube.com/watch?v=pnJM_jC7j_4	33-52;81-151
c1_98cefd24e8907222	https://www.youtube.com/watch?v=mnxF5_kODRk	22-40;66-133
o_6126838588084bb2	https://www.youtube.com/watch?v=C4Y3f2FYzrc	9-65;191-215
c1_6126838588084bb2	https://www.youtube.com/watch?v=izJ3fBnvDPM	37-56;137-161;216-240
o_422e159cea4d3b3b	https://www.youtube.com/watch?v=BrgXMtblnsA	9-51;104-128
c1_422e159cea4d3b3b	https://www.youtube.com/watch?v=AVmOqZyP3OM	9-51;104-128
o_03a34ac23784753c	https://www.youtube.com/watch?v=sUP-uW07fuA	18-42;69-93;165-189
c1_03a34ac23784753c	https://www.youtube.com/watch?v=ylFeiHlk7cA	18-42;69-93;164-188
o_3e5db21d1e55e7dc	https://www.youtube.com/watch?v=PmeLxaBNrAI	21-45;70-113;155-179
c1_3e5db21d1e55e7dc	https://www.youtube.com/watch?v=jYyHz38Bb-8	0-23;71-116;161-185
o_b4322bc6c1f3696e	https://www.youtube.com/watch?v=8MvGyEb43-M	24-46;89-113;216-240
c1_b4322bc6c1f3696e	https://www.youtube.com/watch?v=mQS2qyyJAZw	95-187
o_06f716e4f1f1014f	https://www.youtube.com/watch?v=bDONjAkh2Pc	6-26;58-82;146-168
c1_06f716e4f1f1014f	https://www.youtube.com/watch?v=6c0STBCrxiw	6-27;134-177
o_bf99663d2a926afb	https://www.youtube.com/watch?v=wRZtyTz4nfM	28-83;120-172
c1_bf99663d2a926afb	https://www.youtube.com/watch?v=9rLFWZDmr0g	27-83;150-174
o_6eaee81e869c2e2e	https://www.youtube.com/watch?v=qcDvzifP_gk	40-88;167-191
c1_6eaee81e869c2e2e	https://www.youtube.com/watch?v=vJ7WgfBvLAU	62-86;112-136;165-189
o_279500deb4fdbd29	https://www.youtube.com/watch?v=5HjUxggPd6E	21-98;168-190
c1_279500deb4fdbd29	https://www.youtube.com/watch?v=mrbxe3rUBp0	29-106;177-199
o_ebc7ce4f6dd42427	https://www.youtube.com/watch?v=hHXfCOjb3fk	7-56;165-189
c1_ebc7ce4f6dd42427	https://www.youtube.com/watch?v=1bxB_Qq39yo	6-55;164-188
o_e21e5b5baa987131	https://www.youtube.com/watch?v=eOB4VdlkzO4	7-27;137-155;206-226
c1_e21e5b5baa987131	https://www.youtube.com/watch?v=AJ-B1l0F2Pk	8-28;139-157;209-229
o_e4aca84c36cfa837	https://www.youtube.com/watch?v=LAZcPSQr4_M	23-68;163-218
c1_e4aca84c36cfa837	https://www.youtube.com/watch?v=6s8E0wADwEw	25-71;165-219
o_59a0c1593949349c	https://www.youtube.com/watch?v=uhNnlD3uNS0	47-120;144-168
c1_59a0c1593949349c	https://www.youtube.com/watch?v=yH3DYGPHXk0	28-52;100-137;160-184
o_267552b8adec60c4	https://www.youtube.com/watch?v=i12PWD9EQvE	4-36;73-97;172-196
c1_267552b8adec60c4	https://www.youtube.com/watch?v=FZmA_ARCuR0	25-44;83-125;184-208
o_56de526c2daa5263	https://www.youtube.com/watch?v=4Kk4xtkBalY	54-92;149-172
c1_56de526c2daa5263	https://www.youtube.com/watch?v=UqlS9EHmVUo	63-102;160-183
o_8a5339284356fcc2	https://www.youtube.com/watch?v=HY8r1vt51MI	78-115;174-194
c1_8a5339284356fcc2	https://www.youtube.com/watch?v=N3j52RkJcTo	8-45;103-123
o_ae88697174174dc6	https://www.youtube.com/watch?v=C-IgZrOsEag	12-73;124-148
c1_ae88697174174dc6	https://www.youtube.com/watch?v=b2UixKuvHDw	16-78;130-154
o_a3b44c0172b8c62e	https://www.youtube.com/watch?v=NUsoVlDFqZg	59-155
c1_a3b44c0172b8c62e	https://www.youtube.com/watch?v=IOYnoswjovA	24-46;91-126;177-201
o_327a67aade1c978b	https://www.youtube.com/watch?v=8AoCkwXuZOY	69-140
c1_327a67aade1c978b	https://www.youtube.com/watch?v=I1ffwzevSxY	33-68
o_8612bd9dc454d31f	https://www.youtube.com/watch?v=TWggNDJ9f8I	22-55;76-95
c1_8612bd9dc454d31f	https://www.youtube.com/watch?v=0JewK9p_Ltc	35-53;123-145;176-194
o_5a8d4eb0aaad1070	https://www.youtube.com/watch?v=Fjufjv4rH0s	7-59;150-174
c1_5a8d4eb0aaad1070	https://www.youtube.com/watch?v=wHUqFROlIno	17-41;84-104;131-155
o_671f0fa070edf608	https://www.youtube.com/watch?v=561fy1vqIo8	101-121;241-298
c1_671f0fa070edf608	https://www.youtube.com/watch?v=3aNZtd0EDGQ	101-121;143-200
o_28cb31e53cb88b47	https://www.youtube.com/watch?v=N0k0FAlLlK0	48-94;204-252
c1_28cb31e53cb88b47	https://www.youtube.com/watch?v=jFUn1lSh7z0	21-44;101-175
o_b869226e89000261	https://www.youtube.com/watch?v=1aEImx74gLA	41-65;148-172;209-233
c1_b869226e89000261	https://www.youtube.com/watch?v=ADrYo4J1_Ko	31-55;138-162;227-251
o_b46144cd0f7c645a	https://www.youtube.com/watch?v=8SsgLlPZ9ZM	42-87;160-198
c1_b46144cd0f7c645a	https://www.youtube.com/watch?v=dlCbIWdAXS0	52-108;148-185
o_296d8b52b987dcf1	https://www.youtube.com/watch?v=w4kOwMyGDuQ	26-50;115-162
c1_296d8b52b987dcf1	https://www.youtube.com/watch?v=x7VbHXKcRuw	29-59;112-136
o_6b95c0adc3241273	https://www.youtube.com/watch?v=C47GV5xFkTg	50-74;109-178
c1_6b95c0adc3241273	https://www.youtube.com/watch?v=bEmAPvcYwUs	38-72;135-159
o_ceabe2ab9817d523	https://www.youtube.com/watch?v=arzSiE6p4Ps	78-113;204-226
c1_ceabe2ab9817d523	https://www.youtube.com/watch?v=KnZj7Z-IUJk	64-82;141-163;191-213
o_fed8b428a6ca2d8c	https://www.youtube.com/watch?v=EQDc3bhGQP8	17-59;137-156
c1_fed8b428a6ca2d8c	https://www.youtube.com/watch?v=4QC0axE_j8E	20-62;140-159
o_06421fed12265cb0	https://www.youtube.com/watch?v=pw60AKq8cCU	84-108;137-169
c1_06421fed12265cb0	https://www.youtube.com/watch?v=kjNPeQQrOHQ	9-33;105-136
o_9dcf91a67e7aea2b	https://www.youtube.com/watch?v=biOosTclxAA	8-32;92-150;252-276
c1_9dcf91a67e7aea2b	https://www.youtube.com/watch?v=a5Qdhg6j5pw	47-71;130-189;291-315
o_bc0815cf2b45e0d6	https://www.youtube.com/watch?v=FWaW1IjbmAk	35-107
c1_bc0815cf2b45e0d6	https://www.youtube.com/watch?v=upCMGZyF9rs	14-74
o_ffa5cb88c8b6160e	https://www.youtube.com/watch?v=O81lzff27os	21-45;99-164
c1_ffa5cb88c8b6160e	https://www.youtube.com/watch?v=vru8zRTK4Kc	21-45;90-122
o_b32767a44511d7fd	https://www.youtube.com/watch?v=8bjo95QKD3c	43-67;151-212
c1_b32767a44511d7fd	https://www.youtube.com/watch?v=TFC9jPvBYl8	41-74;149-173
o_9d707cf57ea87339	https://www.youtube.com/watch?v=K5xERXE7pxI	10-58;108-153
c1_9d707cf57ea87339	https://www.youtube.com/watch?v=SZ-77LLF1pI	9-57;107-131;185-209
o_cebf62a19d43b870	https://www.youtube.com/watch?v=9LFpAfSrP2M	18-42;65-99;284-308
c1_cebf62a19d43b870	https://www.youtube.com/watch?v=M8TRuPw7zhg	21-89
o_19f24449de6391e7	https://www.youtube.com/watch?v=PA9XLa2ARfs	22-40;89-111;226-245
c1_19f24449de6391e7	https://www.youtube.com/watch?v=TnDs19I70eA	66-111;226-245
o_005183c1af889978	https://www.youtube.com/watch?v=otgnuwR6w8o	51-72;98-146
c1_005183c1af889978	https://www.youtube.com/watch?v=Jjx6wjhmNms	49-70;95-144
o_d6f1c47fcddd8b10	https://www.youtube.com/watch?v=ln97nozDpJM	15-80;129-153
c1_d6f1c47fcddd8b10	https://www.youtube.com/watch?v=YqE6EtZzS1c	11-31;97-139
o_f799a80fecddcd3b	https://www.youtube.com/watch?v=dK5VKo7FUe0	18-62;92-110
c1_f799a80fecddcd3b	https://www.youtube.com/watch?v=jtxpSBvXto0	18-62;92-110
o_a7394167401ec9ed	https://www.youtube.com/watch?v=oOni4BMeMp0	0-33;74-98;163-187
c1_a7394167401ec9ed	https://www.youtube.com/watch?v=x9RRC-emCuU	0-38;76-100
o_60b8cf897d105a14	https://www.youtube.com/watch?v=LupeGtJ3a3E	6-82
c1_60b8cf897d105a14	https://www.youtube.com/watch?v=55zmJLagrDQ	18-95
o_d1c21ebf53901d7d	https://www.youtube.com/watch?v=ZOa_bSeRScY	11-67;95-115
c1_d1c21ebf53901d7d	https://www.youtube.com/watch?v=8aUC9nCRxQg	17-73;101-120
o_a6ab55a7873cf103	https://www.youtube.com/watch?v=mQCWY5ynBaw	48-117
c1_a6ab55a7873cf103	https://www.youtube.com/watch?v=eS_hc3pclFU	53-122
o_e02f53ce39573077	https://www.youtube.com/watch?v=wawbhXQX2TQ	0-91
c1_e02f53ce39573077	https://www.youtube.com/watch?v=k5Ko4DkQ9Sw	0-90
o_a0c10e96a2f4635e	https://www.youtube.com/watch?v=izIyhdEHSPo	15-95
c1_a0c10e96a2f4635e	https://www.youtube.com/watch?v=ld2UZPEfLdo	14-94
o_ff1c878cdaefb11b	https://www.youtube.com/watch?v=jqZhH9yzQH0	27-46;94-115;140-158;199-218
c1_ff1c878cdaefb11b	https://www.youtube.com/watch?v=ZBcY6ho2dwk	25-44;89-110;132-151;188-208
o_f11ddb33bea617d3	https://www.youtube.com/watch?v=sGsWJ0PcLfU	20-72;143-207
c1_f11ddb33bea617d3	https://www.youtube.com/watch?v=B9hWT4O5oS8	19-72;143-207
o_518a83cbe96413af	https://www.youtube.com/watch?v=OFw5xkD3bjE	26-86
c1_518a83cbe96413af	https://www.youtube.com/watch?v=vyu3HU3XWi4	26-87
o_869b8ccb3f015878	https://www.youtube.com/watch?v=itSEmR_OKPc	0-74
c1_869b8ccb3f015878	https://www.youtube.com/watch?v=SUi2jzL4-qM	88-160;192-212
o_ad3b04c6e1e46cb0	https://www.youtube.com/watch?v=oCIG3HPz0-A	62-94;220-281
c1_ad3b04c6e1e46cb0	https://www.youtube.com/watch?v=3Sgg_gPyYAc	24-76;137-192
o_af9396ca6a8043e8	https://www.youtube.com/watch?v=3BpSgZC2BkU	26-50;126-147;170-192
c1_af9396ca6a8043e8	https://www.youtube.com/watch?v=9pORVvbbpJQ	30-54;133-154;240-262
o_ea785d54b52d008d	https://www.youtube.com/watch?v=CUr_UwUUXzU	9-64
c1_ea785d54b52d008d	https://www.youtube.com/watch?v=IEDaBMC5neE	8-63
o_6b9fa3435d6081bc	https://www.youtube.com/watch?v=Eucp9qqKG0o	69-88;135-168
c1_6b9fa3435d6081bc	https://www.youtube.com/watch?v=Trc--AlveGU	85-103;150-183
o_f58140e736c2dda1	https://www.youtube.com/watch?v=BbukclQp7J0	32-56;82-106;144-194
c1_f58140e736c2dda1	https://www.youtube.com/watch?v=dTBhgRGoVlw	2-26;60-84;131-155;179-203
o_518e451db42dfac8	https://www.youtube.com/watch?v=PfkUoRmcqyA	42-88
c1_518e451db42dfac8	https://www.youtube.com/watch?v=W5TmPDaYPxQ	42-88
o_bba44b16ee9df594	https://www.youtube.com/watch?v=RdD1paZMXEE	19-38;134-167
c1_bba44b16ee9df594	https://www.youtube.com/watch?v=QLuA5FkhVWU	7-26;121-154
o_ea7b81a31218a8d9	https://www.youtube.com/watch?v=uZZoDaVdCAE	56-109;163-181
c1_ea7b81a31218a8d9	https://www.youtube.com/watch?v=hPvLYLQoN0A	89-143;167-185
o_3276cc2f9209a9a1	https://www.youtube.com/watch?v=X2zPhOirjhI	0-77
c1_3276cc2f9209a9a1	https://www.youtube.com/watch?v=NMHJsNb2vqU	2-43;105-129
o_4214b8623d7937a0	https://www.youtube.com/watch?v=a7fzkqLozwA	44-68;139-176
c1_4214b8623d7937a0	https://www.youtube.com/watch?v=xEKlhTV2HYI	106-175
o_47c1d47e59118552	https://www.youtube.com/watch?v=XerP9yVLPRs	0-24;82-106;150-209
c1_47c1d47e59118552	https://www.youtube.com/watch?v=fP6OYjnAQ7k	0-104;182-206
o_1454fff1d64c6079	https://www.youtube.com/watch?v=sYfY8D-JS68	12-72;134-157
c1_1454fff1d64c6079	https://www.youtube.com/watch?v=VHQmxcRqYqo	15-33;137-160;189-213
o_a6ea5fd173d86d74	https://www.youtube.com/watch?v=mAO_dd_zslo	5-29;51-94;157-175
c1_a6ea5fd173d86d74	https://www.youtube.com/watch?v=p5o0UiDHTxI	24-64;88-132
o_1742312b515e0ff3	https://www.youtube.com/watch?v=KI3k9C6wD2A	52-76;99-156;204-228
c1_1742312b515e0ff3	https://www.youtube.com/watch?v=4zbn6LGNLso	29-52;75-132;180-204
o_2b534b221ebc6845	https://www.youtube.com/watch?v=q_xsS1T-3B4	34-89;179-198
c1_2b534b221ebc6845	https://www.youtube.com/watch?v=sXPFrkMPj7o	65-121;150-171
o_d29810abb82a2bd0	https://www.youtube.com/watch?v=5ntb8bYkfmU	33-68;120-144
c1_d29810abb82a2bd0	https://www.youtube.com/watch?v=LJkQ8AtqOTY	71-90;117-161
o_898091acd9b9be5c	https://www.youtube.com/watch?v=71BVeBY1Ob0	8-32;60-161
c1_898091acd9b9be5c	https://www.youtube.com/watch?v=mGgKaluPOjE	8-43;96-160
o_ed95ef29cc75732d	https://www.youtube.com/watch?v=ch_Fb0AnzC0	11-33;56-77;102-126
c1_ed95ef29cc75732d	https://www.youtube.com/watch?v=Zl8CMT3Dpps	12-34;103-152
o_f08df5a77ee8218f	https://www.youtube.com/watch?v=mjqbKmt0CTk	28-118
c1_f08df5a77ee8218f	https://www.youtube.com/watch?v=Xs-Y0bajE04	28-118
o_17965303d6dccb27	https://www.youtube.com/watch?v=73GDxc839b0	56-80;102-137;173-197
c1_17965303d6dccb27	https://www.youtube.com/watch?v=AVfdvcxDiI8	106-202
o_6f9f1bd6d21beda2	https://www.youtube.com/watch?v=1wemIJWmQMQ	87-128;184-208
c1_6f9f1bd6d21beda2	https://www.youtube.com/watch?v=GSf5KAjgoJ8	80-122;178-202
o_1bbdcf6195a82328	https://www.youtube.com/watch?v=2aAnaw9z0EU	3-64;111-135
c1_1bbdcf6195a82328	https://www.youtube.com/watch?v=2LcIyEVsHfc	43-81
o_834f365c9d6a141f	https://www.youtube.com/watch?v=BdBAbK0cexg	31-55;80-138
c1_834f365c9d6a141f	https://www.youtube.com/watch?v=KpBPiI45Q5A	31-55;79-121;157-178
o_70b3b5baa0591940	https://www.youtube.com/watch?v=d7zuvOXQe8k	32-56;120-177
c1_70b3b5baa0591940	https://www.youtube.com/watch?v=BdWEz_z-NL4	81-151
o_9b9d5ae922dff812	https://www.youtube.com/watch?v=MHQIs0Yonws	60-115;190-210
c1_9b9d5ae922dff812	https://www.youtube.com/watch?v=JfCKXWfKdGw	53-108;167-188
o_c73050fbbda85fe2	https://www.youtube.com/watch?v=z9bnin02IsM	53-108;163-184
c1_c73050fbbda85fe2	https://www.youtube.com/watch?v=Pz-Ttfe5xKI	87-108;162-205
o_f3314d4b34da08a5	https://www.youtube.com/watch?v=4qpcjwQOXQM	33-95
c1_f3314d4b34da08a5	https://www.youtube.com/watch?v=NXsPIIJbzQI	37-100
o_677ce6b71e5480ac	https://www.youtube.com/watch?v=6U6JlAsYv0Y	39-103;180-204
c1_677ce6b71e5480ac	https://www.youtube.com/watch?v=sEFuIqVTB2k	35-97;152-197
o_dd9494f40b6b1650	https://www.youtube.com/watch?v=CilnL5w_kC8	10-44;89-113
c1_dd9494f40b6b1650	https://www.youtube.com/watch?v=_-HEk0G_rx4	9-66;133-152
o_c1b5564b9225bae3	https://www.youtube.com/watch?v=TnGB6-rq1fA	30-91;130-154
c1_c1b5564b9225bae3	https://www.youtube.com/watch?v=a_5ZymmWpAo	91-159
o_86358dadbaed30c9	https://www.youtube.com/watch?v=uLvMFG-WIxk	12-57;96-115
c1_86358dadbaed30c9	https://www.youtube.com/watch?v=DKgOq2Ut5Gk	14-38;124-144
o_70c8d981f8fdd9f7	https://www.youtube.com/watch?v=6SohDGROvG4	10-57;129-153
c1_70c8d981f8fdd9f7	https://www.youtube.com/watch?v=olxxeJn9W5g	11-57;130-154
o_6aa45941b388349d	https://www.youtube.com/watch?v=1BYr1br2Ee4	6-30;93-129
c1_6aa45941b388349d	https://www.youtube.com/watch?v=oZYk0W45CrQ	5-52;105-129
o_a6d5744c795c0f85	https://www.youtube.com/watch?v=ZlARJAmytnk	8-66
c1_a6d5744c795c0f85	https://www.youtube.com/watch?v=2ho6OXljtOw	13-71
o_59c8fa570a62ba2e	https://www.youtube.com/watch?v=3CgMN_u1sag	39-84;168-192
c1_59c8fa570a62ba2e	https://www.youtube.com/watch?v=PV1q_SUlFDA	63-84;105-124;167-191
o_8e2a44e698fbc960	https://www.youtube.com/watch?v=GRzRikMKSnw	14-38;72-94;161-210
c1_8e2a44e698fbc960	https://www.youtube.com/watch?v=-72uhdJkmcU	70-127;156-213
o_5a596bf92b9ea683	https://www.youtube.com/watch?v=bv-o_24MZfU	4-26;60-104
c1_5a596bf92b9ea683	https://www.youtube.com/watch?v=N9R33M2PJFM	5-46;81-105
o_242debb72353faec	https://www.youtube.com/watch?v=5K2t79ZXWF0	37-61;190-242
c1_242debb72353faec	https://www.youtube.com/watch?v=ilhYyX_OkPA	50-111;203-226
o_ceed418778b8678d	https://www.youtube.com/watch?v=0mouUvIHhh0	44-100;128-171
c1_ceed418778b8678d	https://www.youtube.com/watch?v=Yx34gePrDio	35-114;137-161
o_ad27172d795858c4	https://www.youtube.com/watch?v=SPDjk9qcsCo	18-42;104-123;171-195
c1_ad27172d795858c4	https://www.youtube.com/watch?v=dmHih1zyYN8	18-42;104-123;171-195
o_d47a5f9a6a37876e	https://www.youtube.com/watch?v=AMSiHdrHl0g	20-44;88-126
c1_d47a5f9a6a37876e	https://www.youtube.com/watch?v=MbyZvgPDBWY	24-48;89-127
o_fe1f28c73a37131d	https://www.youtube.com/watch?v=ZpW80qf7NzE	56-80;113-132;183-207
c1_fe1f28c73a37131d	https://www.youtube.com/watch?v=Y0hEepkXqNA	80-104;136-155;206-230
o_4331d75784d88659	https://www.youtube.com/watch?v=iUUv9S3LKII	21-45;81-101;159-178
c1_4331d75784d88659	https://www.youtube.com/watch?v=IsfN5zb9CT4	27-47;80-126
o_8f5d7201499a9145	https://www.youtube.com/watch?v=W3-LPChiTSA	17-36;59-83;138-162
c1_8f5d7201499a9145	https://www.youtube.com/watch?v=soMAVG2Ri2w	50-88;142-166
o_1718846626082c79	https://www.youtube.com/watch?v=VUlDmuLaFaY	54-78;134-152;186-210
c1_1718846626082c79	https://www.youtube.com/watch?v=tLq-xRWmETs	117-135;260-284;433-457
o_53b73b3a79597521	https://www.youtube.com/watch?v=L3ndTfFzhks	26-50;118-181
c1_53b73b3a79597521	https://www.youtube.com/watch?v=ZRsWFEzMOhA	27-61;120-140;161-183
o_cb761eaea29534e9	https://www.youtube.com/watch?v=-HRTJvDqDoA	26-62;246-270
c1_cb761eaea29534e9	https://www.youtube.com/watch?v=9xXL4wMDyE0	24-60;239-263
o_beb313da52bbe556	https://www.youtube.com/watch?v=xtSbedMeF6s	99-182
c1_beb313da52bbe556	https://www.youtube.com/watch?v=V3BOYrWjBTY	52-107
o_610fc2f4df061415	https://www.youtube.com/watch?v=AtKZKl7Bgu0	0-20;55-78;171-192
c1_610fc2f4df061415	https://www.youtube.com/watch?v=O_KOGbplcsE	24-48;83-106;198-219
o_94225c4097391f95	https://www.youtube.com/watch?v=xkbVRGxsd8E	28-48;106-130;165-187
c1_94225c4097391f95	https://www.youtube.com/watch?v=rHVALHCm78A	28-48;106-130;165-187
o_5cf23364b3a91f53	https://www.youtube.com/watch?v=7s9VY9kqgfE	89-113;163-218
c1_5cf23364b3a91f53	https://www.youtube.com/watch?v=-LLEiHLJesw	145-211
o_4e654ef2146a9b0e	https://www.youtube.com/watch?v=a6lh8OHL61w	20-100
c1_4e654ef2146a9b0e	https://www.youtube.com/watch?v=VEeL9Hhh4ZY	26-50;82-140
o_69cfec22872fdffb	https://www.youtube.com/watch?v=fpl4if07ics	55-74;180-254
c1_69cfec22872fdffb	https://www.youtube.com/watch?v=-2LvZfz0H1I	59-78;184-242
o_e1a19bbf7d1b879c	https://www.youtube.com/watch?v=DVx8L7a3MuE	14-66;103-144
c1_e1a19bbf7d1b879c	https://www.youtube.com/watch?v=heQE9IPcwPg	30-52;103-174
o_09a212060a7c4630	https://www.youtube.com/watch?v=YO3naGFUXaw	123-176;198-222
c1_09a212060a7c4630	https://www.youtube.com/watch?v=bgVr3ELVezM	85-123;201-225
o_e2e1633463e707f7	https://www.youtube.com/watch?v=vYtpKBNTCB8	36-58;102-168
c1_e2e1633463e707f7	https://www.youtube.com/watch?v=9PdnhB_saOc	40-62;105-171
o_02acf36cb3911aa8	https://www.youtube.com/watch?v=HzRy0LBysMk	10-65;146-202
c1_02acf36cb3911aa8	https://www.youtube.com/watch?v=2NOqb3QHCec	10-32;104-170
o_7a28a661239f7817	https://www.youtube.com/watch?v=qKBMyal0ILA	14-98;267-291
c1_7a28a661239f7817	https://www.youtube.com/watch?v=1zUDcH_1uXY	39-122;245-269
o_09b39e93869d27ca	https://www.youtube.com/watch?v=8xqmcc2qlEQ	4-27;48-72;116-138
c1_09b39e93869d27ca	https://www.youtube.com/watch?v=rVJVzyR-lCQ	4-26;47-71;115-137
o_0718bb190e9ebf54	https://www.youtube.com/watch?v=Ib_VBpyXcwE	25-71;103-152
c1_0718bb190e9ebf54	https://www.youtube.com/watch?v=Z04-01BdaYM	47-91;128-151
o_fe88a840251f5397	https://www.youtube.com/watch?v=2oXJ19NTMEY	34-73;125-149
c1_fe88a840251f5397	https://www.youtube.com/watch?v=wIo_RrsFSyU	34-72;194-218
o_dad74398f766dcb4	https://www.youtube.com/watch?v=oA_-_2DejuU	8-27;67-86;161-180;215-239
c1_dad74398f766dcb4	https://www.youtube.com/watch?v=BurdwpZCOG8	18-38;89-126;172-191
o_9a973df908ecd0c8	https://www.youtube.com/watch?v=B36v4GHhL2w	11-35;87-108;133-157
c1_9a973df908ecd0c8	https://www.youtube.com/watch?v=DYsGR7oLB94	17-41;92-114;138-162
o_b15bf148cdc2beff	https://www.youtube.com/watch?v=RJSZR_ZzKvA	95-214
c1_b15bf148cdc2beff	https://www.youtube.com/watch?v=JzxZ8Y289jI	62-86;172-218;240-260
o_df0486e5dacf6302	https://www.youtube.com/watch?v=oozQ4yV__Vw	82-120;175-199
c1_df0486e5dacf6302	https://www.youtube.com/watch?v=XX0U_5L0s1Y	28-52;91-115;170-194
o_d4dfb2844f438ec4	https://www.youtube.com/watch?v=BP4ROcewlXA	108-180
c1_d4dfb2844f438ec4	https://www.youtube.com/watch?v=NTIhmcttR14	129-201
o_3ea40d67130a9eee	https://www.youtube.com/watch?v=GkufDCTLzFY	30-140
c1_3ea40d67130a9eee	https://www.youtube.com/watch?v=ZVQRAQ4exXE	68-144
o_ab3732d15e24aa3a	https://www.youtube.com/watch?v=pDHhQ1W7qQM	28-124;159-183
c1_ab3732d15e24aa3a	https://www.youtube.com/watch?v=6XGkQraju_Y	34-134;173-196
o_6374bf1166a7722b	https://www.youtube.com/watch?v=FLhmxjrWxQc	8-49;173-197
c1_6374bf1166a7722b	https://www.youtube.com/watch?v=jueNB4c9n1g	25-49;83-133
o_9f8590435080074a	https://www.youtube.com/watch?v=OMdDCtCba7A	68-92;144-163;221-239
c1_9f8590435080074a	https://www.youtube.com/watch?v=I4zaXYaK9Zg	101-119;144-201
o_0ccee4f9a40ae71a	https://www.youtube.com/watch?v=k4Bo4ZeYrGk	22-46;71-118
c1_0ccee4f9a40ae71a	https://www.youtube.com/watch?v=c9acfKo1Ph4	28-52;76-124
o_aef4b9518db79b80	https://www.youtube.com/watch?v=SgRL1V5SkoQ	6-81
c1_aef4b9518db79b80	https://www.youtube.com/watch?v=NHSsIpQFu4w	6-81
o_f8bfe506d319b70f	https://www.youtube.com/watch?v=49Bseb2erNA	15-69;172-196
c1_f8bfe506d319b70f	https://www.youtube.com/watch?v=kdfqEAiP9Ug	14-68;171-195
o_5381b2c26c16e6e5	https://www.youtube.com/watch?v=8UVNT4wvIGY	30-50;90-112;200-224
c1_5381b2c26c16e6e5	https://www.youtube.com/watch?v=GJvVFo6R6CE	31-51;92-113;202-226
o_d9bb658f900ca7e2	https://www.youtube.com/watch?v=hGszoS9txzg	48-72;112-181
c1_d9bb658f900ca7e2	https://www.youtube.com/watch?v=dkYoBpUszj8	19-43;73-177
o_1081c81f23c66a07	https://www.youtube.com/watch?v=Om021bkiWrg	38-90;184-208
c1_1081c81f23c66a07	https://www.youtube.com/watch?v=XPAc5rUo9q0	39-63;128-152;186-210
o_b4509628a6f2c80a	https://www.youtube.com/watch?v=QeyI1Kc5-44	57-143
c1_b4509628a6f2c80a	https://www.youtube.com/watch?v=HZzLa70mpas	56-142
o_7226909e9e7652d7	https://www.youtube.com/watch?v=Dsp_8Lm1eSk	27-84;192-216
c1_7226909e9e7652d7	https://www.youtube.com/watch?v=iyiCfDzTfNI	2-82
o_bf824b9d91788856	https://www.youtube.com/watch?v=UE8gmwhII_U	5-64;92-116;179-203
c1_bf824b9d91788856	https://www.youtube.com/watch?v=Z5keFlb3KHI	6-67;101-125;195-219
o_defba79669be8c88	https://www.youtube.com/watch?v=G8_HqSbOw_M	46-110
c1_defba79669be8c88	https://www.youtube.com/watch?v=ChlE3mrARJ8	17-119
o_a241f595b729fc40	https://www.youtube.com/watch?v=fEoIh8N7PLs	19-43;72-96;171-195
c1_a241f595b729fc40	https://www.youtube.com/watch?v=qAfVDcSnkWU	75-99;125-149;174-198
o_8ea2c92b4ffeb00a	https://www.youtube.com/watch?v=2mIBS3fHp6A	4-28;65-89;182-206
c1_8ea2c92b4ffeb00a	https://www.youtube.com/watch?v=eoc5gPhzFMQ	23-60;150-174
o_0fd65bfb2f7839eb	https://www.youtube.com/watch?v=z00Y5gCzhvc	94-118;166-208
c1_0fd65bfb2f7839eb	https://www.youtube.com/watch?v=Uzzn2LTC4_I	46-65;189-248
o_64c419250a5e4fac	https://www.youtube.com/watch?v=HeH4vCOKd8E	63-87;159-183;244-287
c1_64c419250a5e4fac	https://www.youtube.com/watch?v=495C3bLKHFE	64-88;160-184;216-263
o_3fc9e0771a5cf210	https://www.youtube.com/watch?v=FM7MFYoylVs	44-68;95-137;158-182
c1_3fc9e0771a5cf210	https://www.youtube.com/watch?v=inZGp820958	20-63;125-169
o_3a983df0a4b9f050	https://www.youtube.com/watch?v=nLGnEJvtwHE	18-100;146-167
c1_3a983df0a4b9f050	https://www.youtube.com/watch?v=HpNt52hG0m8	17-99;145-166
o_fcd275bdaffd29b1	https://www.youtube.com/watch?v=hpq94UjrEfA	25-76;184-208;231-254
c1_fcd275bdaffd29b1	https://www.youtube.com/watch?v=F8QFir06Yjs	26-77;184-208;232-255
o_78242bfa8cfbc9a2	https://www.youtube.com/watch?v=i9HGwRbMiVY	33-54;78-134
c1_78242bfa8cfbc9a2	https://www.youtube.com/watch?v=5qemX7ch17o	61-81;108-165
o_65d8e58c0cbecbc6	https://www.youtube.com/watch?v=JcM94xM6dV8	28-84;183-207
c1_65d8e58c0cbecbc6	https://www.youtube.com/watch?v=YlSmOgfWsRA	27-100
o_0b7122774aaf9797	https://www.youtube.com/watch?v=Zh1vVyPZyKY	25-49;141-196;237-261
c1_0b7122774aaf9797	https://www.youtube.com/watch?v=yTT8G2FZ5OE	44-68;130-184;263-287
o_bc497ac6c4a53d3c	https://www.youtube.com/watch?v=Lv6EV478u3U	23-47;104-152
c1_bc497ac6c4a53d3c	https://www.youtube.com/watch?v=WsptdUFthWI	23-47;104-152
o_9174c6ccec4d97ad	https://www.youtube.com/watch?v=CDJP8DJ6EaM	69-93;136-164
c1_9174c6ccec4d97ad	https://www.youtube.com/watch?v=vWfAnKadRwo	121-145;188-216
o_87af1c2f792c4b86	https://www.youtube.com/watch?v=sWBueqYA2Es	46-103;224-243
c1_87af1c2f792c4b86	https://www.youtube.com/watch?v=nnJz8vfedzs	24-82;203-221
o_739bdef8ba456579	https://www.youtube.com/watch?v=l3yDLvp9le0	0-49;95-119
c1_739bdef8ba456579	https://www.youtube.com/watch?v=WHSoYhF1328	0-47;92-116
o_1916b0117c82ec8a	https://www.youtube.com/watch?v=4uhMCzTvV9Y	82-106;154-178;299-323
c1_1916b0117c82ec8a	https://www.youtube.com/watch?v=1pdPwyeckz4	83-107;154-178;299-323
o_b0757888e8cc40f8	https://www.youtube.com/watch?v=FGb381tMJrw	33-78;112-164
c1_b0757888e8cc40f8	https://www.youtube.com/watch?v=7DVmnscM0ws	35-89;141-165
o_51b2a166a168ce66	https://www.youtube.com/watch?v=1k8craCGpgs	67-106;203-225
c1_51b2a166a168ce66	https://www.youtube.com/watch?v=Y41uBqI0WSA	66-90;157-180;206-229
o_035aac9294063b27	https://www.youtube.com/watch?v=W4hDnLLdOiI	22-46;119-143;168-192
c1_035aac9294063b27	https://www.youtube.com/watch?v=fMMTIz_VQv8	18-42;115-139;165-189
o_179775b23e66acd7	https://www.youtube.com/watch?v=zaHRRxwYmNc	29-53;77-170
c1_179775b23e66acd7	https://www.youtube.com/watch?v=ur2tOPzzemU	26-50;73-163
o_c749fc8f53c6ae5b	https://www.youtube.com/watch?v=F2NUI1ELYao	65-144
c1_c749fc8f53c6ae5b	https://www.youtube.com/watch?v=reA8SSzCnoc	55-94;125-149
o_751d159abc4df9ed	https://www.youtube.com/watch?v=3LVTLf8fxsM	0-17;50-74;99-123;179-203
c1_751d159abc4df9ed	https://www.youtube.com/watch?v=ZADU1rerdJg	0-17;50-74;99-123;179-203
o_2c9c9c7708b3c436	https://www.youtube.com/watch?v=-NKowmka5zA	66-90;135-186
c1_2c9c9c7708b3c436	https://www.youtube.com/watch?v=Fnt0oLB2OH4	35-89;121-145
o_407d178153251bf9	https://www.youtube.com/watch?v=VfDwWEpuxfM	19-37;62-86;195-214
c1_407d178153251bf9	https://www.youtube.com/watch?v=c7HJ3JL3tGY	27-45;69-93;155-174
o_06952484b7621c0d	https://www.youtube.com/watch?v=BopLuwJJEkY	23-43;136-160;202-222
c1_06952484b7621c0d	https://www.youtube.com/watch?v=qaDeZuVZbE0	100-159;201-221
o_2b6cedf6d6a9af29	https://www.youtube.com/watch?v=FJ-r0bilzhU	7-55;117-139
c1_2b6cedf6d6a9af29	https://www.youtube.com/watch?v=IBM6at5HCdo	22-62;121-143
o_915bac281253537a	https://www.youtube.com/watch?v=jUe8uoKdHao	13-31;58-103
c1_915bac281253537a	https://www.youtube.com/watch?v=UcSeaPB9BRE	15-33;60-84;167-191
o_e5c2ea1c42127ea0	https://www.youtube.com/watch?v=Zmxfd3Z_wBA	32-56;106-130;161-185
c1_e5c2ea1c42127ea0	https://www.youtube.com/watch?v=LSo0T2vfI5c	25-49;98-122;154-178
o_076a48e94158085f	https://www.youtube.com/watch?v=XbnDsCkuj1c	14-54;136-160
c1_076a48e94158085f	https://www.youtube.com/watch?v=HCjnH86NUnQ	34-79;137-161
o_3214882d49eb9c94	https://www.youtube.com/watch?v=2YUPceMxPjk	18-98;173-197
c1_3214882d49eb9c94	https://www.youtube.com/watch?v=LucNe9-pgPA	22-78;159-216
o_51cdb1f1c5474048	https://www.youtube.com/watch?v=ZA1rWLsl-Dg	32-79;210-234
c1_51cdb1f1c5474048	https://www.youtube.com/watch?v=IvyaFuoZwp0	59-129;211-235
o_fe142e8ca9d1a331	https://www.youtube.com/watch?v=E3qbfvMp5D0	46-135
c1_fe142e8ca9d1a331	https://www.youtube.com/watch?v=koDSsJSVQvQ	81-134
o_c22fc0610631bb9a	https://www.youtube.com/watch?v=5oWyMakvQew	13-33;55-79;133-157
c1_c22fc0610631bb9a	https://www.youtube.com/watch?v=EtXEYPcoHvw	13-33;56-80;135-159
o_f8639299858f956f	https://www.youtube.com/watch?v=4V-S5O4-wQQ	2-45;106-146
c1_f8639299858f956f	https://www.youtube.com/watch?v=VcC-uAOiFXk	22-46;69-147
o_95faa7eb44805429	https://www.youtube.com/watch?v=AvGpvQbkccE	25-45;102-126;165-189
c1_95faa7eb44805429	https://www.youtube.com/watch?v=Sf7GyinbEIo	28-48;147-194
o_ec9b35edf9e37583	https://www.youtube.com/watch?v=m2kh7KvYrVc	15-68
c1_ec9b35edf9e37583	https://www.youtube.com/watch?v=ZAX81afvn84	14-66
o_9836e861d43260df	https://www.youtube.com/watch?v=Qvo5SeAwz88	29-68;186-205
c1_9836e861d43260df	https://www.youtube.com/watch?v=81hNf80Pal0	40-64;85-107;181-200
o_c26b73633386206d	https://www.youtube.com/watch?v=PoZWTEXRgKo	24-79
c1_c26b73633386206d	https://www.youtube.com/watch?v=HsTsD-CadBU	28-126
o_bfda25319cbb5857	https://www.youtube.com/watch?v=B7QkJ_do0Bk	30-54;96-118;148-172
c1_bfda25319cbb5857	https://www.youtube.com/watch?v=ejYDE810z8A	28-52;93-116;148-172
o_56a006e107bc2e3c	https://www.youtube.com/watch?v=uKwBwZAZs4Y	62-141
c1_56a006e107bc2e3c	https://www.youtube.com/watch?v=NaWtBtEtOB8	21-41;118-152
o_dcaac9989d752871	https://www.youtube.com/watch?v=SlWrMpV1vy0	19-162
c1_dcaac9989d752871	https://www.youtube.com/watch?v=FU8fpFJ7bjU	94-177
o_049b217db2647999	https://www.youtube.com/watch?v=0z4Y3LkLhsQ	38-62;141-202
c1_049b217db2647999	https://www.youtube.com/watch?v=jZW8hgLdlB0	48-72;155-216
o_7b1a2c74108870aa	https://www.youtube.com/watch?v=Jm3OHtWGT2Y	14-58;172-212
c1_7b1a2c74108870aa	https://www.youtube.com/watch?v=93W1HxUrRqw	16-76;142-166
o_3314e6e0ce03b316	https://www.youtube.com/watch?v=qLnoYEAoJ-M	63-150;237-261
c1_3314e6e0ce03b316	https://www.youtube.com/watch?v=g3jqFnni6w8	63-127;221-245
o_b48199c0327e9c23	https://www.youtube.com/watch?v=N7ZyzCNeFKY	30-54;89-113;198-222
c1_b48199c0327e9c23	https://www.youtube.com/watch?v=vSQdD6nInbM	32-56;91-117
o_f1296e58dc8646ed	https://www.youtube.com/watch?v=qSCillVi9hw	101-140;196-220
c1_f1296e58dc8646ed	https://www.youtube.com/watch?v=TA4lz8XOwYc	105-145;201-225
o_3adc6b4ce8dd45ee	https://www.youtube.com/watch?v=uiVav5nBmOE	24-48;106-130;200-223
c1_3adc6b4ce8dd45ee	https://www.youtube.com/watch?v=UrVlGH1KGZQ	25-49;103-127;195-219
o_d1ac3058f7b5cfad	https://www.youtube.com/watch?v=APqt67J3Ois	54-113;147-171
c1_d1ac3058f7b5cfad	https://www.youtube.com/watch?v=5S-6DoGUs-c	40-98;131-155
o_540e283851ac3129	https://www.youtube.com/watch?v=S3UqZXub-ak	16-37;86-139
c1_540e283851ac3129	https://www.youtube.com/watch?v=qtH8FeIi9c8	33-53;134-155;182-206
o_1928e135a940da21	https://www.youtube.com/watch?v=32OSn3iNw9A	24-74
c1_1928e135a940da21	https://www.youtube.com/watch?v=8JAZd1sF3u0	27-81
o_788cc3804a7cf82b	https://www.youtube.com/watch?v=58RgLQ_0Ars	3-26;88-111;184-208;239-260
c1_788cc3804a7cf82b	https://www.youtube.com/watch?v=syZF_FTdoPo	88-128;183-207;237-258
o_67728c8bcf0c4a5c	https://www.youtube.com/watch?v=p4AUfQEYpH0	0-39;101-125
c1_67728c8bcf0c4a5c	https://www.youtube.com/watch?v=nO1WCXbcT4Q	0-39;101-125
o_2913e1bf82b102ff	https://www.youtube.com/watch?v=6DlFuxBgXVY	12-93;138-162
c1_2913e1bf82b102ff	https://www.youtube.com/watch?v=yFuv7HIEGAY	6-38;70-94;166-190
o_730b3430c3f449a1	https://www.youtube.com/watch?v=h2jvHynuMjI	66-144;188-212
c1_730b3430c3f449a1	https://www.youtube.com/watch?v=c4V_VU7-ADU	29-123
o_0b797aa7c6d74539	https://www.youtube.com/watch?v=Ll3kHgwHTss	14-68;132-156
c1_0b797aa7c6d74539	https://www.youtube.com/watch?v=mxh9Lde5emo	13-67;131-155
o_6c7927845118c9b9	https://www.youtube.com/watch?v=NtIlG87_D28	13-70;123-147
c1_6c7927845118c9b9	https://www.youtube.com/watch?v=jtZoSxwm8dQ	16-74;126-150
o_699b110261da0963	https://www.youtube.com/watch?v=haRbyHt4kMw	20-40;99-119;151-189
c1_699b110261da0963	https://www.youtube.com/watch?v=wHoSBjA01TE	26-47;96-132
o_704c219566028101	https://www.youtube.com/watch?v=KeTkuhRANwM	74-109;207-228
c1_704c219566028101	https://www.youtube.com/watch?v=zhBsuTo_5QI	73-108;206-226
o_2ac62add8733cf9f	https://www.youtube.com/watch?v=H-4zhsVDRLE	57-78;154-201;235-259
c1_2ac62add8733cf9f	https://www.youtube.com/watch?v=Q8lUM_LFEao	53-74;149-196;229-253
o_0254f830df9de023	https://www.youtube.com/watch?v=crrOl0egI00	11-34;130-154;188-209;237-257
c1_0254f830df9de023	https://www.youtube.com/watch?v=eXakSbXXDcc	15-37;134-158;190-210;240-260
o_47d9eaa5f74f6459	https://www.youtube.com/watch?v=HEVKpc9B_TA	67-91;152-172;240-261
c1_47d9eaa5f74f6459	https://www.youtube.com/watch?v=BciWsJSr04U	68-92;154-175;243-265
o_76b837170fa96fbd	https://www.youtube.com/watch?v=Mu0UxY1ZWWw	37-61;90-142
c1_76b837170fa96fbd	https://www.youtube.com/watch?v=TR20GoR9MAk	37-114
o_3a8b8a906656af71	https://www.youtube.com/watch?v=cSN8WpFtdsI	24-79;106-130
c1_3a8b8a906656af71	https://www.youtube.com/watch?v=_L5lW9bL1CY	42-85;140-164
o_c55b8869268ef442	https://www.youtube.com/watch?v=ASa01hnWJfs	4-26;99-121;145-168
c1_c55b8869268ef442	https://www.youtube.com/watch?v=626jrKseGwQ	66-120;144-168
o_05b9602f127dcaf9	https://www.youtube.com/watch?v=LegRbZAqDUE	9-57
c1_05b9602f127dcaf9	https://www.youtube.com/watch?v=tdtSsJyq8Dk	8-55
o_368f4a405fc85fa4	https://www.youtube.com/watch?v=gtCMc0EgEsA	63-142
c1_368f4a405fc85fa4	https://www.youtube.com/watch?v=9az3mWjiY7g	46-124
o_9a9530d7c3224286	https://www.youtube.com/watch?v=9WNYIA1N4NU	70-150;228-252
c1_9a9530d7c3224286	https://www.youtube.com/watch?v=W2EJai-3k2w	118-192;247-271
o_c0120eb555f60cde	https://www.youtube.com/watch?v=MxUArvDcCi8	32-55;79-101;168-192
c1_c0120eb555f60cde	https://www.youtube.com/watch?v=wOOw5tnbpJs	33-56;153-194
o_44a17c44344df3cc	https://www.youtube.com/watch?v=Ul3K_e-ZgiE	6-80
c1_44a17c44344df3cc	https://www.youtube.com/watch?v=QtSIhPubjVM	53-130
o_76511ec53cc6ddc8	https://www.youtube.com/watch?v=EkkNfZp_qDA	6-81
c1_76511ec53cc6ddc8	https://www.youtube.com/watch?v=scm2cFZZ_4g	5-28;98-120;207-231
o_c3a55c7b59373512	https://www.youtube.com/watch?v=K_9tX4eHztY	41-65;111-135;192-238
c1_c3a55c7b59373512	https://www.youtube.com/watch?v=u5Yg9WbakLg	40-100;190-236
o_c9ccbff51e820cc8	https://www.youtube.com/watch?v=5GL9JoH4Sws	17-70;194-217
c1_c9ccbff51e820cc8	https://www.youtube.com/watch?v=80wi7SCBA_c	151-204;273-296
o_c7a0a7fc41c03851	https://www.youtube.com/watch?v=abA0UlsphpM	42-64;170-217;300-324
c1_c7a0a7fc41c03851	https://www.youtube.com/watch?v=9Qck7CqlRm8	45-67;175-222;307-331
o_1311182be51cf294	https://www.youtube.com/watch?v=i2FW1WJc0lg	52-144
c1_1311182be51cf294	https://www.youtube.com/watch?v=ZBQC08gSIvU	52-145
o_b3574b3ce685b167	https://www.youtube.com/watch?v=_NPSfkDqHIA	24-85
c1_b3574b3ce685b167	https://www.youtube.com/watch?v=-JpNXJFyeI4	0-50
o_8b46e57364447e1a	https://www.youtube.com/watch?v=hxTopOuj01k	9-56;123-143
c1_8b46e57364447e1a	https://www.youtube.com/watch?v=ItxmASnhH80	13-37;135-155;178-202
o_96204d0484b23dff	https://www.youtube.com/watch?v=4-4lclep19A	0-23;48-72;140-164
c1_96204d0484b23dff	https://www.youtube.com/watch?v=yAUMU3QQE6w	0-23;118-171
o_cfab480e2a656ca1	https://www.youtube.com/watch?v=v3iwhItMjwA	20-44;120-167
c1_cfab480e2a656ca1	https://www.youtube.com/watch?v=xesuNa-UsnU	28-52;128-175
o_eee1666aec3fff84	https://www.youtube.com/watch?v=SLaAbXMRxwI	39-82;209-233
c1_eee1666aec3fff84	https://www.youtube.com/watch?v=PdvmfOmYakA	38-82;189-213
o_373119c1f1a1e89d	https://www.youtube.com/watch?v=WnY3cqJrL7E	20-44;104-156;219-243
c1_373119c1f1a1e89d	https://www.youtube.com/watch?v=TOVhBiqdmvc	19-43;103-155;209-233
o_2b4c45c0a1c07e7a	https://www.youtube.com/watch?v=CQ4dBgGMJt4	20-68;208-232
c1_2b4c45c0a1c07e7a	https://www.youtube.com/watch?v=2v9mcU3XkYQ	18-66;207-231
o_a9d613e439afe2c1	https://www.youtube.com/watch?v=Ju7_j6UtlQ0	22-46;104-169
c1_a9d613e439afe2c1	https://www.youtube.com/watch?v=6ZplxsCXsBc	25-49;165-189;254-278
o_b635a40b252fc307	https://www.youtube.com/watch?v=3a0A-UZoHnk	38-75;167-210
c1_b635a40b252fc307	https://www.youtube.com/watch?v=eBxwstMSYcc	57-157
o_c16419af0c28ce4d	https://www.youtube.com/watch?v=KsNWlM3fWmI	19-102
c1_c16419af0c28ce4d	https://www.youtube.com/watch?v=I84y8KD32Ic	11-42;76-100
o_62034a4fee7f4c15	https://www.youtube.com/watch?v=YprKU-fhimE	22-87
c1_62034a4fee7f4c15	https://www.youtube.com/watch?v=zx6_KcBZ-5s	13-78
o_1b6923a291fb23fc	https://www.youtube.com/watch?v=6XbGWeMS1R8	81-164
c1_1b6923a291fb23fc	https://www.youtube.com/watch?v=ZoBB2wD1pWg	90-153;196-220
o_fc71d34a6bdde387	https://www.youtube.com/watch?v=DfwsXn5n8HU	114-163;202-221;338-362;454-475
c1_fc71d34a6bdde387	https://www.youtube.com/watch?v=yVH01zz5C1o	103-166;198-217;248-272
o_435da6b3e08d1922	https://www.youtube.com/watch?v=4j3WNK_AO8c	60-84;119-143;188-212
c1_435da6b3e08d1922	https://www.youtube.com/watch?v=NSYsml-cYc0	124-148;193-217;245-269
o_e8fd241eb7840d85	https://www.youtube.com/watch?v=CBswx7GEARc	0-17;82-106;132-156
c1_e8fd241eb7840d85	https://www.youtube.com/watch?v=6cTzteV4QRI	82-156
o_5e875e077d51c3ae	https://www.youtube.com/watch?v=8zUi5GJIKvQ	8-68
c1_5e875e077d51c3ae	https://www.youtube.com/watch?v=lp5RBIPtwP0	8-68
o_52f8d2d6842a7106	https://www.youtube.com/watch?v=RUWAFhwrN-I	8-65;127-151
c1_52f8d2d6842a7106	https://www.youtube.com/watch?v=RpXldAwanp0	9-65;128-152
o_a09396a7ad9ef593	https://www.youtube.com/watch?v=diwuu_r6GJE	23-43;103-121;249-273
c1_a09396a7ad9ef593	https://www.youtube.com/watch?v=3UKe_zQRl8U	101-146;244-268
o_a095d54f95018781	https://www.youtube.com/watch?v=syaEjlDFQ84	84-108;135-159;188-212
c1_a095d54f95018781	https://www.youtube.com/watch?v=ux8raR4ERZ8	47-71;98-122;151-175
o_55df3d1e46538bd2	https://www.youtube.com/watch?v=nvJWiUzcmp0	100-162
c1_55df3d1e46538bd2	https://www.youtube.com/watch?v=uUkh9tmpGQk	52-76;102-164
o_c5857e25307fc4c3	https://www.youtube.com/watch?v=9h05hAEg6pE	28-71;132-213
c1_c5857e25307fc4c3	https://www.youtube.com/watch?v=pKQqjFpgWSg	67-152;177-223
o_a470a1ffe5a7492d	https://www.youtube.com/watch?v=TdN5GyTl8K0	64-128;158-182
c1_a470a1ffe5a7492d	https://www.youtube.com/watch?v=WnF57X25HiU	63-127;157-181
o_0c7dc4070f513127	https://www.youtube.com/watch?v=MqyCoAgiGnI	24-79;183-207
c1_0c7dc4070f513127	https://www.youtube.com/watch?v=mQ8Mnqdmi5A	109-164;209-233
o_2534adcc82a8f90a	https://www.youtube.com/watch?v=0yfhO33b-FM	27-51;101-168
c1_2534adcc82a8f90a	https://www.youtube.com/watch?v=Zp0zNPUuhhE	33-57;107-174
o_0ccf4d231d2503e9	https://www.youtube.com/watch?v=eDEQt-zHCcI	40-81;208-232
c1_0ccf4d231d2503e9	https://www.youtube.com/watch?v=oA6FIDP55Ek	40-80;207-231
o_e430784db7cf3989	https://www.youtube.com/watch?v=AVYYpNaSs2Y	30-94;166-190
c1_e430784db7cf3989	https://www.youtube.com/watch?v=TG8mLQqv8mw	28-92;163-187
o_66b641d2cb0b7fb0	https://www.youtube.com/watch?v=sTXVvTwrlhc	23-69;119-143
c1_66b641d2cb0b7fb0	https://www.youtube.com/watch?v=RJqv32-xKZE	16-40;90-136
o_e1af958870b4b175	https://www.youtube.com/watch?v=v73canMLY6g	12-33;116-155
c1_e1af958870b4b175	https://www.youtube.com/watch?v=sXpkA1iJeiM	3-25;122-146;176-200
o_30253223bc92ba0a	https://www.youtube.com/watch?v=XwbMimXex2o	40-107;130-151
c1_30253223bc92ba0a	https://www.youtube.com/watch?v=l3UuQxvH_CM	40-107;130-150
o_5a552e8e4bfde1f1	https://www.youtube.com/watch?v=RxsBc5p-dPU	69-152;249-273
c1_5a552e8e4bfde1f1	https://www.youtube.com/watch?v=f6fhE_CGlsQ	102-126;175-200;258-282
o_18bfe8f847e7e877	https://www.youtube.com/watch?v=jtEFOb3GYIk	29-72;114-138
c1_18bfe8f847e7e877	https://www.youtube.com/watch?v=_Vg694gb3S0	39-63;124-169
o_d4d6dfd870290cdd	https://www.youtube.com/watch?v=HuqagqnaDmY	48-122
c1_d4d6dfd870290cdd	https://www.youtube.com/watch?v=1NRI6rvHoLU	15-39;105-157
o_a23191935ef3da43	https://www.youtube.com/watch?v=NmVcrsX8ekU	14-71;132-156
c1_a23191935ef3da43	https://www.youtube.com/watch?v=6IpovVG99Nc	75-155
o_7b89078da1c8256a	https://www.youtube.com/watch?v=1Qu6Dyn-c6M	52-97;265-286
c1_7b89078da1c8256a	https://www.youtube.com/watch?v=KxaEbF75LU4	65-89;165-184;277-299
o_e29a14157d6844df	https://www.youtube.com/watch?v=tyfUR6K12RM	19-43;71-95;120-144
c1_e29a14157d6844df	https://www.youtube.com/watch?v=y2MfI5cO2oM	24-100
o_dba53dbcee2d83c1	https://www.youtube.com/watch?v=mp7qWfDANrU	60-132
c1_dba53dbcee2d83c1	https://www.youtube.com/watch?v=a6cJYcGADjA	59-131
o_c82299ed5adc7822	https://www.youtube.com/watch?v=PEy6968xO-I	14-92
c1_c82299ed5adc7822	https://www.youtube.com/watch?v=4R_0Mn08MT8	13-90
o_2c01f5190da73cfa	https://www.youtube.com/watch?v=FZMPtvJe0fg	20-44;208-228;262-286
c1_2c01f5190da73cfa	https://www.youtube.com/watch?v=N-9-cOa70e0	205-283
o_98322fecf2f113a2	https://www.youtube.com/watch?v=fAJlqNJYmIs	52-76;139-237
c1_98322fecf2f113a2	https://www.youtube.com/watch?v=SuEiXwH40Uc	56-80;144-243
o_dcc1875544880643	https://www.youtube.com/watch?v=z3NzyAW6gjw	44-102;133-187
c1_dcc1875544880643	https://www.youtube.com/watch?v=as4e1A5-tYU	65-158
o_31b8170b9c51d4d3	https://www.youtube.com/watch?v=TXZ2TQqqe4M	112-133;212-252
c1_31b8170b9c51d4d3	https://www.youtube.com/watch?v=1hO95k2lwJA	185-267
o_f633c205ff595f89	https://www.youtube.com/watch?v=BwEce9uNgu4	46-65;89-113;193-217
c1_f633c205ff595f89	https://www.youtube.com/watch?v=vTZb33Rhj_k	13-32;122-184
o_38f7bbc8b9816b24	https://www.youtube.com/watch?v=eR7-AUmiNcA	0-19;46-100
c1_38f7bbc8b9816b24	https://www.youtube.com/watch?v=t2lAsKMvwC0	3-24;51-104
o_ae96aee8472a1519	https://www.youtube.com/watch?v=fhc13WNMNpg	14-72;94-113
c1_ae96aee8472a1519	https://www.youtube.com/watch?v=vQRxjvCVrrc	12-70;92-111
o_ec24879a5197bd4e	https://www.youtube.com/watch?v=hQLGCX8D-1Y	54-96;189-213
c1_ec24879a5197bd4e	https://www.youtube.com/watch?v=crV_2KldDjI	53-75;150-174;211-235
o_958e392a46d99fef	https://www.youtube.com/watch?v=T4Tl35Qz8uo	20-44;70-113
c1_958e392a46d99fef	https://www.youtube.com/watch?v=B08i7MtAv_s	96-161
o_798e6207de7c8152	https://www.youtube.com/watch?v=qJ4BHM9CgGU	46-70;149-196
c1_798e6207de7c8152	https://www.youtube.com/watch?v=xSEY32ZTDyw	50-74;185-232
o_e6c27f49e7a7ec22	https://www.youtube.com/watch?v=xbMQulWhAFA	11-31;80-146
c1_e6c27f49e7a7ec22	https://www.youtube.com/watch?v=GH5p_Dg4Yz8	4-24;46-70;92-116
o_cb6ef76a61b36b17	https://www.youtube.com/watch?v=yEuDHUqkcrg	13-62;132-156
c1_cb6ef76a61b36b17	https://www.youtube.com/watch?v=Ie0e0yycCQ4	16-64;135-159
o_ed0a6d203397dd7e	https://www.youtube.com/watch?v=lvlskXY4qY0	66-96;210-230
c1_ed0a6d203397dd7e	https://www.youtube.com/watch?v=Q8MJhawoNT8	70-89;163-182;220-240
o_5e9f3360de8f24b2	https://www.youtube.com/watch?v=cTAzX98DsjI	65-107;140-164
c1_5e9f3360de8f24b2	https://www.youtube.com/watch?v=PFguUiQgc44	64-127
o_2a66862ba228eeb9	https://www.youtube.com/watch?v=-8x9SIxgyxw	30-93
c1_2a66862ba228eeb9	https://www.youtube.com/watch?v=t2RzP9RUbqY	6-68;89-113
o_c61324040a2cd319	https://www.youtube.com/watch?v=3xgR3Myvdn8	82-106;148-172;281-305
c1_c61324040a2cd319	https://www.youtube.com/watch?v=5bf9SUiEhnk	43-67;108-132;242-266
o_387713d13801c67c	https://www.youtube.com/watch?v=AOMuK7YYxeg	58-131;161-185
c1_387713d13801c67c	https://www.youtube.com/watch?v=j0TDnSFixmI	50-146
o_19cfdfca05a6694e	https://www.youtube.com/watch?v=2rlQqWbp7rY	16-40;80-104;125-148
c1_19cfdfca05a6694e	https://www.youtube.com/watch?v=2k49adT6ETs	20-69
o_54eec8e5fdd564a9	https://www.youtube.com/watch?v=HkUgpfZ3rjQ	56-127
c1_54eec8e5fdd564a9	https://www.youtube.com/watch?v=-FHJ-wv-6qA	58-129
o_81702a0953e3669f	https://www.youtube.com/watch?v=GbpnAGajyMc	43-67;113-156;191-215
c1_81702a0953e3669f	https://www.youtube.com/watch?v=TMDqkBjvdMg	12-106;150-174
o_786b09b8cbb4e165	https://www.youtube.com/watch?v=bx3CPKeFvlE	39-63;91-153
c1_786b09b8cbb4e165	https://www.youtube.com/watch?v=l0dd4H1P-5Y	39-63;90-152
o_2f6c3e0628212385	https://www.youtube.com/watch?v=99Ij6mHmr68	0-72
c1_2f6c3e0628212385	https://www.youtube.com/watch?v=0mUICctizrM	0-76
o_d01353a925b74c65	https://www.youtube.com/watch?v=2q5eRytfPcA	20-40;67-85;136-158
c1_d01353a925b74c65	https://www.youtube.com/watch?v=Jky9qVE7Q-g	0-40;67-85
o_051c40a1e2dbdb3a	https://www.youtube.com/watch?v=hrrhOi9m_k0	18-68;188-212
c1_051c40a1e2dbdb3a	https://www.youtube.com/watch?v=diYMhfnx8fk	21-71;127-151
o_4dca57141ab1be65	https://www.youtube.com/watch?v=GAmVuYEeSSg	50-74;108-162
c1_4dca57141ab1be65	https://www.youtube.com/watch?v=Nhx1SaLVmr4	13-50;151-175
o_63d32f10c0975163	https://www.youtube.com/watch?v=5jl8mzCaCr0	77-116;154-172;209-229
c1_63d32f10c0975163	https://www.youtube.com/watch?v=NakjbjG_5cw	126-198
o_285364a902e6e5b1	https://www.youtube.com/watch?v=yxjm8egW_wk	3-66;117-136
c1_285364a902e6e5b1	https://www.youtube.com/watch?v=VliJ1YYo4Xc	16-78;128-148
o_d7d641462cd713e6	https://www.youtube.com/watch?v=ae7AACP1-R0	21-45;91-137
c1_d7d641462cd713e6	https://www.youtube.com/watch?v=gkUMdM7za2w	21-45;114-137;162-186
o_dab198905b979ad7	https://www.youtube.com/watch?v=95_zeIj2AZk	49-124
c1_dab198905b979ad7	https://www.youtube.com/watch?v=nM-m83BVuRw	49-122
o_b0c548d00f50d4ee	https://www.youtube.com/watch?v=7qzhngp7jh8	78-145
c1_b0c548d00f50d4ee	https://www.youtube.com/watch?v=DL_Gt7kOv_0	79-146
o_457b0e5aced7aa18	https://www.youtube.com/watch?v=vktvh42KNGw	18-36;63-109
c1_457b0e5aced7aa18	https://www.youtube.com/watch?v=G2gfL8bEOnQ	21-39;64-110
o_bdb423da16480279	https://www.youtube.com/watch?v=edDBXaWN5Ns	12-53;132-156
c1_bdb423da16480279	https://www.youtube.com/watch?v=yFpFjSJL2ag	17-67;130-154
o_f2ab722a8095f0f2	https://www.youtube.com/watch?v=1rRUk9rIqMA	34-91
c1_f2ab722a8095f0f2	https://www.youtube.com/watch?v=4XqYmawqCKE	48-90;119-138
o_3074ef27807f8ab4	https://www.youtube.com/watch?v=VwPUKk9wf8w	43-67;129-172
c1_3074ef27807f8ab4	https://www.youtube.com/watch?v=ia7a-ad9soA	116-207
o_c9c8208d9068e700	https://www.youtube.com/watch?v=2nsZZ4FQ8is	81-100;134-184
c1_c9c8208d9068e700	https://www.youtube.com/watch?v=liqhdTzhPGs	78-107;168-192
o_52202347f5273d72	https://www.youtube.com/watch?v=Cwv8KNJ0VZg	18-112
c1_52202347f5273d72	https://www.youtube.com/watch?v=zGhFSOiPmr0	19-112
o_dce8949fcba9edc7	https://www.youtube.com/watch?v=xl_mWGyEUm8	44-126
c1_dce8949fcba9edc7	https://www.youtube.com/watch?v=JDJoS6M8N7s	23-70;249-273
o_2fb82ff3e721e21f	https://www.youtube.com/watch?v=xfpct4PXnF0	46-70;130-154;205-229
c1_2fb82ff3e721e21f	https://www.youtube.com/watch?v=p_R43OK_3ws	24-48;108-149
o_dfc69ff5fafb95ba	https://www.youtube.com/watch?v=o3hHsVtqNFQ	38-62;147-171;239-260
c1_dfc69ff5fafb95ba	https://www.youtube.com/watch?v=dWAARovr6Go	11-49;101-125
o_aec5dc7a72457606	https://www.youtube.com/watch?v=5Hhb9jZtbko	28-90;144-168
c1_aec5dc7a72457606	https://www.youtube.com/watch?v=-tr30yHMi64	72-147;200-224
o_a8cba153f524a861	https://www.youtube.com/watch?v=SA5zQB7FIgg	16-37;109-157
c1_a8cba153f524a861	https://www.youtube.com/watch?v=A4fWfVQ69Q0	18-40;109-148
o_3eabf3874dea8236	https://www.youtube.com/watch?v=qn-z5pIe5PQ	25-49;85-140
c1_3eabf3874dea8236	https://www.youtube.com/watch?v=qmbsw0n3d_0	25-49;85-140
o_f2d795684029f542	https://www.youtube.com/watch?v=KKKQRg-f4jQ	54-78;102-195
c1_f2d795684029f542	https://www.youtube.com/watch?v=GG6NuSm-eig	99-177
o_25f67b8a82c16c81	https://www.youtube.com/watch?v=s3pOyg1TmAw	22-89;173-197
c1_25f67b8a82c16c81	https://www.youtube.com/watch?v=LddzHEnBQdQ	28-96;209-233
o_87fc0feda051a905	https://www.youtube.com/watch?v=ShgXkSHMSm0	1-22;60-106
c1_87fc0feda051a905	https://www.youtube.com/watch?v=tAQGXwJtBR4	0-20;59-103
o_a76d52f4780d72e8	https://www.youtube.com/watch?v=FITSPSA8gQs	11-31;143-180
c1_a76d52f4780d72e8	https://www.youtube.com/watch?v=nhkixA_pwyg	10-30;69-93;160-179
o_d9902cdfe012c676	https://www.youtube.com/watch?v=89eEa3RvCF4	24-48;72-104
c1_d9902cdfe012c676	https://www.youtube.com/watch?v=aFAFpVsooQc	24-48;70-103
o_79906b4fc9bd1db1	https://www.youtube.com/watch?v=iojhRSMVd5w	176-228;249-267
c1_79906b4fc9bd1db1	https://www.youtube.com/watch?v=SKx76NDJvAI	94-148;170-188
o_4e7c03f4c473805c	https://www.youtube.com/watch?v=D7UlOxqp3vM	26-84;122-146
c1_4e7c03f4c473805c	https://www.youtube.com/watch?v=eIABOw8RfJA	60-145
o_870c5eee2dc895aa	https://www.youtube.com/watch?v=7dMM1681elE	7-55;158-182
c1_870c5eee2dc895aa	https://www.youtube.com/watch?v=jr_rUJgUTgg	5-53;155-179
o_87018530fc7f21de	https://www.youtube.com/watch?v=5debHn6fqo4	112-178;207-231
c1_87018530fc7f21de	https://www.youtube.com/watch?v=Um7N5F-ISlY	44-137
o_e333e22ad2ece3b3	https://www.youtube.com/watch?v=yBp8FRFoOnM	19-37;91-110;145-169
c1_e333e22ad2ece3b3	https://www.youtube.com/watch?v=xRm1y4XenCs	18-36;89-108;142-166
o_7c024782bb8ff38d	https://www.youtube.com/watch?v=AyWsHs5QdiY	12-63;170-194
c1_7c024782bb8ff38d	https://www.youtube.com/watch?v=TCDHWa2vgtg	12-62;166-190
o_0f4de8fa35dc5b1a	https://www.youtube.com/watch?v=j-YlndYkJl0	68-86;148-170;229-253
c1_0f4de8fa35dc5b1a	https://www.youtube.com/watch?v=WmOYPjHtpu8	35-53;116-138;198-222
o_e6a6e05faee0772b	https://www.youtube.com/watch?v=eCyL89WXuc0	34-86;154-178
c1_e6a6e05faee0772b	https://www.youtube.com/watch?v=81PUdcKSIp4	36-88;156-180
o_d08b846f65718c31	https://www.youtube.com/watch?v=Kh8hviz6iaU	25-93;158-182
c1_d08b846f65718c31	https://www.youtube.com/watch?v=ZP7r6W4PXic	45-69;125-182
o_29b96b03a9db5515	https://www.youtube.com/watch?v=ilsv0C1-aBw	9-46;194-242
c1_29b96b03a9db5515	https://www.youtube.com/watch?v=Ob83J9qoh8o	30-48;71-114;177-196
o_b17fe6de44702bd7	https://www.youtube.com/watch?v=1075EXjVRT8	45-99;137-157
c1_b17fe6de44702bd7	https://www.youtube.com/watch?v=abG918VTlwk	103-186
o_1702124348bab1fb	https://www.youtube.com/watch?v=Q_fmW9RPCqM	47-71;93-114;147-170
c1_1702124348bab1fb	https://www.youtube.com/watch?v=HbY63dx1ibc	83-160
o_900f489c062b3444	https://www.youtube.com/watch?v=jQ5KKoDmtPo	63-95;141-165
c1_900f489c062b3444	https://www.youtube.com/watch?v=a1cOu8_Vkcw	76-96;141-177
o_ad5124ecf516963a	https://www.youtube.com/watch?v=SN19UEn8mS0	21-39;134-158;223-241
c1_ad5124ecf516963a	https://www.youtube.com/watch?v=kGhmB9Ud-wo	41-59;153-177;265-283
o_f864a4b4ee5439f5	https://www.youtube.com/watch?v=Du0VCFOLOoI	70-136;197-221
c1_f864a4b4ee5439f5	https://www.youtube.com/watch?v=n5-bkFGmS3I	68-121
o_1584091b4d4b66f5	https://www.youtube.com/watch?v=xOy1Y-B72HY	6-24;99-151
c1_1584091b4d4b66f5	https://www.youtube.com/watch?v=c37LB3zJwbY	5-24;88-121
o_42951dce3bf11a1b	https://www.youtube.com/watch?v=71Tzgyvjto0	56-148
c1_42951dce3bf11a1b	https://www.youtube.com/watch?v=IoOLtHilgo0	56-148
o_a534163f24d795f9	https://www.youtube.com/watch?v=GygmCUtzGFY	0-52;184-208
c1_a534163f24d795f9	https://www.youtube.com/watch?v=NapIaCFF_tQ	0-24;94-118;144-168
o_1e07b66ed0e9c787	https://www.youtube.com/watch?v=7tmO_rbEk_8	46-70;211-235;260-278
c1_1e07b66ed0e9c787	https://www.youtube.com/watch?v=PxFjNw6Kfno	2-21;46-97
o_7945a0faa75e31f6	https://www.youtube.com/watch?v=lBDN8yWyNYU	46-70;137-201
c1_7945a0faa75e31f6	https://www.youtube.com/watch?v=VZEWQ5B7_64	46-70;136-203
o_d522240faa5d4a13	https://www.youtube.com/watch?v=JinvXHVRpPU	0-17;81-133
c1_d522240faa5d4a13	https://www.youtube.com/watch?v=AVRox2_rlRE	96-167
o_4bbd99fd37fa71f3	https://www.youtube.com/watch?v=EfXy1ORKzKQ	70-111;208-232
c1_4bbd99fd37fa71f3	https://www.youtube.com/watch?v=vUQGXlp0mIo	72-114;210-234
o_5fb62433bf4029ca	https://www.youtube.com/watch?v=TQEGZi7dEhs	22-63;130-197
c1_5fb62433bf4029ca	https://www.youtube.com/watch?v=pGXCLsNlJ0c	34-74;141-166
o_0bcd1b4dd0427620	https://www.youtube.com/watch?v=xEMBlJpjWqY	8-32;84-108;157-181
c1_0bcd1b4dd0427620	https://www.youtube.com/watch?v=pnfV8oP5qV4	12-36;80-104;138-162
o_2cf62169565fb2d1	https://www.youtube.com/watch?v=5_Pu4C9bDlk	67-109;147-171
c1_2cf62169565fb2d1	https://www.youtube.com/watch?v=CndsU2gwOKs	72-137
o_e21a593b5d7da239	https://www.youtube.com/watch?v=btuUoKrSbwg	7-27;114-138;161-181
c1_e21a593b5d7da239	https://www.youtube.com/watch?v=fapsCMHB62Q	11-31;122-184
o_5dcb9f9dae55714a	https://www.youtube.com/watch?v=cd6Gnxde7NE	16-40;106-130;171-195
c1_5dcb9f9dae55714a	https://www.youtube.com/watch?v=KwscFx9epWE	16-40;90-114;155-179
o_58973aba47019b84	https://www.youtube.com/watch?v=sZSf5dpZdlI	92-181
c1_58973aba47019b84	https://www.youtube.com/watch?v=ao6S0fOzMD4	2-26;88-112;153-177
o_a7f8249c3434e328	https://www.youtube.com/watch?v=R9SZI4zdW-o	56-98;165-189
c1_a7f8249c3434e328	https://www.youtube.com/watch?v=LrrNmQdaIZo	6-30;78-135
o_c6c1faa535b9c385	https://www.youtube.com/watch?v=aYr4fDuLhXg	38-100;177-201
c1_c6c1faa535b9c385	https://www.youtube.com/watch?v=bjUsXVANlD8	52-115
o_183a4617c2a6bd05	https://www.youtube.com/watch?v=_9myt3qKHkY	0-33;129-153
c1_183a4617c2a6bd05	https://www.youtube.com/watch?v=Ldx9AqMIeNc	13-35;135-167
o_02c895369c641ef5	https://www.youtube.com/watch?v=rQysrhYnWHg	131-168;240-264
c1_02c895369c641ef5	https://www.youtube.com/watch?v=Dl1eLEKhOvY	136-199
o_11aebc1246a8690c	https://www.youtube.com/watch?v=Z19xky1RlIs	54-115;237-261
c1_11aebc1246a8690c	https://www.youtube.com/watch?v=hXHiITrFLSk	31-91;200-224
o_15c9e6a50b58dde2	https://www.youtube.com/watch?v=SJBq7HY46oI	40-64;105-164
c1_15c9e6a50b58dde2	https://www.youtube.com/watch?v=zbuo4Z9UaLM	34-58;99-158
o_5f7b2c910e2d3506	https://www.youtube.com/watch?v=DR2lvcdKSdU	23-46;81-155
c1_5f7b2c910e2d3506	https://www.youtube.com/watch?v=_lOkfupbku4	29-61;111-139
o_d761fce495d0a0a4	https://www.youtube.com/watch?v=8uBydMGrc3s	57-119;149-173
c1_d761fce495d0a0a4	https://www.youtube.com/watch?v=GLWnfgLgUqQ	96-118;149-208
o_127105a72ce825b1	https://www.youtube.com/watch?v=w_apu3ZZtMA	15-59;126-150
c1_127105a72ce825b1	https://www.youtube.com/watch?v=sqjB_wjG5JM	36-108
o_3ab27b281ba7da35	https://www.youtube.com/watch?v=sx2w6wmtHiQ	82-106;200-258;281-305
c1_3ab27b281ba7da35	https://www.youtube.com/watch?v=0iWZSAOVrAs	73-97;192-250;273-297
o_5a58afc0b513703e	https://www.youtube.com/watch?v=wNePsOJUcQk	4-115
c1_5a58afc0b513703e	https://www.youtube.com/watch?v=fjePrsddGhk	96-185;289-310
o_67d9579cff23d830	https://www.youtube.com/watch?v=uLbZZ72eVoo	34-90;118-137
c1_67d9579cff23d830	https://www.youtube.com/watch?v=ZixmiCXlB9U	32-88;138-157
o_e42112cf8343d8e3	https://www.youtube.com/watch?v=m45DTO8sKcE	20-44;66-129
c1_e42112cf8343d8e3	https://www.youtube.com/watch?v=NT3eGJoe_gQ	18-70;123-147
o_6da520adada69edd	https://www.youtube.com/watch?v=UhSZfc4l2yg	57-78;114-173
c1_6da520adada69edd	https://www.youtube.com/watch?v=fpXVKNJcr6o	72-92;118-137;195-215
o_8cd9490d9ecae017	https://www.youtube.com/watch?v=Qka6MrwCTig	53-102;196-215
c1_8cd9490d9ecae017	https://www.youtube.com/watch?v=Fr1dLmX6xz0	46-70;164-212
o_55010686a1e4a422	https://www.youtube.com/watch?v=MCM7dViMX8Y	50-98;177-201
c1_55010686a1e4a422	https://www.youtube.com/watch?v=SpL6TZdah9k	50-98
o_26c017bedbdc68ef	https://www.youtube.com/watch?v=Ikweq0THs88	11-35;62-84;136-155
c1_26c017bedbdc68ef	https://www.youtube.com/watch?v=ydWS5SMSv5s	11-35;64-86;140-159
o_670462bade7ea45c	https://www.youtube.com/watch?v=uWWwKDttHnM	42-98;153-175
c1_670462bade7ea45c	https://www.youtube.com/watch?v=iCspnBBqwHU	40-96;150-172
o_fc9cd2f7637a68e0	https://www.youtube.com/watch?v=gtZX56T6Bcc	40-90;117-141
c1_fc9cd2f7637a68e0	https://www.youtube.com/watch?v=If-5PtUWDPE	39-88;117-141
o_dadabcdc9c7e44a6	https://www.youtube.com/watch?v=Q98s8GyPw64	108-127;182-229
c1_dadabcdc9c7e44a6	https://www.youtube.com/watch?v=-4jO19iJEtM	26-45;136-160;201-220
o_1c4c4d9e9abd6c4a	https://www.youtube.com/watch?v=pX_rkvZONj0	43-63;104-122;178-196
c1_1c4c4d9e9abd6c4a	https://www.youtube.com/watch?v=55CcYAQpQkE	60-139
o_9d66d3e259109d98	https://www.youtube.com/watch?v=zmEaFrJK-ck	16-39;66-103
c1_9d66d3e259109d98	https://www.youtube.com/watch?v=C9SAuEaskI0	22-45;88-110;226-244
o_8beaa2f1004c7c3c	https://www.youtube.com/watch?v=YDs8sZ1pwmg	50-114;177-199
c1_8beaa2f1004c7c3c	https://www.youtube.com/watch?v=UNeAV85Cdvs	53-116;179-200
o_a859e17c06144784	https://www.youtube.com/watch?v=tg5nMNyBqzs	59-83;165-186;237-259
c1_a859e17c06144784	https://www.youtube.com/watch?v=ZTILOxNUMH8	63-87;160-181;230-252
o_5f283dff189d9e97	https://www.youtube.com/watch?v=ZcnnjMHuWY4	27-129
c1_5f283dff189d9e97	https://www.youtube.com/watch?v=277aHNf2lu0	78-137;177-201
o_609c0dd23e006d4d	https://www.youtube.com/watch?v=SbifrAWHiTE	34-58;98-164;185-208
c1_609c0dd23e006d4d	https://www.youtube.com/watch?v=z4IHA9bb3Ag	46-70;97-168
o_33ec22f35fa6937e	https://www.youtube.com/watch?v=9oolqdisbV8	13-37;97-145
c1_33ec22f35fa6937e	https://www.youtube.com/watch?v=_JTxfyc7_r4	11-63;120-143
o_f0152fa8d43f88fe	https://www.youtube.com/watch?v=8dnUv3DUP4E	9-100
c1_f0152fa8d43f88fe	https://www.youtube.com/watch?v=zc-S6QZeROI	7-98
o_63e1470def5eebb4	https://www.youtube.com/watch?v=sySlY1XKlhM	44-68;116-150
c1_63e1470def5eebb4	https://www.youtube.com/watch?v=etKsVr819eY	29-71;133-153
o_f1247aae241dea04	https://www.youtube.com/watch?v=7j_yGYU_jUU	52-76;97-118;151-175;220-244
c1_f1247aae241dea04	https://www.youtube.com/watch?v=ATbcm1ReTU8	108-187;214-238
o_ae87e12ee517afe5	https://www.youtube.com/watch?v=jXzX9zwlz-Q	42-101;171-195
c1_ae87e12ee517afe5	https://www.youtube.com/watch?v=6TLaRQw7_wM	24-66;171-195
o_e3f2eb46168935c1	https://www.youtube.com/watch?v=h_da0XhKtrI	79-97;173-203
c1_e3f2eb46168935c1	https://www.youtube.com/watch?v=Qb2-RUi4dr4	105-144;226-250
o_34f3a40dbf1e53ba	https://www.youtube.com/watch?v=e5W9NstuguI	34-80;130-151
c1_34f3a40dbf1e53ba	https://www.youtube.com/watch?v=sJa3qNogrrQ	53-102
o_92a121995f1c674a	https://www.youtube.com/watch?v=cSs9zTeoz4g	0-16;74-98;138-158
c1_92a121995f1c674a	https://www.youtube.com/watch?v=WhH3I5tpx4k	23-42;97-121;160-181
o_e61755dade7ac55e	https://www.youtube.com/watch?v=iYi6Ytw_DsI	25-49;100-124;188-209
c1_e61755dade7ac55e	https://www.youtube.com/watch?v=CXu4Aeu6aD8	31-55;106-130;195-216
o_020cd99a223058ef	https://www.youtube.com/watch?v=z_6_XTv4F_g	54-110;148-171
c1_020cd99a223058ef	https://www.youtube.com/watch?v=4M00mtu93-A	74-159
o_ef3f14ece6368270	https://www.youtube.com/watch?v=FuXNumBwDOM	65-127;148-172
c1_ef3f14ece6368270	https://www.youtube.com/watch?v=o7KzVs5Ud5g	23-84;106-130
o_36df437c2e04c7c1	https://www.youtube.com/watch?v=_bHhpufKRjs	9-48;124-148
c1_36df437c2e04c7c1	https://www.youtube.com/watch?v=YvJPcEaapUA	15-38;62-124
o_27fe125551139d3c	https://www.youtube.com/watch?v=u5x8xhy1LOQ	15-67;149-173
c1_27fe125551139d3c	https://www.youtube.com/watch?v=fcHOvj7a8XM	18-95
o_c8e08b1f8b39e481	https://www.youtube.com/watch?v=TDXW_WglzOI	17-73
c1_c8e08b1f8b39e481	https://www.youtube.com/watch?v=Tmm9QTrqiaM	19-75
o_d450f9a2f78193aa	https://www.youtube.com/watch?v=TYqdvNni7Kk	33-54;129-147;171-195
c1_d450f9a2f78193aa	https://www.youtube.com/watch?v=umpUxPEeuiE	42-63;138-156;179-203
o_e029fa3295c8e512	https://www.youtube.com/watch?v=Km3wOjaRyE4	36-60;100-161
c1_e029fa3295c8e512	https://www.youtube.com/watch?v=8eVUpYXoCNM	40-80;103-127
o_019b86b1e2737788	https://www.youtube.com/watch?v=J3P5_7SFIso	2-20;50-74;98-122
c1_019b86b1e2737788	https://www.youtube.com/watch?v=DOwNpvVieZI	9-27;67-129
o_6ddc91b5d4e9b72e	https://www.youtube.com/watch?v=GzoIvwNqKpw	4-65
c1_6ddc91b5d4e9b72e	https://www.youtube.com/watch?v=E5Id_Niquv0	24-47;88-129
o_3d50c9d62a9ce00a	https://www.youtube.com/watch?v=eDuRoPIOBjE	126-150;189-213;303-327
c1_3d50c9d62a9ce00a	https://www.youtube.com/watch?v=dyNyuRuG6Hs	108-132;172-196;286-310
o_1eb5b5e951747f9d	https://www.youtube.com/watch?v=2lplc1Awa2M	30-54;88-110;241-265
c1_1eb5b5e951747f9d	https://www.youtube.com/watch?v=o50Ol76ew4g	28-52;149-170;239-263
o_d1156ed762e30702	https://www.youtube.com/watch?v=he4gEgMcQYQ	14-38;92-131
c1_d1156ed762e30702	https://www.youtube.com/watch?v=honYTuuE-Vc	17-41;94-133
o_f7aed98f9eea7e9a	https://www.youtube.com/watch?v=jnFLtvr3HYY	29-53;112-170
c1_f7aed98f9eea7e9a	https://www.youtube.com/watch?v=7EJkTtJIH70	28-71;109-133
o_00d713fca6f8e14f	https://www.youtube.com/watch?v=pXdqH32Xe-U	33-124
c1_00d713fca6f8e14f	https://www.youtube.com/watch?v=LdvQ4CTliGM	33-124
o_d39cded328dfd2c5	https://www.youtube.com/watch?v=9rOTKeoAs7M	0-37;81-105
c1_d39cded328dfd2c5	https://www.youtube.com/watch?v=1ov9Gpuha_w	92-162
o_d384f0f068554ec5	https://www.youtube.com/watch?v=DlMXah5pO08	52-86;156-175
c1_d384f0f068554ec5	https://www.youtube.com/watch?v=WOwdLQdq3P4	55-104
o_004cbeef5db9940a	https://www.youtube.com/watch?v=v01inOFVQSA	16-59;224-248
c1_004cbeef5db9940a	https://www.youtube.com/watch?v=XV2yck7JMmM	19-38;104-128;215-239
o_ada37e28ed7ae7b9	https://www.youtube.com/watch?v=AP4dnGkZne4	0-21;44-68;111-135
c1_ada37e28ed7ae7b9	https://www.youtube.com/watch?v=C89Ei7oKHFE	2-24;46-70;114-138
o_f6c2973a1f7d61e3	https://www.youtube.com/watch?v=4jcDDIIVcpM	13-37;90-114;170-194
c1_f6c2973a1f7d61e3	https://www.youtube.com/watch?v=dPBoc6AGwIE	18-42;96-120;184-208
o_75bb0afcba955efd	https://www.youtube.com/watch?v=yDKyQk8A3Dk	35-54;167-189;271-316
c1_75bb0afcba955efd	https://www.youtube.com/watch?v=MZryaGQaMpA	41-59;174-196;264-308
o_59a6df2235f44942	https://www.youtube.com/watch?v=JfGD75vHWrU	16-40;64-88;163-187
c1_59a6df2235f44942	https://www.youtube.com/watch?v=lrsYE_Ut6ws	18-90
o_36f2a137c7cbf6db	https://www.youtube.com/watch?v=xfWqVAlaVuw	6-24;132-198
c1_36f2a137c7cbf6db	https://www.youtube.com/watch?v=aZEUmIGtTf8	6-24;58-82;173-197
o_4342318ddf188882	https://www.youtube.com/watch?v=tfcZYVYBdGc	27-84;239-259
c1_4342318ddf188882	https://www.youtube.com/watch?v=Mnt5_nNdNJY	21-47;130-153
o_cba0b5a077d4279a	https://www.youtube.com/watch?v=IvfsfS6NVUc	28-63;115-134
c1_cba0b5a077d4279a	https://www.youtube.com/watch?v=V0_d1_CUne4	14-54;94-112
o_8c114ac53bdf1020	https://www.youtube.com/watch?v=FyASdjZE0R0	12-36;87-111;200-224
c1_8c114ac53bdf1020	https://www.youtube.com/watch?v=qMIhjDmyc1A	11-35;181-232
o_a523589ef23ba164	https://www.youtube.com/watch?v=gy7OW3mBOzU	33-57;84-131
c1_a523589ef23ba164	https://www.youtube.com/watch?v=vpNxTkX9kdA	32-56;83-131
o_aa641102f7f8f4ed	https://www.youtube.com/watch?v=Ix5z1bRz4Sc	37-61;112-136;166-190
c1_aa641102f7f8f4ed	https://www.youtube.com/watch?v=7DHlSZ9mxpI	91-115;164-193
o_48b44d894bbe621d	https://www.youtube.com/watch?v=MZbswo46zlI	29-53;76-100;243-267
c1_48b44d894bbe621d	https://www.youtube.com/watch?v=udj5Go460V0	27-51;74-98;195-219
o_62c465c51199de36	https://www.youtube.com/watch?v=8OiXinljqhw	45-69;116-140;169-193
c1_62c465c51199de36	https://www.youtube.com/watch?v=E-_sMe6hcGg	28-52;132-174
o_cab281aadca9b681	https://www.youtube.com/watch?v=-7uYRFWrtJw	101-168;199-223
c1_cab281aadca9b681	https://www.youtube.com/watch?v=-qiruA8L25c	93-160;182-206
o_b7553a62593a5938	https://www.youtube.com/watch?v=V8XmLuTmKIM	38-105
c1_b7553a62593a5938	https://www.youtube.com/watch?v=xlnq8ggzl1g	41-106
o_612635da5ca72d83	https://www.youtube.com/watch?v=3JH28-aDfXY	52-76;140-185
c1_612635da5ca72d83	https://www.youtube.com/watch?v=rHAZCTFZj9E	66-90;155-200
o_29f4d10f5955209b	https://www.youtube.com/watch?v=YOuhYuZLNYw	24-44;81-105;135-159
c1_29f4d10f5955209b	https://www.youtube.com/watch?v=x3KUxuZCzf8	24-44;82-106;137-161
o_2618a3d0b7afb7bd	https://www.youtube.com/watch?v=9BiYnxyjmOA	46-70;136-160;210-233
c1_2618a3d0b7afb7bd	https://www.youtube.com/watch?v=cwR0uoOeZ9E	46-70;212-277
o_0e511d8020421d0a	https://www.youtube.com/watch?v=FZu6FMAksrs	13-32;82-106;148-170
c1_0e511d8020421d0a	https://www.youtube.com/watch?v=oEWAudM2E6c	13-32;81-105;148-170
o_57e2f812aaa58099	https://www.youtube.com/watch?v=lC0AmGYj-t0	58-82;126-150;172-238
c1_57e2f812aaa58099	https://www.youtube.com/watch?v=V5M9aHCAP-k	23-84;179-203
o_9a925266efc5a356	https://www.youtube.com/watch?v=cDUEMvCKLis	96-120;153-198
c1_9a925266efc5a356	https://www.youtube.com/watch?v=muXZ85Ge4nU	96-120;153-198
o_e803097ccb43c491	https://www.youtube.com/watch?v=xvJ66K2XfBw	9-54;143-197
c1_e803097ccb43c491	https://www.youtube.com/watch?v=YwcndMCPnns	25-67;91-110
o_18767a1483ea8767	https://www.youtube.com/watch?v=h_hVj4KLwnc	24-103
c1_18767a1483ea8767	https://www.youtube.com/watch?v=qMefH_XpBPE	0-64
o_3efbbf99f20d89f9	https://www.youtube.com/watch?v=soIewreZjls	23-47;88-112;157-179
c1_3efbbf99f20d89f9	https://www.youtube.com/watch?v=0yKfp8YHhQs	66-118;165-186
o_bf62e3d389f89407	https://www.youtube.com/watch?v=zkdj12XICzg	99-123;144-162;325-349
c1_bf62e3d389f89407	https://www.youtube.com/watch?v=GTbfI58xFnU	125-149;170-188;351-375
o_01ca94756ef765f6	https://www.youtube.com/watch?v=mydxnafdRJE	24-48;157-195
c1_01ca94756ef765f6	https://www.youtube.com/watch?v=_LFdPeNgWqU	30-54;127-183
o_6d0be41cc4d2d859	https://www.youtube.com/watch?v=lVCJKycm58U	0-52
c1_6d0be41cc4d2d859	https://www.youtube.com/watch?v=NRB5azZhdSY	69-107;177-199
o_759604d92cf6890a	https://www.youtube.com/watch?v=w29aq_sgwxw	25-44;148-203
c1_759604d92cf6890a	https://www.youtube.com/watch?v=SkD0nhYU2IY	69-121;180-202
o_11bd38f45987e836	https://www.youtube.com/watch?v=gM6kZabHf4w	27-111
c1_11bd38f45987e836	https://www.youtube.com/watch?v=m_AXPUjUIX4	25-109
o_61ca9c41322af679	https://www.youtube.com/watch?v=vRwWHPWvYFo	0-75
c1_61ca9c41322af679	https://www.youtube.com/watch?v=RI5ete-WS8A	49-108
o_ff5017eb317d3836	https://www.youtube.com/watch?v=788O_An4Y8M	17-35;56-80;123-147
c1_ff5017eb317d3836	https://www.youtube.com/watch?v=XI16Q_TVSDw	16-34;55-79;122-146
o_774ec25f5bd8518b	https://www.youtube.com/watch?v=j_s6-f0rUmA	18-37;63-87;154-178
c1_774ec25f5bd8518b	https://www.youtube.com/watch?v=i_hP9ed1Dgo	18-36;66-90;117-141
o_a3ce495190559c25	https://www.youtube.com/watch?v=tzOhVTjEcyo	24-78
c1_a3ce495190559c25	https://www.youtube.com/watch?v=GyFTQqAlfok	39-78;132-154
o_c4dd0296f558945a	https://www.youtube.com/watch?v=r1cu1TSBzhQ	42-64;132-185
c1_c4dd0296f558945a	https://www.youtube.com/watch?v=dF1VcPWpXTc	42-64;132-185
o_118681d263e14590	https://www.youtube.com/watch?v=LG558yBrNfk	10-49;138-162
c1_118681d263e14590	https://www.youtube.com/watch?v=gIh06PC7pxE	19-58;147-170
o_4f0e4d43e391714d	https://www.youtube.com/watch?v=xGxhECBbw08	55-79;138-169
c1_4f0e4d43e391714d	https://www.youtube.com/watch?v=7laft7yoMII	36-54;115-139;162-181
o_e4429f98aaa4f3a0	https://www.youtube.com/watch?v=8eMASUBLsPc	49-73;101-152
c1_e4429f98aaa4f3a0	https://www.youtube.com/watch?v=p7R-XiOrdTM	35-76;129-153
o_9aae11f06332a412	https://www.youtube.com/watch?v=3TGd_2D-RFk	70-128
c1_9aae11f06332a412	https://www.youtube.com/watch?v=FFZMHoE9e78	91-148
o_9af05f8a1bbdf81b	https://www.youtube.com/watch?v=SWCBP4mE3ug	19-40;61-85;141-163;210-230
c1_9af05f8a1bbdf81b	https://www.youtube.com/watch?v=hM7kF7i9lOs	17-37;122-163
o_66a35c10c2132fc2	https://www.youtube.com/watch?v=J5pPxToAK3A	8-49;97-121
c1_66a35c10c2132fc2	https://www.youtube.com/watch?v=X3GIxzXGur8	26-50;94-136
o_75591034c676a2a8	https://www.youtube.com/watch?v=QqC_X3ZXyXY	13-54;113-137
c1_75591034c676a2a8	https://www.youtube.com/watch?v=5FgA2iDdhCE	20-74
o_9469b726ce5d45bf	https://www.youtube.com/watch?v=OpQFFLBMEPI	74-98;135-189
c1_9469b726ce5d45bf	https://www.youtube.com/watch?v=AG7ihOkT2YQ	51-98;135-159
o_761c90727a58ba6e	https://www.youtube.com/watch?v=fnJHewp5QjM	156-234
c1_761c90727a58ba6e	https://www.youtube.com/watch?v=j1Mgs3qm6dU	112-189
o_98e67af09fb93488	https://www.youtube.com/watch?v=GTZUTZ6crXs	100-155;259-280
c1_98e67af09fb93488	https://www.youtube.com/watch?v=0lON9C2Nkbo	51-75;106-126;164-188
o_c88c6197d7c9f419	https://www.youtube.com/watch?v=v34h5Oi4q5Q	4-45;190-214
c1_c88c6197d7c9f419	https://www.youtube.com/watch?v=CTrEjeK6VW0	7-31;75-99;193-217
o_71d0e31e709021aa	https://www.youtube.com/watch?v=gHw5fJt27cE	40-116
c1_71d0e31e709021aa	https://www.youtube.com/watch?v=SrvuqhYpNFo	78-168
o_4b4a34f8caa6c18c	https://www.youtube.com/watch?v=fDxzQJaA228	42-93;212-236
c1_4b4a34f8caa6c18c	https://www.youtube.com/watch?v=Ic1AqzmvYJE	30-81;200-224
o_8f0b5dbc43d3d294	https://www.youtube.com/watch?v=FqAen8PJ064	2-85
c1_8f0b5dbc43d3d294	https://www.youtube.com/watch?v=_NufDg9vtZk	0-26;84-108
o_048582e2f2f8ed8c	https://www.youtube.com/watch?v=kdrpRKiVwi8	28-86;108-149
c1_048582e2f2f8ed8c	https://www.youtube.com/watch?v=ihJkt5O5DMk	23-84;110-134
o_cc7061cbca814427	https://www.youtube.com/watch?v=QsJa-6Ci1Rk	40-115
c1_cc7061cbca814427	https://www.youtube.com/watch?v=0sBdTmUmBnw	28-52;86-104;130-154
o_4611dc23c0a965f2	https://www.youtube.com/watch?v=MhNeT9w43-k	96-206
c1_4611dc23c0a965f2	https://www.youtube.com/watch?v=-36TymLSkmg	165-274
o_dcef7f36cc1c20a5	https://www.youtube.com/watch?v=QZGurhtlve8	60-79;104-163
c1_dcef7f36cc1c20a5	https://www.youtube.com/watch?v=BSD3qwP8bAA	59-78;103-162
o_6f719aa0f1f989e8	https://www.youtube.com/watch?v=43OVNx4EXQg	32-109;224-248
c1_6f719aa0f1f989e8	https://www.youtube.com/watch?v=mQ_2vo_lX7g	33-91;139-163
o_b86e628d964f0b30	https://www.youtube.com/watch?v=U1_P7U7YicY	29-87
c1_b86e628d964f0b30	https://www.youtube.com/watch?v=Lu5NtJuf06s	30-69;171-195
o_bc906567dd72f018	https://www.youtube.com/watch?v=9QvVT4V2pxs	24-48;132-176
c1_bc906567dd72f018	https://www.youtube.com/watch?v=KeqgJ6VkOrQ	25-49;133-177
o_0e37a78a05628589	https://www.youtube.com/watch?v=zZkDUB1GDGg	10-45;140-161
c1_0e37a78a05628589	https://www.youtube.com/watch?v=35n2Pkm8J90	15-37;122-162
o_b7134cac5dedeeb5	https://www.youtube.com/watch?v=yvXFGUWBMHY	35-59;98-158
c1_b7134cac5dedeeb5	https://www.youtube.com/watch?v=XZx3drPveI8	38-61;101-161
o_b223a60dca1f0fb7	https://www.youtube.com/watch?v=cy6Arnjp-hQ	13-78;141-165
c1_b223a60dca1f0fb7	https://www.youtube.com/watch?v=aHOvfhSefBE	0-38;84-108
o_d0de1be546bac6a9	https://www.youtube.com/watch?v=-5QA0Y3Yjlc	34-88;203-226
c1_d0de1be546bac6a9	https://www.youtube.com/watch?v=vLr5RkznXuA	70-106;184-206
o_deb697624738abcb	https://www.youtube.com/watch?v=eptDYkNgJb8	14-63;138-161
c1_deb697624738abcb	https://www.youtube.com/watch?v=CFSHzglAmWI	13-37;112-160
o_31a341232bde31da	https://www.youtube.com/watch?v=9VSuABgt6N0	31-87;156-180
c1_31a341232bde31da	https://www.youtube.com/watch?v=s6XH70DpMVE	30-85;155-179
o_6ee4df39f92e101f	https://www.youtube.com/watch?v=xc7Yz2ez1LA	9-54;133-156
c1_6ee4df39f92e101f	https://www.youtube.com/watch?v=56JW016OwN4	18-63;144-166
o_13b56550a90a6118	https://www.youtube.com/watch?v=SXMhL_UoVWw	40-121
c1_13b56550a90a6118	https://www.youtube.com/watch?v=HgWC2mIXm4U	41-122
o_94d528544dd3ee8c	https://www.youtube.com/watch?v=7dqMyh4ILIg	6-61;112-134
c1_94d528544dd3ee8c	https://www.youtube.com/watch?v=LCTO52FiUtQ	6-25;101-143
o_39d6c799d1f042c4	https://www.youtube.com/watch?v=XLKcfmf4GS4	12-98
c1_39d6c799d1f042c4	https://www.youtube.com/watch?v=c77-vxZR_g8	16-43;82-106
o_ab3f67b1f2fc3efb	https://www.youtube.com/watch?v=e3-5YC_oHjE	24-88;182-206
c1_ab3f67b1f2fc3efb	https://www.youtube.com/watch?v=e0e_z2OMqIg	20-44;107-131;208-232
o_a7c4bc6227ef2195	https://www.youtube.com/watch?v=eGLdbpmXrbQ	39-60;104-128;248-272
c1_a7c4bc6227ef2195	https://www.youtube.com/watch?v=fX6VdVZs-78	18-39;124-154
o_616d8a92e46d05de	https://www.youtube.com/watch?v=xLNVARIw_s8	99-172
c1_616d8a92e46d05de	https://www.youtube.com/watch?v=PVKEkd2XH24	56-129
o_bfa756e4f25a5dba	https://www.youtube.com/watch?v=hgkZCfUbx3w	18-95;188-212
c1_bfa756e4f25a5dba	https://www.youtube.com/watch?v=SPnPpn8qObE	18-94;179-203
o_e0661dffb813f642	https://www.youtube.com/watch?v=43GG9aisCzY	46-90;156-178
c1_e0661dffb813f642	https://www.youtube.com/watch?v=eJ4T7zut8Dc	45-89;155-177
o_e415645c2a0d56c8	https://www.youtube.com/watch?v=OA-KO04_KgM	23-90;138-162
c1_e415645c2a0d56c8	https://www.youtube.com/watch?v=xrTQ0bg2Jac	23-47;68-120
o_0bf027eb5b69bae7	https://www.youtube.com/watch?v=2fGMXleB_zQ	0-54;154-172
c1_0bf027eb5b69bae7	https://www.youtube.com/watch?v=wGrbOBQXakk	14-51;95-114;202-226
o_327ed0f14a58d44c	https://www.youtube.com/watch?v=HsuoGGMFZzw	63-105;212-236
c1_327ed0f14a58d44c	https://www.youtube.com/watch?v=ByFv9GCV8Cs	72-113;239-263
o_ba34bb230d66fa56	https://www.youtube.com/watch?v=6FH4Y3y94vA	49-68;140-180
c1_ba34bb230d66fa56	https://www.youtube.com/watch?v=WMvrkfn1DLc	70-88;160-200
o_a42689033f024e37	https://www.youtube.com/watch?v=cJWYTetgsns	0-24;93-117;160-184
c1_a42689033f024e37	https://www.youtube.com/watch?v=vTPd8fiEvT0	0-24;92-116;159-183
o_9b69b5305323a171	https://www.youtube.com/watch?v=7Dqgr0wNyPo	23-47;176-200;304-324
c1_9b69b5305323a171	https://www.youtube.com/watch?v=kGM1kN3prFs	0-49;178-202
o_a5e06194e85812c1	https://www.youtube.com/watch?v=w99NAM1eMsg	13-66;169-193;300-324
c1_a5e06194e85812c1	https://www.youtube.com/watch?v=NsOAx98qkfo	16-68;165-189;287-311
o_7aa79e62d9e10af9	https://www.youtube.com/watch?v=C-bya9KLSv0	42-127
c1_7aa79e62d9e10af9	https://www.youtube.com/watch?v=gjJevrrpnNs	40-124
o_a720166fb667ce96	https://www.youtube.com/watch?v=oGReGPt9gNE	21-86;159-183
c1_a720166fb667ce96	https://www.youtube.com/watch?v=XYZ4fj1K-jo	20-44;121-182
o_19b447abe988e94f	https://www.youtube.com/watch?v=tKcjZSh5xs0	32-73;151-171
c1_19b447abe988e94f	https://www.youtube.com/watch?v=ebOhlYm7cl8	18-78;154-174
o_76c4f5887fadddbf	https://www.youtube.com/watch?v=Y9zY96za-3A	100-142;202-224
c1_76c4f5887fadddbf	https://www.youtube.com/watch?v=hB-psz4pTtk	102-124;204-226;254-278
o_9e48eadfe5b43ec1	https://www.youtube.com/watch?v=ElN_4vUvTPs	120-199
c1_9e48eadfe5b43ec1	https://www.youtube.com/watch?v=B2cNgONsaBs	46-70;127-148;182-206
o_e5dbf5791c35e95c	https://www.youtube.com/watch?v=aAfRJNBANeI	17-41;137-203
c1_e5dbf5791c35e95c	https://www.youtube.com/watch?v=mTWIJ8m2GMs	21-68;141-165
o_6ce96753e4d5917e	https://www.youtube.com/watch?v=e6skiCAzT78	28-46;106-170
c1_6ce96753e4d5917e	https://www.youtube.com/watch?v=7iZpYdsWazo	38-57;117-181
o_4ef90c4c6b256b00	https://www.youtube.com/watch?v=p7E6N_MWpHI	86-155
c1_4ef90c4c6b256b00	https://www.youtube.com/watch?v=rs9ne2_xbpo	96-171
o_eab465ca2ea47ebb	https://www.youtube.com/watch?v=MHE11KV35VY	130-182;264-282
c1_eab465ca2ea47ebb	https://www.youtube.com/watch?v=gNRlUpAntrU	83-107;208-238
o_defd1454cc24cf0e	https://www.youtube.com/watch?v=1r9ghI7YcL0	9-33;55-117
c1_defd1454cc24cf0e	https://www.youtube.com/watch?v=ObfZETfsMK0	25-49;71-133
o_7152ebe4053c61c2	https://www.youtube.com/watch?v=xO3evHaepgM	35-53;96-154
c1_7152ebe4053c61c2	https://www.youtube.com/watch?v=Igu-3bDq9Wc	80-152
o_0153f11caaf3d5a3	https://www.youtube.com/watch?v=mEJXZL5l_rk	3-53;102-121
c1_0153f11caaf3d5a3	https://www.youtube.com/watch?v=aaPmw4XEgL8	4-41;70-89;151-173
o_1f1c9c7bcf6a307c	https://www.youtube.com/watch?v=dqt8Z1k0oWQ	4-51;113-137
c1_1f1c9c7bcf6a307c	https://www.youtube.com/watch?v=uMZa_LuS_ng	5-66
o_1ac605d12e5ce5a7	https://www.youtube.com/watch?v=zpX7S9VkZzw	16-64;120-142
c1_1ac605d12e5ce5a7	https://www.youtube.com/watch?v=m7TVoFjJr4w	82-157
o_c3006bf33d5fc187	https://www.youtube.com/watch?v=6AhhcZBfnBc	61-79;239-275
c1_c3006bf33d5fc187	https://www.youtube.com/watch?v=NyLi7yfMYpU	79-98;260-297
o_82f3415fb7067720	https://www.youtube.com/watch?v=AmHE65RAkSY	3-22;75-134
c1_82f3415fb7067720	https://www.youtube.com/watch?v=Q9NOD-QbVrg	2-46;109-133
o_8a42b069954004cd	https://www.youtube.com/watch?v=eH686Dyy16w	54-90;156-176
c1_8a42b069954004cd	https://www.youtube.com/watch?v=fny5dIAMmtA	56-78;144-180
o_7012cd6073a67e6c	https://www.youtube.com/watch?v=H8Yntt4Y0Jk	72-95;190-212;328-347
c1_7012cd6073a67e6c	https://www.youtube.com/watch?v=T5NBzqUKinM	34-110
o_1402af07ceecff60	https://www.youtube.com/watch?v=z3BU9Z_x8qM	51-72;107-128;167-190
c1_1402af07ceecff60	https://www.youtube.com/watch?v=vUszmbvZtYk	44-97;208-231
o_f888fc40d5630b23	https://www.youtube.com/watch?v=h6o38MN8yqE	2-75
c1_f888fc40d5630b23	https://www.youtube.com/watch?v=ZGYMRZGbj68	0-20;48-97
o_f07c8856d0a3779e	https://www.youtube.com/watch?v=o6rOiaThksY	20-39;68-91;116-140
c1_f07c8856d0a3779e	https://www.youtube.com/watch?v=CtrHaJ0qb3c	25-80;105-129
o_adaada96a51dcf67	https://www.youtube.com/watch?v=H-JZH0c47O8	61-85;111-131;203-227
c1_adaada96a51dcf67	https://www.youtube.com/watch?v=7QomKuWMIc0	92-159
o_f23947bd4fd24a7b	https://www.youtube.com/watch?v=yzik4IENVSs	89-113;143-167;265-316
c1_f23947bd4fd24a7b	https://www.youtube.com/watch?v=gEV0UmaR6bs	27-95;256-280
o_4748f8c1e2cad285	https://www.youtube.com/watch?v=17z0bKWXvkU	73-107;201-225
c1_4748f8c1e2cad285	https://www.youtube.com/watch?v=Eu321ap0sBU	36-55;124-148;193-217
o_3b4adc6152d9c18e	https://www.youtube.com/watch?v=-9URZgAqeqo	52-76;108-130;195-219
c1_3b4adc6152d9c18e	https://www.youtube.com/watch?v=FKFpa8iXSEg	53-77;108-130;195-219
o_bfdeff394d6b2614	https://www.youtube.com/watch?v=o1JOFhfoAD4	75-99;142-166;207-231
c1_bfdeff394d6b2614	https://www.youtube.com/watch?v=zUd44cag2uY	12-36;110-144
o_38b309297378c459	https://www.youtube.com/watch?v=fUk-7aanXHE	5-60
c1_38b309297378c459	https://www.youtube.com/watch?v=VmQ9XR8C7K8	6-60
o_4939e55077207695	https://www.youtube.com/watch?v=mZmC_QOuZns	45-96;174-198;230-254
c1_4939e55077207695	https://www.youtube.com/watch?v=Zj_Vp8dlXxc	150-221;251-275
o_e2233a4ec018b6b8	https://www.youtube.com/watch?v=iPcX6EpJI3o	19-62;172-196
c1_e2233a4ec018b6b8	https://www.youtube.com/watch?v=gkDqx25JvlM	21-65;174-198
o_81adbe056694ec38	https://www.youtube.com/watch?v=EURWsSKGkhI	58-78;155-214
c1_81adbe056694ec38	https://www.youtube.com/watch?v=r5hmN920Z8Y	60-79;156-180;210-232
o_acf722d72dba7833	https://www.youtube.com/watch?v=Dpcbiox_cTo	16-65;140-164
c1_acf722d72dba7833	https://www.youtube.com/watch?v=gpeWkfy6EPo	15-64;140-164
o_0194058a4088043a	https://www.youtube.com/watch?v=MchevFxFgXo	47-71;182-238
c1_0194058a4088043a	https://www.youtube.com/watch?v=SP9V3H5C5ZA	56-80;190-247
c1_c678e12621aeb49b	https://www.youtube.com/watch?v=N_7faNeW2RY	99-123;150-198
o_9667abf8e1ee81b9	https://www.youtube.com/watch?v=1v4twH9KbnU	16-66;134-158
c1_9667abf8e1ee81b9	https://www.youtube.com/watch?v=TmCTVQnXh3A	16-66;137-161
o_9687339c56dc4103	https://www.youtube.com/watch?v=6PjyEthc988	66-107;177-201
c1_9687339c56dc4103	https://www.youtube.com/watch?v=AEHRR_nfpH8	21-95
o_69d57e7de3319d12	https://www.youtube.com/watch?v=jhTNjPiHtRs	45-97;188-212
c1_69d57e7de3319d12	https://www.youtube.com/watch?v=refA2JVPJnA	28-69;205-229
o_7628088815e67f32	https://www.youtube.com/watch?v=MajMVWK42Eg	35-59;104-150
c1_7628088815e67f32	https://www.youtube.com/watch?v=POGSuZzrRCY	37-61;105-152
o_88f40e75f7b1c239	https://www.youtube.com/watch?v=qSsAEZa_fb0	28-62;200-219
c1_88f40e75f7b1c239	https://www.youtube.com/watch?v=fmsrHEgSetc	51-76;139-157
o_85c6aa1e564b0a2b	https://www.youtube.com/watch?v=OIqAcijqWOg	27-79;166-190
c1_85c6aa1e564b0a2b	https://www.youtube.com/watch?v=cjRvLS2pfvo	22-75;167-191
o_e89db547a13a18f6	https://www.youtube.com/watch?v=-iIs9mK8VSg	106-162
c1_e89db547a13a18f6	https://www.youtube.com/watch?v=ji5FsSLuqDM	124-159;261-279
o_b6f5df6d0281b27d	https://www.youtube.com/watch?v=FaEjDk3lgcI	12-36;97-121;154-178
c1_b6f5df6d0281b27d	https://www.youtube.com/watch?v=Hpq-t66sEDA	13-37;98-122;154-178
o_cff3cebd5b635d22	https://www.youtube.com/watch?v=caKHTxwR49w	21-68;139-163
c1_cff3cebd5b635d22	https://www.youtube.com/watch?v=FBtOypaPnN0	14-93
o_2d9a73874819eb68	https://www.youtube.com/watch?v=cAxA-okbK_Q	97-140
c1_2d9a73874819eb68	https://www.youtube.com/watch?v=wl1lujDPSes	101-156
o_96327c009863209b	https://www.youtube.com/watch?v=HedLfd1e-Po	12-36;126-166
c1_96327c009863209b	https://www.youtube.com/watch?v=CoXi58F9BUg	16-40;130-171
o_ed73fc9e9758c1a7	https://www.youtube.com/watch?v=boak7QN_ZFU	44-132;216-240
c1_ed73fc9e9758c1a7	https://www.youtube.com/watch?v=IiiBZg46s5A	3-91
o_fcb6a45e8519108d	https://www.youtube.com/watch?v=YH90XfoH0hY	31-95
c1_fcb6a45e8519108d	https://www.youtube.com/watch?v=FCQcC4SZ0Fc	20-84
o_217ea317cfe9a9e0	https://www.youtube.com/watch?v=DLZtqLrzbfs	52-73;142-166;221-244
c1_217ea317cfe9a9e0	https://www.youtube.com/watch?v=WWgw1pmFCqM	59-80;150-204
o_570aeea634665d14	https://www.youtube.com/watch?v=JWmndbWxOhs	9-64;130-154
c1_570aeea634665d14	https://www.youtube.com/watch?v=FYtHwTwCtNc	10-83
o_4829ed8277673556	https://www.youtube.com/watch?v=tMKRZA4PXEM	50-87;131-153
c1_4829ed8277673556	https://www.youtube.com/watch?v=LF45AiyN0ro	53-90;132-154
o_7fb83bc8807fbb2c	https://www.youtube.com/watch?v=kMXAMR28nq0	20-53;108-130
c1_7fb83bc8807fbb2c	https://www.youtube.com/watch?v=vF3Z_ymR6YY	17-50;102-124
o_92f9b9a5344cb134	https://www.youtube.com/watch?v=W0zfldDxdn8	5-64
c1_92f9b9a5344cb134	https://www.youtube.com/watch?v=nwH8lQ6K9Qo	5-64
o_a31dc0d6ddcf26f3	https://www.youtube.com/watch?v=Y9l4MGwpQS0	1-36;82-106
c1_a31dc0d6ddcf26f3	https://www.youtube.com/watch?v=COROpmjI4-0	2-37;83-107
o_2227a4c235558c55	https://www.youtube.com/watch?v=W2w4JRd0S_8	19-38;104-128;171-195
c1_2227a4c235558c55	https://www.youtube.com/watch?v=183g33_SYuE	20-66;172-196
o_1bebc1404aa5f7e5	https://www.youtube.com/watch?v=27INql8fvt0	112-163;243-264
c1_1bebc1404aa5f7e5	https://www.youtube.com/watch?v=f7MfMcEa1OU	40-59;115-134;245-266
o_7b22c560b01a8ba2	https://www.youtube.com/watch?v=w2QX4JY1rsQ	21-86
c1_7b22c560b01a8ba2	https://www.youtube.com/watch?v=e29PP9rIX38	23-65;110-134
o_2bf51673d0cdd230	https://www.youtube.com/watch?v=ZlKsb6iZ-bY	38-62;154-194
c1_2bf51673d0cdd230	https://www.youtube.com/watch?v=nZPY2yRtZCQ	16-40;117-145
o_e43b49663dfda4d7	https://www.youtube.com/watch?v=k0IHLsoN-Q0	27-51;74-98;140-164
c1_e43b49663dfda4d7	https://www.youtube.com/watch?v=J7tybXGBP8w	15-39;62-98
o_c8f801a0ce8b733f	https://www.youtube.com/watch?v=bRpAEEYiqFQ	150-216
c1_c8f801a0ce8b733f	https://www.youtube.com/watch?v=vj2erRp5vIQ	150-216
o_69451bfb9dd56805	https://www.youtube.com/watch?v=DRg7cbsFJ34	43-63;86-105;151-175
c1_69451bfb9dd56805	https://www.youtube.com/watch?v=uDqHsiJkM54	58-79;101-120;256-280
o_c8a241ca72dfa09b	https://www.youtube.com/watch?v=5OpuZzsPBhQ	22-43;76-106
c1_c8a241ca72dfa09b	https://www.youtube.com/watch?v=GdbcYb4GNzM	22-43;88-135
o_7094f73c66607636	https://www.youtube.com/watch?v=Yw0uG44XQ3I	68-90;155-203;252-270
c1_7094f73c66607636	https://www.youtube.com/watch?v=daDwe8XlY_Q	51-91;153-201
o_f119eb0afe9383b2	https://www.youtube.com/watch?v=xpXb52gb3oQ	20-44;98-116;156-180
c1_f119eb0afe9383b2	https://www.youtube.com/watch?v=jLxDff3bYCg	29-53;107-126;166-190
o_10d06ec249242be6	https://www.youtube.com/watch?v=E6yM23E08xk	16-40;83-107;177-201
c1_10d06ec249242be6	https://www.youtube.com/watch?v=5cu23Gezals	16-40;83-127
o_c93e9987aaed38c5	https://www.youtube.com/watch?v=jYx4Y52xAts	27-69;134-158
c1_c93e9987aaed38c5	https://www.youtube.com/watch?v=lX_JEcUc7yc	24-48;112-157
o_2a7205f5589c1f33	https://www.youtube.com/watch?v=3cKtSlsYVEU	0-18;45-69
c1_2a7205f5589c1f33	https://www.youtube.com/watch?v=-rbLN-3y61E	25-70;138-159
o_4225bdfa7ebe1532	https://www.youtube.com/watch?v=494Wr7On6bA	12-56;104-128
c1_4225bdfa7ebe1532	https://www.youtube.com/watch?v=gCfPr-epJ9o	13-37;80-129
o_64f3f40a4c72f8dd	https://www.youtube.com/watch?v=qMH0Xglh7GA	11-63;167-185
c1_64f3f40a4c72f8dd	https://www.youtube.com/watch?v=D4vBr2Hewls	16-50;93-117
o_d2624bea1399972d	https://www.youtube.com/watch?v=zGYO9lEodQE	19-60;151-171
c1_d2624bea1399972d	https://www.youtube.com/watch?v=6uVrMH1ilkI	33-74;163-183
o_d68bb51c5b4553e9	https://www.youtube.com/watch?v=YXHBuIXAiXo	22-68;172-196
c1_d68bb51c5b4553e9	https://www.youtube.com/watch?v=iWSbdToxffg	21-67;168-192
o_7956316744b779e9	https://www.youtube.com/watch?v=8NJjcTpuC5M	28-52;108-132;161-181
c1_7956316744b779e9	https://www.youtube.com/watch?v=zc4WxV4XDso	25-49;103-127;153-173
o_c04ae2681a49ca7a	https://www.youtube.com/watch?v=89DcAh2Mlyk	0-76
c1_c04ae2681a49ca7a	https://www.youtube.com/watch?v=hgK688wpHXc	0-73
o_28542974ad5357de	https://www.youtube.com/watch?v=7ZrNmfXfkO4	22-46;74-141
c1_28542974ad5357de	https://www.youtube.com/watch?v=UGWVUwiwJ6Q	54-136
o_484682907808db34	https://www.youtube.com/watch?v=-VrZJK0gEcg	27-65;185-209
c1_484682907808db34	https://www.youtube.com/watch?v=7WNdoM11KCQ	26-45;108-132;184-208
o_2ff448d0319ab741	https://www.youtube.com/watch?v=GyF7HzItAEs	15-39;75-130
c1_2ff448d0319ab741	https://www.youtube.com/watch?v=Nf5XJkHxu4w	15-39;66-93
o_06de30283cbcce2a	https://www.youtube.com/watch?v=sYpjz1kFkWk	65-108;158-180
c1_06de30283cbcce2a	https://www.youtube.com/watch?v=ao8tF9vfFNU	9-28;63-84;154-176
o_b6061d589a97dddb	https://www.youtube.com/watch?v=5XcKBmdfpWs	32-56;112-136;214-238
c1_b6061d589a97dddb	https://www.youtube.com/watch?v=rEnPzlxVXHo	32-55;101-136
o_3287474b6e021a90	https://www.youtube.com/watch?v=8Ff2Z0Dq2sg	24-48;124-168
c1_3287474b6e021a90	https://www.youtube.com/watch?v=HKY8kS1my4w	25-86;146-170
o_08f1606b75bff34a	https://www.youtube.com/watch?v=3cELsUMcQdc	13-114
c1_08f1606b75bff34a	https://www.youtube.com/watch?v=3vjMNSkoBSs	33-61;134-186
o_3b9afa030a820431	https://www.youtube.com/watch?v=30KzV-QRHYs	73-97;118-140;185-253
c1_3b9afa030a820431	https://www.youtube.com/watch?v=u_dZWBZLhiw	56-80;112-139;227-250
o_49aec25a4a6430a0	https://www.youtube.com/watch?v=wU4ZdYlA3oo	20-39;109-141
c1_49aec25a4a6430a0	https://www.youtube.com/watch?v=iuAnLd5VFDQ	0-14;68-87;138-157
o_c6a22ee871f131cc	https://www.youtube.com/watch?v=gB-szamMr6s	52-114;152-176
c1_c6a22ee871f131cc	https://www.youtube.com/watch?v=cGMwv1MrsLY	53-87;127-147
o_b8091b34bd53f23c	https://www.youtube.com/watch?v=b-qkd_eSkdo	74-138;261-285
c1_b8091b34bd53f23c	https://www.youtube.com/watch?v=zbqBJzRiJkU	118-182
o_b1de2d55e2fadfd7	https://www.youtube.com/watch?v=Ij65wvAGX-c	37-61;92-116;173-197
c1_b1de2d55e2fadfd7	https://www.youtube.com/watch?v=gzNjCwe-h_8	99-139;187-211
o_a40e10276a584b7e	https://www.youtube.com/watch?v=EZ0DlthTZLI	35-90;156-176
c1_a40e10276a584b7e	https://www.youtube.com/watch?v=_f7mqDOwNMA	47-102;167-187
o_14f2a4bd69b21e30	https://www.youtube.com/watch?v=jTUVlYZRr90	5-23;84-104;200-224
c1_14f2a4bd69b21e30	https://www.youtube.com/watch?v=yiCVBHA_fHM	8-43;84-105
o_ed5b0ade904941a7	https://www.youtube.com/watch?v=XeyjEWIDJ5Q	24-68;212-235
c1_ed5b0ade904941a7	https://www.youtube.com/watch?v=BLIh4uU51Y0	25-49;100-122;223-246
o_6d18d90d3e60ef6c	https://www.youtube.com/watch?v=qpzPrSRQwTw	28-82;149-173
c1_6d18d90d3e60ef6c	https://www.youtube.com/watch?v=F4SXWL5SQoA	53-106;171-195
o_a73a14abf20a1d60	https://www.youtube.com/watch?v=fQbOx9BR63k	4-64
c1_a73a14abf20a1d60	https://www.youtube.com/watch?v=4onkQu7f7hc	18-57;188-212
o_1674fbf2ef321f84	https://www.youtube.com/watch?v=T9-lkFhwN0U	0-21;42-66;90-114
c1_1674fbf2ef321f84	https://www.youtube.com/watch?v=BsXIc1ph0rY	1-23;44-68;91-115
o_ca139af65e5a657a	https://www.youtube.com/watch?v=OKhT_6XtD7I	0-58;115-139
c1_ca139af65e5a657a	https://www.youtube.com/watch?v=TsdC6fTlRSo	2-60;117-141
o_bfe870f722e92564	https://www.youtube.com/watch?v=BT4E9LxRVXc	29-69;200-224;247-271
c1_bfe870f722e92564	https://www.youtube.com/watch?v=U0rTVm8y7Fk	29-53;202-262
o_64a3ed01593ce63c	https://www.youtube.com/watch?v=BRx58DgOxeg	56-119;181-200
c1_64a3ed01593ce63c	https://www.youtube.com/watch?v=PQSpPhvAIDw	55-117;178-197
o_4e05284325dacbbd	https://www.youtube.com/watch?v=GNDuWcLI5fg	34-58;125-186
c1_4e05284325dacbbd	https://www.youtube.com/watch?v=yCyzZKuqHsw	80-104;125-187
o_68aa97fc245c7105	https://www.youtube.com/watch?v=Y9SUZGOOXkY	6-25;78-102;182-205
c1_68aa97fc245c7105	https://www.youtube.com/watch?v=GL0RfaXeldA	78-102;167-211
o_ab4c351d6f09b392	https://www.youtube.com/watch?v=glO58_4sXWM	14-32;65-89;265-289
c1_ab4c351d6f09b392	https://www.youtube.com/watch?v=4H08eXu16cc	16-35;67-91;232-256
o_6b37cb0e54e8558d	https://www.youtube.com/watch?v=4GFAZBKZVJY	17-36;62-86;185-209
c1_6b37cb0e54e8558d	https://www.youtube.com/watch?v=CZU549IvQe8	63-109;183-207
o_014f0f30a09f833f	https://www.youtube.com/watch?v=Dp0-LktYkrE	35-75;194-215
c1_014f0f30a09f833f	https://www.youtube.com/watch?v=O3cLEwGDiDo	70-109;235-255
o_83213dec35e6b93d	https://www.youtube.com/watch?v=s-W5NlMlQco	21-42;66-86;160-178
c1_83213dec35e6b93d	https://www.youtube.com/watch?v=ChRnNkg4xY4	66-102;160-178
o_ea93b4ff91895680	https://www.youtube.com/watch?v=93zTierfljM	10-92;115-139
c1_ea93b4ff91895680	https://www.youtube.com/watch?v=8SA_xBN_3Do	18-83;130-181
o_c33099b0a458c6c3	https://www.youtube.com/watch?v=kEnizmpIuJ0	26-44;144-164;201-224
c1_c33099b0a458c6c3	https://www.youtube.com/watch?v=YhBmbNo-SdQ	22-40;125-146;179-201
o_92cb82cd9c3ccd52	https://www.youtube.com/watch?v=fyaI4-5849w	20-44;81-122
c1_92cb82cd9c3ccd52	https://www.youtube.com/watch?v=kEC26u_hlfo	14-38;70-106
o_08cb1db04fd92b79	https://www.youtube.com/watch?v=uh7lqFgD9sY	42-66;111-135;210-234;270-290
c1_08cb1db04fd92b79	https://www.youtube.com/watch?v=pWz3WEink44	48-72;115-139;210-234;265-286
o_1f0008987d44c82d	https://www.youtube.com/watch?v=qAwvUZCgo7o	23-73;203-227
c1_1f0008987d44c82d	https://www.youtube.com/watch?v=SeFbX2BELWk	42-92;193-217
o_8687dc2986957a6b	https://www.youtube.com/watch?v=KMeQ3LxA30k	21-79;223-246
c1_8687dc2986957a6b	https://www.youtube.com/watch?v=Wa8ltFA9oR0	31-89;224-248
o_859d2f81e56140fe	https://www.youtube.com/watch?v=MUCo7vM-FCk	7-79
c1_859d2f81e56140fe	https://www.youtube.com/watch?v=suJVQtU_82s	6-67;139-160
o_f88ef3231ec9c628	https://www.youtube.com/watch?v=1YoILk3AJRc	30-93;184-208
c1_f88ef3231ec9c628	https://www.youtube.com/watch?v=x5Y2Nu17FOo	33-95;173-197
o_36702bec9c7b5b97	https://www.youtube.com/watch?v=h9YyazDg9YM	7-64;195-215
c1_36702bec9c7b5b97	https://www.youtube.com/watch?v=0P1qqVYxEzI	7-63;195-215
o_2ab85c112705c19a	https://www.youtube.com/watch?v=RsKqMNDoR4o	135-155;213-237;309-328
c1_2ab85c112705c19a	https://www.youtube.com/watch?v=KKPpWXO5Pzc	209-275
o_dbeebff05676693d	https://www.youtube.com/watch?v=emjLXdsj6xA	4-46;116-140
c1_dbeebff05676693d	https://www.youtube.com/watch?v=TJOVyUc9DC8	63-109
o_d86dbc506191b2a5	https://www.youtube.com/watch?v=zo1DxtI73SE	12-36;103-124;153-177
c1_d86dbc506191b2a5	https://www.youtube.com/watch?v=8u4_kORT7H0	11-35;100-122;150-174
o_e4a2e946b4635760	https://www.youtube.com/watch?v=9ppYvPx0Pqc	28-71;129-148
c1_e4a2e946b4635760	https://www.youtube.com/watch?v=1WJpdNhvpv8	52-96;154-173
o_495e0f7f7666507d	https://www.youtube.com/watch?v=EZEe1MV4oSA	24-48;86-108;136-160
c1_495e0f7f7666507d	https://www.youtube.com/watch?v=1akh9vWglCg	23-47;79-107
o_9e6a50fd3872d1ca	https://www.youtube.com/watch?v=h_Dd6XBOu18	36-56;94-113;197-217
c1_9e6a50fd3872d1ca	https://www.youtube.com/watch?v=qlO4GG6Dmkk	28-78;110-130
o_89e19dc2f45b1102	https://www.youtube.com/watch?v=VzRzVo6DVuE	34-70;199-223
c1_89e19dc2f45b1102	https://www.youtube.com/watch?v=yXUzckUGTHU	37-61;154-173;202-226
o_16a7f570f2267016	https://www.youtube.com/watch?v=DEseb6-hssc	5-48;94-118
c1_16a7f570f2267016	https://www.youtube.com/watch?v=qXVI4l9_BBg	147-221
o_2e1505fab90dd18f	https://www.youtube.com/watch?v=yvECcJ98vWk	25-49;98-142
c1_2e1505fab90dd18f	https://www.youtube.com/watch?v=G3BAC9e1hZ4	25-49;99-144
o_c4387e03c2e7f1b9	https://www.youtube.com/watch?v=6Uz6JzYAPi4	15-37;62-80;158-182
c1_c4387e03c2e7f1b9	https://www.youtube.com/watch?v=K9xt2EU-CXo	62-85;108-158
o_bb7ae91c416d71cf	https://www.youtube.com/watch?v=UaCaf7ZAfNQ	12-63
c1_bb7ae91c416d71cf	https://www.youtube.com/watch?v=r_hx2d2Yejc	35-69;129-151
o_be4da20095cd87ac	https://www.youtube.com/watch?v=mQQxrHB177I	36-81;217-236
c1_be4da20095cd87ac	https://www.youtube.com/watch?v=-irVsQqU9z4	37-82;152-170
o_0f5c812ebc61b9e2	https://www.youtube.com/watch?v=2xMMZfLTkXA	46-70;92-116;179-203
c1_0f5c812ebc61b9e2	https://www.youtube.com/watch?v=Jy1Nzb4QT3c	50-74;96-120;183-207
o_a89ad699913c66aa	https://www.youtube.com/watch?v=YsX2FhBf9nY	41-65;142-181
c1_a89ad699913c66aa	https://www.youtube.com/watch?v=Nt9CpwBC7fk	25-82
o_7e5dfd7f6e3b6d79	https://www.youtube.com/watch?v=Pkh8UtuejGw	22-108
c1_7e5dfd7f6e3b6d79	https://www.youtube.com/watch?v=AN1ApavmLzA	40-100
o_cc87e8ab881eab43	https://www.youtube.com/watch?v=rW843YCHrh0	4-68;169-193
c1_cc87e8ab881eab43	https://www.youtube.com/watch?v=69czVKWcjwg	58-96;124-148
o_e0b05c17ac58de11	https://www.youtube.com/watch?v=uzbnrfd9vLQ	33-53;114-168
c1_e0b05c17ac58de11	https://www.youtube.com/watch?v=6Xp56u-Uxlc	47-67;129-183
o_5c87f3b27cf938ab	https://www.youtube.com/watch?v=O0lGbunBzDg	28-48;173-230
c1_5c87f3b27cf938ab	https://www.youtube.com/watch?v=cYC6bcTqqS4	12-31;130-177
o_f1e2e9f2dc166b82	https://www.youtube.com/watch?v=36GF7tmwsNw	8-67;252-276
c1_f1e2e9f2dc166b82	https://www.youtube.com/watch?v=ascei8XLjhM	122-141;250-274;295-319
o_db1e57a06c47641f	https://www.youtube.com/watch?v=MA7OioRqgHw	43-67;135-211
c1_db1e57a06c47641f	https://www.youtube.com/watch?v=HQdoD0R9d1w	43-67;135-211
o_3d141c9112179acf	https://www.youtube.com/watch?v=xIW4kZfvhY0	61-85;113-137;205-229
c1_3d141c9112179acf	https://www.youtube.com/watch?v=E7igEW39QgM	0-81
o_2617355570adbd11	https://www.youtube.com/watch?v=MujseI8ibJ8	71-154
c1_2617355570adbd11	https://www.youtube.com/watch?v=pCM7Z9eHECY	79-163
o_3855a04a0c08c72e	https://www.youtube.com/watch?v=fR4HjTH_fTM	62-110;193-217
c1_3855a04a0c08c72e	https://www.youtube.com/watch?v=3C7qt3DZ334	36-60;111-130;193-213
o_e88e291046e05b20	https://www.youtube.com/watch?v=CAEUnn0HNLM	25-45;69-93;135-159
c1_e88e291046e05b20	https://www.youtube.com/watch?v=eUYy1JcTHBc	53-85;117-141
o_5e18af16a04f3fac	https://www.youtube.com/watch?v=9erLsEHAZRI	38-99;149-171;218-242
c1_5e18af16a04f3fac	https://www.youtube.com/watch?v=v7KU2l4vCN0	43-67;122-176;223-247
o_b446c4689766a222	https://www.youtube.com/watch?v=aAEQ1j0n1wA	30-50;106-125;204-228
c1_b446c4689766a222	https://www.youtube.com/watch?v=jAAIyqGZ_Gc	32-51;112-131;216-240
o_452148001314eb2a	https://www.youtube.com/watch?v=A6sbb1N5M4s	17-41;141-202
c1_452148001314eb2a	https://www.youtube.com/watch?v=aP5TYzj3Y60	17-41;122-163
o_05a2bb1f2c5a0e68	https://www.youtube.com/watch?v=_7ytmLp9VOc	0-16;58-120
c1_05a2bb1f2c5a0e68	https://www.youtube.com/watch?v=9Miq26M2Hr0	0-15;56-118
o_402e52a49614c2d1	https://www.youtube.com/watch?v=r3Rd33DvJ7w	8-89
c1_402e52a49614c2d1	https://www.youtube.com/watch?v=LfRCfZbvjRg	8-88
o_c4f500e192365bee	https://www.youtube.com/watch?v=ugZrMr7lnfI	63-135
c1_c4f500e192365bee	https://www.youtube.com/watch?v=CAuwQH86Ayg	64-136
o_a300fd594152146e	https://www.youtube.com/watch?v=iUODdPpnxcA	50-68;152-172;263-284
c1_a300fd594152146e	https://www.youtube.com/watch?v=tdscXAjhZH4	99-156;197-218
o_26d2c7ad956aab80	https://www.youtube.com/watch?v=J_OPL7wMwf4	72-130
c1_26d2c7ad956aab80	https://www.youtube.com/watch?v=jT6NW14l2u8	28-52;80-137
o_6d281e9693feaf66	https://www.youtube.com/watch?v=sinxurSR_Zw	24-48;128-152;181-205
c1_6d281e9693feaf66	https://www.youtube.com/watch?v=6gcgPieRYns	25-49;131-155;184-208
o_ebffd29fcc88bec7	https://www.youtube.com/watch?v=QlczHHBqRFI	86-121;161-182
c1_ebffd29fcc88bec7	https://www.youtube.com/watch?v=jlMmqO6LEuc	85-120;161-181
o_be99023e3d4ef0bf	https://www.youtube.com/watch?v=I62P5xJMJgc	16-61;206-230
c1_be99023e3d4ef0bf	https://www.youtube.com/watch?v=17fLxAE7l7o	2-26;64-104
o_e8c1ea31dc099bfe	https://www.youtube.com/watch?v=VtsvtyB1Hrs	18-57;105-129
c1_e8c1ea31dc099bfe	https://www.youtube.com/watch?v=A_nUKCaVUYs	28-67;181-205
o_bf19b83e3e65056c	https://www.youtube.com/watch?v=0501BTnbrxg	7-57;153-177
c1_bf19b83e3e65056c	https://www.youtube.com/watch?v=Mo5uS5Dk6Cs	73-97;151-171;193-217
o_b8e81d1f02b54363	https://www.youtube.com/watch?v=sEJD1BDTl-E	38-61;126-170
c1_b8e81d1f02b54363	https://www.youtube.com/watch?v=FudF5AAjonQ	54-76;157-210
o_94d619291b543db4	https://www.youtube.com/watch?v=WuQ5MT--cmw	48-66;101-123;216-240
c1_94d619291b543db4	https://www.youtube.com/watch?v=8mJj1hzhzIA	49-67;101-123;215-239
o_af7b2c407e0df7d8	https://www.youtube.com/watch?v=AdDnqSFYXFs	10-54;131-155
c1_af7b2c407e0df7d8	https://www.youtube.com/watch?v=YSaCyDwMW3w	13-56;133-157
o_dd472397dd28fbff	https://www.youtube.com/watch?v=sE5WscjdNZs	12-36;133-198
c1_dd472397dd28fbff	https://www.youtube.com/watch?v=fGAyoL7KZCo	30-54;125-189
o_92129f3a89a11a3c	https://www.youtube.com/watch?v=suRsxpoAc5w	0-38;175-199
c1_92129f3a89a11a3c	https://www.youtube.com/watch?v=HLvp8TXvYJA	40-119
o_478520ec50edbf83	https://www.youtube.com/watch?v=4Z3btjnwscU	14-62;108-132
c1_478520ec50edbf83	https://www.youtube.com/watch?v=AZewLfBh9Y8	20-66;109-133
o_498fe09d43ebede6	https://www.youtube.com/watch?v=nF0-OKKOJl4	7-71;140-164
c1_498fe09d43ebede6	https://www.youtube.com/watch?v=vL4pUcZ0zJw	6-70;138-162
o_5900550f16450465	https://www.youtube.com/watch?v=hq2KgzKETBw	97-183
c1_5900550f16450465	https://www.youtube.com/watch?v=-B97eRBdXv4	97-182
o_ad54c20539410a19	https://www.youtube.com/watch?v=1Hhi0i0UDS0	8-28;95-156
c1_ad54c20539410a19	https://www.youtube.com/watch?v=3K4jAltiJRA	114-171;199-223
o_60764726268ee285	https://www.youtube.com/watch?v=bgmMpT_m-t4	17-35;102-153
c1_60764726268ee285	https://www.youtube.com/watch?v=7F_aSB4RFxs	2-24;119-168
o_702599c72f8bee64	https://www.youtube.com/watch?v=9f2o4j3SywQ	82-106;141-162;199-223
c1_702599c72f8bee64	https://www.youtube.com/watch?v=V78dAJ_29Eo	42-106;168-189
o_9f4100b8b8c6fbb6	https://www.youtube.com/watch?v=HaA3YZ6QdJU	85-148;230-254
c1_9f4100b8b8c6fbb6	https://www.youtube.com/watch?v=DRtlsNJcoXY	26-50;126-150;234-258
o_8df21ace36f043b8	https://www.youtube.com/watch?v=MdkIJm65ytM	168-194;216-235
c1_8df21ace36f043b8	https://www.youtube.com/watch?v=b-IQSgDCkek	150-183;211-231
o_b5f863a73af8b732	https://www.youtube.com/watch?v=M6t47RI4bns	25-49;78-131;266-290
c1_b5f863a73af8b732	https://www.youtube.com/watch?v=2tjx9TiStUg	24-48;77-131;265-289
o_ca50457bbe40d2f6	https://www.youtube.com/watch?v=NZkM_nOJ3d4	63-143
c1_ca50457bbe40d2f6	https://www.youtube.com/watch?v=3AA5-YEJPNU	77-130
o_65726893594cdbf9	https://www.youtube.com/watch?v=KKD1YmlHpec	4-67;131-177
c1_65726893594cdbf9	https://www.youtube.com/watch?v=kSbUN3GiEp4	52-90;142-162
o_0d792ab4aa318b05	https://www.youtube.com/watch?v=9j8afmT-bLM	25-69;112-131
c1_0d792ab4aa318b05	https://www.youtube.com/watch?v=fO5hm-PCjl4	58-113;134-153
o_789b9bba5a9f4615	https://www.youtube.com/watch?v=HTTAPCUtbc8	22-94
c1_789b9bba5a9f4615	https://www.youtube.com/watch?v=iIIKhC6fbls	18-57;245-269
o_251977699194df01	https://www.youtube.com/watch?v=Ni6izPw1xSU	18-42;115-139;163-184
c1_251977699194df01	https://www.youtube.com/watch?v=uKGrn0l79sI	32-84
o_a6e8dd61b7f79651	https://www.youtube.com/watch?v=4dOsbsuhYGQ	81-100;128-190
c1_a6e8dd61b7f79651	https://www.youtube.com/watch?v=HEszwkQ146o	53-96;124-147
o_2b9d3cc4bde5b63c	https://www.youtube.com/watch?v=FwTQOPZvY3s	62-86;142-166;192-216
c1_2b9d3cc4bde5b63c	https://www.youtube.com/watch?v=lInyN-BKEcc	65-89;144-168;193-217
o_bdbd263267aee7c2	https://www.youtube.com/watch?v=77R1Wp6Y_5Y	95-119;178-197;218-236
c1_bdbd263267aee7c2	https://www.youtube.com/watch?v=rsRL2zZrlw4	92-116;175-194;215-233
o_a8fc3af90a501a98	https://www.youtube.com/watch?v=pqc5R59kPHo	50-71;162-219
c1_a8fc3af90a501a98	https://www.youtube.com/watch?v=PgM-3eshxSA	49-109;194-218
o_285012e8719ae5d0	https://www.youtube.com/watch?v=oZLG9MV5GvQ	4-52;114-138
c1_285012e8719ae5d0	https://www.youtube.com/watch?v=ZNrlVRgvjW0	5-52;115-139
o_43bbf1f672fe3a0b	https://www.youtube.com/watch?v=TsH4CrwExCQ	44-68;169-232
c1_43bbf1f672fe3a0b	https://www.youtube.com/watch?v=nqQtvWMlHFw	153-202
o_7e61337ffe90eb4d	https://www.youtube.com/watch?v=shWuG48wTGc	23-65;124-147
c1_7e61337ffe90eb4d	https://www.youtube.com/watch?v=nFw7XIxCM-g	89-113;146-194
o_dba93433c5ca20d6	https://www.youtube.com/watch?v=nBsltqimKII	25-86;186-210
c1_dba93433c5ca20d6	https://www.youtube.com/watch?v=FK_JV7iqokk	23-98
o_769c7bbf1cadd9f5	https://www.youtube.com/watch?v=5G0tN7Tqclg	93-116;145-165;223-247
c1_769c7bbf1cadd9f5	https://www.youtube.com/watch?v=ecL_Qjy-Heg	157-177;236-274
o_03c1ad5a03dfc9db	https://www.youtube.com/watch?v=L0BUsDf0dxY	39-84;149-173
c1_03c1ad5a03dfc9db	https://www.youtube.com/watch?v=KGg76K_zHCM	15-59;115-139
o_741dffc71f4104aa	https://www.youtube.com/watch?v=im70eF8x14U	168-217
c1_741dffc71f4104aa	https://www.youtube.com/watch?v=08vwFBQZQ10	144-164;237-288
o_3a7d22fec69f37be	https://www.youtube.com/watch?v=3e1y1qgbk58	45-104;140-164
c1_3a7d22fec69f37be	https://www.youtube.com/watch?v=aTuLbBUH2G8	18-67;125-149
o_048d7f5e41270aed	https://www.youtube.com/watch?v=S3S9WWlMJWY	28-50;105-129
c1_048d7f5e41270aed	https://www.youtube.com/watch?v=Z0oNSUjxa7c	27-49;105-129
o_e802e2299a9687b6	https://www.youtube.com/watch?v=ETpU0obvKrY	53-77;159-194
c1_e802e2299a9687b6	https://www.youtube.com/watch?v=dfLKsMLtFSU	45-69;147-194
o_a0c4ac57e3312ad4	https://www.youtube.com/watch?v=NzN2BIYY7Ac	35-111
c1_a0c4ac57e3312ad4	https://www.youtube.com/watch?v=NHo79OYpOys	35-111
o_8f610e76145b57a6	https://www.youtube.com/watch?v=lPy9Jmfxe18	7-31;138-162;200-224
c1_8f610e76145b57a6	https://www.youtube.com/watch?v=hzLZ9I7mQUA	92-116;204-228;309-333
o_1b9cbf4d2d35888a	https://www.youtube.com/watch?v=zokhyLQloBI	33-57;187-255
c1_1b9cbf4d2d35888a	https://www.youtube.com/watch?v=HxRK6suAk28	0-21;64-88;112-136
o_965fe954f0ecf45e	https://www.youtube.com/watch?v=twxpmi0xESI	23-41;99-141
c1_965fe954f0ecf45e	https://www.youtube.com/watch?v=XT-sEdDiYxo	22-41;100-141
o_70ce08261bdda54c	https://www.youtube.com/watch?v=HAfFfqiYLp0	77-101;146-170;242-263
c1_70ce08261bdda54c	https://www.youtube.com/watch?v=z-b-8D4qWcE	12-36;81-105;163-184
o_588dcf4629225153	https://www.youtube.com/watch?v=4EGczv7iiEk	44-82;195-214
c1_588dcf4629225153	https://www.youtube.com/watch?v=w6lw06LaKbQ	43-61;89-113;194-214
o_4f62d4d909413b11	https://www.youtube.com/watch?v=6e3bKUFclLw	110-134;179-235
c1_4f62d4d909413b11	https://www.youtube.com/watch?v=Ck-KsCLdHAs	112-136;183-239
o_6d6ccdb6258f7ea7	https://www.youtube.com/watch?v=daR1a1jPfK8	15-71;175-199
c1_6d6ccdb6258f7ea7	https://www.youtube.com/watch?v=a-5afX2Dr3U	42-99;205-229
o_c54d010adca68b24	https://www.youtube.com/watch?v=bk8kpHGsXDY	32-56;83-107;190-214
c1_c54d010adca68b24	https://www.youtube.com/watch?v=ea0rzkI7PlQ	0-24;51-75;157-181
o_f6b56f8a81f3a707	https://www.youtube.com/watch?v=UTHd_AEGJS0	14-117
c1_f6b56f8a81f3a707	https://www.youtube.com/watch?v=WjWaPoi0EqQ	36-55;97-146
o_356687b41505afa9	https://www.youtube.com/watch?v=Un-R86-lDZ8	36-58;143-184
c1_356687b41505afa9	https://www.youtube.com/watch?v=7uAWDfFqCaY	36-57;138-179
o_c53dbefbaa2f0320	https://www.youtube.com/watch?v=yKQHgEbYsOs	49-92;160-184
c1_c53dbefbaa2f0320	https://www.youtube.com/watch?v=s0vRsDYainI	62-86;108-165
o_3e765f8d8c12f319	https://www.youtube.com/watch?v=KyrjZbT_ZUg	47-65;88-112;184-203
c1_3e765f8d8c12f319	https://www.youtube.com/watch?v=ULwnPGZzqF8	53-71;94-118;192-210
o_82d744021f64cd90	https://www.youtube.com/watch?v=9eKQqxrdYTY	34-83;172-196
c1_82d744021f64cd90	https://www.youtube.com/watch?v=YHvSTJPDM58	44-68;186-210;249-273
o_de9edb2db5d7a721	https://www.youtube.com/watch?v=IVPfkhG5Hrg	100-124;198-254
c1_de9edb2db5d7a721	https://www.youtube.com/watch?v=Bdx608OZVX4	82-106;179-235
o_7a8907d841fad427	https://www.youtube.com/watch?v=boJlejbuyw0	44-175
c1_7a8907d841fad427	https://www.youtube.com/watch?v=PjtTtj4cDWk	10-65;96-120;160-184
o_ace5ba4ee660093f	https://www.youtube.com/watch?v=srcuXVd3D8U	19-37;67-91;162-186
c1_ace5ba4ee660093f	https://www.youtube.com/watch?v=GJElnRPAcZ4	66-122;193-217
o_c30a78f62fd8b523	https://www.youtube.com/watch?v=QhW3P7_jvWY	40-64;90-114;194-218;286-310
c1_c30a78f62fd8b523	https://www.youtube.com/watch?v=_1XilzwXNQo	51-75;102-158;218-242
o_3bdf16ee660b8a5e	https://www.youtube.com/watch?v=cNvS88mZ_4E	20-44;124-192
c1_3bdf16ee660b8a5e	https://www.youtube.com/watch?v=oCyTfXzMeBQ	99-165;247-271
o_7755ea89488ae7bb	https://www.youtube.com/watch?v=tmiNLVTDFDI	34-58;123-141;208-228
c1_7755ea89488ae7bb	https://www.youtube.com/watch?v=ElCRbz7RMO4	39-63;86-104;213-233
o_1605a7bfe427f304	https://www.youtube.com/watch?v=OOxoeGL3tTo	66-112;235-254
c1_1605a7bfe427f304	https://www.youtube.com/watch?v=43FW5rQsbKo	46-74;141-163
o_686f30c4c92371cf	https://www.youtube.com/watch?v=6UxCyysOPMw	16-59;104-128
c1_686f30c4c92371cf	https://www.youtube.com/watch?v=DVi6RL1gREQ	30-50;116-140;179-203
o_7e71b1097fa0e491	https://www.youtube.com/watch?v=VNWvNEPsilI	8-32;141-190
c1_7e71b1097fa0e491	https://www.youtube.com/watch?v=vlAE-1QalG4	10-34;144-192
o_46b3c7deafe6543f	https://www.youtube.com/watch?v=hHRxvb4fmvw	57-81;145-169;215-239
c1_46b3c7deafe6543f	https://www.youtube.com/watch?v=50XsfLqeYqI	73-97;160-184;230-254
o_8afe7fc8b694e8c1	https://www.youtube.com/watch?v=1sqE6P3XyiQ	43-67;97-121;144-203
c1_8afe7fc8b694e8c1	https://www.youtube.com/watch?v=1kvuBXAiu0A	57-107;236-269
o_ac12573d84914e64	https://www.youtube.com/watch?v=0duxc6eM3wI	21-80;163-184
c1_ac12573d84914e64	https://www.youtube.com/watch?v=kqulQCg_gRs	7-77
o_f1ce78fed5fbaa13	https://www.youtube.com/watch?v=HL_WvOly7mY	73-97;171-231
c1_f1ce78fed5fbaa13	https://www.youtube.com/watch?v=Dp1nacYDWyY	72-150
o_d3b9641171a4e413	https://www.youtube.com/watch?v=U41KPUfOSFk	20-79;332-356
c1_d3b9641171a4e413	https://www.youtube.com/watch?v=fvEZUbzqqyM	8-67;266-290
o_2afca0717a42575b	https://www.youtube.com/watch?v=roHDkOgJHlg	44-68;133-157;182-206
c1_2afca0717a42575b	https://www.youtube.com/watch?v=9PN453vRDjg	123-178
o_7cd203d43758a41e	https://www.youtube.com/watch?v=rrbFQEcpJ3A	186-205;245-302
c1_7cd203d43758a41e	https://www.youtube.com/watch?v=pPgaTs5HClE	128-204
o_1c493fc7f1283472	https://www.youtube.com/watch?v=hXg4OFRbBYk	11-30;56-97;130-154
c1_1c493fc7f1283472	https://www.youtube.com/watch?v=N3jjqYseggs	25-44;78-160
o_140f3be71ce97651	https://www.youtube.com/watch?v=a7Tuta8aOhs	88-112;141-165;224-248
c1_140f3be71ce97651	https://www.youtube.com/watch?v=3S7KWyQQhLY	100-164;201-225
o_18a2e60ef7b9f8ef	https://www.youtube.com/watch?v=ZhlDfJUZxZY	31-49;180-228
c1_18a2e60ef7b9f8ef	https://www.youtube.com/watch?v=J6bqFynv3sw	28-47;178-225
o_d3105f54c3bf6a30	https://www.youtube.com/watch?v=0mZr82lLtn0	35-72;100-124
c1_d3105f54c3bf6a30	https://www.youtube.com/watch?v=4I-exXF3oJ4	48-86;130-154
o_e0206712d049a82b	https://www.youtube.com/watch?v=C27NShgTQE4	71-124;166-190
c1_e0206712d049a82b	https://www.youtube.com/watch?v=kBzT4tuhNjQ	70-123;189-213
o_781a2a6c5aad41cc	https://www.youtube.com/watch?v=RXaUmxqivIc	56-121
c1_781a2a6c5aad41cc	https://www.youtube.com/watch?v=aPdnscuk8_4	38-77;128-152
o_74f599357211b936	https://www.youtube.com/watch?v=rOtnpb2EtQ8	14-35;114-158
c1_74f599357211b936	https://www.youtube.com/watch?v=sqglzDI31RA	14-69;131-155
o_4d1902b9d372d320	https://www.youtube.com/watch?v=RBjQhEME0LQ	5-66;103-148
c1_4d1902b9d372d320	https://www.youtube.com/watch?v=YoLFUtl_xg4	16-40;78-102;138-166
o_ab76516b509c965a	https://www.youtube.com/watch?v=1tLYYSofs3U	42-82;136-157
c1_ab76516b509c965a	https://www.youtube.com/watch?v=wnv8G7dGq-U	18-63;140-160
o_d79344936450b0d9	https://www.youtube.com/watch?v=ZvQZrqYeu9M	15-39;60-127
c1_d79344936450b0d9	https://www.youtube.com/watch?v=4QiOuwCe_uI	44-151
o_36c47e7c626c8d55	https://www.youtube.com/watch?v=-3retI0ugF4	34-92;261-285
c1_36c47e7c626c8d55	https://www.youtube.com/watch?v=-9j29MGgwqo	67-112;234-258
o_4f04e472d14a0456	https://www.youtube.com/watch?v=CjFzw8AxSBA	10-31;97-141
c1_4f04e472d14a0456	https://www.youtube.com/watch?v=nIchLtWEiqM	8-29;94-139
o_bf2b21a91b6321cb	https://www.youtube.com/watch?v=zUKXhRikfPw	91-115;222-260
c1_bf2b21a91b6321cb	https://www.youtube.com/watch?v=yvgm7wwlMQc	89-112;218-255
o_f5938414df21a04a	https://www.youtube.com/watch?v=8Ee4QjCEHHc	14-38;84-108;158-182
c1_f5938414df21a04a	https://www.youtube.com/watch?v=XcWTrs-wXhg	93-117;166-190;216-240
o_5f5c7ed69a2cbbdd	https://www.youtube.com/watch?v=z-52QAImb_A	9-33;74-98;137-161
c1_5f5c7ed69a2cbbdd	https://www.youtube.com/watch?v=zQ16E2WgWsY	91-115;139-183
o_92195f9d3eedd306	https://www.youtube.com/watch?v=LnN1yWHRUzs	0-20;100-162
c1_92195f9d3eedd306	https://www.youtube.com/watch?v=QQoFLrZ5C3M	123-206
o_e512daa978bc89c8	https://www.youtube.com/watch?v=xMnSj9uLpVU	34-86;121-145
c1_e512daa978bc89c8	https://www.youtube.com/watch?v=OasG0FZhfFY	78-139
o_5788953bb1e611ba	https://www.youtube.com/watch?v=NYOQDnWFXYI	59-100;173-194;243-267
c1_5788953bb1e611ba	https://www.youtube.com/watch?v=HWuRe11upbI	68-109;183-204;255-279
o_a8f4a5db2e5f3c3c	https://www.youtube.com/watch?v=6l8rsoVxMWk	29-69;258-278
c1_a8f4a5db2e5f3c3c	https://www.youtube.com/watch?v=2GKMFfL6jrI	46-136
o_3128f2024f89f0cf	https://www.youtube.com/watch?v=nbcCG7PkI18	0-23;106-144
c1_3128f2024f89f0cf	https://www.youtube.com/watch?v=DtSmF_zQ2LU	2-26;123-166
o_b4caeab2f46f235d	https://www.youtube.com/watch?v=20lL8p26LAw	52-116;158-179
c1_b4caeab2f46f235d	https://www.youtube.com/watch?v=AG92BHCy7nA	53-115;157-179
o_99faf58a74313c2b	https://www.youtube.com/watch?v=FnpJBkAMk44	48-91
c1_99faf58a74313c2b	https://www.youtube.com/watch?v=TiUQnJ90hb4	52-96
o_7f3438a157e3d713	https://www.youtube.com/watch?v=YFe5w6JmXOY	45-69;151-175;217-241
c1_7f3438a157e3d713	https://www.youtube.com/watch?v=dxmN_3PHboc	118-177;220-244
o_289c7beaca58a9f0	https://www.youtube.com/watch?v=rKCd_Ch5j64	21-45;112-136;157-181
c1_289c7beaca58a9f0	https://www.youtube.com/watch?v=BwX4VDRTDxU	32-56;122-190
o_3ee255ee4acc138d	https://www.youtube.com/watch?v=W4-EnbaN2J0	0-21;77-101;189-213
c1_3ee255ee4acc138d	https://www.youtube.com/watch?v=TdP-rrspnMw	0-20;76-100;188-212
o_7b4b3869386cbc93	https://www.youtube.com/watch?v=qWWSM3wCiKY	32-84;152-176
c1_7b4b3869386cbc93	https://www.youtube.com/watch?v=XD2xM6Qb0is	25-75;163-187
o_42c877e6b3f9a518	https://www.youtube.com/watch?v=TxQkdwT3d7g	27-78;310-334
c1_42c877e6b3f9a518	https://www.youtube.com/watch?v=ZM8SXqR0A2Q	30-81;142-166
o_4f4ddebb3285b50e	https://www.youtube.com/watch?v=b_wTZjo9azk	47-112
c1_4f4ddebb3285b50e	https://www.youtube.com/watch?v=isfrpyxcx4w	23-109
o_47439ba83968ee5f	https://www.youtube.com/watch?v=vdNL88UwGkE	61-105;172-196
c1_47439ba83968ee5f	https://www.youtube.com/watch?v=78QgUnjd3Z8	65-108;169-193
o_118e0c93683d6ad2	https://www.youtube.com/watch?v=mVJEJHi3daE	7-31;80-143
c1_118e0c93683d6ad2	https://www.youtube.com/watch?v=OjGta_GNZ8M	31-55;103-167
o_00bea9ea38506cbe	https://www.youtube.com/watch?v=IrLYZ2shljM	41-65;168-225
c1_00bea9ea38506cbe	https://www.youtube.com/watch?v=Bsu7NzPE9F0	40-64;168-225
o_bd9f48a00e15bc53	https://www.youtube.com/watch?v=8n-TqUtbAv4	15-39;101-125;165-189
c1_bd9f48a00e15bc53	https://www.youtube.com/watch?v=mML9Iw0N_SM	14-50;99-123
o_db234ed562816ca2	https://www.youtube.com/watch?v=VvD0_aeAf2E	4-86
c1_db234ed562816ca2	https://www.youtube.com/watch?v=CZhqJoPITYI	7-89
o_1a0e1ac1553098d4	https://www.youtube.com/watch?v=N_qasjqcpjw	71-95;124-168
c1_1a0e1ac1553098d4	https://www.youtube.com/watch?v=2QWlBa-gbuQ	72-96;126-167
o_3c08f653140bfa0a	https://www.youtube.com/watch?v=Sv6dMFF_yts	6-55;199-218
c1_3c08f653140bfa0a	https://www.youtube.com/watch?v=rZOTVYnWefg	6-73
o_847da40f596345b9	https://www.youtube.com/watch?v=z98rcKVLN-Q	11-59
c1_847da40f596345b9	https://www.youtube.com/watch?v=JdIn89BFwfw	67-107;134-158
o_8cbea7864de07724	https://www.youtube.com/watch?v=qVXUUpwnsPA	37-61;82-106;186-231
c1_8cbea7864de07724	https://www.youtube.com/watch?v=fvE0MgPk1Mo	46-125
o_5597339db5857303	https://www.youtube.com/watch?v=oFfjk-HGAbY	42-66;98-122;192-216
c1_5597339db5857303	https://www.youtube.com/watch?v=7lPxkikJJB8	54-120;151-175
o_36d74f9fcdaf9f39	https://www.youtube.com/watch?v=8QF6j1iEYts	0-23;68-92
c1_36d74f9fcdaf9f39	https://www.youtube.com/watch?v=Pi-9fQsxPa8	22-45;90-114
o_1883252b4bc96115	https://www.youtube.com/watch?v=9Gdfy241K1c	2-25;62-123
c1_1883252b4bc96115	https://www.youtube.com/watch?v=apjDV_K62oI	2-25;63-123
o_ee2338306943892d	https://www.youtube.com/watch?v=e-LeujZNV08	22-78;142-166;256-276
c1_ee2338306943892d	https://www.youtube.com/watch?v=yElgE9vaNMU	84-107;160-246
o_a9b80b8655e87bf8	https://www.youtube.com/watch?v=2SnmYs9OKqU	63-87;122-164
c1_a9b80b8655e87bf8	https://www.youtube.com/watch?v=hzWAqlKY9xU	62-86;121-163
o_bbed659cf81ef0a9	https://www.youtube.com/watch?v=t05G0983BcI	7-54;105-124
c1_bbed659cf81ef0a9	https://www.youtube.com/watch?v=20kThoz1o6g	52-75;111-167
o_ebf45af3730b4e6b	https://www.youtube.com/watch?v=aoRmo-QTp0U	23-46;86-128
c1_ebf45af3730b4e6b	https://www.youtube.com/watch?v=39NrpFw61Jg	55-129
o_a06595ad50f1cf0a	https://www.youtube.com/watch?v=XhDtKXo5v50	72-110;192-213
c1_a06595ad50f1cf0a	https://www.youtube.com/watch?v=LFw7DWDA14c	49-73;131-152;193-211
o_629590f9843ae101	https://www.youtube.com/watch?v=yBhkqCOTW9I	45-69;95-119
c1_629590f9843ae101	https://www.youtube.com/watch?v=l0JMUmdpoQw	43-67;93-117
o_eee732d5a87e1b16	https://www.youtube.com/watch?v=27AuSYoA1UA	5-28;65-88;116-140
c1_eee732d5a87e1b16	https://www.youtube.com/watch?v=i-8YHCFOOK0	3-26;112-161
o_37a92f9e0b88efb8	https://www.youtube.com/watch?v=LLf3mDLWzJE	150-174;208-230;259-283
c1_37a92f9e0b88efb8	https://www.youtube.com/watch?v=vN7gOIBbIJk	153-177;211-233;263-287
o_392b58db57b9b247	https://www.youtube.com/watch?v=ZHA_L63KSDk	46-89;279-297
c1_392b58db57b9b247	https://www.youtube.com/watch?v=lqeZBFjP7Z8	36-79;173-191
o_ce157a2209561c15	https://www.youtube.com/watch?v=2PBTswTJUrs	19-116
c1_ce157a2209561c15	https://www.youtube.com/watch?v=1KEk-jpuAGw	19-38;92-133
o_d6ab07497ca43ede	https://www.youtube.com/watch?v=h09_1qdkFIA	12-61;165-189
c1_d6ab07497ca43ede	https://www.youtube.com/watch?v=pX4Fb2v-PmM	37-90;126-150
o_514171196153dba4	https://www.youtube.com/watch?v=yFU_GwrWMYw	16-54;161-182
c1_514171196153dba4	https://www.youtube.com/watch?v=pc_wvxgkyrI	19-57;164-184
o_22095cbdf3c58187	https://www.youtube.com/watch?v=CobdqIsNjSQ	35-144
c1_22095cbdf3c58187	https://www.youtube.com/watch?v=McS-jidGJs8	39-150
o_7716916159149248	https://www.youtube.com/watch?v=1mu7MPJRNHU	39-97
c1_7716916159149248	https://www.youtube.com/watch?v=5wvk_vDTpkE	41-100
o_43756e694689e493	https://www.youtube.com/watch?v=YIALlhlyqO4	35-59;157-181
c1_43756e694689e493	https://www.youtube.com/watch?v=CVbTx1bAWGI	35-59;157-181
o_6b055e88005b1fe6	https://www.youtube.com/watch?v=p5rQHoaQpTw	23-44;102-126;173-193
c1_6b055e88005b1fe6	https://www.youtube.com/watch?v=obWngwJ21FY	12-51;157-176
o_348d3d1228f7ee3c	https://www.youtube.com/watch?v=mT_rZDGjY_Q	0-72
c1_348d3d1228f7ee3c	https://www.youtube.com/watch?v=FlW8Jm-_rEY	63-121;179-197
o_e789367d438199b9	https://www.youtube.com/watch?v=t8Bcuq1Kbms	52-147
c1_e789367d438199b9	https://www.youtube.com/watch?v=PnDO91H9xPA	54-150
o_5ab276bd704653e4	https://www.youtube.com/watch?v=jIjOAWXZJSI	8-26;86-139
c1_5ab276bd704653e4	https://www.youtube.com/watch?v=aWZyTgce0Fk	12-52;170-190
o_a7e54c984d125401	https://www.youtube.com/watch?v=6Mqee02OSJY	45-69;92-141
c1_a7e54c984d125401	https://www.youtube.com/watch?v=BJt2qtQswZ4	34-58;81-119
o_222bb4a274b12848	https://www.youtube.com/watch?v=rXXmeYQRifc	32-78;115-139
c1_222bb4a274b12848	https://www.youtube.com/watch?v=DHuImAoSfLU	9-31;54-109
o_846e36854a98fb0d	https://www.youtube.com/watch?v=tM5xhFs5HHk	12-64;179-203
c1_846e36854a98fb0d	https://www.youtube.com/watch?v=-T6vYURGCXQ	40-64;178-219
o_637f1eeb61716adc	https://www.youtube.com/watch?v=eI0-n3bkRno	67-114;145-169
c1_637f1eeb61716adc	https://www.youtube.com/watch?v=dXEi3q4TtEA	66-114;145-169
o_699787e3582da5f9	https://www.youtube.com/watch?v=3RYhAN8kQoM	31-55;82-139;170-194
c1_699787e3582da5f9	https://www.youtube.com/watch?v=4_uKeymi3to	0-48;135-181
o_abd3fb571be4a5f3	https://www.youtube.com/watch?v=7KlxInHeH5Q	58-77;121-145;194-218
c1_abd3fb571be4a5f3	https://www.youtube.com/watch?v=9m1FUoRf_i0	47-66;90-114;163-187
o_090ccca41006fbdc	https://www.youtube.com/watch?v=NwzRj3-OiYM	11-69;92-116
c1_090ccca41006fbdc	https://www.youtube.com/watch?v=bFKgs5nbN7o	12-71;94-118
o_1a804635507fd8ad	https://www.youtube.com/watch?v=5eJ-f1S-VqU	57-125
c1_1a804635507fd8ad	https://www.youtube.com/watch?v=tOBZpNjKRAA	55-84;118-142
o_e1612de2a3ece79e	https://www.youtube.com/watch?v=z7sfagyBaK4	58-82;158-182
c1_e1612de2a3ece79e	https://www.youtube.com/watch?v=ib6MPKCHirE	57-81;158-182
o_950dbbdf137ae05a	https://www.youtube.com/watch?v=TIo1zaw4rb0	76-122;220-239
c1_950dbbdf137ae05a	https://www.youtube.com/watch?v=sQ3BiunN6vk	168-242
o_c8482cbe85eb5db9	https://www.youtube.com/watch?v=Uon7iKGqqaA	22-46;86-140
c1_c8482cbe85eb5db9	https://www.youtube.com/watch?v=utcbrg4lKqA	87-106;223-276
o_1401734a217dbb4d	https://www.youtube.com/watch?v=s0kbNcMdSbI	76-100;134-152;234-258
c1_1401734a217dbb4d	https://www.youtube.com/watch?v=UgRApp1KgwM	139-212
o_33611dcbc458fbbe	https://www.youtube.com/watch?v=AKA3QGPtiSY	91-115;170-194;250-274
c1_33611dcbc458fbbe	https://www.youtube.com/watch?v=xEWQb_SYrJk	78-102;157-199
o_155dd4ef330535ef	https://www.youtube.com/watch?v=lCemjTAw7i0	38-59;201-245
c1_155dd4ef330535ef	https://www.youtube.com/watch?v=NItzx5_m9Ro	32-53;163-222
o_1f95372c282b2394	https://www.youtube.com/watch?v=tIieHL8LerI	2-73
c1_1f95372c282b2394	https://www.youtube.com/watch?v=bU-AuQashrA	0-34;107-131
o_71a0a628adaa21a5	https://www.youtube.com/watch?v=BUzlBP01Nzg	25-86;188-212
c1_71a0a628adaa21a5	https://www.youtube.com/watch?v=qz1yxLxc4Y0	18-51;190-214
o_410ec1c8819b113e	https://www.youtube.com/watch?v=84sHTvn6xf8	12-36;95-119;175-198
c1_410ec1c8819b113e	https://www.youtube.com/watch?v=QyfHhUJTNfA	0-34
o_0a565db1f01f421e	https://www.youtube.com/watch?v=m9XZa5Xekt0	19-43;110-134;169-190
c1_0a565db1f01f421e	https://www.youtube.com/watch?v=-qLVVCmtYHg	23-47;105-139
o_6ec91e9d764ba11f	https://www.youtube.com/watch?v=QSjBvSBYTCo	31-55;76-100;133-154
c1_6ec91e9d764ba11f	https://www.youtube.com/watch?v=mamnnmXN2qc	30-54;75-99;131-152
o_eb04d5167bead451	https://www.youtube.com/watch?v=ut9ThAbfde0	7-31;54-78;118-142
c1_eb04d5167bead451	https://www.youtube.com/watch?v=WEgTsF_Yj5k	7-78
o_2ee8ccfe4939ad7b	https://www.youtube.com/watch?v=RSJe1Hohrdw	15-56;96-120
c1_2ee8ccfe4939ad7b	https://www.youtube.com/watch?v=4MPWylvkzL8	24-44;104-145
o_1d59454c7f6a1ea8	https://www.youtube.com/watch?v=SLYX-KPv-ts	18-112
c1_1d59454c7f6a1ea8	https://www.youtube.com/watch?v=K5LJTTT5JkE	0-82
o_83aa0989a58832dc	https://www.youtube.com/watch?v=XLmg1WjB7Yw	74-139;215-239
c1_83aa0989a58832dc	https://www.youtube.com/watch?v=XJaZOKgHR48	81-146;222-246
o_14651f76e825e870	https://www.youtube.com/watch?v=DljvkWj_siY	46-66;140-164;196-220
c1_14651f76e825e870	https://www.youtube.com/watch?v=EUaKbGRe68A	91-111;147-171;215-239
o_6edd6071b9345170	https://www.youtube.com/watch?v=CWG-GDfejmY	28-94
c1_6edd6071b9345170	https://www.youtube.com/watch?v=3G8CM-6BZC4	67-91;123-147
o_b71744369a5bb111	https://www.youtube.com/watch?v=C_TNrfvyZUc	56-76;142-190
c1_b71744369a5bb111	https://www.youtube.com/watch?v=e8HUprk20Ig	57-77;143-190
o_3d18dbadd90b8208	https://www.youtube.com/watch?v=C9xrAJ_rmBw	20-44;68-92;138-162
c1_3d18dbadd90b8208	https://www.youtube.com/watch?v=E-j7qthyd4s	18-42;66-90;155-179
o_6ad282360b3cecb6	https://www.youtube.com/watch?v=74hZN9i2eEA	0-20;85-109
c1_6ad282360b3cecb6	https://www.youtube.com/watch?v=3wbLxlHhqFs	0-19;85-109
o_a2f890442ee9549b	https://www.youtube.com/watch?v=VMXSIghgqXk	21-65
c1_a2f890442ee9549b	https://www.youtube.com/watch?v=mJxVxguP2jo	9-28;135-154
o_38542b0182a831a4	https://www.youtube.com/watch?v=sPaijDQe4-4	52-107;211-232
c1_38542b0182a831a4	https://www.youtube.com/watch?v=Fqo4aDUf9QM	52-107;212-232
o_3216204435245d80	https://www.youtube.com/watch?v=55H6ZsR3SdY	67-86;108-132;194-214
c1_3216204435245d80	https://www.youtube.com/watch?v=xdnpJ8i1wmw	22-41;170-218
o_bf259d0c14c2199e	https://www.youtube.com/watch?v=tJkW0Clsvrk	27-82;220-267
c1_bf259d0c14c2199e	https://www.youtube.com/watch?v=nfYbbx8KlfE	27-48;74-101;140-164
o_5dd917398ce2e659	https://www.youtube.com/watch?v=nobM00hIVE8	111-196
c1_5dd917398ce2e659	https://www.youtube.com/watch?v=IIWWME5qf2c	110-134;171-225
o_22b595c4e7338bac	https://www.youtube.com/watch?v=n5SOZ_6sHFY	15-71;94-118
c1_22b595c4e7338bac	https://www.youtube.com/watch?v=Fj6i4FGx6jg	25-57;81-105
o_9648fe4deae5bf5d	https://www.youtube.com/watch?v=mfEpdsZ0WHg	78-147;214-238
c1_9648fe4deae5bf5d	https://www.youtube.com/watch?v=3gnqtH8OCOs	72-109;154-184
o_d6f5f5de60509167	https://www.youtube.com/watch?v=TlN-rKMwF8M	5-60;102-126
c1_d6f5f5de60509167	https://www.youtube.com/watch?v=nqMViyyCegE	46-70;111-135
o_951e0ce874c7d984	https://www.youtube.com/watch?v=3z1CdiWQLqE	20-44;98-157
c1_951e0ce874c7d984	https://www.youtube.com/watch?v=LmxM8O02bvY	26-50;103-162
o_1f6fe3a096150c66	https://www.youtube.com/watch?v=TxipVM_0CBA	106-163;222-244
c1_1f6fe3a096150c66	https://www.youtube.com/watch?v=Cysaf88wwAE	112-168;227-249
o_19d314c007f75d44	https://www.youtube.com/watch?v=3Gq4lJknKqs	139-189;214-238
c1_19d314c007f75d44	https://www.youtube.com/watch?v=J2dHZ1kKVII	139-190;214-238
o_031be3c79dc1ba3d	https://www.youtube.com/watch?v=HVTUqT_BZgM	88-112;150-174
c1_031be3c79dc1ba3d	https://www.youtube.com/watch?v=950MmYuljSo	46-113
o_b46c6a4109bb510a	https://www.youtube.com/watch?v=tSB9_AYEMyA	19-43;164-188
c1_b46c6a4109bb510a	https://www.youtube.com/watch?v=dlzLEDRvcHQ	18-42;85-109
o_c8f0617b69c4b128	https://www.youtube.com/watch?v=19v97XdNXGU	73-135
c1_c8f0617b69c4b128	https://www.youtube.com/watch?v=LxeBA2AZXPw	101-167;203-227
o_c09f9edf94ef6a84	https://www.youtube.com/watch?v=YnOF44auRIw	35-59;104-128
c1_c09f9edf94ef6a84	https://www.youtube.com/watch?v=f72b5wvibkw	105-129;152-176
o_4903d1e5baf23afb	https://www.youtube.com/watch?v=mIsnIt1p978	0-34;70-92
c1_4903d1e5baf23afb	https://www.youtube.com/watch?v=7A_ou8abFOU	11-33;56-77;122-143
o_6e7cc3a7fac67c19	https://www.youtube.com/watch?v=vxUBYHz_q1I	28-52;163-187
c1_6e7cc3a7fac67c19	https://www.youtube.com/watch?v=TUJbSGNSkss	28-70
o_55e61c9c58d2e523	https://www.youtube.com/watch?v=n2ftAkKRRH4	52-76;115-193
c1_55e61c9c58d2e523	https://www.youtube.com/watch?v=5-NX5cmiYPQ	13-37;116-194
o_63f0588b07ea68de	https://www.youtube.com/watch?v=2-IF9HXUlk0	16-76
c1_63f0588b07ea68de	https://www.youtube.com/watch?v=gakLV_6KYjw	4-64
o_c8d8e2c6cec2608a	https://www.youtube.com/watch?v=ZxVw7bvMd3s	18-41;105-129;167-191
c1_c8d8e2c6cec2608a	https://www.youtube.com/watch?v=IJFu-S47loY	73-141
o_3157eab5dfb59a16	https://www.youtube.com/watch?v=GcnS71fdaHs	21-74;197-221
c1_3157eab5dfb59a16	https://www.youtube.com/watch?v=RcaYt7xZgho	25-77;195-219
o_3c73103813e1c32e	https://www.youtube.com/watch?v=J36z7AnhvOM	12-56;91-115
c1_3c73103813e1c32e	https://www.youtube.com/watch?v=vw-5DMKdWK8	99-133;164-188
o_16a546a37f06ae32	https://www.youtube.com/watch?v=A69BertdSt4	28-50;130-154;209-233
c1_16a546a37f06ae32	https://www.youtube.com/watch?v=AxlRRiX8Z7g	22-63;224-248
o_83304379a3258b0f	https://www.youtube.com/watch?v=p8JjKMC4yq4	7-31;85-138
c1_83304379a3258b0f	https://www.youtube.com/watch?v=7SsUvfJ4iVY	7-30;85-138
o_2b8326788c8996c2	https://www.youtube.com/watch?v=4fndeDfaWCg	49-73;108-132;169-193
c1_2b8326788c8996c2	https://www.youtube.com/watch?v=egkk079oZu0	54-82;113-137
o_b50e1e85e924fc14	https://www.youtube.com/watch?v=ICjG8t_SnSg	8-77
c1_b50e1e85e924fc14	https://www.youtube.com/watch?v=WYEGAfJaYBQ	7-76
o_6ef8e96a8ed4f35a	https://www.youtube.com/watch?v=zyRDkSVGZ_4	95-119;179-220
c1_6ef8e96a8ed4f35a	https://www.youtube.com/watch?v=3X77eqNDEP0	154-220
o_410bb81b1af67e8d	https://www.youtube.com/watch?v=AGIUnZLr5T4	72-90;133-152
c1_410bb81b1af67e8d	https://www.youtube.com/watch?v=6F9c1dFHkeU	75-94;137-156
o_35a3540b77d47b00	https://www.youtube.com/watch?v=A0O6ZjOZYhg	28-49;84-107
c1_35a3540b77d47b00	https://www.youtube.com/watch?v=Gl24sLVTSpw	79-126
o_a6103cdc0ae084f0	https://www.youtube.com/watch?v=_bFwrGLcO2c	5-42;123-147;192-216
c1_a6103cdc0ae084f0	https://www.youtube.com/watch?v=j3OLkvYsfoU	0-33;103-162
o_1a726aafdf36e605	https://www.youtube.com/watch?v=Gk4CwPQCbAE	3-24;72-91;151-172
c1_1a726aafdf36e605	https://www.youtube.com/watch?v=FYdDLpaHL0Y	5-26;120-170
o_d39d448f196a1d47	https://www.youtube.com/watch?v=zXtsGAkyeIo	55-79;139-163;280-328
c1_d39d448f196a1d47	https://www.youtube.com/watch?v=AoioKdwNmqA	22-46;85-130;247-271
o_cad612e64c380f03	https://www.youtube.com/watch?v=zmsCR_39wPM	7-26;58-82
c1_cad612e64c380f03	https://www.youtube.com/watch?v=OV47gDPfOCs	59-89
o_b076998913673f45	https://www.youtube.com/watch?v=Y1PVmANeyAg	36-60;106-130;179-203
c1_b076998913673f45	https://www.youtube.com/watch?v=2Y4wh7FKXQw	27-60;118-142
o_9be54f4c78c5bb64	https://www.youtube.com/watch?v=Ha00nJU7dQU	11-35;57-106
c1_9be54f4c78c5bb64	https://www.youtube.com/watch?v=NzcZRvBvL0U	12-46;84-108
o_1c12a580bd19ff65	https://www.youtube.com/watch?v=dgCUjP6-lYs	39-63;128-146;178-202
c1_1c12a580bd19ff65	https://www.youtube.com/watch?v=-gaHy6A9LH0	127-178
o_89c487cae36767ed	https://www.youtube.com/watch?v=W50HtcPAeSs	5-73
c1_89c487cae36767ed	https://www.youtube.com/watch?v=TzM2qeBKA9A	5-72
o_5d49f1a6baf13501	https://www.youtube.com/watch?v=m_iU0sxxbiM	26-48;148-172;198-222
c1_5d49f1a6baf13501	https://www.youtube.com/watch?v=0hBZNCCpjE0	54-107
o_72da8131393d9731	https://www.youtube.com/watch?v=6Jma1kOQyGw	9-33;77-101;176-200
c1_72da8131393d9731	https://www.youtube.com/watch?v=P5EGCC703dw	115-139;195-219;286-310
o_45f52eee3fba423d	https://www.youtube.com/watch?v=yJyfnNUEytw	63-116;211-235
c1_45f52eee3fba423d	https://www.youtube.com/watch?v=VHCHj8TJdt4	76-126;166-190
o_37ba199a3c48f620	https://www.youtube.com/watch?v=l0TxUL_5Gl0	20-73
c1_37ba199a3c48f620	https://www.youtube.com/watch?v=WV-15ybcZYg	20-43;131-155
o_da70b6216a10e43d	https://www.youtube.com/watch?v=44rq56Dp9kg	33-57;148-210
c1_da70b6216a10e43d	https://www.youtube.com/watch?v=lxSIasKdIls	32-56;146-206
o_06bfd250cfd07e08	https://www.youtube.com/watch?v=4COllSU3OQw	27-51;155-223
c1_06bfd250cfd07e08	https://www.youtube.com/watch?v=XKsUFFBVByE	25-49;123-174
o_89dd24d5f425557c	https://www.youtube.com/watch?v=Ppca6KAWYY8	19-109
c1_89dd24d5f425557c	https://www.youtube.com/watch?v=7q3ik64F4Ac	55-115;158-182
o_e58dbff9f09bdc3c	https://www.youtube.com/watch?v=9lgSukTPJl0	15-103;203-227
c1_e58dbff9f09bdc3c	https://www.youtube.com/watch?v=IY4MaGrB1SA	29-125
o_2fde98763ef3aacf	https://www.youtube.com/watch?v=FCMsBpkFJHM	78-96;169-193;353-377
c1_2fde98763ef3aacf	https://www.youtube.com/watch?v=tsLIP0MYBiQ	46-73;137-161
o_23bd8b5bc9b149e7	https://www.youtube.com/watch?v=yAk11Jtrz0A	49-73;133-157
c1_23bd8b5bc9b149e7	https://www.youtube.com/watch?v=oWlq5SiTWzU	45-69;129-153
o_db707357633f0aff	https://www.youtube.com/watch?v=9CbQl98JEbE	4-28;53-77
c1_db707357633f0aff	https://www.youtube.com/watch?v=qasUidp51r4	2-26;50-74
o_4211097c2530902e	https://www.youtube.com/watch?v=IkMFLUXTEwM	4-28;70-126
c1_4211097c2530902e	https://www.youtube.com/watch?v=QSCMGH_l5C8	4-45;92-116
o_d24af2e99aae0cec	https://www.youtube.com/watch?v=LemG0cvc4oU	3-22;84-108;158-182
c1_d24af2e99aae0cec	https://www.youtube.com/watch?v=A7_Lg5dd_9g	53-114
o_5938c604254b38ef	https://www.youtube.com/watch?v=LvvGgqV6SGo	39-79;199-223
c1_5938c604254b38ef	https://www.youtube.com/watch?v=jUsnPbQ789g	60-83;112-136;211-235
o_a18bdec8a370de89	https://www.youtube.com/watch?v=Uzdvhnmh3xY	11-69
c1_a18bdec8a370de89	https://www.youtube.com/watch?v=2_YkT5r6wJ4	51-93
o_4de3da67ecf24c7f	https://www.youtube.com/watch?v=7Ya2U8XN_Zw	78-146;189-213
c1_4de3da67ecf24c7f	https://www.youtube.com/watch?v=RvYcatJB3NU	78-146
o_379680950cd06355	https://www.youtube.com/watch?v=iOv53m61fE8	24-68
c1_379680950cd06355	https://www.youtube.com/watch?v=JDQOcXu16RE	24-48;129-153
o_5c70ce738a3e9373	https://www.youtube.com/watch?v=L0xLLPJ0bOw	26-50;208-232
c1_5c70ce738a3e9373	https://www.youtube.com/watch?v=kGyAr3Uqvmk	26-50;208-232
o_97994169fca3e6e3	https://www.youtube.com/watch?v=X4WCutVJs7Q	34-76;172-196
c1_97994169fca3e6e3	https://www.youtube.com/watch?v=vkmvLNsMaJI	17-52;105-129
o_af028f861c1f36ad	https://www.youtube.com/watch?v=nc1v_PnOdEw	47-66;132-156
c1_af028f861c1f36ad	https://www.youtube.com/watch?v=pGZgiOUxsOU	46-65;130-154
o_3876cf042a9d56ec	https://www.youtube.com/watch?v=tyYP8G2wc_s	36-60;96-140
c1_3876cf042a9d56ec	https://www.youtube.com/watch?v=HI6DbTYPAfM	36-60;97-140
o_97b60a39d5919a63	https://www.youtube.com/watch?v=tbNC7a_mdgY	25-49;110-177
c1_97b60a39d5919a63	https://www.youtube.com/watch?v=c2A0gxKqDBg	24-48;108-175
o_f423dadc1be76c2d	https://www.youtube.com/watch?v=wOjFbKJcsAY	7-27;68-124
c1_f423dadc1be76c2d	https://www.youtube.com/watch?v=2TMx1UbimA4	14-63;100-124
o_3534622802019679	https://www.youtube.com/watch?v=wu862yOsCyU	29-108
c1_3534622802019679	https://www.youtube.com/watch?v=pHyj9NZCJmc	56-132
o_42597b0fd8b6b0d7	https://www.youtube.com/watch?v=1sF2YMvVWDg	94-136;165-189
c1_42597b0fd8b6b0d7	https://www.youtube.com/watch?v=VgPkVFGbjN0	53-100;143-167
o_570ffc0dcec0b958	https://www.youtube.com/watch?v=AywQegBaKho	85-105;152-200
c1_570ffc0dcec0b958	https://www.youtube.com/watch?v=A1swAcFh4kU	105-125;172-220
o_f990b23a235f4cce	https://www.youtube.com/watch?v=QGcFzHH8Skc	59-124
c1_f990b23a235f4cce	https://www.youtube.com/watch?v=qnUBIAcfK2E	59-124
o_22765a10a6093bc5	https://www.youtube.com/watch?v=E_0_dcBEju4	16-65
c1_22765a10a6093bc5	https://www.youtube.com/watch?v=xUhrtxCHdy8	14-34;99-123
o_7ac903ae3e351314	https://www.youtube.com/watch?v=y_SI2EDM6Lo	5-44;92-116
c1_7ac903ae3e351314	https://www.youtube.com/watch?v=cTiv0wK6LkY	1-56
o_44680d75790e1133	https://www.youtube.com/watch?v=73d8CyJ1aLo	20-38;61-79
c1_44680d75790e1133	https://www.youtube.com/watch?v=Ca8mXnbUqQg	20-39;62-80
o_ad5ae9238b4f3f45	https://www.youtube.com/watch?v=4a0cmyOL9s8	97-138;257-281
c1_ad5ae9238b4f3f45	https://www.youtube.com/watch?v=uwLCySM_tlU	115-135;182-206;263-287
o_cf15560f8f17c866	https://www.youtube.com/watch?v=dXI43zGeyu4	46-65;115-138;163-187
c1_cf15560f8f17c866	https://www.youtube.com/watch?v=W7_lwDgKb9c	47-67;118-140;166-190
o_46ec8936e340197b	https://www.youtube.com/watch?v=Xniuj0QGIZc	9-28;54-78
c1_46ec8936e340197b	https://www.youtube.com/watch?v=qeY3Tx-PlQs	9-28;54-78
o_bb470d6c4b5135fb	https://www.youtube.com/watch?v=0wnuTGGuAVs	40-79;215-239
c1_bb470d6c4b5135fb	https://www.youtube.com/watch?v=OrQZeDHsh_8	27-65;110-129
o_c23f4d53b5d92459	https://www.youtube.com/watch?v=4D2hBKwHD88	114-132;158-220
c1_c23f4d53b5d92459	https://www.youtube.com/watch?v=8ksP1ti5Nng	157-219
o_655055d7f9aa30e2	https://www.youtube.com/watch?v=SON4afLEc6A	38-58;199-220
c1_655055d7f9aa30e2	https://www.youtube.com/watch?v=adHPBoAJKmo	37-56;129-150
o_7f31593cb4e89a12	https://www.youtube.com/watch?v=QRzi7kV53Yg	14-104
c1_7f31593cb4e89a12	https://www.youtube.com/watch?v=vs4ufTQARVw	37-61;133-182
o_56bf9a7903c9c55a	https://www.youtube.com/watch?v=nwkgrqFnzvE	13-32;189-208
c1_56bf9a7903c9c55a	https://www.youtube.com/watch?v=IYVlEbaUiFo	46-65;190-210
c1_9335db5ab6e437e2	https://www.youtube.com/watch?v=-8_HCHDSHMo	32-56;110-156
o_d8615c60f122e791	https://www.youtube.com/watch?v=JOVQ4vAmM7Y	22-71
c1_d8615c60f122e791	https://www.youtube.com/watch?v=cYhHTSc_1D0	22-71
o_45d240d32b7f4164	https://www.youtube.com/watch?v=k0S6sEINbWY	37-78;169-193
c1_45d240d32b7f4164	https://www.youtube.com/watch?v=6YSNweqCOlM	44-84
o_863d3cc44d2643e7	https://www.youtube.com/watch?v=Em7vc8NWUNY	9-33;81-105
c1_863d3cc44d2643e7	https://www.youtube.com/watch?v=wR3AmPvEpO4	16-40;87-111
o_3c155eb74167bac4	https://www.youtube.com/watch?v=ZIYKK_gHZgo	0-19;55-76;106-130
c1_3c155eb74167bac4	https://www.youtube.com/watch?v=t9xgzSivC2g	48-115
o_d17fd8d5fbc4f1a6	https://www.youtube.com/watch?v=4R4paOEpz9o	46-70;127-151;208-227
c1_d17fd8d5fbc4f1a6	https://www.youtube.com/watch?v=ec3jIzloKgY	45-69;126-150;182-202
o_8c806a8b0499134c	https://www.youtube.com/watch?v=hD62z4w4ZI4	77-100;175-232
c1_8c806a8b0499134c	https://www.youtube.com/watch?v=75uvU6y0Gsw	28-46;79-120
o_dc97051dd93e816a	https://www.youtube.com/watch?v=VCLxJd1d84s	9-60
c1_dc97051dd93e816a	https://www.youtube.com/watch?v=YEsWMpT2wEo	37-88
o_6f6c4906daf50c9e	https://www.youtube.com/watch?v=CaPXFcbKDYs	14-38;89-113;222-242
c1_6f6c4906daf50c9e	https://www.youtube.com/watch?v=7MbV2mH2wQA	76-119;228-248
o_f5599c226e49384e	https://www.youtube.com/watch?v=6LDL1YAcT34	0-18;78-102;167-185
c1_f5599c226e49384e	https://www.youtube.com/watch?v=Jn__3VnAmrY	130-187
o_8c7e536c6e46e86d	https://www.youtube.com/watch?v=1gU-ELcGGqg	8-32;60-108
c1_8c7e536c6e46e86d	https://www.youtube.com/watch?v=75iwwJQpBBk	18-42;66-114
o_f8588cb6a5b35650	https://www.youtube.com/watch?v=xEmdW3_bi4c	0-16;47-71;92-110
c1_f8588cb6a5b35650	https://www.youtube.com/watch?v=xqYQm99mTII	2-22;44-68;89-108
o_f75f7eb18acc1a52	https://www.youtube.com/watch?v=su0-LmzM1eA	12-33;120-168;217-241
c1_f75f7eb18acc1a52	https://www.youtube.com/watch?v=396mpY1TgfI	12-34;127-192
o_b57971d21c5b68c4	https://www.youtube.com/watch?v=3hXOjXYjSCM	7-27;185-240
c1_b57971d21c5b68c4	https://www.youtube.com/watch?v=bprLPHEv5X0	0-17;183-239
o_9ebee3f15215f08d	https://www.youtube.com/watch?v=G5NtzB-voZo	54-78;124-168
c1_9ebee3f15215f08d	https://www.youtube.com/watch?v=M0FCTWQlqwI	34-80;123-147
o_cfad4066470c20d4	https://www.youtube.com/watch?v=pcNzpk7qMJ8	16-57
c1_cfad4066470c20d4	https://www.youtube.com/watch?v=0qu2QjpolTE	6-47
o_70a993a5c2af5b85	https://www.youtube.com/watch?v=I-hKBmTAADo	43-97;165-189
c1_70a993a5c2af5b85	https://www.youtube.com/watch?v=59iHcG2-wnI	44-98;185-209
o_8673cd57ca17806f	https://www.youtube.com/watch?v=gJx3mlyUFg8	0-23;80-104
c1_8673cd57ca17806f	https://www.youtube.com/watch?v=GM4fg5bs_bM	3-27;83-107
o_b4856193f25ce319	https://www.youtube.com/watch?v=BchXkabxn4A	32-116
c1_b4856193f25ce319	https://www.youtube.com/watch?v=wQ0RFMD6ITs	55-105;129-153
o_e0fb435ea52d9dc1	https://www.youtube.com/watch?v=Afn_iVkdNL4	30-72;215-239
c1_e0fb435ea52d9dc1	https://www.youtube.com/watch?v=SA4_RVY2zQ8	9-61;204-228
o_e7b762cf580360f0	https://www.youtube.com/watch?v=9dVydFrBPYU	15-39;68-92
c1_e7b762cf580360f0	https://www.youtube.com/watch?v=TgJs0RyxwSs	15-39;137-161
o_715148d3a5e32a7a	https://www.youtube.com/watch?v=q4opYhQAAao	0-19;54-78;110-134
c1_715148d3a5e32a7a	https://www.youtube.com/watch?v=PdL5oVyzAco	0-18;44-75
o_bab91954e225a4ab	https://www.youtube.com/watch?v=QGNR-gv0sRI	90-132;189-213
c1_bab91954e225a4ab	https://www.youtube.com/watch?v=qtOzqLAmyIw	152-176;298-322
o_dee84747c2d539d2	https://www.youtube.com/watch?v=bJ7hZMKS5ow	45-101;136-160
c1_dee84747c2d539d2	https://www.youtube.com/watch?v=ZRy1x3HrOj4	26-50;146-212
o_974c30511c744376	https://www.youtube.com/watch?v=txRjPLCM_S8	0-42;150-174
c1_974c30511c744376	https://www.youtube.com/watch?v=LATKWOZ_Esg	0-78
o_a3a3807a800cd2f7	https://www.youtube.com/watch?v=RQ0lpiXQ__Y	34-75
c1_a3a3807a800cd2f7	https://www.youtube.com/watch?v=Xay48raBRm0	35-76
o_2e3abb391385d8d9	https://www.youtube.com/watch?v=ZdbGDLC4qhI	6-30;118-142
c1_2e3abb391385d8d9	https://www.youtube.com/watch?v=LYenw6FN2ic	9-33;121-145
o_0fe5a20627cdf550	https://www.youtube.com/watch?v=kH8jCBPkEl4	33-57;102-126
c1_0fe5a20627cdf550	https://www.youtube.com/watch?v=20uHu_jOmvM	85-109;154-178
o_111a43913401e6ac	https://www.youtube.com/watch?v=qYRAZbP-NNg	8-32;157-181
c1_111a43913401e6ac	https://www.youtube.com/watch?v=S7ZcHc231SM	8-32;110-134
o_850236b88895be4c	https://www.youtube.com/watch?v=z0GKGpObgPY	189-211;237-257;299-323
c1_850236b88895be4c	https://www.youtube.com/watch?v=bwqhdxSsg4w	10-32;142-162;200-224
o_1c44085e1a16e176	https://www.youtube.com/watch?v=fixiJMtPkZ0	21-45;84-108
c1_1c44085e1a16e176	https://www.youtube.com/watch?v=3ngwEa7jVSI	19-43;82-106
o_97f7d865ba9cb895	https://www.youtube.com/watch?v=2g-Is9RKBfQ	46-131
c1_97f7d865ba9cb895	https://www.youtube.com/watch?v=GSnsH8WzmqE	2-48;84-108;132-156
o_c199387fb5b06b27	https://www.youtube.com/watch?v=Hybj2Gfk6G8	90-114;216-240
c1_c199387fb5b06b27	https://www.youtube.com/watch?v=XmF0xHDoO4k	71-95;197-221
o_26e2967f35b6a4fb	https://www.youtube.com/watch?v=Uao-5852Dcs	46-122
c1_26e2967f35b6a4fb	https://www.youtube.com/watch?v=j3VFYkIaL5I	37-112
o_05fc532920d8f54a	https://www.youtube.com/watch?v=m1DxjjUrZhw	65-107;214-238
c1_05fc532920d8f54a	https://www.youtube.com/watch?v=cIPeCNfZTHI	73-114;219-243
o_51e7b1ed08c3c40d	https://www.youtube.com/watch?v=zmhCkcZ_NA0	41-65;145-191
c1_51e7b1ed08c3c40d	https://www.youtube.com/watch?v=aArADxGiYy4	41-79;131-155
o_cc6618c028adef2e	https://www.youtube.com/watch?v=yTJGOeW1qx8	4-48
c1_cc6618c028adef2e	https://www.youtube.com/watch?v=fXwkaYLGvQQ	9-53
o_be38bea6d179c914	https://www.youtube.com/watch?v=X6_PmccPnJU	45-148
c1_be38bea6d179c914	https://www.youtube.com/watch?v=Iqy5IoRY5fg	46-70;91-149
o_71876a660ea51814	https://www.youtube.com/watch?v=xtSMA3TPd18	0-21;92-116
c1_71876a660ea51814	https://www.youtube.com/watch?v=rojPMESoiAA	0-55
o_d6ace0a9acff8ef4	https://www.youtube.com/watch?v=Hg-8TgahSyk	47-88
c1_d6ace0a9acff8ef4	https://www.youtube.com/watch?v=N3kvbnDPr4g	66-113
o_5cecfc0dcdea5783	https://www.youtube.com/watch?v=iquhBgM-Qv0	17-40;112-158
c1_5cecfc0dcdea5783	https://www.youtube.com/watch?v=af-Z0DkW0mI	15-59;168-192
o_7b238e5229e49883	https://www.youtube.com/watch?v=qI-kXpE5ksI	45-69;111-130
c1_7b238e5229e49883	https://www.youtube.com/watch?v=60IkR5uqZ6Y	44-68;110-129
o_0bc62ddd57ccc18e	https://www.youtube.com/watch?v=tQT7aTLUuXg	45-85;180-204
c1_0bc62ddd57ccc18e	https://www.youtube.com/watch?v=b9A0OLEB5OU	44-84;177-201
o_9bc8c032436239cd	https://www.youtube.com/watch?v=K3syk2VOmRw	10-66
c1_9bc8c032436239cd	https://www.youtube.com/watch?v=EQZQpcWAmDQ	2-24;82-106
o_3fef61b691f78108	https://www.youtube.com/watch?v=BamLp6k7J9c	8-32;128-174
c1_3fef61b691f78108	https://www.youtube.com/watch?v=xUpo54U-Pqo	11-58;172-190
o_bb59ccc8ab07651c	https://www.youtube.com/watch?v=eLXXFVNFKww	21-70;92-116
c1_bb59ccc8ab07651c	https://www.youtube.com/watch?v=ibiY6duEmS0	3-27;91-122
o_8aac027ca89a4e0e	https://www.youtube.com/watch?v=ODyRCVF8PBk	51-100;184-208
c1_8aac027ca89a4e0e	https://www.youtube.com/watch?v=3a-XH0lGEVE	55-103;186-210
o_dfcf465a8c21b957	https://www.youtube.com/watch?v=XKmyGVA-Axw	0-58;167-191
c1_dfcf465a8c21b957	https://www.youtube.com/watch?v=8z6kGuXs6Xo	25-75;157-181
o_691d4ca22bfa6872	https://www.youtube.com/watch?v=VMeirNg87AY	68-92;173-196;221-245
c1_691d4ca22bfa6872	https://www.youtube.com/watch?v=wyKPa6N14rE	0-23;57-81;161-184
o_d299b1cc6e93a43e	https://www.youtube.com/watch?v=DCkJ5lGPqFs	48-93
c1_d299b1cc6e93a43e	https://www.youtube.com/watch?v=y_BEUXn9RvE	48-92
o_88866ba825d4ece8	https://www.youtube.com/watch?v=AtteRD5bBNQ	55-109;207-231
c1_88866ba825d4ece8	https://www.youtube.com/watch?v=feh98g1o5a8	38-132
o_04881bd10b42f8bf	https://www.youtube.com/watch?v=0hGhl7ki3HM	69-93;150-173
c1_04881bd10b42f8bf	https://www.youtube.com/watch?v=fqzxWexcABk	71-95;154-176
o_dc9d7c5909886557	https://www.youtube.com/watch?v=1Z1z7oipqPc	22-79;148-172
c1_dc9d7c5909886557	https://www.youtube.com/watch?v=DRbmn3jUxac	22-78;147-171
o_78d52f7f8f4181f3	https://www.youtube.com/watch?v=NIPPh7AWSt4	28-78
c1_78d52f7f8f4181f3	https://www.youtube.com/watch?v=I1G72KAy_H0	21-71
o_c33b3f66add5bd4e	https://www.youtube.com/watch?v=gWeTQ0jyphg	9-30;76-129
c1_c33b3f66add5bd4e	https://www.youtube.com/watch?v=cORjZULnO7I	24-45;91-115;276-300
o_de0743025a268c33	https://www.youtube.com/watch?v=FEWxVCT9POk	110-134;181-223
c1_de0743025a268c33	https://www.youtube.com/watch?v=CI6Pgf2xu90	109-133;179-221
o_8aec3b51986bc5d6	https://www.youtube.com/watch?v=ogg3CQvaQa4	44-106;232-255
c1_8aec3b51986bc5d6	https://www.youtube.com/watch?v=8WdwPj_5q_E	43-105;231-255
o_a3092a713310d5f5	https://www.youtube.com/watch?v=bMln6DuhcrI	5-71;115-139
c1_a3092a713310d5f5	https://www.youtube.com/watch?v=WHrUpMYVmPU	73-130;165-189
o_c9df14f5c85343aa	https://www.youtube.com/watch?v=FADxR_aFPa4	25-74
c1_c9df14f5c85343aa	https://www.youtube.com/watch?v=t_1Nmr1sVbA	25-73
o_70147d6a56989f2e	https://www.youtube.com/watch?v=MIuJVYNvC-s	0-19;119-143;200-224
c1_70147d6a56989f2e	https://www.youtube.com/watch?v=g_9XHGsr0kg	16-35;121-145;194-218
o_7cbf0666356d3ad6	https://www.youtube.com/watch?v=fzBLpMne0ug	9-60
c1_7cbf0666356d3ad6	https://www.youtube.com/watch?v=QvRY3VKHC9E	8-58
o_0a7be95c2f962a0a	https://www.youtube.com/watch?v=RNOTF-znQyw	41-102
c1_0a7be95c2f962a0a	https://www.youtube.com/watch?v=XM05XmIdGkk	45-85
o_7e1903a3d49831e4	https://www.youtube.com/watch?v=uEDj2cP6_gQ	17-37;94-118;165-216
c1_7e1903a3d49831e4	https://www.youtube.com/watch?v=CdJSRNFyx1k	90-192
o_de7b74df42ead7cd	https://www.youtube.com/watch?v=zXpLlpJ5Qnc	36-55;84-104;128-152
c1_de7b74df42ead7cd	https://www.youtube.com/watch?v=kbYfidTwW7M	34-53;80-100;122-146
o_ddd5c0879669ef61	https://www.youtube.com/watch?v=pREa20AgVMo	33-157
c1_ddd5c0879669ef61	https://www.youtube.com/watch?v=3Zna5DzgV0M	9-33;58-93;194-217
o_9337239e86e1e431	https://www.youtube.com/watch?v=weZ0uU5cjBM	45-96;182-200
c1_9337239e86e1e431	https://www.youtube.com/watch?v=-B8ANMGxDt0	97-149
o_2afd8e5a4dfb0446	https://www.youtube.com/watch?v=0lxA1FXOiv0	28-90
c1_2afd8e5a4dfb0446	https://www.youtube.com/watch?v=J4inuPhlo4M	31-94
o_fb36ccb9e3f2e7f1	https://www.youtube.com/watch?v=UvUkPtSheyg	43-64;150-174;256-280
c1_fb36ccb9e3f2e7f1	https://www.youtube.com/watch?v=MJNNUcWx9t0	48-69;155-179;260-284
o_bd1bafc188bbffe1	https://www.youtube.com/watch?v=eT5_neXR3FI	31-118
c1_bd1bafc188bbffe1	https://www.youtube.com/watch?v=Tc17e0ikUkc	45-118
o_547b9b8b4e4921eb	https://www.youtube.com/watch?v=gtNJVbvWqws	44-109
c1_547b9b8b4e4921eb	https://www.youtube.com/watch?v=V5x8eDhuvDs	47-112
o_fe77fc9fb3314b89	https://www.youtube.com/watch?v=rM4FNYsc2WU	70-116
c1_fe77fc9fb3314b89	https://www.youtube.com/watch?v=nfGbxrwdyzQ	82-128
o_2303fda29bddec0e	https://www.youtube.com/watch?v=ckNP-iSZ2Iw	49-93;133-157
c1_2303fda29bddec0e	https://www.youtube.com/watch?v=FpTb99DZWyI	67-91;131-181
o_b0b2ccd4467f3806	https://www.youtube.com/watch?v=BPCjC543llU	19-41;89-151
c1_b0b2ccd4467f3806	https://www.youtube.com/watch?v=mm-xVI04jmA	19-60;140-164
o_5bd3eff495bd1543	https://www.youtube.com/watch?v=XBtaqBc2P_w	23-68
c1_5bd3eff495bd1543	https://www.youtube.com/watch?v=vV0AgJdOm58	19-43;100-124
o_b9421c016d5791a6	https://www.youtube.com/watch?v=RQTgJRwMdKQ	6-62
c1_b9421c016d5791a6	https://www.youtube.com/watch?v=VW-Uak9zaq0	1-57
o_a6b5df74f8471f8e	https://www.youtube.com/watch?v=Eya3m3FGW7E	44-100
c1_a6b5df74f8471f8e	https://www.youtube.com/watch?v=qjCLQaTFXx0	74-98;174-198
o_045cd90bd5e7f401	https://www.youtube.com/watch?v=KRRzgV8CmAQ	13-56
c1_045cd90bd5e7f401	https://www.youtube.com/watch?v=m4Cp2TnxS9Y	21-65
o_053991097ce1f29f	https://www.youtube.com/watch?v=my-Q2UzdxHE	49-73;166-190;420-444
c1_053991097ce1f29f	https://www.youtube.com/watch?v=QivIkmr0gGc	46-70;100-124;163-187
o_211e6940cf19e37c	https://www.youtube.com/watch?v=4lx86B6a3kc	13-104
c1_211e6940cf19e37c	https://www.youtube.com/watch?v=8zFjCavR_kA	13-42;79-101
o_497798e1ee742249	https://www.youtube.com/watch?v=mzXs5nByqgI	70-89;113-137
c1_497798e1ee742249	https://www.youtube.com/watch?v=fdgIqDNBzPw	67-86;110-134
o_411db468dd7d649a	https://www.youtube.com/watch?v=n3Q_GTBrjHI	26-50;77-101
c1_411db468dd7d649a	https://www.youtube.com/watch?v=1tpZJj_Hxms	24-48;75-99
o_b4dbf5715179cb88	https://www.youtube.com/watch?v=Pvcc5yEPpTc	22-46;114-138
c1_b4dbf5715179cb88	https://www.youtube.com/watch?v=zOwUZLdqNUE	0-46
o_ab01417816164232	https://www.youtube.com/watch?v=dPDpAxcHyrI	154-228
c1_ab01417816164232	https://www.youtube.com/watch?v=A-u8FJpBEVU	155-236
o_1bac0930e62742af	https://www.youtube.com/watch?v=pFP_jcY_MLc	17-41;107-131;167-191
c1_1bac0930e62742af	https://www.youtube.com/watch?v=B2l5vWSyl7w	22-66;132-156
o_447f9912009fa4d6	https://www.youtube.com/watch?v=sRuroUDWIVQ	18-65
c1_447f9912009fa4d6	https://www.youtube.com/watch?v=0Kb6U-akGQA	17-64
o_0432dde214334e29	https://www.youtube.com/watch?v=j18d-hLdTD8	75-99;200-224
c1_0432dde214334e29	https://www.youtube.com/watch?v=H7OWFPAWMdk	87-111;212-236
o_3f98736aefbf4f9f	https://www.youtube.com/watch?v=eu1AHz4MV2g	47-100
c1_3f98736aefbf4f9f	https://www.youtube.com/watch?v=wV4i-Yay0i0	57-110
o_f2f5853b85cefb6f	https://www.youtube.com/watch?v=NS1TNQPCSuk	36-82;128-152
c1_f2f5853b85cefb6f	https://www.youtube.com/watch?v=EdUd21gE0Iw	59-83;129-154
o_3800d02fa9b26f61	https://www.youtube.com/watch?v=zKKOH1yiBOc	17-76;213-232
c1_3800d02fa9b26f61	https://www.youtube.com/watch?v=wudjev2aYXw	17-41;121-145;205-224
o_7d6d104504994102	https://www.youtube.com/watch?v=d7Aec-py9TE	10-28;133-157
c1_7d6d104504994102	https://www.youtube.com/watch?v=jP-Pn0h1b4g	25-43;68-92
o_63cb797edec7bed7	https://www.youtube.com/watch?v=Qn8w9kyuy9Q	40-81
c1_63cb797edec7bed7	https://www.youtube.com/watch?v=iYDpWnXXVTU	10-30;72-96
o_07f39ec98594c22a	https://www.youtube.com/watch?v=9JipeXR2WzM	32-50;86-110
c1_07f39ec98594c22a	https://www.youtube.com/watch?v=ZMHBzS90fro	15-33;68-92
o_1afbbad9ae1b08be	https://www.youtube.com/watch?v=pl7-7fmYVUM	53-77;154-174
c1_1afbbad9ae1b08be	https://www.youtube.com/watch?v=i5p51UDoW0U	56-100
o_5b867edd98139934	https://www.youtube.com/watch?v=VECljlG--gE	28-47;73-134
c1_5b867edd98139934	https://www.youtube.com/watch?v=dXpvxhoNSAY	61-123
o_3a4a832830e68b35	https://www.youtube.com/watch?v=p_IwENcMPOA	17-41;141-165
c1_3a4a832830e68b35	https://www.youtube.com/watch?v=GG_USz8Peoo	23-47;143-167
o_bc07331fff907f02	https://www.youtube.com/watch?v=Q9zWw0Ru28w	19-43;74-110
c1_bc07331fff907f02	https://www.youtube.com/watch?v=NYwKC2p6pqY	20-60;89-111
o_2731eb1ff282ad3c	https://www.youtube.com/watch?v=rvaJ7QlhH0g	42-66;124-148
c1_2731eb1ff282ad3c	https://www.youtube.com/watch?v=TrVNuT2R76U	50-74;131-155
o_5234076da190d57b	https://www.youtube.com/watch?v=pX3aagCrPmU	33-73;133-157
c1_5234076da190d57b	https://www.youtube.com/watch?v=0VD_tOD-b0U	35-58;97-121;147-171
o_439ca740a4946699	https://www.youtube.com/watch?v=1Gxu1XhH-AQ	41-61;110-134;246-270
c1_439ca740a4946699	https://www.youtube.com/watch?v=5rBnNEZ4Haw	43-90;243-267
o_864be0ec9fd84bcf	https://www.youtube.com/watch?v=Oggrsg4jZPM	8-32;105-128
c1_864be0ec9fd84bcf	https://www.youtube.com/watch?v=kQSpxdW6U2g	15-39;112-135
o_16c6c8f21ebfc2e8	https://www.youtube.com/watch?v=Kx-rcUFPkGI	128-198
c1_16c6c8f21ebfc2e8	https://www.youtube.com/watch?v=h1HZqgPGHBY	72-96;125-170
o_0d45b30d81d65c0d	https://www.youtube.com/watch?v=koqvzrZgp2g	68-125
c1_0d45b30d81d65c0d	https://www.youtube.com/watch?v=ZiI1AfHrImA	53-110
o_f778a4056bd4f2e8	https://www.youtube.com/watch?v=MzAdvDAnbtI	15-39;69-88
c1_f778a4056bd4f2e8	https://www.youtube.com/watch?v=i0QTZrEl_u8	19-43;209-228
o_c1838735bce17e18	https://www.youtube.com/watch?v=LqI78S14Wgg	0-67;133-157
c1_c1838735bce17e18	https://www.youtube.com/watch?v=ijlbAEJElPY	26-50;80-104;171-195
o_797a21ef67adfa70	https://www.youtube.com/watch?v=E8EK3dsszw0	11-35;57-81
c1_797a21ef67adfa70	https://www.youtube.com/watch?v=KrQg2NBTZkM	8-32;54-78
o_5861b370f38b0fb7	https://www.youtube.com/watch?v=2sQ7dBqLdeo	26-50;208-232
c1_5861b370f38b0fb7	https://www.youtube.com/watch?v=bOs276RhPhI	26-50;125-149
o_5614b91ad4edcacd	https://www.youtube.com/watch?v=3WepPGXr4og	72-132;220-244
c1_5614b91ad4edcacd	https://www.youtube.com/watch?v=pj8-aUcZFTs	47-71;179-203;235-257
o_22ab69877b6c2360	https://www.youtube.com/watch?v=eh03igeb-HM	36-59;171-195
c1_22ab69877b6c2360	https://www.youtube.com/watch?v=VElh4nx6Tog	112-135;175-199
o_78c3bf5b846eb462	https://www.youtube.com/watch?v=qrOeGCJdZe4	139-188
c1_78c3bf5b846eb462	https://www.youtube.com/watch?v=pyTxCDQ4Tkw	110-160
o_913a3cf0ed1e2c60	https://www.youtube.com/watch?v=6poJkzAl6Ss	17-37;181-205
c1_913a3cf0ed1e2c60	https://www.youtube.com/watch?v=zmtulXfxtT4	15-36;100-124
o_f04867488cd0e388	https://www.youtube.com/watch?v=2c5b8ZtjwwY	34-58;122-146;202-226
c1_f04867488cd0e388	https://www.youtube.com/watch?v=30Pi4EGzNC8	24-48;115-139;196-220
o_7654a26a2c737aaa	https://www.youtube.com/watch?v=BSEnw-WZ_jA	3-63
c1_7654a26a2c737aaa	https://www.youtube.com/watch?v=Jtg7M-ks12M	3-63
o_bfa9c12af3341256	https://www.youtube.com/watch?v=mS3TeZEp_PE	68-107
c1_bfa9c12af3341256	https://www.youtube.com/watch?v=vIGQWc4wwa4	48-89
o_017c8784bb495a56	https://www.youtube.com/watch?v=KNkwtTA2Vfk	149-232
c1_017c8784bb495a56	https://www.youtube.com/watch?v=d-7h4hSgftY	165-237
o_b8296014f1ced41e	https://www.youtube.com/watch?v=GaZp4fJVHmQ	82-102;141-165
c1_b8296014f1ced41e	https://www.youtube.com/watch?v=64rpm-n4Juc	82-102;140-164
o_f41fcba2dad649f3	https://www.youtube.com/watch?v=6xuW-aI-haw	11-32;61-85
c1_f41fcba2dad649f3	https://www.youtube.com/watch?v=3xSukhS5feY	10-31;60-84
o_8044321e28527c03	https://www.youtube.com/watch?v=irsKgZWXmcU	73-174;236-259
c1_8044321e28527c03	https://www.youtube.com/watch?v=zZNeAPwuUD8	94-196
o_a0ad1492ac276b44	https://www.youtube.com/watch?v=niwt47gHtmM	38-88;160-184
c1_a0ad1492ac276b44	https://www.youtube.com/watch?v=ZJHatWVeVk4	40-64;120-144;166-190
o_dc2a41989e8d0b62	https://www.youtube.com/watch?v=Kkx51ymDpV8	26-50;80-101;147-171
c1_dc2a41989e8d0b62	https://www.youtube.com/watch?v=2Nl2qj9lOYg	24-44;95-119;148-172
o_6ca99c33852d51e6	https://www.youtube.com/watch?v=3JIflaRG1RQ	18-55;111-135
c1_6ca99c33852d51e6	https://www.youtube.com/watch?v=i7YUsJ81qxI	15-58
o_ac918adea379eb02	https://www.youtube.com/watch?v=OtVuivhlwEg	52-111;333-357
c1_ac918adea379eb02	https://www.youtube.com/watch?v=Z65yY0PJA0M	31-102
o_61f459ff6f046b76	https://www.youtube.com/watch?v=g8_jaavYOPg	7-25;63-87;165-189
c1_61f459ff6f046b76	https://www.youtube.com/watch?v=M_rfR16Vzbg	5-23;204-245
o_4a6acdc37d10652f	https://www.youtube.com/watch?v=Qez-KHKqovw	50-74;103-121;163-187
c1_4a6acdc37d10652f	https://www.youtube.com/watch?v=MwGgKtleKNo	54-78;108-126;272-296
o_3589f2deab5b4ad3	https://www.youtube.com/watch?v=PsW85VbSau0	16-37;145-169
c1_3589f2deab5b4ad3	https://www.youtube.com/watch?v=keEIGecWcFk	15-37;130-154
o_3d0b11bc1c9143b3	https://www.youtube.com/watch?v=17fnUqLdm7o	5-67
c1_3d0b11bc1c9143b3	https://www.youtube.com/watch?v=t9Lyxd8l6G8	0-17;99-123
o_f98fe3d2d8e78553	https://www.youtube.com/watch?v=V_GO8KvoFGQ	6-81
c1_f98fe3d2d8e78553	https://www.youtube.com/watch?v=PdfizPj-yF8	8-83
o_9e195002d414e75f	https://www.youtube.com/watch?v=wS4ESheuHDY	36-56;122-142
c1_9e195002d414e75f	https://www.youtube.com/watch?v=S4QZtOgPrqg	36-56;122-142
o_ec20bdea307df90a	https://www.youtube.com/watch?v=CWRoAdcZWm0	7-51;124-148
c1_ec20bdea307df90a	https://www.youtube.com/watch?v=1upryNJNN1U	7-26;77-143
o_3c3bc35a0aabdd9f	https://www.youtube.com/watch?v=ugQhauUEcJM	0-48
c1_3c3bc35a0aabdd9f	https://www.youtube.com/watch?v=ZdvfbVry-tA	0-47
o_c31021717f8e4d17	https://www.youtube.com/watch?v=wLfZbo8fANE	19-41;180-204
c1_c31021717f8e4d17	https://www.youtube.com/watch?v=ApHdOLdSAKk	22-44;182-206
o_9156b9de1bbcb5a6	https://www.youtube.com/watch?v=efJZDJTACes	4-28;85-109;215-238
c1_9156b9de1bbcb5a6	https://www.youtube.com/watch?v=3S0yzym3pCI	4-28;85-109;222-245
o_5eb81947b9bb4d32	https://www.youtube.com/watch?v=B1f0VRdM4BM	59-103;187-211
c1_5eb81947b9bb4d32	https://www.youtube.com/watch?v=i9itKYcP93Y	58-103;186-210
o_386ab102e177c744	https://www.youtube.com/watch?v=WmbuXJXArs8	25-96
c1_386ab102e177c744	https://www.youtube.com/watch?v=j08dFzr-UWE	30-109
o_f824818ec7530e3c	https://www.youtube.com/watch?v=C2mnHA51NQE	167-191;227-246
c1_f824818ec7530e3c	https://www.youtube.com/watch?v=1Ek9akpiWVE	50-74;227-247
o_2659c845b8c25346	https://www.youtube.com/watch?v=3NmGGGlHpxQ	18-64
c1_2659c845b8c25346	https://www.youtube.com/watch?v=BMjxYgg9wYg	11-57
o_c03543a2835dc2b7	https://www.youtube.com/watch?v=NTvR7HySgHo	53-74;156-176;237-261
c1_c03543a2835dc2b7	https://www.youtube.com/watch?v=VoR2RrgK9NY	83-104;188-207;269-293
o_000587757df0b0d5	https://www.youtube.com/watch?v=NGLxoKOvzu4	103-127;212-231
c1_000587757df0b0d5	https://www.youtube.com/watch?v=jcx096yp9X0	103-127;212-230
o_d75c5bf67dd041a3	https://www.youtube.com/watch?v=cjYrski71II	19-95
c1_d75c5bf67dd041a3	https://www.youtube.com/watch?v=0skY0TrcLAM	11-86
o_74f762de3f9a2651	https://www.youtube.com/watch?v=bvXn0tB2P4k	14-59;178-202
c1_74f762de3f9a2651	https://www.youtube.com/watch?v=aYsWZz_kPqc	15-37;163-202
o_6c146a93d6454744	https://www.youtube.com/watch?v=VDpmH_tS3kc	20-69
c1_6c146a93d6454744	https://www.youtube.com/watch?v=-65ASJkjlR8	45-107
o_8199e798ab239771	https://www.youtube.com/watch?v=-tPcc1ftj8E	42-63;176-200
c1_8199e798ab239771	https://www.youtube.com/watch?v=iq93Cgm8H80	164-215
o_66f0061b4c1a70da	https://www.youtube.com/watch?v=Ce2_k0LaE7E	28-87
c1_66f0061b4c1a70da	https://www.youtube.com/watch?v=sAxxNZ0kDBc	30-89
o_42a71730c3c5d11b	https://www.youtube.com/watch?v=4pAlNUJzj7E	0-18;98-117
c1_42a71730c3c5d11b	https://www.youtube.com/watch?v=yA8ZjLkT8os	0-16;97-116
o_0004e7d3192ff214	https://www.youtube.com/watch?v=vIerAVD2gyo	6-30;91-114
c1_0004e7d3192ff214	https://www.youtube.com/watch?v=C213ecNlt4c	13-37;75-98
o_d1c2291aca2986f0	https://www.youtube.com/watch?v=buynV7phNbM	10-32;66-90;127-151
c1_d1c2291aca2986f0	https://www.youtube.com/watch?v=MBKiiOHD6jA	10-31;64-88;124-148
o_fae4fcb3fc60134f	https://www.youtube.com/watch?v=oXxGdmMEflE	0-21;106-130;204-228
c1_fae4fcb3fc60134f	https://www.youtube.com/watch?v=E10eUOKgHSk	13-37;121-145;220-244
o_7b47448d0b33bacf	https://www.youtube.com/watch?v=6yM4If9OfLg	181-227
c1_7b47448d0b33bacf	https://www.youtube.com/watch?v=xH4ye5kIKGk	47-71;118-140
o_2f680346ccfcf30f	https://www.youtube.com/watch?v=mUuyEX2M0gc	17-41;122-142
c1_2f680346ccfcf30f	https://www.youtube.com/watch?v=TbZoST1EDtc	5-29;110-130
o_88f5b542272a7923	https://www.youtube.com/watch?v=UDKsyQIzDeY	8-56;139-163
c1_88f5b542272a7923	https://www.youtube.com/watch?v=5dYb-Yi0aUA	59-83;109-133;157-181
o_da29d924b8a1a411	https://www.youtube.com/watch?v=76SDedMYoOU	15-69
c1_da29d924b8a1a411	https://www.youtube.com/watch?v=QX4OewFlmbQ	17-71
o_88dfcca8ef49e71a	https://www.youtube.com/watch?v=tA1Pey1bHFk	1-25;89-109;177-201
c1_88dfcca8ef49e71a	https://www.youtube.com/watch?v=1cgyzMz0jBw	31-51;106-130;191-215
o_0e24c9db9375634a	https://www.youtube.com/watch?v=C3lWwBslWqg	48-72;138-162;206-230
c1_0e24c9db9375634a	https://www.youtube.com/watch?v=SL3GVPmGkwY	124-148;215-256
o_22bc1335bb2b7c11	https://www.youtube.com/watch?v=pshdgXFiiBc	72-96;246-292
c1_22bc1335bb2b7c11	https://www.youtube.com/watch?v=esYk4BPir8Y	100-124;172-196;286-305
o_58252a50d90ac525	https://www.youtube.com/watch?v=3ks8XElG2I4	71-123
c1_58252a50d90ac525	https://www.youtube.com/watch?v=GrVftdVOOgE	95-130
o_c217e449e6009b48	https://www.youtube.com/watch?v=rn9AQoI7mYU	29-92;130-149
c1_c217e449e6009b48	https://www.youtube.com/watch?v=qRykzBxbmg4	13-37;85-115
o_a994c6f2f64e9f1b	https://www.youtube.com/watch?v=juzZ5d-caSE	8-32;146-170
c1_a994c6f2f64e9f1b	https://www.youtube.com/watch?v=f2GHvxE5HXU	3-27;92-116
o_0715aacd23790c69	https://www.youtube.com/watch?v=csvNBRZfFpo	7-39;221-245
c1_0715aacd23790c69	https://www.youtube.com/watch?v=qhGbiWUwsYY	18-39;121-145;194-212
o_8f36711761922c66	https://www.youtube.com/watch?v=3n-9Rsn52Qk	22-46;155-179
c1_8f36711761922c66	https://www.youtube.com/watch?v=orxuPPP-JYw	22-46;154-178
o_a920a2c5f1c0af25	https://www.youtube.com/watch?v=d-diB65scQU	20-41;66-90;149-173
c1_a920a2c5f1c0af25	https://www.youtube.com/watch?v=gQSNNz_gI9s	52-73;183-222
o_b01e6ed4b1997cd5	https://www.youtube.com/watch?v=lFQKvtbD6Kw	46-70;114-164
c1_b01e6ed4b1997cd5	https://www.youtube.com/watch?v=euJRRU3eXnU	48-72;115-165
o_b6cb5f9ad57c36a0	https://www.youtube.com/watch?v=ZNOkISxemlk	20-40;73-93
c1_b6cb5f9ad57c36a0	https://www.youtube.com/watch?v=T8oTiFu7AZI	19-40;73-93
o_2a5ded555a06bb99	https://www.youtube.com/watch?v=76nuBsqPRLg	62-102
c1_2a5ded555a06bb99	https://www.youtube.com/watch?v=NOtGhqQeXHA	137-199
o_36aa93ffb710bba2	https://www.youtube.com/watch?v=HInA9jKyoKE	118-199
c1_36aa93ffb710bba2	https://www.youtube.com/watch?v=hp_3su3R0-U	82-106;131-154;204-228
o_f2ca865e6f0c9573	https://www.youtube.com/watch?v=vOX8jj3TbJ8	10-30;122-162
c1_f2ca865e6f0c9573	https://www.youtube.com/watch?v=Cfak657Gqm0	1-31
o_487455cb42975b15	https://www.youtube.com/watch?v=Ob4cgakHwsQ	8-28;157-177
c1_487455cb42975b15	https://www.youtube.com/watch?v=YHs4KtAu3ys	13-32;84-104
o_c87286580ece8ec4	https://www.youtube.com/watch?v=6mEx9FtuN0k	39-63;178-239
c1_c87286580ece8ec4	https://www.youtube.com/watch?v=nVBDiwwcuLU	41-65;95-119;231-255
o_5fa62a87855f79a4	https://www.youtube.com/watch?v=YP3W-E0OamU	16-37;82-176
c1_5fa62a87855f79a4	https://www.youtube.com/watch?v=X-nJBzQQqi4	21-42;79-172
o_f7b1fcfacdc5f4c2	https://www.youtube.com/watch?v=KmxaY_OVvWA	48-72;142-166;261-285
c1_f7b1fcfacdc5f4c2	https://www.youtube.com/watch?v=qDr8_LnzYoE	40-64;131-161
o_9a26d96bdeb5af10	https://www.youtube.com/watch?v=Dz24kKWGlT8	25-49;172-232
c1_9a26d96bdeb5af10	https://www.youtube.com/watch?v=2y40rXUH-8g	28-52;85-104;176-200
o_f90485d21ecad9e9	https://www.youtube.com/watch?v=ld3oqRMfwhY	8-26;52-76
c1_f90485d21ecad9e9	https://www.youtube.com/watch?v=lZ_kJec2dNY	63-119
o_d1f06f1404515df7	https://www.youtube.com/watch?v=-_z35XZWiP4	41-80;133-157
c1_d1f06f1404515df7	https://www.youtube.com/watch?v=oO7s8qoZI-U	45-85;142-166
o_f3e121036b5b7357	https://www.youtube.com/watch?v=OKIs86NhVno	71-111
c1_f3e121036b5b7357	https://www.youtube.com/watch?v=Bu04VwWAaNQ	68-92;158-179
o_eb6ad7abfd3899a9	https://www.youtube.com/watch?v=JTvlujbJ5vg	49-90;256-280
c1_eb6ad7abfd3899a9	https://www.youtube.com/watch?v=VZFTqstHxYg	74-92;121-142;257-281
o_cd7d955c8f8e748f	https://www.youtube.com/watch?v=OgBgfHJcXuI	88-130;219-239
c1_cd7d955c8f8e748f	https://www.youtube.com/watch?v=u5AVLZhZORE	144-185;222-241
o_164fdbd63ec3536b	https://www.youtube.com/watch?v=hCR3UbyQ9jc	75-126
c1_164fdbd63ec3536b	https://www.youtube.com/watch?v=oObmZ6VazHY	21-88
o_2a5de541ca955f9a	https://www.youtube.com/watch?v=ZDXXi19_7iE	0-17;84-108;232-253
c1_2a5de541ca955f9a	https://www.youtube.com/watch?v=yE0VzVQWHlM	0-16;72-107
o_8181e2a42e1424ac	https://www.youtube.com/watch?v=MRmEZMAfD3Y	0-21;91-144
c1_8181e2a42e1424ac	https://www.youtube.com/watch?v=Fwt8SLhhpEc	33-57;107-150
o_1254646e68913666	https://www.youtube.com/watch?v=ozv4q2ov3Mk	99-123;164-225
c1_1254646e68913666	https://www.youtube.com/watch?v=GUW5MG-QEXY	55-105;146-170
o_44911ca2c67af157	https://www.youtube.com/watch?v=idU3XPCpZvw	28-52;114-180
c1_44911ca2c67af157	https://www.youtube.com/watch?v=UQW0af36pKo	75-99;120-144;176-200
o_a57518dd0c423846	https://www.youtube.com/watch?v=mOKqNxN4jWM	0-19;136-160
c1_a57518dd0c423846	https://www.youtube.com/watch?v=Hpz1FxHeyJ0	1-20;135-159
o_8359cb95ca9b3701	https://www.youtube.com/watch?v=SBBhyMYnwCw	4-63
c1_8359cb95ca9b3701	https://www.youtube.com/watch?v=11FwcHnqv8k	4-62
o_01c5a52506f9c143	https://www.youtube.com/watch?v=FjjFQQ1m-AI	48-98
c1_01c5a52506f9c143	https://www.youtube.com/watch?v=QZ1jLvH_ijw	47-96
o_3d545ca3fced149e	https://www.youtube.com/watch?v=HakRyuxkics	74-142;191-211
c1_3d545ca3fced149e	https://www.youtube.com/watch?v=qVnYs7YYc1A	8-27;95-119;146-170
o_026427ff19b160f6	https://www.youtube.com/watch?v=Bm8rz-llMhE	18-38;174-198
c1_026427ff19b160f6	https://www.youtube.com/watch?v=DpI0apJk80s	15-35;110-134
o_5f86e30144a72a3a	https://www.youtube.com/watch?v=vsGsCvJWEo8	18-63
c1_5f86e30144a72a3a	https://www.youtube.com/watch?v=59NffuPhu5o	42-91
o_7243eeff08ff646f	https://www.youtube.com/watch?v=dANXdNmzhpo	10-34;73-97
c1_7243eeff08ff646f	https://www.youtube.com/watch?v=1i4m8iqQX5M	10-34;179-203
o_ada8eac9e2acc5b0	https://www.youtube.com/watch?v=xj6fHiF8Osg	25-68
c1_ada8eac9e2acc5b0	https://www.youtube.com/watch?v=J5InFDlG-rU	25-68
o_60037a72864bdf28	https://www.youtube.com/watch?v=H-kA3UtBj4M	4-53;82-106
c1_60037a72864bdf28	https://www.youtube.com/watch?v=hfkeBNTjbgI	66-118;153-177
o_e6751628a87c8267	https://www.youtube.com/watch?v=yFAjVaxORww	58-82;164-188
c1_e6751628a87c8267	https://www.youtube.com/watch?v=uESrc5-wX6Q	62-129
o_272f3b569fb4e714	https://www.youtube.com/watch?v=KIjF1XhBEdc	35-131
c1_272f3b569fb4e714	https://www.youtube.com/watch?v=9xFAR59J0aw	40-101
o_22672b7170edeea3	https://www.youtube.com/watch?v=58ZqbEniYMw	18-39;94-118
c1_22672b7170edeea3	https://www.youtube.com/watch?v=RkmP5WNOwfg	18-67
o_39283ff199af7b0e	https://www.youtube.com/watch?v=zSmOvYzSeaQ	103-124;151-217
c1_39283ff199af7b0e	https://www.youtube.com/watch?v=keNXnBu1QdQ	152-218;352-373
o_f8a13bd48e85da81	https://www.youtube.com/watch?v=qKGTaplzmV4	9-58;116-134
c1_f8a13bd48e85da81	https://www.youtube.com/watch?v=KVZ_J01KZfM	35-89
o_e8a3a13c73447dbc	https://www.youtube.com/watch?v=nGmYT0LL1ck	62-86;179-203
c1_e8a3a13c73447dbc	https://www.youtube.com/watch?v=NjVqNgZGVZ0	54-78;171-195
o_250de55fac5abeee	https://www.youtube.com/watch?v=qvI4c2EjpvM	19-43;64-86
c1_250de55fac5abeee	https://www.youtube.com/watch?v=N9QmdWyhjDc	21-45;67-89
o_101f8f4ca1190748	https://www.youtube.com/watch?v=hC2tLWMMF38	11-33;126-150
c1_101f8f4ca1190748	https://www.youtube.com/watch?v=SGptWclUQTg	10-32;124-148
o_a3b3b874770fbcca	https://www.youtube.com/watch?v=yzuZ0JWA6n4	23-62
c1_a3b3b874770fbcca	https://www.youtube.com/watch?v=q4X-5Z20JkE	55-96
o_305add3777290e7b	https://www.youtube.com/watch?v=fTqra4YSsaM	78-129
c1_305add3777290e7b	https://www.youtube.com/watch?v=mVyFxEUqwE8	39-90
o_6b02f7456887ed4b	https://www.youtube.com/watch?v=3mWbRB3Y4R8	9-64;155-179
c1_6b02f7456887ed4b	https://www.youtube.com/watch?v=-7RqYJwCNb8	61-132
o_1489edde6309cbbb	https://www.youtube.com/watch?v=vsWj2DYRnzU	78-102;224-288
c1_1489edde6309cbbb	https://www.youtube.com/watch?v=3rl2U9fzvyE	77-101;223-287
o_d0fa62d1b838e084	https://www.youtube.com/watch?v=GJ-E5Z6tnX8	34-64;133-157
c1_d0fa62d1b838e084	https://www.youtube.com/watch?v=fWl1BeGYf9k	64-111
o_0f49946df4f06c48	https://www.youtube.com/watch?v=YykjpeuMNEk	16-73
c1_0f49946df4f06c48	https://www.youtube.com/watch?v=wIdr9imDuAo	1-58
o_4240b4fe9f9e1e1a	https://www.youtube.com/watch?v=I3ztzRqyYys	48-72;142-166
c1_4240b4fe9f9e1e1a	https://www.youtube.com/watch?v=bIZLSWW9RGQ	99-165
o_fb8c07061e24ea68	https://www.youtube.com/watch?v=0smF241OXoE	14-38;131-166
c1_fb8c07061e24ea68	https://www.youtube.com/watch?v=1pDsAxuoQzY	124-209
o_618c4bfe116befb1	https://www.youtube.com/watch?v=9jqHcIsehYI	6-52
c1_618c4bfe116befb1	https://www.youtube.com/watch?v=mulzDopuJME	6-24;68-92
o_a61cc27d06fe7d80	https://www.youtube.com/watch?v=0TK_QosUw64	35-59;212-236
c1_a61cc27d06fe7d80	https://www.youtube.com/watch?v=345p-CGtTTo	31-83
o_08c922dcb8928a91	https://www.youtube.com/watch?v=low6Coqrw9Y	21-51;157-181
c1_08c922dcb8928a91	https://www.youtube.com/watch?v=JRxRAPxtQCI	7-31;128-176
o_b152da3930fec8d9	https://www.youtube.com/watch?v=bKxodgpyGec	13-37;115-136
c1_b152da3930fec8d9	https://www.youtube.com/watch?v=85Vujns5SW0	52-73;235-259
o_d330e596f6c928ca	https://www.youtube.com/watch?v=YbXbVKigZ58	38-62;127-147
c1_d330e596f6c928ca	https://www.youtube.com/watch?v=kVyITDV7qqE	48-82
o_c042f7ddb1828291	https://www.youtube.com/watch?v=hmQjPgbXzy8	0-63
c1_c042f7ddb1828291	https://www.youtube.com/watch?v=wkw-k5vBSdY	0-63
o_d9224e7cf7b44bbb	https://www.youtube.com/watch?v=BYnsWgHB7o0	89-182
c1_d9224e7cf7b44bbb	https://www.youtube.com/watch?v=6xO_XgljqpQ	91-183
o_0a327839eca0f24c	https://www.youtube.com/watch?v=5RDSkR8_AQ0	22-46;160-210
c1_0a327839eca0f24c	https://www.youtube.com/watch?v=wJwIvGXXBo8	22-46;160-210
o_0f24934950c9ed34	https://www.youtube.com/watch?v=N6B4Tj5OxVo	28-109
c1_0f24934950c9ed34	https://www.youtube.com/watch?v=FvvxCos7_tM	34-116
o_71347d6288fabfb7	https://www.youtube.com/watch?v=zZhaJP97qPc	15-38;86-110
c1_71347d6288fabfb7	https://www.youtube.com/watch?v=2IcUHKGF3qA	85-143
o_b0efec275bdc5b01	https://www.youtube.com/watch?v=w9E7tRTkf5E	19-43;146-201
c1_b0efec275bdc5b01	https://www.youtube.com/watch?v=ynLAttR9sC4	18-42;114-166
o_356c58d462cbcbfe	https://www.youtube.com/watch?v=8Jk5d--KYjE	47-71;132-170
c1_356c58d462cbcbfe	https://www.youtube.com/watch?v=R_pzWttRPmI	50-74;106-159
o_a2fb67fcf3f81b4c	https://www.youtube.com/watch?v=opMFoF5r7-U	67-91;132-156
c1_a2fb67fcf3f81b4c	https://www.youtube.com/watch?v=uz_LaAX8Qkc	67-91;131-155
o_459fe436809fc76d	https://www.youtube.com/watch?v=-fxh7jAJR8U	61-100
c1_459fe436809fc76d	https://www.youtube.com/watch?v=RCPAdm1t7LQ	49-71;148-166
o_4eaefe9d40aa253e	https://www.youtube.com/watch?v=6rAYLgvFBR4	21-45;150-212
c1_4eaefe9d40aa253e	https://www.youtube.com/watch?v=0MTr9evWkdQ	27-51;151-210
o_cfe907674acbf586	https://www.youtube.com/watch?v=J6cNvjOn4gM	11-63
c1_cfe907674acbf586	https://www.youtube.com/watch?v=tu27kSOEGE4	7-31;116-138
o_0c8d809ec9d5613f	https://www.youtube.com/watch?v=E-L2uITTPv8	15-65
c1_0c8d809ec9d5613f	https://www.youtube.com/watch?v=Xi7Y4aJYxKM	169-219
o_7aee51900354f629	https://www.youtube.com/watch?v=fuZIv6tl9O8	39-101;149-169
c1_7aee51900354f629	https://www.youtube.com/watch?v=WZJQ4ldWUoM	38-99;148-167
o_3c4b006126ea2972	https://www.youtube.com/watch?v=FIG9C3n-SPc	46-70;178-198
c1_3c4b006126ea2972	https://www.youtube.com/watch?v=3AxkPukfevM	40-64;172-193
o_a59f40dc76c4527c	https://www.youtube.com/watch?v=ZkmYU-2auP4	14-65
c1_a59f40dc76c4527c	https://www.youtube.com/watch?v=9rk6Xr7cG10	14-35;91-115
o_7bef32230964312c	https://www.youtube.com/watch?v=NF46NnUn5nw	108-162;190-214
c1_7bef32230964312c	https://www.youtube.com/watch?v=LdOctquiQ5c	100-154;187-211
o_15aa9e8c62eb08c7	https://www.youtube.com/watch?v=EDS52OGoH1g	8-67;133-157
c1_15aa9e8c62eb08c7	https://www.youtube.com/watch?v=lOVe36s9MFw	42-66;143-164;187-211
o_75704d7250e4b38c	https://www.youtube.com/watch?v=4gibSb1_GGw	21-45;137-161
c1_75704d7250e4b38c	https://www.youtube.com/watch?v=PzreDE7dnLM	21-45;137-161
o_02ef97bfff97adda	https://www.youtube.com/watch?v=WK9wevdVniA	2-26;80-104
c1_02ef97bfff97adda	https://www.youtube.com/watch?v=LNUJu1Y82II	7-31;87-111
o_ce0d4c67f17630f0	https://www.youtube.com/watch?v=IC42ZHJcJWg	100-124;146-203
c1_ce0d4c67f17630f0	https://www.youtube.com/watch?v=Zc4EE8suoM8	103-127;149-206
o_084d8afec8e4722f	https://www.youtube.com/watch?v=Shk1vEhlFtI	2-21;85-109;135-159
c1_084d8afec8e4722f	https://www.youtube.com/watch?v=RS6ENNPxm8Y	32-97
o_fbc82181bf884d4d	https://www.youtube.com/watch?v=8D0tTkYxfUQ	20-62
c1_fbc82181bf884d4d	https://www.youtube.com/watch?v=8tH9N35Pwls	34-76
o_8dc98f36dc2f06b2	https://www.youtube.com/watch?v=PmM1zdepbzo	5-58;120-144
c1_8dc98f36dc2f06b2	https://www.youtube.com/watch?v=CdiT6CQ7ZTw	1-26;116-140
o_11ae53c370081b38	https://www.youtube.com/watch?v=p8fLheex1nA	5-25;76-94
c1_11ae53c370081b38	https://www.youtube.com/watch?v=oKppNO9YpTc	20-40;75-93
o_a222abe0a01ef684	https://www.youtube.com/watch?v=eT1mkn-k7nY	32-54;142-166
c1_a222abe0a01ef684	https://www.youtube.com/watch?v=Vrnnk16VERQ	97-157
o_f25c39322bc727b2	https://www.youtube.com/watch?v=8ymUttwpGWM	4-23;75-99;149-173
c1_f25c39322bc727b2	https://www.youtube.com/watch?v=ajXspKiCPqE	4-23;74-98;148-172
o_0f5206d4680e9041	https://www.youtube.com/watch?v=UJLtEpmrwN0	8-32;71-90;138-162
c1_0f5206d4680e9041	https://www.youtube.com/watch?v=L7GybHyT2lU	9-33;74-93;167-191
o_981065cc14a30246	https://www.youtube.com/watch?v=7Z2hmz2NlYQ	10-28;96-120
c1_981065cc14a30246	https://www.youtube.com/watch?v=fSO6Ux_qWAM	10-28;93-117
o_b0fe6c45165b1e3e	https://www.youtube.com/watch?v=d23r20z2DO4	13-37;74-133
c1_b0fe6c45165b1e3e	https://www.youtube.com/watch?v=vbYFzSu50x0	42-110
o_d21b72f4cab0facf	https://www.youtube.com/watch?v=1vrEljMfXYo	27-71
c1_d21b72f4cab0facf	https://www.youtube.com/watch?v=rMI9xmWlk1s	27-71
o_67dc644f4ec8522a	https://www.youtube.com/watch?v=MKM8JH8-iJE	92-146
c1_67dc644f4ec8522a	https://www.youtube.com/watch?v=gsM5PB1KSAc	110-134;192-216
o_ce0d7f90ade7e52a	https://www.youtube.com/watch?v=LnxVONZ55nQ	64-130
c1_ce0d7f90ade7e52a	https://www.youtube.com/watch?v=yGx263YodHU	108-170
o_77cd9abd2e5beecf	https://www.youtube.com/watch?v=_qYiuWufaWs	23-47;210-234
c1_77cd9abd2e5beecf	https://www.youtube.com/watch?v=Y-E6yb66K5A	33-57;220-244
o_38464f0a54c3d17b	https://www.youtube.com/watch?v=MdeSLxz5TTE	159-218
c1_38464f0a54c3d17b	https://www.youtube.com/watch?v=Phj9GtvEiFo	116-136;160-179
o_172bbea6cd0ba678	https://www.youtube.com/watch?v=c6KJWiZ2XoY	11-68;102-126
c1_172bbea6cd0ba678	https://www.youtube.com/watch?v=_X1EhhqQ9G0	20-77
o_f4caa5c35e19e376	https://www.youtube.com/watch?v=qQvIAs-nPSo	11-43
c1_f4caa5c35e19e376	https://www.youtube.com/watch?v=tX8Z8NDvzcM	82-114
o_6193376f975f150f	https://www.youtube.com/watch?v=bKTOizdhan8	4-43
c1_6193376f975f150f	https://www.youtube.com/watch?v=TbD0xnhE3zA	6-45
o_236d0b07eed059e0	https://www.youtube.com/watch?v=rejk5NzeJDA	104-126;209-233
c1_236d0b07eed059e0	https://www.youtube.com/watch?v=r5d0T015ZA4	105-126;209-233
o_c37d9b91026bfe6a	https://www.youtube.com/watch?v=lKcpodt0YCU	9-39
c1_c37d9b91026bfe6a	https://www.youtube.com/watch?v=FUylux2hD34	8-38
o_3ce727181d326325	https://www.youtube.com/watch?v=w6QGe-pXgdI	142-166;192-216
c1_3ce727181d326325	https://www.youtube.com/watch?v=LPh2SCVwVTY	129-153;179-203
o_ec07baedac868c77	https://www.youtube.com/watch?v=ykLVZR7RG_w	31-88;128-152
c1_ec07baedac868c77	https://www.youtube.com/watch?v=lJlusqahfhY	21-90
o_1b5639f7dc5d517f	https://www.youtube.com/watch?v=1sEDV3uSyx8	14-37;60-83;135-159
c1_1b5639f7dc5d517f	https://www.youtube.com/watch?v=x221STIUFM4	14-37;60-83;138-162
o_11615acb9d78749a	https://www.youtube.com/watch?v=J7hLeYEVG0M	10-65;161-182
c1_11615acb9d78749a	https://www.youtube.com/watch?v=t2fL1WIIWEQ	43-67;184-215
o_d4ecb231db829fe0	https://www.youtube.com/watch?v=sG37S8C9lyw	71-95;223-247;268-292
c1_d4ecb231db829fe0	https://www.youtube.com/watch?v=xzV2pTb0tbc	179-245;266-290
o_eb43d66795f5eae8	https://www.youtube.com/watch?v=d-JBBNg8YKs	9-84;220-244
c1_eb43d66795f5eae8	https://www.youtube.com/watch?v=xub_C66Ksl0	45-131;263-287
o_9aa130521439528d	https://www.youtube.com/watch?v=-SWJSL8uhr8	53-73;172-190
c1_9aa130521439528d	https://www.youtube.com/watch?v=awNS4Vm28mc	58-78;160-179
o_4df47ba26b8ecf77	https://www.youtube.com/watch?v=p3eVVPUHfCE	20-50
c1_4df47ba26b8ecf77	https://www.youtube.com/watch?v=tCpB_l3RYKQ	8-27;91-111
o_d077ef2356a1ed0b	https://www.youtube.com/watch?v=5pLdrldhbAo	15-39;163-187
c1_d077ef2356a1ed0b	https://www.youtube.com/watch?v=Puh5NuzrYBM	14-38;162-186
o_229c70003ab5b777	https://www.youtube.com/watch?v=7KVxjQUCyn0	28-46;140-164;210-234
c1_229c70003ab5b777	https://www.youtube.com/watch?v=I2K8PZPgH8Y	12-30;80-104;179-203
o_7055f6127af4c5f3	https://www.youtube.com/watch?v=S5uKEpOYSqY	89-163
c1_7055f6127af4c5f3	https://www.youtube.com/watch?v=ILSq6Zi6U4E	100-177
o_ef8d357f98672bdf	https://www.youtube.com/watch?v=n-P5NOgoLhY	28-72
c1_ef8d357f98672bdf	https://www.youtube.com/watch?v=XL0axfU3TyI	27-71
o_08de27194d771736	https://www.youtube.com/watch?v=ff3t55qh0Lw	12-36;178-202
c1_08de27194d771736	https://www.youtube.com/watch?v=96DdgpvrHEM	19-43;135-159
o_cde327605008cca3	https://www.youtube.com/watch?v=Q74hkeu78TI	18-81;124-148
c1_cde327605008cca3	https://www.youtube.com/watch?v=dvbjktNmu9o	8-28;65-89;141-165
o_5c9d30026d201dca	https://www.youtube.com/watch?v=e0vJNp5asqc	21-70
c1_5c9d30026d201dca	https://www.youtube.com/watch?v=3cacuwtWl7Q	60-96
o_f57f1f1c74568d0d	https://www.youtube.com/watch?v=AjLD4ufmSlE	14-36;155-216
c1_f57f1f1c74568d0d	https://www.youtube.com/watch?v=IecD1eXu5NU	3-25;79-103;185-209
o_2d56d58b6f4d847d	https://www.youtube.com/watch?v=cYUZxp12gQI	113-165
c1_2d56d58b6f4d847d	https://www.youtube.com/watch?v=SOt_YhvLpMQ	3-26;140-164
o_0ddd0c0f9f595ffe	https://www.youtube.com/watch?v=5MvfYvDF-7Y	36-100
c1_0ddd0c0f9f595ffe	https://www.youtube.com/watch?v=YX2o2Vn-38w	0-53
o_8b97ddad29991ccd	https://www.youtube.com/watch?v=bKcLap-tdHs	11-33;72-132
c1_8b97ddad29991ccd	https://www.youtube.com/watch?v=3QBPzFK7vHg	16-38;78-139
o_6027d47aade9688f	https://www.youtube.com/watch?v=SGtVZgCYVgk	13-54
c1_6027d47aade9688f	https://www.youtube.com/watch?v=SfAwBBTiCeQ	16-57
o_e97194e7cb5186e7	https://www.youtube.com/watch?v=Dc2ObDk3IRs	0-21;79-103;154-174
c1_e97194e7cb5186e7	https://www.youtube.com/watch?v=75y-OKW-dRs	88-112;137-185
o_c001a86070345030	https://www.youtube.com/watch?v=cTpvirQ-hPA	23-47;72-96
c1_c001a86070345030	https://www.youtube.com/watch?v=3E4sGZ5gbfo	26-50;74-98
o_12a5ebdaa997743f	https://www.youtube.com/watch?v=nJonoW9okdg	34-90;211-229
c1_12a5ebdaa997743f	https://www.youtube.com/watch?v=2cUx08PlP38	112-132;256-316
o_56bf895054a389d2	https://www.youtube.com/watch?v=C1G3jmtoOfk	11-35;145-169
c1_56bf895054a389d2	https://www.youtube.com/watch?v=JwbY7DuR9L8	15-39;149-173
o_3b074aaddfc16891	https://www.youtube.com/watch?v=Ab2AFlJ3cpY	0-58
c1_3b074aaddfc16891	https://www.youtube.com/watch?v=x2MxF6stJyY	4-62
o_00160be612770310	https://www.youtube.com/watch?v=xTTZQp5xKyg	112-159
c1_00160be612770310	https://www.youtube.com/watch?v=amuWEAyZLvI	103-150
o_1278a6502f55a692	https://www.youtube.com/watch?v=-Jj4s9I-53g	78-145
c1_1278a6502f55a692	https://www.youtube.com/watch?v=G9iVG4kg0sg	50-74;109-147
o_36ff11697c211439	https://www.youtube.com/watch?v=3oH1tdglJp8	16-40;69-87
c1_36ff11697c211439	https://www.youtube.com/watch?v=1_tWeGDVRPU	19-43;71-90
o_cb752310be28de3d	https://www.youtube.com/watch?v=DiIq_d4awEY	11-35;117-160
c1_cb752310be28de3d	https://www.youtube.com/watch?v=S4lQXVYAil0	11-35;118-165
o_0adaa24351b57c3d	https://www.youtube.com/watch?v=PfdMcC7nyvk	32-56;128-152
c1_0adaa24351b57c3d	https://www.youtube.com/watch?v=fepdFY_CVjk	42-66;137-161
o_13d3e9cd45064f36	https://www.youtube.com/watch?v=j3akJkD-6E4	16-57;122-146
c1_13d3e9cd45064f36	https://www.youtube.com/watch?v=jYimO3stmus	15-39;121-160
o_5e7593f232bdaefc	https://www.youtube.com/watch?v=sZ1vT0aPcYE	46-70;106-130;260-284
c1_5e7593f232bdaefc	https://www.youtube.com/watch?v=6TQOiVU7d70	55-79;170-215
o_f97c21b9b1dbd635	https://www.youtube.com/watch?v=LUccF58bgwY	14-34;121-165
c1_f97c21b9b1dbd635	https://www.youtube.com/watch?v=LHPYklzlujI	4-51;143-167
o_8583e9f61e7cb584	https://www.youtube.com/watch?v=OXcrEVFZOXs	41-65;128-152
c1_8583e9f61e7cb584	https://www.youtube.com/watch?v=XduhCIm-uqI	95-152
o_685ab64408246ec9	https://www.youtube.com/watch?v=hJzotJUlQws	42-104
c1_685ab64408246ec9	https://www.youtube.com/watch?v=IUG3S6khXro	38-100
o_7a7cf838197bab18	https://www.youtube.com/watch?v=lKhrn0K3_3E	12-36;88-135
c1_7a7cf838197bab18	https://www.youtube.com/watch?v=qgH101hq3Os	18-63;117-136
o_1c6b56712eb69fae	https://www.youtube.com/watch?v=NeCwJ1IiQQw	44-63;178-202
c1_1c6b56712eb69fae	https://www.youtube.com/watch?v=h5mn5Ye85DU	43-63;159-183
o_e514839cd085a345	https://www.youtube.com/watch?v=Ro4BWhD4uVk	7-53
c1_e514839cd085a345	https://www.youtube.com/watch?v=KMc1JFhNdO0	6-51
o_314f6e8a5b2aeeb3	https://www.youtube.com/watch?v=dmcNbsLCpBQ	3-26;47-95
c1_314f6e8a5b2aeeb3	https://www.youtube.com/watch?v=0e-k9AsI2Ok	2-93
o_d02d549375dcc5eb	https://www.youtube.com/watch?v=H4bIXVTsJck	41-79;193-212
c1_d02d549375dcc5eb	https://www.youtube.com/watch?v=ZbhbMW6LORk	77-96;189-223
o_27b4fde3f78ac366	https://www.youtube.com/watch?v=Sc9LcsNDly0	12-33;59-83
c1_27b4fde3f78ac366	https://www.youtube.com/watch?v=RM7zO6y4ODU	18-40;172-196
o_46ca322c504faf4d	https://www.youtube.com/watch?v=kh_OCwBHLbI	50-74;159-183
c1_46ca322c504faf4d	https://www.youtube.com/watch?v=R49pxCgA1Aw	213-252
o_7f21e366805865da	https://www.youtube.com/watch?v=sv8MGP6XAmk	76-100;153-206
c1_7f21e366805865da	https://www.youtube.com/watch?v=0asEZBmcx70	68-92;144-196
o_618ffbd0a2e5e2fa	https://www.youtube.com/watch?v=WlzY6cWpoMQ	43-91;196-219
c1_618ffbd0a2e5e2fa	https://www.youtube.com/watch?v=3N1MqQafkeQ	45-69;137-161;221-244
o_88b7c27c810d1a76	https://www.youtube.com/watch?v=MKUex3fci5c	19-61
c1_88b7c27c810d1a76	https://www.youtube.com/watch?v=jRHWcc5gohc	23-47;80-104
o_a6c36a1af1eba877	https://www.youtube.com/watch?v=Y1QZOprK7PQ	30-82
c1_a6c36a1af1eba877	https://www.youtube.com/watch?v=B_B34hxvFVU	55-107
o_a4e1dbc0e731615f	https://www.youtube.com/watch?v=BeJOh-N-TEA	26-73
c1_a4e1dbc0e731615f	https://www.youtube.com/watch?v=DeHIAkWM5gc	32-79
o_4354b38d9346484d	https://www.youtube.com/watch?v=LH3yWAKFVM4	17-41;62-82;127-147
c1_4354b38d9346484d	https://www.youtube.com/watch?v=zI896nr73oA	21-45;86-146
o_501e9f08b5719f25	https://www.youtube.com/watch?v=MY4eEOB1wSI	9-31;73-97
c1_501e9f08b5719f25	https://www.youtube.com/watch?v=Be_W5GtrqZ0	2-24;107-131
o_e9dc56ad8b1dcdd6	https://www.youtube.com/watch?v=u4TbDN6CStQ	8-59
c1_e9dc56ad8b1dcdd6	https://www.youtube.com/watch?v=_mStSQFExDg	9-33;87-105
o_f5534053894ef0bc	https://www.youtube.com/watch?v=wJXnqBWdMp8	6-26;87-111
c1_f5534053894ef0bc	https://www.youtube.com/watch?v=k4n7TqLMwos	6-64
o_6d4b152012d9db6c	https://www.youtube.com/watch?v=jfR1deQo6cg	8-32;63-85
c1_6d4b152012d9db6c	https://www.youtube.com/watch?v=m1uUjjB9eY4	20-44;202-224
o_1acf4d66ef610232	https://www.youtube.com/watch?v=YeR7O6jLMiQ	52-76;110-133
c1_1acf4d66ef610232	https://www.youtube.com/watch?v=1Skla3BTrt8	6-29;71-95
o_a24241e55f6f599d	https://www.youtube.com/watch?v=bRiujLBdZ2g	61-118;152-176
c1_a24241e55f6f599d	https://www.youtube.com/watch?v=SeVCXfeObAU	123-169;234-258
o_2930488a492bfe29	https://www.youtube.com/watch?v=awIYfhCJsOI	31-76
c1_2930488a492bfe29	https://www.youtube.com/watch?v=O6wGu8vsN7o	30-54;131-150
o_e210e9f8c9961ccb	https://www.youtube.com/watch?v=t7Csc6l4QLs	0-16;40-64
c1_e210e9f8c9961ccb	https://www.youtube.com/watch?v=QztqX0miCHg	38-62;217-236
o_2bcce115c29958bb	https://www.youtube.com/watch?v=D5drYkLiLI8	26-70
c1_2bcce115c29958bb	https://www.youtube.com/watch?v=vGDNUKRktXg	28-72
o_5f10544bdd16ec5f	https://www.youtube.com/watch?v=yykZEJfjaFg	47-71;144-168;193-217
c1_5f10544bdd16ec5f	https://www.youtube.com/watch?v=b1y4DaARYME	51-75;148-172;197-221
o_66f8720661254e61	https://www.youtube.com/watch?v=3GL59bTciMY	20-39;100-124
c1_66f8720661254e61	https://www.youtube.com/watch?v=2ok7nm0rAxs	0-18;70-94
o_0d072a3c2168481d	https://www.youtube.com/watch?v=5Uyoof0o84Y	58-115
c1_0d072a3c2168481d	https://www.youtube.com/watch?v=UBIU6ycmWno	58-115
o_2f587cd97a983e29	https://www.youtube.com/watch?v=9K1dgNcLBYE	18-81;201-224
c1_2f587cd97a983e29	https://www.youtube.com/watch?v=-VKRi4d9-6k	9-101
o_972fcab26426e479	https://www.youtube.com/watch?v=c1akKYdWxO4	42-66;118-142
c1_972fcab26426e479	https://www.youtube.com/watch?v=pfG9_Gr4l6w	56-80;133-157
o_43d2e644dc798444	https://www.youtube.com/watch?v=x2OtCBnpsxA	86-154
c1_43d2e644dc798444	https://www.youtube.com/watch?v=pBV770ldSJw	85-153
o_f22086de13b5bd7c	https://www.youtube.com/watch?v=AOeP9SoR5A4	44-68;91-115;194-218
c1_f22086de13b5bd7c	https://www.youtube.com/watch?v=0lEY5w5iNBI	42-66;89-113;192-216
o_f6815c83f916ba1d	https://www.youtube.com/watch?v=NzV_-CRC9rk	29-85
c1_f6815c83f916ba1d	https://www.youtube.com/watch?v=-BnYcXLveWs	28-84
o_afac4956fef55ff1	https://www.youtube.com/watch?v=D4aNO-3qbXc	33-57;176-200
c1_afac4956fef55ff1	https://www.youtube.com/watch?v=NQtJteqaWxE	86-110;175-199
o_366fe81ea6725e20	https://www.youtube.com/watch?v=VITU-kdhiVs	84-143
c1_366fe81ea6725e20	https://www.youtube.com/watch?v=YlIacZyyplk	84-142
o_a62975905f6610bc	https://www.youtube.com/watch?v=D-5GnZYxI4M	28-52;112-136
c1_a62975905f6610bc	https://www.youtube.com/watch?v=e5_2GYLADu4	61-111
o_013a29c819217a21	https://www.youtube.com/watch?v=1IsJ2Dg3W78	24-96
c1_013a29c819217a21	https://www.youtube.com/watch?v=Y3QXcD3W2iA	46-138
o_e50ebb1a4141fa3a	https://www.youtube.com/watch?v=0FzV0IBo02w	49-103;181-205
c1_e50ebb1a4141fa3a	https://www.youtube.com/watch?v=Qu4_GDz1Dao	54-108;186-210
o_5b480ce76d366dc1	https://www.youtube.com/watch?v=xqFkUNqBwMw	23-47;72-92
c1_5b480ce76d366dc1	https://www.youtube.com/watch?v=FRdv4t4G_pM	30-54;78-98
o_31791d1db0883174	https://www.youtube.com/watch?v=zUMqnS_y9kI	32-75
c1_31791d1db0883174	https://www.youtube.com/watch?v=utgzPuHL9kY	64-88;118-142
o_ff0d276f5d164b69	https://www.youtube.com/watch?v=qQU5nS8G7K8	11-48
c1_ff0d276f5d164b69	https://www.youtube.com/watch?v=ogJeEbu5Of4	11-48
o_cb2ead205a9aaf8e	https://www.youtube.com/watch?v=UWxSGspIv2c	36-90;120-144
c1_cb2ead205a9aaf8e	https://www.youtube.com/watch?v=nDxUQOY-kZo	35-88;118-142
o_3465da8835b29342	https://www.youtube.com/watch?v=J5BRuWS9iAk	26-66
c1_3465da8835b29342	https://www.youtube.com/watch?v=xJB-DagBL0w	17-58
o_bdacebe01b1fb0e2	https://www.youtube.com/watch?v=gAM5SXnDMeI	75-136
c1_bdacebe01b1fb0e2	https://www.youtube.com/watch?v=KPDs4esIoYY	112-132;187-211
o_5f575a36a08e5917	https://www.youtube.com/watch?v=ycFTjrKpIGs	32-66
c1_5f575a36a08e5917	https://www.youtube.com/watch?v=2Cw55tzph2I	33-54;122-140
o_03d18ba3d8c34c79	https://www.youtube.com/watch?v=adPIeQDeCsU	36-81;164-188
c1_03d18ba3d8c34c79	https://www.youtube.com/watch?v=cqzWctNjacs	43-87;156-180
o_765bd8c48d6d05ac	https://www.youtube.com/watch?v=Q5SgNyYt0jc	11-93
c1_765bd8c48d6d05ac	https://www.youtube.com/watch?v=WDkDBeSoWo0	7-31;70-94;115-139
o_75626b83fbb9c03f	https://www.youtube.com/watch?v=xFtZx9P_jiI	12-36;194-218
c1_75626b83fbb9c03f	https://www.youtube.com/watch?v=y0H-8O99IXw	12-76
o_f45ed418ea380698	https://www.youtube.com/watch?v=eDqxyR4jpBc	23-45;74-128
c1_f45ed418ea380698	https://www.youtube.com/watch?v=xI1LHo2QFMU	15-46;93-117
o_836ffc30392d44b9	https://www.youtube.com/watch?v=4RX8M3hkYhs	63-84;138-162
c1_836ffc30392d44b9	https://www.youtube.com/watch?v=AZlRo1rT4Ww	62-83;136-160
o_d2e61c22da0197d5	https://www.youtube.com/watch?v=PkZeTUdTvS0	45-69;194-218;282-306
c1_d2e61c22da0197d5	https://www.youtube.com/watch?v=tUgeG44FWFQ	22-46;130-157
o_a08417dc19cb0915	https://www.youtube.com/watch?v=6Rv6-goo2oA	45-69;165-189
c1_a08417dc19cb0915	https://www.youtube.com/watch?v=3LIf05E5UbY	70-94;190-214
o_995842dfb3d7bc1b	https://www.youtube.com/watch?v=ZhxJAxa77sE	0-56
c1_995842dfb3d7bc1b	https://www.youtube.com/watch?v=_LBZNisRiA4	98-138
o_12c830d14d51f9a3	https://www.youtube.com/watch?v=1xNrIyuNOuk	22-46;174-198
c1_12c830d14d51f9a3	https://www.youtube.com/watch?v=PeJEBYF6_N4	95-155
o_b06ed06a9a66e883	https://www.youtube.com/watch?v=JvtzWusWvc8	41-65;131-155
c1_b06ed06a9a66e883	https://www.youtube.com/watch?v=LLhCmTyi4wE	40-64;131-155
o_e3d17853b5e7013a	https://www.youtube.com/watch?v=lWNwicthm0Q	54-78;177-201
c1_e3d17853b5e7013a	https://www.youtube.com/watch?v=8nyAGE6HtXg	58-82;181-205
o_b9264a98d7dd856b	https://www.youtube.com/watch?v=ekP6wH4L9eA	21-77;228-252
c1_b9264a98d7dd856b	https://www.youtube.com/watch?v=3yFXhtkolBg	0-62;83-107
o_1153d04ed338928b	https://www.youtube.com/watch?v=WUdkuL1lBEc	18-42;104-128;179-203
c1_1153d04ed338928b	https://www.youtube.com/watch?v=S_umtZK6aiM	23-47;110-134;185-209
o_31021a5d19068bec	https://www.youtube.com/watch?v=961NOd2OEOs	45-69;145-169;233-256
c1_31021a5d19068bec	https://www.youtube.com/watch?v=YZof2rENeN8	45-69;199-224
o_b1183b1c110a70b6	https://www.youtube.com/watch?v=JMYqZINk20w	56-80;161-180
c1_b1183b1c110a70b6	https://www.youtube.com/watch?v=KXqNdsr8mm8	55-89
o_c552c5a122e80c61	https://www.youtube.com/watch?v=OCOIfvL_JPs	18-78
c1_c552c5a122e80c61	https://www.youtube.com/watch?v=yKKbj12CVqk	19-79
o_3cbe6b6b5db9d6f0	https://www.youtube.com/watch?v=n-cK70DXsSA	50-72;124-148
c1_3cbe6b6b5db9d6f0	https://www.youtube.com/watch?v=s1-xe_6otMY	51-73;125-149
o_63e3b5f1a3c7b800	https://www.youtube.com/watch?v=e7U1YZNgwnY	41-59;112-136;178-202
c1_63e3b5f1a3c7b800	https://www.youtube.com/watch?v=QoQLlK79RLQ	56-114;189-213
o_6133db12aca1cf49	https://www.youtube.com/watch?v=nKZURnCMlvo	87-111;254-274
c1_6133db12aca1cf49	https://www.youtube.com/watch?v=TLNfgqpKCAo	86-110;253-273
o_282430b54f82efba	https://www.youtube.com/watch?v=OrSadmwmmAs	159-183;226-250
c1_282430b54f82efba	https://www.youtube.com/watch?v=eEIJg41iKuk	134-158;199-223
o_530c02f7432fe654	https://www.youtube.com/watch?v=8bgBAJutjOg	53-77;239-263
c1_530c02f7432fe654	https://www.youtube.com/watch?v=Zquys2hFQAk	81-105;266-290
o_be3f0dcf0ceca0c2	https://www.youtube.com/watch?v=fu-rLZM1VOw	12-30;261-285
c1_be3f0dcf0ceca0c2	https://www.youtube.com/watch?v=hZi1Jdf9mrg	22-41;153-177
o_57e6b205dfa3e03a	https://www.youtube.com/watch?v=TUe7dMi2uLA	10-62
c1_57e6b205dfa3e03a	https://www.youtube.com/watch?v=swmpItoV5mc	39-63;93-112
o_70c4e53082f9ca8b	https://www.youtube.com/watch?v=mJRjBF78fsA	137-155;176-195
c1_70c4e53082f9ca8b	https://www.youtube.com/watch?v=eMRMqUHdIuI	140-159;196-214
o_0a2e3aeb07f0c0df	https://www.youtube.com/watch?v=zUg8B1VA0Bs	28-102
c1_0a2e3aeb07f0c0df	https://www.youtube.com/watch?v=rej7wJOlWYo	46-101
o_bbfe33e5ec4eed83	https://www.youtube.com/watch?v=YOtCVfBxUtc	7-45
c1_bbfe33e5ec4eed83	https://www.youtube.com/watch?v=EseioJ2Y4II	11-49
o_3bf6eeb7c48acfde	https://www.youtube.com/watch?v=aNTWP18EsPE	25-45;145-169
c1_3bf6eeb7c48acfde	https://www.youtube.com/watch?v=fTmRA6xaSc4	25-45;141-165
o_70f4593d52f1748b	https://www.youtube.com/watch?v=lrjSby-spe0	48-69;102-126
c1_70f4593d52f1748b	https://www.youtube.com/watch?v=xIwoOVfKgLw	47-68;102-126
o_dfffbeb27dc59f5d	https://www.youtube.com/watch?v=6q-CS7UL-u4	74-98;120-173
c1_dfffbeb27dc59f5d	https://www.youtube.com/watch?v=2_pAiwHFurU	33-57;79-131
o_625c736909a668a7	https://www.youtube.com/watch?v=qrlytbdWpt0	71-95;220-244
c1_625c736909a668a7	https://www.youtube.com/watch?v=rS1upoXbZdM	238-301
o_a0e7edc11288d871	https://www.youtube.com/watch?v=9_hHQhBw2wk	91-115;181-205
c1_a0e7edc11288d871	https://www.youtube.com/watch?v=MO9MCpZC3t0	169-193;241-265
o_a4f31665b7c62f0b	https://www.youtube.com/watch?v=QqDUBMGPOS4	15-39;192-212
c1_a4f31665b7c62f0b	https://www.youtube.com/watch?v=Ut0NqqeLZxQ	20-44;200-221
o_f50c9dd6463eee69	https://www.youtube.com/watch?v=0fNxgaw8I7I	7-46;160-184
c1_f50c9dd6463eee69	https://www.youtube.com/watch?v=96zUs9xPp6s	22-45;126-182
o_b2e826b38b8195b1	https://www.youtube.com/watch?v=uCD0fPSsdBA	23-47;87-106
c1_b2e826b38b8195b1	https://www.youtube.com/watch?v=nX22qLlEJsk	20-44;84-103
o_89e32b5c7bc2bb8a	https://www.youtube.com/watch?v=y7INpfQEPkE	55-94;148-172
c1_89e32b5c7bc2bb8a	https://www.youtube.com/watch?v=X9Gfm-z03iE	0-38;143-167
o_4ffce919fca34aee	https://www.youtube.com/watch?v=YbHBixMiSgk	40-84
c1_4ffce919fca34aee	https://www.youtube.com/watch?v=jcMxUVEdQQo	41-63;112-136
o_503a4eed90beafa3	https://www.youtube.com/watch?v=dKyMQlX4hYk	14-33;54-78
c1_503a4eed90beafa3	https://www.youtube.com/watch?v=ggqtWnQkCwY	15-35;57-81
o_d9899bbea36566bd	https://www.youtube.com/watch?v=Kz5scjSQ_WE	84-108;156-180
c1_d9899bbea36566bd	https://www.youtube.com/watch?v=MSZXa5LDLzE	99-162
o_1483b65b225fb7d5	https://www.youtube.com/watch?v=zPrFPd9vPpM	10-75
c1_1483b65b225fb7d5	https://www.youtube.com/watch?v=4E6OSApGF-k	1-25;106-130
o_e1274aeebf941403	https://www.youtube.com/watch?v=dMMUH_ZpbB0	72-96;158-182
c1_e1274aeebf941403	https://www.youtube.com/watch?v=2ls9NCdjm74	31-93
o_f913e570b74fafd7	https://www.youtube.com/watch?v=s4IsExWBrPw	57-104
c1_f913e570b74fafd7	https://www.youtube.com/watch?v=gymcuRD0ZFM	91-139
o_0c40bf4980b46cfd	https://www.youtube.com/watch?v=IvEwUH8m1Vo	14-72
c1_0c40bf4980b46cfd	https://www.youtube.com/watch?v=rSzEciq2-jc	27-47;171-195
o_1a292b73633ea53f	https://www.youtube.com/watch?v=DTQzMjrw_5U	14-38;73-97
c1_1a292b73633ea53f	https://www.youtube.com/watch?v=WMR73AOb6FM	18-42;77-101
o_31c0f1725635160d	https://www.youtube.com/watch?v=HhSjwU8gEsI	33-57;149-189
c1_31c0f1725635160d	https://www.youtube.com/watch?v=Bj97B_xfPhI	66-163
o_c6f53d12fcd1f4cf	https://www.youtube.com/watch?v=K7Xy8XLKwec	19-105
c1_c6f53d12fcd1f4cf	https://www.youtube.com/watch?v=mxi5TdmAz0o	13-82
o_93c127155b406a12	https://www.youtube.com/watch?v=szJJEFxyrX8	1-25;148-172
c1_93c127155b406a12	https://www.youtube.com/watch?v=dQNG1pBy7wE	0-24;147-171
o_ce92ae3c85065349	https://www.youtube.com/watch?v=ldQrapQ4d0Y	82-100;181-200
c1_ce92ae3c85065349	https://www.youtube.com/watch?v=T6qPwAW5fGM	121-140;204-224
o_dd2249157c465d3d	https://www.youtube.com/watch?v=7MYkaMd5a5Q	42-66;113-137
c1_dd2249157c465d3d	https://www.youtube.com/watch?v=J5aY4nXMwhU	19-43;66-90
o_3bbc4c94ca7bae91	https://www.youtube.com/watch?v=nwxvdP3n2kk	76-118
c1_3bbc4c94ca7bae91	https://www.youtube.com/watch?v=LvOEqCnG4iw	78-121
o_c4b517dc498383dd	https://www.youtube.com/watch?v=83thKi9xL9I	60-119
c1_c4b517dc498383dd	https://www.youtube.com/watch?v=7xyFayZVxNQ	7-31;58-82
o_a1253db53530523c	https://www.youtube.com/watch?v=wVFcs-oMVYI	14-36;70-94
c1_a1253db53530523c	https://www.youtube.com/watch?v=UVRbig6UAXQ	14-37;123-147
o_cc531b7eac630017	https://www.youtube.com/watch?v=s3bksUSPB4c	24-123
c1_cc531b7eac630017	https://www.youtube.com/watch?v=AB96RRsM-cA	15-82
o_0344a1313ac53a98	https://www.youtube.com/watch?v=oRasjYF2bSo	21-45;75-99;161-185
c1_0344a1313ac53a98	https://www.youtube.com/watch?v=a0bcjpcvags	0-45;75-99
o_16a8e769427f5695	https://www.youtube.com/watch?v=ONXQbbJJLuM	20-44;70-91;232-254
c1_16a8e769427f5695	https://www.youtube.com/watch?v=kInkK4rRvMw	37-107
o_09be604a4d306410	https://www.youtube.com/watch?v=iOpJywrdCuQ	0-17;46-70
c1_09be604a4d306410	https://www.youtube.com/watch?v=YJ76xeROUKI	2-20;49-73
o_05c6d8787eb06595	https://www.youtube.com/watch?v=i7TTSzfs2kw	14-38;120-144
c1_05c6d8787eb06595	https://www.youtube.com/watch?v=uH9qQIvLqGg	55-79;160-184
o_bb13cc3789c945a0	https://www.youtube.com/watch?v=KYHBv5miIqQ	44-65;151-175
c1_bb13cc3789c945a0	https://www.youtube.com/watch?v=rO7oDZZb7K0	93-114;143-167
o_384dde5e88b32b0e	https://www.youtube.com/watch?v=GgS0ZRW8tcI	33-112
c1_384dde5e88b32b0e	https://www.youtube.com/watch?v=YTEesJ2amtA	50-93;114-138
o_ac02c39b07059163	https://www.youtube.com/watch?v=UHsN9d4FTVI	69-93;147-186
c1_ac02c39b07059163	https://www.youtube.com/watch?v=_EC6yIG_oRA	20-44;162-186
o_ef3371b57962aae1	https://www.youtube.com/watch?v=s_-QRNVbNM8	106-130;212-242
c1_ef3371b57962aae1	https://www.youtube.com/watch?v=7c66t5z90fE	104-128;220-258
o_a5d8af0c2fde41da	https://www.youtube.com/watch?v=qBoAK7cQns0	30-85
c1_a5d8af0c2fde41da	https://www.youtube.com/watch?v=XIDrX8WwjTw	96-152
o_d37ffbd33dfefad6	https://www.youtube.com/watch?v=KC3vI2DD4nA	44-68;134-158
c1_d37ffbd33dfefad6	https://www.youtube.com/watch?v=xBXbRGt-K_g	113-159
o_221c6d0484b21eef	https://www.youtube.com/watch?v=7ll7ocQbH_k	5-118
c1_221c6d0484b21eef	https://www.youtube.com/watch?v=LF1fBlXConA	8-124
o_954325ff5c83d6d3	https://www.youtube.com/watch?v=BVqHA9Bb8jo	44-64;115-135
c1_954325ff5c83d6d3	https://www.youtube.com/watch?v=Tu9-SYWD77k	51-72;123-143
o_8d69543de8381f54	https://www.youtube.com/watch?v=aShFej0CQc4	37-58;130-154
c1_8d69543de8381f54	https://www.youtube.com/watch?v=aVlkRvrpx2M	0-20;92-116
o_b7d74d379636e98d	https://www.youtube.com/watch?v=SRIdaMBKgk8	73-140;175-199
c1_b7d74d379636e98d	https://www.youtube.com/watch?v=TypDgujhtaM	46-113;148-172
o_09c03df47e9bad16	https://www.youtube.com/watch?v=ADtnUC_ctNk	17-59
c1_09c03df47e9bad16	https://www.youtube.com/watch?v=ifXnCO6MQBA	72-91;146-170
o_e026cb588a7ae1be	https://www.youtube.com/watch?v=IiYVsPBZkhk	28-52;187-211
c1_e026cb588a7ae1be	https://www.youtube.com/watch?v=IbC-LGUFS2Q	28-52;171-195
o_5065deaf87e10f35	https://www.youtube.com/watch?v=bFnjzt7Ft4g	19-40;64-88
c1_5065deaf87e10f35	https://www.youtube.com/watch?v=-Dx9_BwH4ck	32-53;217-241
o_504522ae97410131	https://www.youtube.com/watch?v=rCxFg-ngTsM	67-105
c1_504522ae97410131	https://www.youtube.com/watch?v=u-IJMNo2d70	75-113
o_b20ce9efec0cf336	https://www.youtube.com/watch?v=B0ET14JfjGI	22-46;185-209
c1_b20ce9efec0cf336	https://www.youtube.com/watch?v=irYnes99l2I	22-46;185-209
o_e088f13c227d66c5	https://www.youtube.com/watch?v=rdXTZAr1zBY	26-50;139-163
c1_e088f13c227d66c5	https://www.youtube.com/watch?v=fhPZZzOSVAo	23-47;137-161
o_bbd62f17c948cc89	https://www.youtube.com/watch?v=zLue7V9ap5Q	23-64
c1_bbd62f17c948cc89	https://www.youtube.com/watch?v=V87STzd96DI	23-45;96-120
o_0aa897e591ab7708	https://www.youtube.com/watch?v=zQgoVE2eVS0	59-116;154-178
c1_0aa897e591ab7708	https://www.youtube.com/watch?v=zdPMSH1_G-g	57-111;154-178
o_e99fd8d85ee14bbf	https://www.youtube.com/watch?v=u3kKGaMR1Mw	49-108
c1_e99fd8d85ee14bbf	https://www.youtube.com/watch?v=RatKOCq4MTI	124-145;208-229
o_616f9a0accab7e20	https://www.youtube.com/watch?v=M5iSEdo5VNI	15-74
c1_616f9a0accab7e20	https://www.youtube.com/watch?v=rI1ZIYf_pmk	12-36;112-136
o_553b49b55d83e3db	https://www.youtube.com/watch?v=Um7pMggPnug	9-32;54-78
c1_553b49b55d83e3db	https://www.youtube.com/watch?v=4XHiUYpyvYU	7-29;126-150
o_fa945015c4c42cfb	https://www.youtube.com/watch?v=bh4se9YMV3A	34-80
c1_fa945015c4c42cfb	https://www.youtube.com/watch?v=J0kEIgAn7Ss	29-53;108-132
o_60f4ee15da57b367	https://www.youtube.com/watch?v=-2krmNYZaNI	73-97;132-175
c1_60f4ee15da57b367	https://www.youtube.com/watch?v=i6Vj6JsKAQo	79-103;138-181
o_f497c12256cdf309	https://www.youtube.com/watch?v=O_n3E3mZdm8	55-79;121-142
c1_f497c12256cdf309	https://www.youtube.com/watch?v=vZj63zaQ2Fo	54-78;120-141
o_36337686f194c623	https://www.youtube.com/watch?v=XDjbg-WDimc	13-37;78-102
c1_36337686f194c623	https://www.youtube.com/watch?v=2bfJsZq_AN0	13-37;78-102
o_9a695a3cdc344a82	https://www.youtube.com/watch?v=It-TZrxkH38	32-56;94-118
c1_9a695a3cdc344a82	https://www.youtube.com/watch?v=MMbMLgLZcTg	17-41;143-167
o_f05d5e4c9425dd69	https://www.youtube.com/watch?v=5w9E5yJDOwM	67-91;148-172
c1_f05d5e4c9425dd69	https://www.youtube.com/watch?v=E4rvGGFt7LU	114-174
o_57a5fc576f31cfcb	https://www.youtube.com/watch?v=lFUWcAGTLqw	12-60
c1_57a5fc576f31cfcb	https://www.youtube.com/watch?v=bdAv9v3AQ3o	34-79
o_ea3662aa82c46df0	https://www.youtube.com/watch?v=_o-okgWAoPI	38-96
c1_ea3662aa82c46df0	https://www.youtube.com/watch?v=UFSImHGZDJU	43-100
o_0820b84af73b6c6a	https://www.youtube.com/watch?v=39DrStgcaOM	174-243
c1_0820b84af73b6c6a	https://www.youtube.com/watch?v=ZrYwl3Fn6FU	96-148
o_423748936d521003	https://www.youtube.com/watch?v=dGYxT1QReQs	13-37;83-107
c1_423748936d521003	https://www.youtube.com/watch?v=41sIHwhvfcU	12-36;82-106
o_9e211898db473679	https://www.youtube.com/watch?v=3oiuKOSac-c	22-42;90-114;253-277
c1_9e211898db473679	https://www.youtube.com/watch?v=lSIeOMRtrAM	52-108;178-202
o_aa76c7d0dc6dcf01	https://www.youtube.com/watch?v=Xc1uQI2XmZs	67-108
c1_aa76c7d0dc6dcf01	https://www.youtube.com/watch?v=6WRlLxet5do	63-87;172-193
o_f0e79bc3ffa1daf6	https://www.youtube.com/watch?v=r4mlhcFKzXQ	7-31;101-125;186-210
c1_f0e79bc3ffa1daf6	https://www.youtube.com/watch?v=xkY7OIIRwW0	23-47;115-139;199-223
o_9cadfab7dada160a	https://www.youtube.com/watch?v=b4yd9ykhqpA	44-64;158-182
c1_9cadfab7dada160a	https://www.youtube.com/watch?v=LGJkuEgVvmo	102-122;161-185
o_9b221d87842b8a66	https://www.youtube.com/watch?v=n8NIHnkZkeE	240-267
c1_9b221d87842b8a66	https://www.youtube.com/watch?v=aAIvl2Jxyr4	112-139
o_ea438c65c8b43085	https://www.youtube.com/watch?v=-uj9b9JCIJM	45-69;140-164
c1_ea438c65c8b43085	https://www.youtube.com/watch?v=f-mo6oZQ7jE	117-141;169-193
o_6ec2dd6f85b79153	https://www.youtube.com/watch?v=Mr5emjVn_8Q	32-50;129-153;200-224
c1_6ec2dd6f85b79153	https://www.youtube.com/watch?v=3r89SrnmZ3s	55-79;153-177;257-275
o_864ca7343f933856	https://www.youtube.com/watch?v=JnRw8bXVbPI	94-137;299-323
c1_864ca7343f933856	https://www.youtube.com/watch?v=Esx-0hTPod0	59-77;141-175
o_ab0c78067a4965dc	https://www.youtube.com/watch?v=Ez31-p-kAPQ	94-118;152-176
c1_ab0c78067a4965dc	https://www.youtube.com/watch?v=SivByhopmK4	83-128
o_8b82b9d654a7cde6	https://www.youtube.com/watch?v=7-u17jx0r0Y	30-90
c1_8b82b9d654a7cde6	https://www.youtube.com/watch?v=r3WYPqiZ7Z0	29-48;117-141
o_f5ae244e6fb00e3f	https://www.youtube.com/watch?v=IH0Chi-WNq0	80-116
c1_f5ae244e6fb00e3f	https://www.youtube.com/watch?v=qxmKqKdl5Jg	20-44;120-144
o_6b30aefaef94ca39	https://www.youtube.com/watch?v=QvBmtqyaijI	50-74;124-227
c1_6b30aefaef94ca39	https://www.youtube.com/watch?v=USABBLCCGIY	55-79;138-161;192-229
o_ab06347d26a7ff44	https://www.youtube.com/watch?v=Gciy9oG5678	65-105;179-203
c1_ab06347d26a7ff44	https://www.youtube.com/watch?v=sSp5j0MuD-w	20-59;187-211
o_ad60de53c280fa47	https://www.youtube.com/watch?v=mRFHAvdwXXs	9-61
c1_ad60de53c280fa47	https://www.youtube.com/watch?v=wkc6QgjbYyI	9-61
o_55c14dca50322bb4	https://www.youtube.com/watch?v=xKZ7o7EXHFM	11-35;115-139
c1_55c14dca50322bb4	https://www.youtube.com/watch?v=XQiME67jbg4	14-38;117-141
o_455bef398d42fe1d	https://www.youtube.com/watch?v=BpIf43m2ZQI	103-146
c1_455bef398d42fe1d	https://www.youtube.com/watch?v=XOj57TAlDrE	103-147
o_e69436d67ad4ed9e	https://www.youtube.com/watch?v=qLRlt9nClVQ	46-93
c1_e69436d67ad4ed9e	https://www.youtube.com/watch?v=BZcRPPPYIDk	36-60;115-139
o_b26964f14bac7e6f	https://www.youtube.com/watch?v=NSIv_SCRaj8	95-114;230-253
c1_b26964f14bac7e6f	https://www.youtube.com/watch?v=QsaCIUjK4Mk	94-153
o_e1def2c1a8b91998	https://www.youtube.com/watch?v=Vg5mHnR9EWw	83-107;144-206
c1_e1def2c1a8b91998	https://www.youtube.com/watch?v=ST2ZRvrtD4s	63-107;144-167
o_c331d9cac01a84f7	https://www.youtube.com/watch?v=UMskYRWVu9A	4-61;140-164
c1_c331d9cac01a84f7	https://www.youtube.com/watch?v=X8U9YTSfnpg	4-62;140-164
o_b06eeee5fe52e24e	https://www.youtube.com/watch?v=K410qhAnSzM	37-61;135-159
c1_b06eeee5fe52e24e	https://www.youtube.com/watch?v=ci1COS8ImEg	38-62;136-160
o_c4079f700c3997d3	https://www.youtube.com/watch?v=j1YBUCabXXY	35-59;151-175
c1_c4079f700c3997d3	https://www.youtube.com/watch?v=n_VO_paQwGM	17-41;119-143
o_9fd4763e3844d526	https://www.youtube.com/watch?v=1Z0Jh35qRv8	36-60;81-105
c1_9fd4763e3844d526	https://www.youtube.com/watch?v=i1cHqm4ONio	36-60;81-105
o_23059ca78c3f3e1b	https://www.youtube.com/watch?v=uZQR3KqvYPc	135-171;254-274
c1_23059ca78c3f3e1b	https://www.youtube.com/watch?v=cdgqWveG_EU	134-170;254-274
o_3b278e53567f8fde	https://www.youtube.com/watch?v=7YllaIRPvX4	16-36;138-162
c1_3b278e53567f8fde	https://www.youtube.com/watch?v=oYco40tRQS4	45-65;146-170
o_c720bb0fec4ab89d	https://www.youtube.com/watch?v=4g03b4U_aPk	1-25;62-86
c1_c720bb0fec4ab89d	https://www.youtube.com/watch?v=XWQlKS2nK3g	0-23;147-171
o_f37c74e38fe8bdc1	https://www.youtube.com/watch?v=Uzgv3xD5Dt4	49-88;157-181
c1_f37c74e38fe8bdc1	https://www.youtube.com/watch?v=h6j5mQiRcwc	34-56;122-146;192-216
o_1e3b4f5d8036eb39	https://www.youtube.com/watch?v=sfjon-ZTqzU	45-111
c1_1e3b4f5d8036eb39	https://www.youtube.com/watch?v=exZFDv-S4wI	47-113
o_b61574171e48baf1	https://www.youtube.com/watch?v=b8m9zhNAgKs	50-74;142-166;218-242
c1_b61574171e48baf1	https://www.youtube.com/watch?v=FpEFDHszuro	24-85
o_652598a2eb11a393	https://www.youtube.com/watch?v=91XTZ92zs2w	26-76
c1_652598a2eb11a393	https://www.youtube.com/watch?v=C-4CtdLXnQU	26-47;96-120
o_c3187bd01f70ec67	https://www.youtube.com/watch?v=II7P_niOv5A	3-25;144-168
c1_c3187bd01f70ec67	https://www.youtube.com/watch?v=6Ehb_YvdCnY	115-150
o_32b858000089e00f	https://www.youtube.com/watch?v=M4HwJo53Tkk	22-46;108-132
c1_32b858000089e00f	https://www.youtube.com/watch?v=6efG1UnaS8U	24-48;112-136
o_bdd17168076fd3b3	https://www.youtube.com/watch?v=5njDmUMhfa0	14-38;69-130
c1_bdd17168076fd3b3	https://www.youtube.com/watch?v=Ed8hm_3DOv0	9-84
o_40ea5cd6069e8857	https://www.youtube.com/watch?v=bsgLU30JQEM	38-82;209-233
c1_40ea5cd6069e8857	https://www.youtube.com/watch?v=TSQA62gpCIk	50-72;201-225
o_8623159c7134934b	https://www.youtube.com/watch?v=-MRsaBTwjX0	11-35;176-200
c1_8623159c7134934b	https://www.youtube.com/watch?v=DPxrmW1dng0	11-35;69-93
o_23014d2c2641ba02	https://www.youtube.com/watch?v=JdFm6rw0oqo	21-43;86-110
c1_23014d2c2641ba02	https://www.youtube.com/watch?v=MI5sEF19FTg	29-51;94-118
o_aa15b051479bcd87	https://www.youtube.com/watch?v=SoRqrVs2sac	11-35;155-192
c1_aa15b051479bcd87	https://www.youtube.com/watch?v=iWVFzWgm63s	66-90;143-182
o_42a92aa31a82ea16	https://www.youtube.com/watch?v=HAKe4LUpRKU	38-86
c1_42a92aa31a82ea16	https://www.youtube.com/watch?v=SJJiJc0b2qQ	40-88
o_c2bb325c91214811	https://www.youtube.com/watch?v=ZFn-DkoqCS8	123-169
c1_c2bb325c91214811	https://www.youtube.com/watch?v=FT410GP270I	76-94;148-168
o_422c018bc9753427	https://www.youtube.com/watch?v=HH7WXlf9WLk	22-42;200-224
c1_422c018bc9753427	https://www.youtube.com/watch?v=iCpwAe2E4MQ	94-113;205-229
o_5eff73b801c16a22	https://www.youtube.com/watch?v=aEM16rJ5260	27-79
c1_5eff73b801c16a22	https://www.youtube.com/watch?v=7km-bgEu80k	28-52;180-204
o_cd3f5516bcd8ef66	https://www.youtube.com/watch?v=rCx4NFNuYgI	60-84;201-225
c1_cd3f5516bcd8ef66	https://www.youtube.com/watch?v=mSu2o9H7AJU	59-83;199-223
o_72873ccc0b94bfab	https://www.youtube.com/watch?v=X5pJYBjcKeI	44-64;145-167
c1_72873ccc0b94bfab	https://www.youtube.com/watch?v=ymbSZoKrV9E	47-68;149-170
o_2b7e710ad5eb6d65	https://www.youtube.com/watch?v=uRQ7ecvU56k	40-82
c1_2b7e710ad5eb6d65	https://www.youtube.com/watch?v=QAxF-FK66xY	64-105
o_86e66e77a37476d7	https://www.youtube.com/watch?v=nKaWQxlTsRM	52-72;158-179
c1_86e66e77a37476d7	https://www.youtube.com/watch?v=7VjhHbUQjIM	136-173
o_67c74732159d9652	https://www.youtube.com/watch?v=bRxvnFc7li0	32-51;195-219
c1_67c74732159d9652	https://www.youtube.com/watch?v=LoEDH1n_MZA	31-50;195-219
o_bbfe14bbcb1e7b9e	https://www.youtube.com/watch?v=kaxMrzrkzwI	80-100;206-226
c1_bbfe14bbcb1e7b9e	https://www.youtube.com/watch?v=3mXlp-IuNqc	127-147;183-203
o_9c6b1c401af02792	https://www.youtube.com/watch?v=n_58FqEiG3I	117-141;165-188;209-233
c1_9c6b1c401af02792	https://www.youtube.com/watch?v=KvWIXR1kTps	126-150;174-196;218-242
c1_e9f9283b67913a36	https://www.youtube.com/watch?v=Ak4oW4xe0r0	167-207
o_6f014ddc275a5c31	https://www.youtube.com/watch?v=UBNOY43FJH0	56-80;166-187
c1_6f014ddc275a5c31	https://www.youtube.com/watch?v=jld-r9GDaq4	58-82;168-189
o_afc89dcdf4b982b0	https://www.youtube.com/watch?v=pnwMCzRU6_A	70-94;183-207
c1_afc89dcdf4b982b0	https://www.youtube.com/watch?v=SIPgf-jzBEY	77-101;190-214
o_4716ed3218dd7ddf	https://www.youtube.com/watch?v=22nXyKzXtfw	83-136
c1_4716ed3218dd7ddf	https://www.youtube.com/watch?v=AXkBMduOb1k	87-139
o_4f1ac65ce4e37c3e	https://www.youtube.com/watch?v=qw9RVjEN9OI	12-30;111-135
c1_4f1ac65ce4e37c3e	https://www.youtube.com/watch?v=andYWgO7oaw	26-44;76-100
o_7b05a3be1fe9b4a9	https://www.youtube.com/watch?v=P8RShs00yR0	29-52;102-126
c1_7b05a3be1fe9b4a9	https://www.youtube.com/watch?v=_hKFFB8stGM	32-54;105-129
o_88c1a9b1eb0358da	https://www.youtube.com/watch?v=W1GZzucDMlQ	15-74
c1_88c1a9b1eb0358da	https://www.youtube.com/watch?v=3ZqMN256MUQ	28-88
o_c17e53615e8cec19	https://www.youtube.com/watch?v=euCqAq6BRa4	89-108;180-204
c1_c17e53615e8cec19	https://www.youtube.com/watch?v=KeIpycIYBFo	49-103
o_61b7b25a1032fbe0	https://www.youtube.com/watch?v=8jJQciw_5yA	35-59;237-258
c1_61b7b25a1032fbe0	https://www.youtube.com/watch?v=na4WCRdH4QI	100-166
o_9b7f9b21d5e985c6	https://www.youtube.com/watch?v=Wh__udyczFM	130-160
c1_9b7f9b21d5e985c6	https://www.youtube.com/watch?v=IxGF5RnukcQ	130-160
o_5a6027ac51936c87	https://www.youtube.com/watch?v=MJZ-HAJDONw	106-130;212-236
c1_5a6027ac51936c87	https://www.youtube.com/watch?v=qzxfldbD5qo	114-138;220-244
o_4831cf4642f20314	https://www.youtube.com/watch?v=kUOJh4uOBGM	29-50;183-205
c1_4831cf4642f20314	https://www.youtube.com/watch?v=dVrG4S4-X2s	26-47;169-191
o_9f43dd0bbeb4d099	https://www.youtube.com/watch?v=lEIqjoO0-Bs	14-38;72-96
c1_9f43dd0bbeb4d099	https://www.youtube.com/watch?v=wiqHZZ5g7wU	15-39;62-86
o_773acd01930e0eac	https://www.youtube.com/watch?v=-ikKMNJAKLw	22-64
c1_773acd01930e0eac	https://www.youtube.com/watch?v=gmGnuY_NBRg	89-131
o_fb749af154960ffb	https://www.youtube.com/watch?v=ANH4fIlHh9s	13-62;112-136
c1_fb749af154960ffb	https://www.youtube.com/watch?v=q6CRWN8m1Ys	12-36;78-140
o_850a9247c2a514fd	https://www.youtube.com/watch?v=e4ZnX3RvkGg	24-43;73-94;137-161
c1_850a9247c2a514fd	https://www.youtube.com/watch?v=ImJTO5IUAdU	27-81;120-144
o_f5d47fbbb7e48467	https://www.youtube.com/watch?v=l9Q7GISatW0	48-72;133-155
c1_f5d47fbbb7e48467	https://www.youtube.com/watch?v=O1a4uZA58nY	46-100
o_29047d4669115f9c	https://www.youtube.com/watch?v=SP2fI7BU5Ag	7-27;77-101;194-218
c1_29047d4669115f9c	https://www.youtube.com/watch?v=GC-SIf7MxO0	8-27;199-223;257-281
o_1cbd15038f549816	https://www.youtube.com/watch?v=1DOMjnTrYkc	94-118;160-179
c1_1cbd15038f549816	https://www.youtube.com/watch?v=Nma2GubwtQI	29-47;98-122
o_760eb94e91b1c2aa	https://www.youtube.com/watch?v=-7TuQQ-8LtY	73-126
c1_760eb94e91b1c2aa	https://www.youtube.com/watch?v=RqJWM9K8md8	23-76
o_b4fd845725d0ffee	https://www.youtube.com/watch?v=nbtPiJSu2SU	42-98
c1_b4fd845725d0ffee	https://www.youtube.com/watch?v=o80VXrCY29s	47-104
o_9859a68419885222	https://www.youtube.com/watch?v=pQV0WEdT_OE	31-91
c1_9859a68419885222	https://www.youtube.com/watch?v=pdtK5Jv0Kv0	14-75
o_e658ff42e0c52b13	https://www.youtube.com/watch?v=Y1CMDBbylS4	39-62;120-144
c1_e658ff42e0c52b13	https://www.youtube.com/watch?v=1Tteay2IxB8	42-65;124-148
o_919a0b8e10ca4430	https://www.youtube.com/watch?v=NhaVdLDoxBE	54-74;182-202
c1_919a0b8e10ca4430	https://www.youtube.com/watch?v=tJDYG3imLLc	53-74;186-206
o_92fc4a00d64da587	https://www.youtube.com/watch?v=cQw2qIl838Q	3-62
c1_92fc4a00d64da587	https://www.youtube.com/watch?v=S2m-2XgXQtM	64-124
o_e29afd14a9d494c4	https://www.youtube.com/watch?v=FoLI9FHmV90	7-48
c1_e29afd14a9d494c4	https://www.youtube.com/watch?v=hwlJCF01nsM	10-51
o_17be529ca13776f0	https://www.youtube.com/watch?v=DuuccHrjSaM	2-26;186-210
c1_17be529ca13776f0	https://www.youtube.com/watch?v=oIEWJE7iYQo	7-31;111-135
o_04e1bd76fe0adfee	https://www.youtube.com/watch?v=AA0keBEeyvs	33-53;93-117
c1_04e1bd76fe0adfee	https://www.youtube.com/watch?v=0oX8SWoOcQY	33-52;93-117
o_0b49766fefce9a55	https://www.youtube.com/watch?v=luHhJalHanw	6-51
c1_0b49766fefce9a55	https://www.youtube.com/watch?v=RN2W7Onbm2M	9-32;87-111
o_27954dbdfcfdc11c	https://www.youtube.com/watch?v=seqSTBDjDb8	39-63;117-141
c1_27954dbdfcfdc11c	https://www.youtube.com/watch?v=rqECjsgPYFE	62-118
o_18ceabd2db305c86	https://www.youtube.com/watch?v=RxOBOhRECoo	35-59;148-169;217-236
c1_18ceabd2db305c86	https://www.youtube.com/watch?v=TLbrLv-U1oI	84-108;143-197
o_1b06d95f811955f3	https://www.youtube.com/watch?v=o4MicmeK9vM	31-84;200-224
c1_1b06d95f811955f3	https://www.youtube.com/watch?v=5hAxk2QALKU	66-126
o_dcadc4d790d4828a	https://www.youtube.com/watch?v=zLCL_Y-XT8s	54-76;149-173
c1_dcadc4d790d4828a	https://www.youtube.com/watch?v=TvortVRTrTo	134-177
o_7c152c95846bc49f	https://www.youtube.com/watch?v=kFMHveWGCa0	40-106;151-172
c1_7c152c95846bc49f	https://www.youtube.com/watch?v=QylbwOjrIm8	69-108;137-158
o_5f86e9293a83ef49	https://www.youtube.com/watch?v=TMSlTQmDLx4	4-28;70-94
c1_5f86e9293a83ef49	https://www.youtube.com/watch?v=q8SuvwPbuFI	5-29;70-94
o_b0513a864d22f1df	https://www.youtube.com/watch?v=1V0R-HS1XAE	16-53
c1_b0513a864d22f1df	https://www.youtube.com/watch?v=1xY5YoZD2fk	14-38;96-115
o_de0101952f07cd03	https://www.youtube.com/watch?v=yOsnns22KdE	115-159
c1_de0101952f07cd03	https://www.youtube.com/watch?v=Sf-kx1Xw3hI	7-30;113-137
o_9adfc249e3235771	https://www.youtube.com/watch?v=PagWTZwIhKc	75-127
c1_9adfc249e3235771	https://www.youtube.com/watch?v=IeoZFJh-UxY	75-127
o_81c3cbfe619a4623	https://www.youtube.com/watch?v=AQlZGEEEM5s	80-100;121-145
c1_81c3cbfe619a4623	https://www.youtube.com/watch?v=Oi5dejd7g0w	66-86;107-130
o_4068f9821116974a	https://www.youtube.com/watch?v=XmU4Xyl00hY	28-52;128-150;210-232
c1_4068f9821116974a	https://www.youtube.com/watch?v=d4QL27yuPJM	31-55;130-152;212-234
o_58a2df25cfa27765	https://www.youtube.com/watch?v=akhmS1D2Ce4	12-77
c1_58a2df25cfa27765	https://www.youtube.com/watch?v=ymNvaj1Jc4g	6-71
o_2ffff950f9cc129c	https://www.youtube.com/watch?v=lnsQwvhuRiI	12-59
c1_2ffff950f9cc129c	https://www.youtube.com/watch?v=VdxwSmCCLmM	13-32;145-169
o_cc29b855fe891708	https://www.youtube.com/watch?v=PnPUKm9ExHo	46-70;116-140
c1_cc29b855fe891708	https://www.youtube.com/watch?v=4xPXuWHaJtg	46-70;116-140
o_eb51c9746a28d5c5	https://www.youtube.com/watch?v=NkWQEVFKr08	54-90;200-222
c1_eb51c9746a28d5c5	https://www.youtube.com/watch?v=HTXv5cR1dPo	55-75;208-231;322-344
o_d325171360f67985	https://www.youtube.com/watch?v=3gBmx_4XWGs	8-65
c1_d325171360f67985	https://www.youtube.com/watch?v=WBwReYm8tMg	12-71
o_b07a2bf21c3a790d	https://www.youtube.com/watch?v=vJEs2uM7zaM	4-64
c1_b07a2bf21c3a790d	https://www.youtube.com/watch?v=hh_LBhSNQfE	89-136
o_0e694f5a9b9000c9	https://www.youtube.com/watch?v=fDFdVIp6rHg	40-92
c1_0e694f5a9b9000c9	https://www.youtube.com/watch?v=fym6aAvINUI	28-81
o_0a6cef4ef4036c09	https://www.youtube.com/watch?v=iM5Rd6oM-C4	134-156;187-211
c1_0a6cef4ef4036c09	https://www.youtube.com/watch?v=ywTp2Co3WXg	133-155;186-210
o_463cc1b216e1fb53	https://www.youtube.com/watch?v=AYRjvH1NGVo	11-30;68-90
c1_463cc1b216e1fb53	https://www.youtube.com/watch?v=8ca8HWggHNQ	11-29;68-91
o_2952e70a45edcae8	https://www.youtube.com/watch?v=95Rzsn-zjr0	40-64;136-160
c1_2952e70a45edcae8	https://www.youtube.com/watch?v=-dPMTY7jJa4	33-57;129-153
o_07cdd242cf90ee55	https://www.youtube.com/watch?v=dSO8IzLkkts	80-139
c1_07cdd242cf90ee55	https://www.youtube.com/watch?v=MzREgvEx9aQ	83-142
o_2c22fc4b78600ab9	https://www.youtube.com/watch?v=7jBiWnPla1Y	23-47;113-137
c1_2c22fc4b78600ab9	https://www.youtube.com/watch?v=IdXPQpjvfEc	23-47;110-134
o_faed7abe3d0eddd5	https://www.youtube.com/watch?v=ln7Vn_WKkWU	20-44;66-85
c1_faed7abe3d0eddd5	https://www.youtube.com/watch?v=BPuKL4WBiWo	21-45;141-161
o_fe4c413572fdac0c	https://www.youtube.com/watch?v=17tdhHJP6AQ	89-139
c1_fe4c413572fdac0c	https://www.youtube.com/watch?v=yUqAyORVmNw	24-73
o_7762adc3bc6e2c3e	https://www.youtube.com/watch?v=fuPq-kU9-Mo	114-138;180-228
c1_7762adc3bc6e2c3e	https://www.youtube.com/watch?v=8sTkyPPw25s	112-136;198-220;284-308
o_0dd416155f5bf450	https://www.youtube.com/watch?v=o4gbIrdndt4	39-63;91-115;194-218
c1_0dd416155f5bf450	https://www.youtube.com/watch?v=FckumEDwlWw	42-75;184-208
o_4e41f44e234906a6	https://www.youtube.com/watch?v=1QMSanpd6CY	56-99
c1_4e41f44e234906a6	https://www.youtube.com/watch?v=4BNaxgd3tJY	65-84;158-179
o_e1038fd7e1e81fe2	https://www.youtube.com/watch?v=XmnoUQvnOSY	3-24;88-112
c1_e1038fd7e1e81fe2	https://www.youtube.com/watch?v=5KBybOl42yM	3-57
o_dcd998584b82f40e	https://www.youtube.com/watch?v=cvgUZr4T62M	15-39;110-134
c1_dcd998584b82f40e	https://www.youtube.com/watch?v=LPR1XyyB6_s	15-49
o_ac0014f3fadd43f6	https://www.youtube.com/watch?v=IhP3J0j9JmY	6-30;63-87
c1_ac0014f3fadd43f6	https://www.youtube.com/watch?v=G4MjPyGme8g	6-30;64-88
o_97b09c46c2fd820e	https://www.youtube.com/watch?v=Xuj3UhW6eJg	46-100
c1_97b09c46c2fd820e	https://www.youtube.com/watch?v=SSIlVtFfCOE	51-106
o_c2e193792b4866d1	https://www.youtube.com/watch?v=oaalq3RYAyw	19-42;81-105
c1_c2e193792b4866d1	https://www.youtube.com/watch?v=jEa0-gpR5Dk	17-40;79-103
o_f4c877fb103686d3	https://www.youtube.com/watch?v=WEvHl3SU6U0	61-85;152-176;292-316
o_0b951b04f4104a5b	https://www.youtube.com/watch?v=uLHqpjW3aDs	5-53
c1_0b951b04f4104a5b	https://www.youtube.com/watch?v=CJQHlttg8SY	5-52
o_d40c434639a5a3f2	https://www.youtube.com/watch?v=YVw7eJ0vGfM	24-74
c1_d40c434639a5a3f2	https://www.youtube.com/watch?v=v_bjce8-69s	23-47;119-143
o_6c6c5ff6cbc7b2cb	https://www.youtube.com/watch?v=NkvIOZFx3qU	20-44;68-88
c1_6c6c5ff6cbc7b2cb	https://www.youtube.com/watch?v=Iu71c4HKgj4	38-62;128-149
o_d2478d758f839eb0	https://www.youtube.com/watch?v=AtREAqXZEjE	24-48;155-179
c1_d2478d758f839eb0	https://www.youtube.com/watch?v=cO5lvfmcsC4	74-98;142-166
o_06c533ce8594a003	https://www.youtube.com/watch?v=4WXNbmVIaNI	26-90
c1_06c533ce8594a003	https://www.youtube.com/watch?v=37ef7TGPdGY	23-87
o_3183f52b24f2c67d	https://www.youtube.com/watch?v=FjtlYAjJCWA	34-127
c1_3183f52b24f2c67d	https://www.youtube.com/watch?v=-wQ_quGiB7o	91-129
o_cc6406322b2c2dda	https://www.youtube.com/watch?v=-iW0FVLd-3M	101-119;166-189
c1_cc6406322b2c2dda	https://www.youtube.com/watch?v=01nIIWNjOI4	99-117;187-210
o_776489ccac229956	https://www.youtube.com/watch?v=ncgsL1GCFms	13-34;76-100
c1_776489ccac229956	https://www.youtube.com/watch?v=9FkxWDQ4XGM	76-108
o_29e42d627eb7cd7a	https://www.youtube.com/watch?v=0m_0M_20EiM	66-90;190-253
c1_29e42d627eb7cd7a	https://www.youtube.com/watch?v=51NSP6Olrjc	72-96;199-262
o_186f9c670e239780	https://www.youtube.com/watch?v=BkjwN4GMB5Q	91-115;158-182;227-245
c1_186f9c670e239780	https://www.youtube.com/watch?v=5Ho3bK2RfBc	103-127;171-195;304-322
o_80b96ec675d97840	https://www.youtube.com/watch?v=UAPaGi7HuKo	10-34;87-111
c1_80b96ec675d97840	https://www.youtube.com/watch?v=U6MSjfJ_UPc	15-39;92-116
o_1f2c8dfe34efe017	https://www.youtube.com/watch?v=JvHgPE6Se_0	28-65
c1_1f2c8dfe34efe017	https://www.youtube.com/watch?v=sab-jPkRJB8	27-47;153-173
o_1d0db58de685eab4	https://www.youtube.com/watch?v=wdSUnV2fJGk	172-215
c1_1d0db58de685eab4	https://www.youtube.com/watch?v=pigGinf496o	175-218
o_6a1b38048a99a200	https://www.youtube.com/watch?v=NKDOTXpab04	23-47;133-157
c1_6a1b38048a99a200	https://www.youtube.com/watch?v=QiRqD015ym8	23-47;133-157
o_18fb4077cabad4a4	https://www.youtube.com/watch?v=9jI-z9QN6g8	28-52;158-225
c1_18fb4077cabad4a4	https://www.youtube.com/watch?v=kVjwP6AkZ0Y	95-158
o_34ec65d54eecce6e	https://www.youtube.com/watch?v=QRuCPS_-_IA	0-23;150-172
c1_34ec65d54eecce6e	https://www.youtube.com/watch?v=I05bvjNyYl8	0-22;142-164
o_1aedb262c75b1ec5	https://www.youtube.com/watch?v=Xw2KN3Oz56s	4-28;83-107
c1_1aedb262c75b1ec5	https://www.youtube.com/watch?v=1ntsqzTvTQs	2-26;80-104
o_b4f9e0052ff1a575	https://www.youtube.com/watch?v=wtjYRhL-Hr8	122-184
c1_b4f9e0052ff1a575	https://www.youtube.com/watch?v=KExP0mMOkpg	83-105;132-155
o_196df46da3bb40a6	https://www.youtube.com/watch?v=naKhF6G36rM	45-69;104-128
c1_196df46da3bb40a6	https://www.youtube.com/watch?v=JFvpITkCFfs	44-68;103-127
o_319b6a484c7f5309	https://www.youtube.com/watch?v=QzTnINFdwuE	43-62;170-188
c1_319b6a484c7f5309	https://www.youtube.com/watch?v=E-vllfcFjP4	157-188
o_f71a09648e886fc9	https://www.youtube.com/watch?v=12YMyJp018c	35-59;130-154;252-276
c1_f71a09648e886fc9	https://www.youtube.com/watch?v=3Mj67xBT4G8	33-57;115-139;246-270
o_7756921d1ece4fe6	https://www.youtube.com/watch?v=DnYD1lE5cOI	32-56;77-101;134-158
c1_7756921d1ece4fe6	https://www.youtube.com/watch?v=B9M1TTgn1yw	33-57;78-102;151-175
o_10f773ec8cec74a0	https://www.youtube.com/watch?v=2rFcW75NyqI	6-25;111-135
c1_10f773ec8cec74a0	https://www.youtube.com/watch?v=yyc3OoWRnUE	5-24;186-210
o_436ca5664c6382ad	https://www.youtube.com/watch?v=VRomIONTNaY	5-26;47-71
c1_436ca5664c6382ad	https://www.youtube.com/watch?v=B_sxfHMoFyI	112-154
o_08535577b7021a6a	https://www.youtube.com/watch?v=smJNDADRCLU	5-29;121-145
c1_08535577b7021a6a	https://www.youtube.com/watch?v=eA-q4CDT2wE	4-28;121-145
o_ba67616df5dd2b16	https://www.youtube.com/watch?v=zhRzORqNa0E	214-262
c1_ba67616df5dd2b16	https://www.youtube.com/watch?v=uAKt4QI8pjA	148-168;220-240
o_b60aa93f6ce7a39d	https://www.youtube.com/watch?v=Y4TC2D7uGqs	30-93
c1_b60aa93f6ce7a39d	https://www.youtube.com/watch?v=OzAF3SJm1H4	33-96
o_b87740e949f7b815	https://www.youtube.com/watch?v=_jRMg3mTgDk	30-54;101-124
c1_b87740e949f7b815	https://www.youtube.com/watch?v=zYDX4uK5En4	101-125;151-175
o_bbe3597240a292e7	https://www.youtube.com/watch?v=qN_ras8QDTk	26-50;79-103
c1_bbe3597240a292e7	https://www.youtube.com/watch?v=G5r_jSjs9JQ	29-53;199-223
o_54a92bcfb8f3c30c	https://www.youtube.com/watch?v=SrGSt5eDt9o	9-33;58-82
c1_54a92bcfb8f3c30c	https://www.youtube.com/watch?v=PufsDsE6BPs	19-43;69-93
o_946e6c5f5e8c15ff	https://www.youtube.com/watch?v=r-3NvDp28U4	65-108
c1_946e6c5f5e8c15ff	https://www.youtube.com/watch?v=V9C1SANGSS4	67-110
o_f6586007a50c6ffa	https://www.youtube.com/watch?v=TFrMDGfW_Sg	21-45;99-123
c1_f6586007a50c6ffa	https://www.youtube.com/watch?v=RJe9jgtM4Co	22-46;100-124
o_541cf0aa84243df0	https://www.youtube.com/watch?v=tgaYtpHThIQ	64-103
c1_541cf0aa84243df0	https://www.youtube.com/watch?v=3ssy9IQLwEo	88-126
o_e18b90bfdccefe65	https://www.youtube.com/watch?v=nCBASt507WA	3-63
c1_e18b90bfdccefe65	https://www.youtube.com/watch?v=WDloIxJWTMk	2-62
o_41ea0eed693f159a	https://www.youtube.com/watch?v=EmT1ptv3VEc	16-55
c1_41ea0eed693f159a	https://www.youtube.com/watch?v=3apIH_R3EXk	15-36;90-114
o_29592cf8348cffc4	https://www.youtube.com/watch?v=Zj6_CpSGPoE	46-70;147-170
c1_29592cf8348cffc4	https://www.youtube.com/watch?v=R9C-80fCjGA	119-175
o_beaf95d1d3849d63	https://www.youtube.com/watch?v=ZxalEA53008	119-141;207-231
c1_beaf95d1d3849d63	https://www.youtube.com/watch?v=MmSMKctA-ks	122-144;210-234
o_50660e10ee9758d4	https://www.youtube.com/watch?v=q8Dsrwkp450	19-68
c1_50660e10ee9758d4	https://www.youtube.com/watch?v=7688j7Q2nQY	21-40;108-132
o_8943b1cba0a03a05	https://www.youtube.com/watch?v=3hyD4OK3zGE	44-68;116-140;196-216
c1_8943b1cba0a03a05	https://www.youtube.com/watch?v=NdLhNwbeTFw	33-57;104-131
o_39c02976f8f38aad	https://www.youtube.com/watch?v=72r32bceDzg	52-119
c1_39c02976f8f38aad	https://www.youtube.com/watch?v=5v48az6Zp6M	10-74
o_88cb02fd6a166083	https://www.youtube.com/watch?v=K8WKXyy89g0	0-17;99-123
c1_88cb02fd6a166083	https://www.youtube.com/watch?v=DVOHG_4fN0U	0-18;41-65
o_b14e7849423e4e3a	https://www.youtube.com/watch?v=bsowIJ8At2w	102-122;161-185
c1_b14e7849423e4e3a	https://www.youtube.com/watch?v=ye3DXmNC42Y	104-123;163-187
o_cf58679983562c0e	https://www.youtube.com/watch?v=BtjO1gyBzPg	102-121;174-193
c1_cf58679983562c0e	https://www.youtube.com/watch?v=4PTT8PRdfPI	102-120;172-191
o_2d0a02a67bf91ee2	https://www.youtube.com/watch?v=0O8m0mMDpHw	0-21;48-72
c1_2d0a02a67bf91ee2	https://www.youtube.com/watch?v=mReKxeKAkq0	52-76;126-150
o_a03a088c5e5363a7	https://www.youtube.com/watch?v=kxHgJGh4NEE	60-78;128-150;204-228
c1_a03a088c5e5363a7	https://www.youtube.com/watch?v=4Bl6obRrjdM	59-77;127-149;202-226
o_fe282c3a26018d5a	https://www.youtube.com/watch?v=ry59qsl2R8c	46-96
c1_fe282c3a26018d5a	https://www.youtube.com/watch?v=796CgajrOFQ	47-97
o_99417be13990ef3b	https://www.youtube.com/watch?v=Wp0hWIO8DiU	29-53;137-157
c1_99417be13990ef3b	https://www.youtube.com/watch?v=q0weJe8gIpY	37-61;145-165
o_ea441648edecdf15	https://www.youtube.com/watch?v=pyb13N80DZQ	10-50;114-138
c1_ea441648edecdf15	https://www.youtube.com/watch?v=YMu4-MsO2tM	11-35;115-142
o_9e4208f475917971	https://www.youtube.com/watch?v=yOIu78gsGOQ	20-65
c1_9e4208f475917971	https://www.youtube.com/watch?v=pqHAFZr_XXY	19-64
o_66bab35a0b5a8b34	https://www.youtube.com/watch?v=eSKaB45Qb5s	52-92
c1_66bab35a0b5a8b34	https://www.youtube.com/watch?v=HC1jzaYluFM	59-100
o_ff056051349bc437	https://www.youtube.com/watch?v=gSP_Jqn5eUM	11-35;88-111
c1_ff056051349bc437	https://www.youtube.com/watch?v=ZCtqAC6ycj8	71-117
