method,hum,whistle,song,interpreter,same_song,aligned,length_ratio,mae,r
rmvpe_fix,0838,0370,Potter,153,0,1,0.8043,1.6866,0.4752
rmvpe_fix,0838,0710,Potter,153,0,1,0.8635,1.6093,0.5152
rmvpe_fix,0838,0882,StarWars,153,1,1,0.8372,1.0695,0.8508
rmvpe_fix,0838,1138,StarWars,153,1,1,0.7138,1.3394,0.6701
rmvpe_fix,0838,3534,Hakuna,153,0,1,0.9803,1.4344,0.6310
rmvpe_fix,0838,3689,Hakuna,153,0,1,0.8882,1.4188,0.6529
rmvpe_fix,0840,0131,Potter,53,0,1,1.3812,2.7014,0.4849
rmvpe_fix,0840,0689,Potter,53,0,1,1.3206,2.9321,0.4190
rmvpe_fix,0840,1269,StarWars,53,1,1,0.7534,2.1726,0.6465
rmvpe_fix,0840,1596,StarWars,53,1,1,0.7892,2.2278,0.5485
rmvpe_fix,0840,3585,Hakuna,53,0,1,0.7646,2.6621,0.5060
rmvpe_fix,0840,3856,Hakuna,53,0,1,0.7915,3.3848,0.1429
rmvpe_fix,0845,0616,Potter,71,0,1,0.7613,4.1733,-0.4804
rmvpe_fix,0845,0753,Potter,71,0,1,0.6809,3.0535,0.1965
rmvpe_fix,0849,0060,Potter,222,0,1,1.0045,1.6701,0.6446
rmvpe_fix,0849,0107,Potter,222,0,1,1.1506,1.4294,0.7520
rmvpe_fix,0849,0959,StarWars,222,1,1,0.6494,0.6973,0.9366
rmvpe_fix,0849,1276,StarWars,222,1,1,0.6809,1.4234,0.7065
rmvpe_fix,0849,4064,Hakuna,222,0,1,1.0472,1.2484,0.7761
rmvpe_fix,0849,4085,Hakuna,222,0,1,1.1146,2.2887,0.4577
rmvpe_fix,0855,0202,Potter,164,0,1,0.9028,2.1609,0.6753
rmvpe_fix,0855,0293,Potter,164,0,1,0.9009,2.2863,0.5836
rmvpe_fix,0855,1315,StarWars,164,1,1,0.8532,1.6046,0.8144
rmvpe_fix,0855,1482,StarWars,164,1,1,0.7908,1.8586,0.6868
rmvpe_fix,0855,3746,Hakuna,164,0,1,0.7615,2.3558,0.4234
rmvpe_fix,0855,3954,Hakuna,164,0,1,0.7798,2.4270,0.4873
rmvpe_fix,0856,0673,Potter,89,0,1,0.5405,2.0363,0.4725
rmvpe_fix,0856,3769,Hakuna,89,0,1,0.2389,1.8151,0.5302
rmvpe_fix,0856,4107,Hakuna,89,0,1,0.4960,2.2065,0.3117
rmvpe_fix,0857,0651,Potter,97,0,1,0.8517,3.2852,0.5442
rmvpe_fix,0857,0706,Potter,97,0,1,0.9383,2.6549,0.6189
rmvpe_fix,0857,1313,StarWars,97,1,1,0.7917,2.3416,0.7819
rmvpe_fix,0857,1418,StarWars,97,1,1,0.7967,1.8798,0.8353
rmvpe_fix,0857,3631,Hakuna,97,0,1,0.7850,3.1701,0.6949
rmvpe_fix,0857,3919,Hakuna,97,0,1,0.8517,3.5947,0.5210
rmvpe_fix,0858,0123,Potter,29,0,1,0.6654,1.7032,0.6554
rmvpe_fix,0858,0631,Potter,29,0,1,0.7007,1.2663,0.7645
rmvpe_fix,0858,1142,StarWars,29,1,1,0.8271,1.2220,0.8523
rmvpe_fix,0858,1493,StarWars,29,1,1,0.8550,1.0772,0.8655
rmvpe_fix,0858,3893,Hakuna,29,0,1,0.7193,1.7512,0.5198
rmvpe_fix,0858,4086,Hakuna,29,0,1,0.7509,1.6349,0.5911
rmvpe_fix,0859,0673,Potter,89,0,1,0.4881,1.8848,0.4208
rmvpe_fix,0859,3769,Hakuna,89,0,1,0.2157,1.5795,0.6017
rmvpe_fix,0859,4107,Hakuna,89,0,1,0.4479,1.7460,0.5390
rmvpe_fix,0863,0350,Potter,72,0,1,0.4514,2.5961,0.6114
rmvpe_fix,0863,0506,Potter,72,0,1,0.4312,2.8609,0.5178
rmvpe_fix,0863,1215,StarWars,72,1,1,0.6514,2.0468,0.7428
rmvpe_fix,0863,1478,StarWars,72,1,1,0.8183,3.9742,0.0818
rmvpe_fix,0863,3666,Hakuna,72,0,1,0.6606,2.7727,0.4450
rmvpe_fix,0863,4069,Hakuna,72,0,1,0.6220,2.9428,0.4003
rmvpe_fix,0864,0196,Potter,232,0,1,0.5950,2.4747,0.4184
rmvpe_fix,0864,0603,Potter,232,0,1,0.6736,2.6686,0.3472
rmvpe_fix,0864,0917,StarWars,232,1,1,0.8368,2.9556,0.2824
rmvpe_fix,0864,1278,StarWars,232,1,1,0.6942,2.2668,0.5312
rmvpe_fix,0864,3541,Hakuna,232,0,1,0.3120,2.0382,0.6901
rmvpe_fix,0864,4111,Hakuna,232,0,1,0.4091,2.1319,0.6382
rmvpe_fix,0871,0055,Potter,200,0,1,0.7997,2.6479,0.7152
rmvpe_fix,0871,0417,Potter,200,0,1,0.7778,2.2860,0.7167
rmvpe_fix,0871,1015,StarWars,200,1,1,0.8169,2.4046,0.7626
rmvpe_fix,0871,1626,StarWars,200,1,1,0.7887,2.6017,0.7185
rmvpe_fix,0871,3586,Hakuna,200,0,1,0.6432,3.3230,0.4375
rmvpe_fix,0871,3862,Hakuna,200,0,1,0.6682,3.0977,0.5556
rmvpe_fix,0873,0427,Potter,174,0,1,0.8069,2.6920,0.5408
rmvpe_fix,0873,0577,Potter,174,0,1,0.7220,3.7071,-0.1773
rmvpe_fix,0873,1403,StarWars,174,1,1,0.6137,1.9078,0.8239
rmvpe_fix,0873,1502,StarWars,174,1,1,0.7545,1.6915,0.8729
rmvpe_fix,0873,3424,Hakuna,174,0,1,0.7563,2.0912,0.6985
rmvpe_fix,0873,4122,Hakuna,174,0,1,0.5289,2.6232,0.5352
rmvpe_fix,0876,0461,Potter,198,0,1,0.1973,1.3256,0.4083
rmvpe_fix,0879,0189,Potter,203,0,1,0.9012,1.4297,0.2542
rmvpe_fix,0879,0302,Potter,203,0,1,0.7919,1.3741,0.4258
rmvpe_fix,0879,0934,StarWars,203,1,1,0.6751,1.2701,0.4750
rmvpe_fix,0879,1603,StarWars,203,1,1,0.4461,1.3292,0.3822
rmvpe_fix,0879,3497,Hakuna,203,0,1,1.4027,1.3780,0.3558
rmvpe_fix,0879,3926,Hakuna,203,0,1,1.3757,1.1561,0.4840
rmvpe_fix,0884,0111,Potter,100,0,1,0.7315,2.0989,0.4330
rmvpe_fix,0884,0407,Potter,100,0,1,0.5776,2.2955,0.2041
rmvpe_fix,0884,1040,StarWars,100,1,1,0.7106,2.0018,0.5881
rmvpe_fix,0884,1344,StarWars,100,1,1,0.5099,1.8927,0.6730
rmvpe_fix,0884,3448,Hakuna,100,0,1,0.5185,2.2518,0.1710
rmvpe_fix,0884,4068,Hakuna,100,0,1,0.5579,2.1969,0.2413
rmvpe_fix,0894,0504,Potter,90,0,1,0.6744,2.9107,0.3418
rmvpe_fix,0894,0597,Potter,90,0,1,0.6404,2.3270,0.6170
rmvpe_fix,0894,0886,StarWars,90,1,1,0.6934,1.8586,0.8754
rmvpe_fix,0894,1075,StarWars,90,1,1,0.7273,1.9839,0.8529
rmvpe_fix,0894,3378,Hakuna,90,0,1,0.6499,2.8148,0.4284
rmvpe_fix,0894,3455,Hakuna,90,0,1,0.7788,3.1721,0.2275
rmvpe_fix,0903,0072,Potter,15,0,1,0.9421,1.7806,0.7698
rmvpe_fix,0903,0465,Potter,15,0,1,0.7579,2.1342,0.7107
rmvpe_fix,0903,0877,StarWars,15,1,1,0.8930,1.4747,0.9084
rmvpe_fix,0903,1633,StarWars,15,1,1,0.8158,1.7215,0.8337
rmvpe_fix,0903,3996,Hakuna,15,0,1,0.7982,2.7263,0.4356
rmvpe_fix,0903,4096,Hakuna,15,0,1,0.8772,2.5012,0.5440
rmvpe_fix,0908,3474,Hakuna,82,0,1,0.9200,2.7555,0.5172
rmvpe_fix,0908,3654,Hakuna,82,0,1,0.7892,2.8105,0.4104
rmvpe_fix,0911,0542,Potter,44,0,1,0.8435,3.3296,0.3524
rmvpe_fix,0911,0739,Potter,44,0,1,0.8554,2.9697,0.6244
rmvpe_fix,0911,0964,StarWars,44,1,1,1.0238,1.0250,0.9697
rmvpe_fix,0911,1026,StarWars,44,1,1,0.9419,0.6016,0.9770
rmvpe_fix,0911,3485,Hakuna,44,0,1,0.9121,2.6166,0.6281
rmvpe_fix,0911,3781,Hakuna,44,0,1,0.8212,2.6946,0.6177
rmvpe_fix,0913,0123,Potter,29,0,1,0.6270,1.5806,0.6658
rmvpe_fix,0913,0631,Potter,29,0,1,0.6602,1.1466,0.7672
rmvpe_fix,0913,1142,StarWars,29,1,1,0.7793,1.1636,0.8211
rmvpe_fix,0913,1493,StarWars,29,1,1,0.8056,1.0722,0.8532
rmvpe_fix,0913,3893,Hakuna,29,0,1,0.6778,1.7208,0.4177
rmvpe_fix,0913,4086,Hakuna,29,0,1,0.7075,1.6083,0.6099
rmvpe_fix,0914,3332,Hakuna,6,0,1,1.0092,2.6157,0.5848
rmvpe_fix,0926,0582,Potter,57,0,1,0.6429,0.7082,0.6069
rmvpe_fix,0926,0801,Potter,57,0,1,0.6756,0.7464,0.6117
rmvpe_fix,0926,0985,StarWars,57,1,1,0.5893,1.0814,0.2248
rmvpe_fix,0926,1249,StarWars,57,1,1,0.6161,0.6163,0.6530
rmvpe_fix,0926,3745,Hakuna,57,0,1,1.0417,1.0825,0.0871
rmvpe_fix,0926,3802,Hakuna,57,0,1,1.0685,1.2364,0.2679
rmvpe_fix,0930,0071,Potter,109,0,1,0.8095,3.3763,0.4485
rmvpe_fix,0930,0388,Potter,109,0,1,0.8810,2.8642,0.6151
rmvpe_fix,0930,0986,StarWars,109,1,1,0.8901,0.9966,0.9636
rmvpe_fix,0930,1078,StarWars,109,1,1,0.9432,1.1217,0.9533
rmvpe_fix,0930,3457,Hakuna,109,0,1,0.7637,3.5569,0.3342
rmvpe_fix,0930,3837,Hakuna,109,0,1,0.7894,3.0741,0.5551
rmvpe_fix,0932,0326,Potter,23,0,1,0.7888,1.6747,0.5904
rmvpe_fix,0932,0682,Potter,23,0,1,0.5570,1.7937,0.3422
rmvpe_fix,0932,1335,StarWars,23,1,1,0.7327,1.5258,0.4593
rmvpe_fix,0932,1448,StarWars,23,1,1,0.6617,1.2957,0.6807
rmvpe_fix,0936,0271,Potter,121,0,1,0.9073,2.1609,0.5610
rmvpe_fix,0936,0416,Potter,121,0,1,0.7042,2.3395,0.3719
rmvpe_fix,0936,0852,StarWars,121,1,1,0.9470,1.0939,0.9309
rmvpe_fix,0936,1525,StarWars,121,1,1,0.7770,1.3781,0.8343
rmvpe_fix,0936,3647,Hakuna,121,0,1,0.7152,2.0601,0.5849
rmvpe_fix,0936,4058,Hakuna,121,0,1,0.7064,2.1553,0.5293
rmvpe_fix,0939,0361,Potter,46,0,1,0.8514,3.1142,0.6553
rmvpe_fix,0939,0632,Potter,46,0,1,0.7736,3.7872,0.4602
rmvpe_fix,0939,0841,StarWars,46,1,1,0.8547,1.1744,0.9642
rmvpe_fix,0939,1237,StarWars,46,1,1,0.8446,1.5056,0.9519
rmvpe_fix,0939,3661,Hakuna,46,0,1,0.8361,3.0982,0.6020
rmvpe_fix,0939,4156,Hakuna,46,0,1,0.9088,3.0679,0.5975
rmvpe_fix,0943,0438,Potter,192,0,1,0.7885,1.8641,0.4273
rmvpe_fix,0943,0783,Potter,192,0,1,0.8156,1.9132,0.4498
rmvpe_fix,0943,0909,StarWars,192,1,1,0.8714,1.5232,0.6616
rmvpe_fix,0943,1642,StarWars,192,1,1,0.7716,1.3066,0.6944
rmvpe_fix,0943,3741,Hakuna,192,0,1,0.9171,1.5529,0.6587
rmvpe_fix,0943,4148,Hakuna,192,0,1,0.8714,1.9425,0.3272
rmvpe_fix,0945,0140,Potter,175,0,1,0.5443,2.5145,0.4153
rmvpe_fix,0945,0758,Potter,175,0,1,0.7341,2.1145,0.4017
rmvpe_fix,0945,1428,StarWars,175,1,1,0.7154,1.5966,0.6763
rmvpe_fix,0945,1599,StarWars,175,1,1,0.6283,2.1965,0.4974
rmvpe_fix,0945,3425,Hakuna,175,0,1,0.7123,1.7469,0.4784
rmvpe_fix,0945,3997,Hakuna,175,0,1,0.8149,1.7937,0.4829
rmvpe_fix,0948,0352,Potter,220,0,1,0.5927,3.2929,0.2228
rmvpe_fix,0948,0755,Potter,220,0,1,0.2988,4.4173,0.0020
rmvpe_fix,0948,1052,StarWars,220,1,1,0.2755,1.8288,0.2839
rmvpe_fix,0948,1207,StarWars,220,1,1,0.5576,1.8082,0.4496
rmvpe_fix,0948,3568,Hakuna,220,0,1,0.4975,1.7335,0.4469
rmvpe_fix,0948,3759,Hakuna,220,0,1,0.1369,1.7110,0.4411
rmvpe_fix,0951,0194,Potter,169,0,1,0.6605,2.0145,0.6183
rmvpe_fix,0951,0728,Potter,169,0,1,0.7546,2.1831,0.6134
rmvpe_fix,0951,0848,StarWars,169,1,1,0.6451,2.3380,0.5578
rmvpe_fix,0951,1533,StarWars,169,1,1,0.6219,2.3424,0.5596
rmvpe_fix,0951,3399,Hakuna,169,0,1,0.6481,2.6419,0.1423
rmvpe_fix,0951,3605,Hakuna,169,0,1,0.5463,2.4469,0.4493
rmvpe_fix,0963,0041,Potter,151,0,1,0.6870,2.0265,0.6101
rmvpe_fix,0963,0778,Potter,151,0,1,0.7433,1.9425,0.6539
rmvpe_fix,0963,1060,StarWars,151,1,1,0.8310,1.5965,0.7905
rmvpe_fix,0963,1252,StarWars,151,1,1,0.8028,1.4437,0.8225
rmvpe_fix,0963,3523,Hakuna,151,0,1,0.5603,1.6638,0.7184
rmvpe_fix,0963,3573,Hakuna,151,0,1,0.6667,1.7060,0.6962
rmvpe_fix,0969,0623,Potter,10,0,1,0.8897,1.8538,0.6410
rmvpe_fix,0969,0830,Potter,10,0,1,0.8065,1.9072,0.6173
rmvpe_fix,0969,1176,StarWars,10,1,1,0.9241,1.6530,0.9046
rmvpe_fix,0969,1321,StarWars,10,1,1,0.8716,1.6889,0.8593
rmvpe_fix,0969,3717,Hakuna,10,0,1,0.8336,2.3123,0.5065
rmvpe_fix,0969,3891,Hakuna,10,0,1,0.6817,2.2313,0.5447
rmvpe_fix,0970,0787,Potter,136,0,1,0.8683,3.1440,0.3585
rmvpe_fix,0970,0837,Potter,136,0,1,0.9064,3.1961,0.3147
rmvpe_fix,0970,1004,StarWars,136,1,1,0.8839,2.9245,0.5320
rmvpe_fix,0970,1042,StarWars,136,1,1,0.7591,2.7917,0.7150
rmvpe_fix,0970,3526,Hakuna,136,0,1,1.0763,3.0383,0.4844
rmvpe_fix,0970,3943,Hakuna,136,0,1,1.0763,3.0398,0.4809
rmvpe_fix,0971,0229,Potter,230,0,1,0.5371,3.3408,0.6034
rmvpe_fix,0971,0245,Potter,230,0,1,0.3487,3.4859,0.5655
rmvpe_fix,0971,1010,StarWars,230,1,1,0.4350,3.0177,0.6871
rmvpe_fix,0971,1048,StarWars,230,1,1,0.3560,3.2556,0.6806
rmvpe_fix,0971,3670,Hakuna,230,0,1,0.3827,3.4617,0.5242
rmvpe_fix,0971,3702,Hakuna,230,0,1,0.4119,4.2514,0.2610
rmvpe_fix,0977,0044,Potter,217,0,1,0.8104,2.6299,0.5604
rmvpe_fix,0977,0101,Potter,217,0,1,0.8525,2.6965,0.5625
rmvpe_fix,0977,1131,StarWars,217,1,1,0.6812,2.3852,0.5673
rmvpe_fix,0977,1509,StarWars,217,1,1,0.7079,2.3734,0.6663
rmvpe_fix,0977,3701,Hakuna,217,0,1,0.8399,3.2013,0.3717
rmvpe_fix,0977,4103,Hakuna,217,0,1,0.8371,2.8491,0.4524
rmvpe_fix,0979,0623,Potter,10,0,1,0.8241,1.9476,0.6158
rmvpe_fix,0979,0830,Potter,10,0,1,0.7471,2.0238,0.4988
rmvpe_fix,0979,1176,StarWars,10,1,1,0.8559,1.5290,0.9268
rmvpe_fix,0979,1321,StarWars,10,1,1,0.8074,1.6272,0.8652
rmvpe_fix,0979,3717,Hakuna,10,0,1,0.7722,2.1781,0.5246
rmvpe_fix,0979,3891,Hakuna,10,0,1,0.6315,2.1775,0.4944
rmvpe_fix,0980,0319,Potter,54,0,1,0.7992,3.4528,0.4924
rmvpe_fix,0980,0573,Potter,54,0,1,0.8782,2.8039,0.6779
rmvpe_fix,0980,0885,StarWars,54,1,1,0.9344,0.7391,0.9846
rmvpe_fix,0980,1561,StarWars,54,1,1,0.8996,0.7613,0.9776
rmvpe_fix,0980,3395,Hakuna,54,0,1,0.8112,2.5394,0.6724
rmvpe_fix,0980,3880,Hakuna,54,0,1,0.7617,2.5005,0.6961
rmvpe_fix,0984,0438,Potter,192,0,1,0.9191,1.3278,0.6796
rmvpe_fix,0984,0783,Potter,192,0,1,0.9507,1.3460,0.6790
rmvpe_fix,0984,0909,StarWars,192,1,1,1.0158,1.4531,0.6711
rmvpe_fix,0984,1642,StarWars,192,1,1,0.8994,1.0385,0.7975
rmvpe_fix,0984,3741,Hakuna,192,0,1,1.0690,1.8641,0.2498
rmvpe_fix,0984,4148,Hakuna,192,0,1,1.0158,1.4842,0.4530
rmvpe_fix,0987,0286,Potter,47,0,1,0.7673,2.3614,0.4312
rmvpe_fix,0987,0443,Potter,47,0,1,0.7061,2.0550,0.6114
rmvpe_fix,0987,1258,StarWars,47,1,1,0.8560,1.7326,0.8105
rmvpe_fix,0987,1300,StarWars,47,1,1,0.6785,1.6696,0.8061
rmvpe_fix,0987,4019,Hakuna,47,0,1,0.9093,2.1941,0.5333
rmvpe_fix,0987,4044,Hakuna,47,0,1,0.9645,2.1611,0.5432
rmvpe_fix,0991,0182,Potter,61,0,1,1.1313,1.6225,0.8101
rmvpe_fix,0991,0336,Potter,61,0,1,0.9665,2.4262,0.1842
rmvpe_fix,0991,1236,StarWars,61,1,1,0.9022,1.9990,0.7727
rmvpe_fix,0991,1318,StarWars,61,1,1,0.9330,1.8317,0.7544
rmvpe_fix,0991,3492,Hakuna,61,0,1,0.6341,2.4694,0.1251
rmvpe_fix,0991,3524,Hakuna,61,0,1,0.6313,2.6303,0.2000
rmvpe_fix,0995,0663,Potter,149,0,1,0.7143,1.3305,0.2627
rmvpe_fix,0995,1284,StarWars,149,1,1,0.6598,1.1872,0.5806
rmvpe_fix,0995,3578,Hakuna,149,0,1,0.2462,1.2913,0.5103
rmvpe_fix,0996,0352,Potter,220,0,1,0.5689,3.7035,0.1384
rmvpe_fix,0996,0755,Potter,220,0,1,0.2869,4.7839,-0.0874
rmvpe_fix,0996,1052,StarWars,220,1,1,0.2644,2.0628,0.4265
rmvpe_fix,0996,1207,StarWars,220,1,1,0.5353,2.1067,0.4454
rmvpe_fix,0996,3568,Hakuna,220,0,1,0.4776,2.1684,0.3548
rmvpe_fix,0996,3759,Hakuna,220,0,1,0.1314,2.1387,0.4658
rmvpe_fix,1001,0361,Potter,46,0,1,0.8780,2.8875,0.5627
rmvpe_fix,1001,0632,Potter,46,0,1,0.7979,3.3967,0.3577
rmvpe_fix,1001,0841,StarWars,46,1,1,0.8815,0.9822,0.9663
rmvpe_fix,1001,1237,StarWars,46,1,1,0.8711,1.2059,0.9621
rmvpe_fix,1001,3661,Hakuna,46,0,1,0.8624,2.8003,0.6182
rmvpe_fix,1001,4156,Hakuna,46,0,1,0.9373,2.8736,0.6081
rmvpe_fix,1002,0068,Potter,134,0,1,0.5357,2.5434,0.3536
rmvpe_fix,1002,0695,Potter,134,0,1,0.3263,2.3421,0.3645
rmvpe_fix,1002,1461,StarWars,134,1,1,0.2443,2.6541,0.1342
rmvpe_fix,1002,1589,StarWars,134,1,1,0.3505,2.6884,0.2937
rmvpe_fix,1002,3780,Hakuna,134,0,1,0.3126,2.5586,0.2669
rmvpe_fix,1002,3912,Hakuna,134,0,1,0.2959,2.6786,-0.0501
rmvpe_fix,1009,0418,Potter,111,0,1,0.2346,3.4944,0.6219
rmvpe_fix,1009,0454,Potter,111,0,1,0.1974,5.4356,0.0904
rmvpe_fix,1009,1398,StarWars,111,1,1,0.2039,3.1127,0.6803
rmvpe_fix,1009,4091,Hakuna,111,0,1,0.2061,3.2757,0.2695
rmvpe_fix,1009,4133,Hakuna,111,0,1,0.1711,2.4349,0.6237
rmvpe_fix,1020,0010,Potter,92,0,1,0.7526,2.9786,0.6107
rmvpe_fix,1020,0232,Potter,92,0,1,0.6647,3.1145,0.5487
rmvpe_fix,1020,0893,StarWars,92,1,1,0.5455,2.4582,0.7489
rmvpe_fix,1020,0922,StarWars,92,1,1,0.5261,2.4370,0.7690
rmvpe_fix,1020,4028,Hakuna,92,0,1,0.7869,2.7262,0.6909
rmvpe_fix,1023,0470,Potter,91,0,1,0.8549,1.7049,0.4870
rmvpe_fix,1023,0596,Potter,91,0,1,1.0308,1.7918,0.2298
rmvpe_fix,1023,1006,StarWars,91,1,1,0.6989,1.2380,0.7017
rmvpe_fix,1023,1366,StarWars,91,1,1,0.8923,1.2756,0.6952
rmvpe_fix,1023,3411,Hakuna,91,0,1,0.7099,2.0812,0.0193
rmvpe_fix,1023,3440,Hakuna,91,0,1,0.7055,2.1647,-0.0444
rmvpe_fix,1032,0073,Potter,189,0,1,0.9014,2.1384,0.5865
rmvpe_fix,1032,0298,Potter,189,0,1,1.0018,2.1695,0.5403
rmvpe_fix,1032,1251,StarWars,189,1,1,0.9243,1.5675,0.7510
rmvpe_fix,1032,1497,StarWars,189,1,1,0.9542,1.5665,0.7586
rmvpe_fix,1032,3342,Hakuna,189,0,1,0.9190,2.1193,0.4900
rmvpe_fix,1035,0198,Potter,67,0,1,1.0398,2.9171,0.3993
rmvpe_fix,1035,0369,Potter,67,0,1,0.8831,2.1353,0.6465
rmvpe_fix,1035,1298,StarWars,67,1,1,1.0771,1.7200,0.7731
rmvpe_fix,1035,1326,StarWars,67,1,1,0.7562,2.3224,0.5748
rmvpe_fix,1035,3412,Hakuna,67,0,1,0.6766,1.7681,0.7800
rmvpe_fix,1035,3447,Hakuna,67,0,1,0.8806,1.8866,0.7489
rmvpe_fix,1043,0275,Potter,33,0,1,0.7860,2.0236,0.6984
rmvpe_fix,1043,0468,Potter,33,0,1,0.7843,1.9693,0.7149
rmvpe_fix,1043,0888,StarWars,33,1,1,0.6455,2.1176,0.5582
rmvpe_fix,1043,1174,StarWars,33,1,1,0.6087,2.0549,0.7007
rmvpe_fix,1043,3868,Hakuna,33,0,1,0.7074,2.2805,0.7160
rmvpe_fix,1053,0531,Potter,105,0,1,1.0441,2.3727,0.6463
rmvpe_fix,1053,0583,Potter,105,0,1,1.0517,2.7581,0.5802
rmvpe_fix,1053,1579,StarWars,105,1,1,0.9598,1.9908,0.9034
rmvpe_fix,1053,3587,Hakuna,105,0,1,0.9004,2.7295,0.5230
rmvpe_fix,1053,3906,Hakuna,105,0,1,0.9444,2.0485,0.6483
rmvpe_fix,1054,0090,Potter,24,0,1,0.7121,2.3571,0.4969
rmvpe_fix,1054,0320,Potter,24,0,1,0.6761,2.3418,0.5130
rmvpe_fix,1054,1045,StarWars,24,1,1,0.7653,0.9338,0.9267
rmvpe_fix,1054,1325,StarWars,24,1,1,0.8357,0.9204,0.9353
rmvpe_fix,1054,3814,Hakuna,24,0,1,0.7027,2.2658,0.5301
rmvpe_fix,1054,4118,Hakuna,24,0,1,0.6917,2.3114,0.5215
rmvpe_fix,1057,0680,Potter,123,0,1,0.8653,2.9212,0.6564
rmvpe_fix,1057,0835,Potter,123,0,1,0.8051,2.8139,0.7254
rmvpe_fix,1057,1196,StarWars,123,1,1,0.8764,0.5445,0.9811
rmvpe_fix,1057,1378,StarWars,123,1,1,0.8891,0.4384,0.9907
rmvpe_fix,1057,3567,Hakuna,123,0,1,0.7639,2.9456,0.6764
rmvpe_fix,1057,3787,Hakuna,123,0,1,0.7845,2.9669,0.6605
rmvpe_fix,1058,0424,Potter,38,0,1,1.0595,1.5909,0.5851
rmvpe_fix,1058,0829,Potter,38,0,1,1.0193,1.8149,0.5398
rmvpe_fix,1058,1149,StarWars,38,1,1,0.9051,0.8293,0.9087
rmvpe_fix,1058,1273,StarWars,38,1,1,0.9084,0.8946,0.8875
rmvpe_fix,1058,3506,Hakuna,38,0,1,0.7846,1.2436,0.6743
rmvpe_fix,1058,3732,Hakuna,38,0,1,0.8794,1.4167,0.6394
rmvpe_fix,1063,0616,Potter,71,0,1,0.7113,4.1121,-0.3887
rmvpe_fix,1063,0753,Potter,71,0,1,0.6362,3.0317,0.3391
rmvpe_fix,1067,0060,Potter,222,0,1,1.1491,1.9088,0.6798
rmvpe_fix,1067,0107,Potter,222,0,1,1.3162,1.6273,0.7489
rmvpe_fix,1067,0959,StarWars,222,1,1,0.7429,1.1582,0.9242
rmvpe_fix,1067,1276,StarWars,222,1,1,0.7789,1.9873,0.6739
rmvpe_fix,1067,4064,Hakuna,222,0,1,1.1979,1.5640,0.8029
rmvpe_fix,1067,4085,Hakuna,222,0,1,1.2751,2.5424,0.5436
rmvpe_fix,1069,0445,Potter,146,0,1,0.4253,2.3801,0.4559
rmvpe_fix,1069,0622,Potter,146,0,1,0.4918,2.9520,0.2602
rmvpe_fix,1069,0925,StarWars,146,1,1,0.2908,2.6655,0.4428
rmvpe_fix,1069,1456,StarWars,146,1,1,0.2948,2.2816,0.5589
rmvpe_fix,1069,3439,Hakuna,146,0,1,0.3342,2.7336,0.4293
rmvpe_fix,1069,3822,Hakuna,146,0,1,0.2690,2.8199,0.3743
rmvpe_fix,1070,0187,Potter,214,0,1,0.5641,2.7644,0.3532
rmvpe_fix,1070,0702,Potter,214,0,1,0.8470,2.5722,0.4549
rmvpe_fix,1070,1540,StarWars,214,1,1,0.6868,2.6213,0.3913
rmvpe_fix,1070,1618,StarWars,214,1,1,0.6584,2.7192,0.3180
rmvpe_fix,1070,3941,Hakuna,214,0,1,0.5890,3.0427,0.3713
rmvpe_fix,1070,4078,Hakuna,214,0,1,0.5445,2.3329,0.6478
rmvpe_fix,1074,0279,Potter,223,0,1,0.8212,1.7651,0.7468
rmvpe_fix,1074,0609,Potter,223,0,1,0.8377,1.8121,0.6718
rmvpe_fix,1074,1197,StarWars,223,1,1,0.6286,1.5122,0.8162
rmvpe_fix,1074,3343,Hakuna,223,0,1,0.6286,1.7349,0.7029
rmvpe_fix,1074,4153,Hakuna,223,0,1,0.6245,1.7466,0.6761
rmvpe_fix,1076,0111,Potter,100,0,1,0.7714,2.3035,0.2474
rmvpe_fix,1076,0407,Potter,100,0,1,0.6091,2.5049,0.0806
rmvpe_fix,1076,1040,StarWars,100,1,1,0.7494,2.1575,0.6142
rmvpe_fix,1076,1344,StarWars,100,1,1,0.5377,1.9959,0.6479
rmvpe_fix,1076,3448,Hakuna,100,0,1,0.5468,2.3681,0.2481
rmvpe_fix,1076,4068,Hakuna,100,0,1,0.5883,2.3538,0.1686
rmvpe_fix,1083,0236,Potter,170,0,1,0.3228,1.6828,0.1474
rmvpe_fix,1083,0668,Potter,170,0,1,0.3622,1.4269,0.4851
rmvpe_fix,1083,1565,StarWars,170,1,1,0.4528,1.6472,0.5528
rmvpe_fix,1084,0371,Potter,52,0,1,0.6780,2.8106,0.5053
rmvpe_fix,1084,0529,Potter,52,0,1,0.4659,2.3615,0.6229
rmvpe_fix,1084,0954,StarWars,52,1,1,0.4735,2.0642,0.7611
rmvpe_fix,1084,1331,StarWars,52,1,1,0.4223,1.8836,0.7444
rmvpe_fix,1084,3349,Hakuna,52,0,1,0.5303,2.5016,0.7061
rmvpe_fix,1084,3915,Hakuna,52,0,1,0.6553,2.3718,0.6629
rmvpe_fix,1097,0202,Potter,164,0,1,0.8454,2.4350,0.7036
rmvpe_fix,1097,0293,Potter,164,0,1,0.8436,2.4614,0.5467
rmvpe_fix,1097,1315,StarWars,164,1,1,0.7990,1.8896,0.8266
rmvpe_fix,1097,1482,StarWars,164,1,1,0.7405,2.1537,0.7458
rmvpe_fix,1097,3746,Hakuna,164,0,1,0.7131,2.6919,0.5384
rmvpe_fix,1097,3954,Hakuna,164,0,1,0.7302,2.7544,0.5568
rmvpe_fix,1099,0288,Potter,208,0,1,0.7616,0.8548,0.4802
rmvpe_fix,1099,0482,Potter,208,0,1,0.7903,0.8110,0.4884
rmvpe_fix,1099,1399,StarWars,208,1,1,0.6147,0.8921,0.4694
rmvpe_fix,1099,1436,StarWars,208,1,1,0.3943,0.8304,0.6648
rmvpe_fix,1099,3519,Hakuna,208,0,1,0.6147,0.8901,0.4236
rmvpe_fix,1104,0542,Potter,44,0,1,0.8628,3.2587,0.5205
rmvpe_fix,1104,0739,Potter,44,0,1,0.8750,2.9679,0.6142
rmvpe_fix,1104,0964,StarWars,44,1,1,1.0473,1.0261,0.9746
rmvpe_fix,1104,1026,StarWars,44,1,1,0.9634,0.5811,0.9829
rmvpe_fix,1104,3485,Hakuna,44,0,1,0.9329,2.6134,0.6400
rmvpe_fix,1104,3781,Hakuna,44,0,1,0.8399,2.6531,0.6405
rmvpe_fix,1108,0397,Potter,20,0,1,0.8491,2.2095,0.6155
rmvpe_fix,1108,0513,Potter,20,0,1,0.7948,2.4080,0.4927
rmvpe_fix,1108,1297,StarWars,20,1,1,0.8491,2.2396,0.5477
rmvpe_fix,1108,1582,StarWars,20,1,1,0.7887,1.3471,0.8624
rmvpe_fix,1108,3642,Hakuna,20,0,1,0.8431,1.6923,0.7563
rmvpe_fix,1108,3992,Hakuna,20,0,1,0.7746,1.8915,0.7003
rmvpe_fix,1113,3474,Hakuna,82,0,1,0.9144,3.1185,0.5340
rmvpe_fix,1113,3654,Hakuna,82,0,1,0.7844,3.2882,0.3292
rmvpe_fix,1114,0435,Potter,185,0,1,0.4612,2.4191,0.1975
rmvpe_fix,1114,0666,Potter,185,0,1,0.5831,2.6527,0.1350
rmvpe_fix,1114,1173,StarWars,185,1,1,0.5734,1.5987,0.7925
rmvpe_fix,1114,1575,StarWars,185,1,1,0.2632,2.1941,0.2776
rmvpe_fix,1114,3561,Hakuna,185,0,1,0.5748,2.0153,0.4490
rmvpe_fix,1114,3613,Hakuna,185,0,1,0.5914,2.0389,0.4668
rmvpe_fix,1116,0124,Potter,58,0,1,0.7824,2.3085,0.4522
rmvpe_fix,1116,0467,Potter,58,0,1,0.8322,2.0632,0.5793
rmvpe_fix,1116,1178,StarWars,58,1,1,0.6877,1.1978,0.9160
rmvpe_fix,1116,1262,StarWars,58,1,1,0.7957,1.7806,0.7120
rmvpe_fix,1116,3556,Hakuna,58,0,1,0.6279,2.5174,0.3198
rmvpe_fix,1116,3668,Hakuna,58,0,1,0.5980,2.2775,0.4616
rmvpe_fix,1118,0102,Potter,191,0,1,0.6607,1.3936,0.5731
rmvpe_fix,1118,0426,Potter,191,0,1,0.6857,1.6648,0.3225
rmvpe_fix,1118,0993,StarWars,191,1,1,0.7607,0.6550,0.9455
rmvpe_fix,1118,1506,StarWars,191,1,1,0.7911,0.7218,0.8972
rmvpe_fix,1118,3928,Hakuna,191,0,1,0.7589,1.4156,0.4900
rmvpe_fix,1118,3984,Hakuna,191,0,1,0.6143,1.4107,0.5234
rmvpe_fix,1119,0222,Potter,96,0,1,0.6826,2.1202,0.4908
rmvpe_fix,1119,0715,Potter,96,0,1,0.6440,2.1353,0.5576
rmvpe_fix,1119,1027,StarWars,96,1,1,1.0606,1.6109,0.7011
rmvpe_fix,1119,1402,StarWars,96,1,1,1.0807,1.4579,0.7694
rmvpe_fix,1119,3406,Hakuna,96,0,1,0.7578,2.3106,0.3184
rmvpe_fix,1119,3938,Hakuna,96,0,1,0.8404,2.0928,0.3626
rmvpe_fix,1123,0087,Potter,43,0,1,0.9534,2.1384,0.6866
rmvpe_fix,1123,0212,Potter,43,0,1,1.0593,2.1958,0.6420
rmvpe_fix,1123,1314,StarWars,43,1,1,1.0148,0.7123,0.9650
rmvpe_fix,1123,1490,StarWars,43,1,1,0.9915,0.7914,0.9566
rmvpe_fix,1123,3478,Hakuna,43,0,1,0.9449,2.8513,0.5439
rmvpe_fix,1123,3825,Hakuna,43,0,1,0.9682,3.0590,0.4241
rmvpe_fix,1128,0538,Potter,16,0,1,0.2934,2.2210,0.6295
rmvpe_fix,1128,0797,Potter,16,0,1,0.3349,2.6918,0.4761
rmvpe_fix,1128,1261,StarWars,16,1,1,0.2458,2.0975,0.6920
rmvpe_fix,1128,1522,StarWars,16,1,1,0.1674,2.5701,0.3538
rmvpe_fix,1128,3846,Hakuna,16,0,1,0.8187,2.4193,0.4873
rmvpe_fix,1128,4150,Hakuna,16,0,1,0.8049,2.3942,0.5691
rmvpe_fix,1130,0699,Potter,154,0,1,0.6799,1.9013,0.6588
rmvpe_fix,1130,0790,Potter,154,0,1,0.7343,1.5579,0.7068
rmvpe_fix,1130,1008,StarWars,154,1,1,0.5146,1.7379,0.6925
rmvpe_fix,1130,1152,StarWars,154,1,1,0.6883,2.1528,0.4033
rmvpe_fix,1130,3375,Hakuna,154,0,1,0.6757,1.8435,0.6934
rmvpe_fix,1130,3762,Hakuna,154,0,1,0.8619,1.8518,0.6448
rmvpe_fix,1134,0437,Potter,40,0,1,0.9853,2.3500,0.7141
rmvpe_fix,1134,0502,Potter,40,0,1,0.8004,3.5501,0.4686
rmvpe_fix,1134,0892,StarWars,40,1,1,0.7374,1.7035,0.8502
rmvpe_fix,1134,1600,StarWars,40,1,1,0.7605,1.5705,0.8189
rmvpe_fix,1134,3966,Hakuna,40,0,1,0.8824,2.8800,0.5332
rmvpe_fix,1134,4094,Hakuna,40,0,1,0.8025,2.7777,0.6047
rmvpe_fix,1135,0445,Potter,146,0,1,0.4201,2.4701,0.4518
rmvpe_fix,1135,0622,Potter,146,0,1,0.4859,2.8684,0.2815
rmvpe_fix,1135,0925,StarWars,146,1,1,0.2872,2.8091,0.2218
rmvpe_fix,1135,1456,StarWars,146,1,1,0.2913,2.4634,0.5418
rmvpe_fix,1135,3439,Hakuna,146,0,1,0.3302,2.8864,0.3559
rmvpe_fix,1135,3822,Hakuna,146,0,1,0.2658,2.9228,0.2880
rmvpe_fix,1145,0155,Potter,76,0,1,0.7732,1.3802,0.6549
rmvpe_fix,1145,0584,Potter,76,0,1,0.7974,1.0247,0.8255
rmvpe_fix,1145,1381,StarWars,76,1,1,0.7361,1.7399,0.5613
rmvpe_fix,1145,1445,StarWars,76,1,1,0.7889,2.4300,-0.1083
rmvpe_fix,1145,3706,Hakuna,76,0,1,0.7389,1.1293,0.7786
rmvpe_fix,1145,4048,Hakuna,76,0,1,0.7504,1.1962,0.7617
rmvpe_fix,1151,0384,Potter,228,0,1,0.5326,2.2423,0.5928
rmvpe_fix,1153,0145,Potter,141,0,1,0.6213,1.5181,0.7062
rmvpe_fix,1153,0620,Potter,141,0,1,0.3842,1.8423,0.5418
rmvpe_fix,1153,1636,StarWars,141,1,1,0.6875,1.7912,0.4852
rmvpe_fix,1153,1652,StarWars,141,1,1,0.5846,1.8074,0.5258
rmvpe_fix,1153,3687,Hakuna,141,0,1,0.6544,2.0588,0.2607
rmvpe_fix,1153,3895,Hakuna,141,0,1,0.6581,1.7336,0.5087
rmvpe_fix,1155,0075,Potter,55,0,1,0.7706,1.8687,0.5204
rmvpe_fix,1155,0785,Potter,55,0,1,0.7376,1.6817,0.6239
rmvpe_fix,1155,1160,StarWars,55,1,1,0.6532,1.2744,0.8349
rmvpe_fix,1155,1648,StarWars,55,1,1,0.9211,1.4128,0.7870
rmvpe_fix,1155,3887,Hakuna,55,0,1,0.8789,1.7603,0.5925
rmvpe_fix,1155,4060,Hakuna,55,0,1,0.7872,1.6136,0.7007
rmvpe_fix,1161,0097,Potter,201,0,1,0.6888,1.1726,0.4235
rmvpe_fix,1161,0396,Potter,201,0,1,0.7180,1.2291,0.3141
rmvpe_fix,1161,0927,StarWars,201,1,1,0.6841,1.1989,0.3950
rmvpe_fix,1161,1129,StarWars,201,1,1,0.6456,0.9599,0.6489
rmvpe_fix,1161,3870,Hakuna,201,0,1,0.4438,0.9913,0.6195
rmvpe_fix,1161,4154,Hakuna,201,0,1,0.5116,1.1297,0.4759
rmvpe_fix,1162,0102,Potter,191,0,1,0.7129,1.3897,0.5868
rmvpe_fix,1162,0426,Potter,191,0,1,0.7399,1.5837,0.4491
rmvpe_fix,1162,0993,StarWars,191,1,1,0.8208,0.9108,0.8620
rmvpe_fix,1162,1506,StarWars,191,1,1,0.8536,0.7862,0.8905
rmvpe_fix,1162,3928,Hakuna,191,0,1,0.8189,1.5867,0.4838
rmvpe_fix,1162,3984,Hakuna,191,0,1,0.6628,1.5805,0.4953
rmvpe_fix,1172,0633,Potter,231,0,1,0.3814,3.1485,0.4826
rmvpe_fix,1172,0803,Potter,231,0,1,0.4637,2.3764,0.7190
rmvpe_fix,1172,1150,StarWars,231,1,1,0.4673,2.4072,0.7909
rmvpe_fix,1172,1605,StarWars,231,1,1,0.4770,1.5754,0.8967
rmvpe_fix,1172,4049,Hakuna,231,0,1,0.6174,2.6809,0.6244
rmvpe_fix,1172,4112,Hakuna,231,0,1,0.6174,2.7600,0.6180
rmvpe_fix,1175,0633,Potter,231,0,1,0.3689,3.0767,0.5629
rmvpe_fix,1175,0803,Potter,231,0,1,0.4485,2.6379,0.6471
rmvpe_fix,1175,1150,StarWars,231,1,1,0.4520,2.6654,0.7027
rmvpe_fix,1175,1605,StarWars,231,1,1,0.4614,1.6929,0.8826
rmvpe_fix,1175,4049,Hakuna,231,0,1,0.5972,2.8216,0.6232
rmvpe_fix,1175,4112,Hakuna,231,0,1,0.5972,2.8144,0.6215
rmvpe_fix,1181,0136,Potter,144,0,1,0.7093,3.0070,0.5668
rmvpe_fix,1181,0330,Potter,144,0,1,0.6398,3.4034,0.4934
rmvpe_fix,1181,1216,StarWars,144,1,1,0.5118,3.3717,0.2352
rmvpe_fix,1181,1421,StarWars,144,1,1,0.5627,2.9672,0.6677
rmvpe_fix,1181,3420,Hakuna,144,0,1,0.5043,3.3815,0.4955
rmvpe_fix,1181,3673,Hakuna,144,0,1,0.5292,3.5772,0.1945
rmvpe_fix,1182,0756,Potter,219,0,1,0.5416,2.0724,0.3026
rmvpe_fix,1182,0805,Potter,219,0,1,0.7330,1.9294,0.3925
rmvpe_fix,1182,0988,StarWars,219,1,1,0.6700,2.0278,0.2039
rmvpe_fix,1182,1255,StarWars,219,1,1,0.7179,1.9885,0.4334
rmvpe_fix,1182,3355,Hakuna,219,0,1,0.6322,2.1260,0.0135
rmvpe_fix,1182,3635,Hakuna,219,0,1,0.6524,2.1381,-0.0388
rmvpe_fix,1183,0131,Potter,53,0,1,1.2833,2.5363,0.5058
rmvpe_fix,1183,0689,Potter,53,0,1,1.2271,2.6416,0.4814
rmvpe_fix,1183,1269,StarWars,53,1,1,0.7000,2.1468,0.6666
rmvpe_fix,1183,1596,StarWars,53,1,1,0.7333,2.1390,0.5911
rmvpe_fix,1183,3585,Hakuna,53,0,1,0.7104,2.8220,0.4288
rmvpe_fix,1183,3856,Hakuna,53,0,1,0.7354,3.1487,0.2169
rmvpe_fix,1187,0038,Potter,207,0,1,0.8393,2.6808,0.6004
rmvpe_fix,1187,0672,Potter,207,0,1,1.0042,2.7580,0.6281
rmvpe_fix,1187,1206,StarWars,207,1,1,0.5222,3.2903,0.5495
rmvpe_fix,1187,1265,StarWars,207,1,1,0.5328,3.0440,0.5647
rmvpe_fix,1187,3446,Hakuna,207,0,1,0.9704,2.5032,0.6960
rmvpe_fix,1187,3565,Hakuna,207,0,1,0.9154,2.6608,0.6425
rmvpe_fix,1191,0372,Potter,128,0,1,0.5117,2.8852,0.5673
rmvpe_fix,1191,0440,Potter,128,0,1,0.4601,2.5658,0.5027
rmvpe_fix,1191,1334,StarWars,128,1,1,0.7629,2.3169,0.6955
rmvpe_fix,1191,1570,StarWars,128,1,1,0.6479,2.6343,0.4492
rmvpe_fix,1191,3882,Hakuna,128,0,1,0.5469,2.8896,0.1096
rmvpe_fix,1191,4119,Hakuna,128,0,1,0.5939,2.5802,0.3023
rmvpe_fix,1200,0177,Potter,14,0,1,0.8059,2.0018,0.5224
rmvpe_fix,1200,0774,Potter,14,0,1,0.7681,2.1543,0.3727
rmvpe_fix,1200,1435,StarWars,14,1,1,0.7928,1.6758,0.7627
rmvpe_fix,1200,1519,StarWars,14,1,1,0.8668,1.4129,0.8508
rmvpe_fix,1200,3682,Hakuna,14,0,1,0.6546,2.0200,0.5544
rmvpe_fix,1200,3807,Hakuna,14,0,1,0.6579,1.9943,0.5861
rmvpe_fix,1203,0273,Potter,172,0,1,0.6315,3.1718,0.5152
rmvpe_fix,1203,1064,StarWars,172,1,1,0.6013,3.1918,0.5488
rmvpe_fix,1203,1498,StarWars,172,1,1,0.6164,2.8910,0.6993
rmvpe_fix,1203,3708,Hakuna,172,0,1,0.5260,3.8282,0.1313
rmvpe_fix,1203,4145,Hakuna,172,0,1,0.6449,3.1672,0.6071
rmvpe_fix,1204,0373,Potter,122,0,1,0.8812,2.1518,0.6232
rmvpe_fix,1204,0547,Potter,122,0,1,0.8119,2.7154,0.2466
rmvpe_fix,1204,1408,StarWars,122,1,1,0.7178,1.9914,0.7070
rmvpe_fix,1204,1495,StarWars,122,1,1,0.6997,1.8598,0.5930
rmvpe_fix,1204,3595,Hakuna,122,0,1,0.8185,1.8671,0.7389
rmvpe_fix,1204,3655,Hakuna,122,0,1,0.8135,2.1209,0.6111
rmvpe_fix,1205,0041,Potter,151,0,1,0.7517,2.0456,0.6048
rmvpe_fix,1205,0778,Potter,151,0,1,0.8134,1.9048,0.6277
rmvpe_fix,1205,1060,StarWars,151,1,1,0.9092,1.6307,0.8222
rmvpe_fix,1205,1252,StarWars,151,1,1,0.8784,1.3730,0.8638
rmvpe_fix,1205,3523,Hakuna,151,0,1,0.6130,1.8154,0.6757
rmvpe_fix,1205,3573,Hakuna,151,0,1,0.7295,1.8572,0.6441
rmvpe_fix,1208,0371,Potter,52,0,1,0.6793,2.6967,0.5201
rmvpe_fix,1208,0529,Potter,52,0,1,0.4668,2.2304,0.5501
rmvpe_fix,1208,0954,StarWars,52,1,1,0.4744,2.0468,0.6419
rmvpe_fix,1208,1331,StarWars,52,1,1,0.4231,1.8628,0.7116
rmvpe_fix,1208,3349,Hakuna,52,0,1,0.5313,2.2176,0.6781
rmvpe_fix,1208,3915,Hakuna,52,0,1,0.6565,2.1015,0.6416
rmvpe_fix,1209,0595,Potter,26,0,1,0.9974,1.2010,0.3627
rmvpe_fix,1209,0768,Potter,26,0,1,0.9407,1.1831,0.5150
rmvpe_fix,1209,1087,StarWars,26,1,1,0.6985,0.9660,0.5816
rmvpe_fix,1209,1132,StarWars,26,1,1,0.6804,1.0220,0.5577
rmvpe_fix,1209,3392,Hakuna,26,0,1,0.4278,1.2078,0.4997
rmvpe_fix,1209,4137,Hakuna,26,0,1,0.4381,1.0779,0.5530
rmvpe_fix,1210,0081,Potter,49,0,1,0.8826,2.3185,0.6476
rmvpe_fix,1210,0423,Potter,49,0,1,0.9015,2.5055,0.6025
rmvpe_fix,1210,1420,StarWars,49,1,1,0.9497,1.3335,0.9139
rmvpe_fix,1210,3920,Hakuna,49,0,1,0.9182,1.8006,0.8299
rmvpe_fix,1210,4138,Hakuna,49,0,1,0.9266,1.7681,0.8126
rmvpe_fix,1213,0328,Potter,106,0,1,0.4875,2.3006,0.0102
rmvpe_fix,1213,0777,Potter,106,0,1,0.5007,1.8653,0.1810
rmvpe_fix,1213,1062,StarWars,106,1,1,0.1723,3.0687,0.1848
rmvpe_fix,1213,3427,Hakuna,106,0,1,0.2239,1.5397,0.5797
rmvpe_fix,1213,4075,Hakuna,106,0,1,0.1458,1.5804,0.6321
rmvpe_fix,1214,0425,Potter,5,0,1,0.5987,2.6558,0.4522
rmvpe_fix,1214,0528,Potter,5,0,1,0.7174,2.8475,0.4136
rmvpe_fix,1214,0854,StarWars,5,1,1,0.7148,1.3733,0.8949
rmvpe_fix,1214,1444,StarWars,5,1,1,0.7123,1.7875,0.7790
rmvpe_fix,1214,3606,Hakuna,5,0,1,0.6374,2.0030,0.7052
rmvpe_fix,1214,3860,Hakuna,5,0,1,0.6568,2.1753,0.6226
rmvpe_fix,1222,1235,StarWars,178,1,1,0.6353,1.7249,0.4529
rmvpe_fix,1222,1585,StarWars,178,1,1,0.5410,1.9384,0.2360
rmvpe_fix,1222,3403,Hakuna,178,0,1,0.4286,1.8774,0.2571
rmvpe_fix,1222,3665,Hakuna,178,0,1,0.4620,2.2101,-0.0354
rmvpe_fix,1224,0090,Potter,24,0,1,0.7447,2.0035,0.5249
rmvpe_fix,1224,0320,Potter,24,0,1,0.7070,2.0405,0.5117
rmvpe_fix,1224,1045,StarWars,24,1,1,0.8003,0.7679,0.9385
rmvpe_fix,1224,1325,StarWars,24,1,1,0.8740,0.6711,0.9449
rmvpe_fix,1224,3814,Hakuna,24,0,1,0.7349,2.0861,0.4881
rmvpe_fix,1224,4118,Hakuna,24,0,1,0.7234,2.0370,0.4997
rmvpe_fix,1229,0072,Potter,15,0,1,0.9421,2.3092,0.6631
rmvpe_fix,1229,0465,Potter,15,0,1,0.7579,2.5830,0.5301
rmvpe_fix,1229,0877,StarWars,15,1,1,0.8930,0.8503,0.9528
rmvpe_fix,1229,1633,StarWars,15,1,1,0.8158,1.8732,0.7652
rmvpe_fix,1229,3996,Hakuna,15,0,1,0.7982,2.7729,0.4081
rmvpe_fix,1229,4096,Hakuna,15,0,1,0.8772,2.2656,0.5980
rmvpe_fix,1245,0311,Potter,218,0,1,0.7595,3.7858,0.2168
rmvpe_fix,1245,0518,Potter,218,0,1,0.7491,3.3128,0.3201
rmvpe_fix,1245,0994,StarWars,218,1,1,0.8694,1.2792,0.9293
rmvpe_fix,1245,1220,StarWars,218,1,1,0.8093,2.0180,0.7855
rmvpe_fix,1245,3475,Hakuna,218,0,1,0.9227,3.0303,0.5283
rmvpe_fix,1245,3521,Hakuna,218,0,1,0.9416,2.4284,0.7057
rmvpe_fix,1253,0557,Potter,195,0,1,0.8486,1.6783,0.7479
rmvpe_fix,1253,3854,Hakuna,195,0,1,0.8886,1.7579,0.7586
rmvpe_fix,1253,4036,Hakuna,195,0,1,0.8552,2.0793,0.5183
rmvpe_fix,1254,0275,Potter,33,0,1,0.9180,2.3599,0.6033
rmvpe_fix,1254,0468,Potter,33,0,1,0.9160,2.2032,0.6510
rmvpe_fix,1254,0888,StarWars,33,1,1,0.7539,2.5286,0.3480
rmvpe_fix,1254,1174,StarWars,33,1,1,0.7109,1.6659,0.7540
rmvpe_fix,1254,3868,Hakuna,33,0,1,0.8262,1.9237,0.6650
rmvpe_fix,1259,0206,Potter,84,0,1,0.6950,3.7315,-0.0734
rmvpe_fix,1259,1341,StarWars,84,1,1,0.8567,1.9771,0.8761
rmvpe_fix,1259,1504,StarWars,84,1,1,0.7217,2.7149,0.4814
rmvpe_fix,1263,0246,Potter,190,0,1,0.6093,2.2105,0.5778
rmvpe_fix,1263,0410,Potter,190,0,1,0.6578,1.9519,0.7820
rmvpe_fix,1263,1077,StarWars,190,1,1,0.6477,1.9314,0.7467
rmvpe_fix,1263,1085,StarWars,190,1,1,0.6344,1.7839,0.7489
rmvpe_fix,1263,3625,Hakuna,190,0,1,0.5543,2.2355,0.6513
rmvpe_fix,1263,3898,Hakuna,190,0,1,0.6561,2.1756,0.5841
rmvpe_fix,1264,0288,Potter,208,0,1,0.9043,0.8843,0.3819
rmvpe_fix,1264,0482,Potter,208,0,1,0.9383,0.8574,0.4800
rmvpe_fix,1264,1399,StarWars,208,1,1,0.7298,0.8500,0.5411
rmvpe_fix,1264,1436,StarWars,208,1,1,0.4681,0.7129,0.6982
rmvpe_fix,1264,3519,Hakuna,208,0,1,0.7298,0.9235,0.3670
rmvpe_fix,1268,0239,Potter,59,0,1,0.6047,2.5625,0.5135
rmvpe_fix,1268,0798,Potter,59,0,1,0.4929,2.4642,0.5722
rmvpe_fix,1268,0923,StarWars,59,1,1,0.3307,2.7960,0.3052
rmvpe_fix,1268,1246,StarWars,59,1,1,0.4709,2.5108,0.5337
rmvpe_fix,1268,3956,Hakuna,59,0,1,0.4409,2.6422,0.3753
rmvpe_fix,1268,4124,Hakuna,59,0,1,0.4709,2.6180,0.4288
rmvpe_fix,1270,0418,Potter,111,0,1,0.2597,3.9289,0.5242
rmvpe_fix,1270,0454,Potter,111,0,1,0.2184,5.1683,-0.0227
rmvpe_fix,1270,1398,StarWars,111,1,1,0.2257,3.0130,0.6972
rmvpe_fix,1270,4091,Hakuna,111,0,1,0.2282,2.5493,0.3222
rmvpe_fix,1270,4133,Hakuna,111,0,1,0.1893,2.8001,0.5708
rmvpe_fix,1275,0384,Potter,228,0,1,0.5150,3.1938,0.5468
rmvpe_fix,1282,0477,Potter,17,0,1,1.0843,1.5588,0.8475
rmvpe_fix,1282,0558,Potter,17,0,1,0.9925,2.0485,0.7259
rmvpe_fix,1282,1609,StarWars,17,1,1,1.0543,1.8480,0.7738
rmvpe_fix,1282,1620,StarWars,17,1,1,1.0094,1.3695,0.8680
rmvpe_fix,1282,3878,Hakuna,17,0,1,1.0225,1.5209,0.8622
rmvpe_fix,1282,4105,Hakuna,17,0,1,1.0861,1.7200,0.8045
rmvpe_fix,1285,0181,Potter,13,0,1,0.7062,1.6862,0.6240
rmvpe_fix,1285,0299,Potter,13,0,1,0.6161,1.8658,0.5595
rmvpe_fix,1285,1619,StarWars,13,1,1,0.5750,1.4438,0.6589
rmvpe_fix,1285,3353,Hakuna,13,0,1,0.6398,1.1299,0.6738
rmvpe_fix,1285,4020,Hakuna,13,0,1,0.5924,1.3126,0.5359
rmvpe_fix,1288,0504,Potter,90,0,1,0.7255,2.9658,0.2945
rmvpe_fix,1288,0597,Potter,90,0,1,0.6891,2.1938,0.6208
rmvpe_fix,1288,0886,StarWars,90,1,1,0.7460,1.9432,0.8570
rmvpe_fix,1288,1075,StarWars,90,1,1,0.7825,2.0978,0.8083
rmvpe_fix,1288,3378,Hakuna,90,0,1,0.6993,2.7534,0.4118
rmvpe_fix,1288,3455,Hakuna,90,0,1,0.8380,3.1572,0.2194
rmvpe_fix,1291,0186,Potter,22,0,1,0.9299,2.0132,0.4580
rmvpe_fix,1291,1340,StarWars,22,1,1,0.7773,0.9731,0.8759
rmvpe_fix,1291,3791,Hakuna,22,0,1,1.0165,1.4216,0.7112
rmvpe_fix,1291,3834,Hakuna,22,0,1,1.0804,1.4874,0.7099
rmvpe_fix,1292,0097,Potter,201,0,1,0.6632,0.9403,0.5121
rmvpe_fix,1292,0396,Potter,201,0,1,0.6914,0.9723,0.4310
rmvpe_fix,1292,0927,StarWars,201,1,1,0.6588,0.9712,0.4849
rmvpe_fix,1292,1129,StarWars,201,1,1,0.6217,0.7664,0.6834
rmvpe_fix,1292,3870,Hakuna,201,0,1,0.4273,0.8054,0.6317
rmvpe_fix,1292,4154,Hakuna,201,0,1,0.4926,0.9188,0.4068
rmvpe_fix,1293,0408,Potter,145,0,1,0.7151,4.2097,0.1496
rmvpe_fix,1293,0619,Potter,145,0,1,0.7411,2.7162,0.6567
rmvpe_fix,1293,0956,StarWars,145,1,1,0.7726,2.0654,0.6867
rmvpe_fix,1293,1199,StarWars,145,1,1,0.7781,1.8664,0.7972
rmvpe_fix,1293,3712,Hakuna,145,0,1,0.8041,3.3174,0.4388
rmvpe_fix,1293,3793,Hakuna,145,0,1,0.8397,3.1375,0.4348
rmvpe_fix,1301,0125,Potter,205,0,1,0.6778,2.7607,0.2445
rmvpe_fix,1301,0359,Potter,205,0,1,0.7721,2.7984,0.1989
rmvpe_fix,1301,0966,StarWars,205,1,1,0.7466,3.1518,0.0643
rmvpe_fix,1301,1480,StarWars,205,1,1,0.7996,2.4696,0.4920
rmvpe_fix,1301,3529,Hakuna,205,0,1,0.5501,2.2845,0.5906
rmvpe_fix,1301,3581,Hakuna,205,0,1,0.6562,2.3191,0.5651
rmvpe_fix,1303,0553,Potter,0,0,1,0.8114,2.0794,0.5566
rmvpe_fix,1303,0590,Potter,0,0,1,0.7984,1.6527,0.6416
rmvpe_fix,1303,0915,StarWars,0,1,1,0.5904,1.1934,0.8319
rmvpe_fix,1303,1140,StarWars,0,1,1,0.5800,1.3952,0.7702
rmvpe_fix,1303,3690,Hakuna,0,0,1,0.7776,1.9957,0.5707
rmvpe_fix,1303,4031,Hakuna,0,0,1,0.7711,1.6138,0.6432
rmvpe_fix,1304,0649,Potter,197,0,1,0.8893,3.6969,0.4996
rmvpe_fix,1304,0688,Potter,197,0,1,0.9606,2.9562,0.6963
rmvpe_fix,1304,0921,StarWars,197,1,1,0.8874,1.5756,0.8965
rmvpe_fix,1304,1322,StarWars,197,1,1,0.7298,1.5942,0.8110
rmvpe_fix,1304,3512,Hakuna,197,0,1,0.7692,3.3975,0.7011
rmvpe_fix,1304,3851,Hakuna,197,0,1,0.7411,3.4558,0.6432
rmvpe_fix,1306,0125,Potter,205,0,1,0.6956,3.8106,0.2986
rmvpe_fix,1306,0359,Potter,205,0,1,0.7923,3.6490,0.3780
rmvpe_fix,1306,0966,StarWars,205,1,1,0.7661,4.2577,-0.0179
rmvpe_fix,1306,1480,StarWars,205,1,1,0.8206,3.7598,0.3953
rmvpe_fix,1306,3529,Hakuna,205,0,1,0.5645,3.1691,0.6179
rmvpe_fix,1306,3581,Hakuna,205,0,1,0.6734,3.3953,0.5033
rmvpe_fix,1308,3332,Hakuna,6,0,1,0.9821,2.5850,0.6706
rmvpe_fix,1311,0326,Potter,23,0,1,0.8683,2.0138,0.4338
rmvpe_fix,1311,0682,Potter,23,0,1,0.6132,2.6890,-0.1438
rmvpe_fix,1311,1335,StarWars,23,1,1,0.8066,2.1817,0.2436
rmvpe_fix,1311,1448,StarWars,23,1,1,0.7284,2.0624,0.4522
rmvpe_fix,1319,0762,Potter,69,0,1,0.4257,1.9882,0.5650
rmvpe_fix,1319,0771,Potter,69,0,1,0.7245,2.0810,0.5226
rmvpe_fix,1319,1323,StarWars,69,1,1,0.2167,2.0773,0.5900
rmvpe_fix,1319,1496,StarWars,69,1,1,0.3189,1.9864,0.6155
rmvpe_fix,1319,3410,Hakuna,69,0,1,0.3359,4.3796,0.0836
rmvpe_fix,1330,0997,StarWars,135,1,1,1.0286,3.8110,-0.0739
rmvpe_fix,1330,1195,StarWars,135,1,1,1.1833,3.5640,0.2714
rmvpe_fix,1330,3501,Hakuna,135,0,1,0.6548,2.4842,0.6470
rmvpe_fix,1330,4070,Hakuna,135,0,1,0.7500,2.7424,0.3885
rmvpe_fix,1336,0386,Potter,184,0,1,1.0247,2.3276,0.6089
rmvpe_fix,1336,0729,Potter,184,0,1,0.8958,2.4118,0.6678
rmvpe_fix,1336,0887,StarWars,184,1,1,0.6272,2.0465,0.7583
rmvpe_fix,1336,3612,Hakuna,184,0,1,0.8746,2.4773,0.6061
rmvpe_fix,1336,3844,Hakuna,184,0,1,0.8816,2.3894,0.6009
rmvpe_fix,1337,0613,Potter,137,0,1,0.5453,2.8202,0.5935
rmvpe_fix,1337,0788,Potter,137,0,1,0.6111,3.4285,0.3960
rmvpe_fix,1337,1163,StarWars,137,1,1,0.6728,1.8931,0.8126
rmvpe_fix,1337,1177,StarWars,137,1,1,0.7140,1.6352,0.8776
rmvpe_fix,1337,3594,Hakuna,137,0,1,0.8992,2.7282,0.6200
rmvpe_fix,1337,3944,Hakuna,137,0,1,0.8642,2.6018,0.6734
rmvpe_fix,1342,0254,Potter,129,0,1,1.1595,1.2819,0.8050
rmvpe_fix,1342,0554,Potter,129,0,1,1.0884,1.7117,0.7378
rmvpe_fix,1342,1014,StarWars,129,1,1,0.5582,0.7662,0.9215
rmvpe_fix,1342,1167,StarWars,129,1,1,0.5690,0.6808,0.9183
rmvpe_fix,1342,3576,Hakuna,129,0,1,0.7866,1.7289,0.6472
rmvpe_fix,1342,3651,Hakuna,129,0,1,0.7565,1.5617,0.7871
rmvpe_fix,1343,0008,Potter,213,0,1,0.7293,2.5606,0.7009
rmvpe_fix,1343,0681,Potter,213,0,1,0.7363,2.4272,0.6987
rmvpe_fix,1343,0860,StarWars,213,1,1,0.8345,0.6349,0.9774
rmvpe_fix,1343,1317,StarWars,213,1,1,0.7518,1.0831,0.8540
rmvpe_fix,1343,3548,Hakuna,213,0,1,0.5105,2.7534,0.6497
rmvpe_fix,1343,3720,Hakuna,213,0,1,0.5666,2.7287,0.6750
rmvpe_fix,1351,0177,Potter,14,0,1,0.7903,1.8700,0.5934
rmvpe_fix,1351,0774,Potter,14,0,1,0.7532,1.9033,0.5057
rmvpe_fix,1351,1435,StarWars,14,1,1,0.7774,1.6223,0.7890
rmvpe_fix,1351,1519,StarWars,14,1,1,0.8500,1.4073,0.8657
rmvpe_fix,1351,3682,Hakuna,14,0,1,0.6419,1.9545,0.5302
rmvpe_fix,1351,3807,Hakuna,14,0,1,0.6452,1.9425,0.5220
rmvpe_fix,1353,0508,Potter,120,0,1,1.1561,2.2543,0.7218
rmvpe_fix,1353,0559,Potter,120,0,1,1.0539,2.2918,0.7075
rmvpe_fix,1353,0878,StarWars,120,1,1,0.7881,2.9258,0.5388
rmvpe_fix,1353,1449,StarWars,120,1,1,0.8123,2.5004,0.6988
rmvpe_fix,1353,3503,Hakuna,120,0,1,0.6190,3.2541,0.4605
rmvpe_fix,1353,3549,Hakuna,120,0,1,0.7361,3.4068,0.3909
rmvpe_fix,1355,0477,Potter,17,0,1,0.9602,2.3192,0.7036
rmvpe_fix,1355,0558,Potter,17,0,1,0.8789,3.0340,0.5737
rmvpe_fix,1355,1609,StarWars,17,1,1,0.9337,3.0056,0.6376
rmvpe_fix,1355,1620,StarWars,17,1,1,0.8939,2.4826,0.6922
rmvpe_fix,1355,3878,Hakuna,17,0,1,0.9055,2.8053,0.5773
rmvpe_fix,1355,4105,Hakuna,17,0,1,0.9619,2.6442,0.6875
rmvpe_fix,1360,0044,Potter,217,0,1,0.7850,2.6174,0.5748
rmvpe_fix,1360,0101,Potter,217,0,1,0.8259,2.6583,0.5803
rmvpe_fix,1360,1131,StarWars,217,1,1,0.6599,2.3822,0.6383
rmvpe_fix,1360,1509,StarWars,217,1,1,0.6857,2.3351,0.6649
rmvpe_fix,1360,3701,Hakuna,217,0,1,0.8136,3.2140,0.3263
rmvpe_fix,1360,4103,Hakuna,217,0,1,0.8109,2.8804,0.4454
rmvpe_fix,1361,0424,Potter,38,0,1,1.0578,1.6409,0.6015
rmvpe_fix,1361,0829,Potter,38,0,1,1.0177,1.6726,0.5848
rmvpe_fix,1361,1149,StarWars,38,1,1,0.9037,0.9680,0.8755
rmvpe_fix,1361,1273,StarWars,38,1,1,0.9069,0.8967,0.8794
rmvpe_fix,1361,3506,Hakuna,38,0,1,0.7833,1.3393,0.6805
rmvpe_fix,1361,3732,Hakuna,38,0,1,0.8780,1.3272,0.7101
rmvpe_fix,1363,0680,Potter,123,0,1,0.8545,2.5744,0.7067
rmvpe_fix,1363,0835,Potter,123,0,1,0.7950,2.4170,0.7842
rmvpe_fix,1363,1196,StarWars,123,1,1,0.8654,0.5216,0.9817
rmvpe_fix,1363,1378,StarWars,123,1,1,0.8779,0.4390,0.9905
rmvpe_fix,1363,3567,Hakuna,123,0,1,0.7543,2.8923,0.6478
rmvpe_fix,1363,3787,Hakuna,123,0,1,0.7746,2.9178,0.6358
rmvpe_fix,1365,0808,Potter,171,0,1,0.8867,1.6064,0.5486
rmvpe_fix,1365,1079,StarWars,171,1,1,0.8086,1.0322,0.8940
rmvpe_fix,1365,1112,StarWars,171,1,1,0.9316,1.1665,0.8097
rmvpe_fix,1368,0010,Potter,92,0,1,0.7722,3.0097,0.6102
rmvpe_fix,1368,0232,Potter,92,0,1,0.6820,3.2625,0.5576
rmvpe_fix,1368,0893,StarWars,92,1,1,0.5596,2.5558,0.7496
rmvpe_fix,1368,0922,StarWars,92,1,1,0.5398,2.5270,0.7461
rmvpe_fix,1368,4028,Hakuna,92,0,1,0.8073,2.8188,0.6593
rmvpe_fix,1370,0017,Potter,70,0,1,0.8769,2.4552,0.5870
rmvpe_fix,1370,0161,Potter,70,0,1,0.9068,2.0631,0.7226
rmvpe_fix,1370,0929,StarWars,70,1,1,0.8869,1.9890,0.7959
rmvpe_fix,1370,3334,Hakuna,70,0,1,0.9384,1.9684,0.8013
rmvpe_fix,1370,3384,Hakuna,70,0,1,0.8752,1.9981,0.7685
rmvpe_fix,1372,1235,StarWars,178,1,1,0.6635,1.5098,0.4110
rmvpe_fix,1372,1585,StarWars,178,1,1,0.5651,1.4495,0.5046
rmvpe_fix,1372,3403,Hakuna,178,0,1,0.4476,1.5342,0.4126
rmvpe_fix,1372,3665,Hakuna,178,0,1,0.4825,1.7462,0.2503
rmvpe_fix,1373,0222,Potter,96,0,1,0.6503,2.3854,0.4046
rmvpe_fix,1373,0715,Potter,96,0,1,0.6136,2.4277,0.5124
rmvpe_fix,1373,1027,StarWars,96,1,1,1.0105,1.5885,0.7537
rmvpe_fix,1373,1402,StarWars,96,1,1,1.0297,1.5689,0.7698
rmvpe_fix,1373,3406,Hakuna,96,0,1,0.7220,2.5444,0.2873
rmvpe_fix,1373,3938,Hakuna,96,0,1,0.8007,2.2457,0.4374
rmvpe_fix,1377,0394,Potter,215,0,1,0.9640,4.4938,0.2828
rmvpe_fix,1377,0975,StarWars,215,1,1,0.7755,1.6262,0.8820
rmvpe_fix,1377,1423,StarWars,215,1,1,0.8417,0.8010,0.8993
rmvpe_fix,1377,3480,Hakuna,215,0,1,0.7237,2.7856,0.6656
rmvpe_fix,1377,3858,Hakuna,215,0,1,0.7439,2.7210,0.6957
rmvpe_fix,1384,0008,Potter,213,0,1,0.7283,2.5182,0.6931
rmvpe_fix,1384,0681,Potter,213,0,1,0.7353,2.3797,0.7293
rmvpe_fix,1384,0860,StarWars,213,1,1,0.8333,0.7465,0.9190
rmvpe_fix,1384,1317,StarWars,213,1,1,0.7507,0.8202,0.9639
rmvpe_fix,1384,3548,Hakuna,213,0,1,0.5098,2.5146,0.6821
rmvpe_fix,1384,3720,Hakuna,213,0,1,0.5658,2.4927,0.7149
rmvpe_fix,1386,0484,Potter,162,0,1,0.6887,2.2382,0.7110
rmvpe_fix,1386,0599,Potter,162,0,1,0.7120,1.8688,0.7285
rmvpe_fix,1386,1508,StarWars,162,1,1,0.7245,0.7811,0.9731
rmvpe_fix,1386,1606,StarWars,162,1,1,0.7692,1.0335,0.9525
rmvpe_fix,1389,0273,Potter,172,0,1,0.6211,3.3335,0.4862
rmvpe_fix,1389,1064,StarWars,172,1,1,0.5914,3.0102,0.5646
rmvpe_fix,1389,1498,StarWars,172,1,1,0.6063,2.8668,0.6965
rmvpe_fix,1389,3708,Hakuna,172,0,1,0.5173,3.7622,0.1950
rmvpe_fix,1389,4145,Hakuna,172,0,1,0.6343,3.1748,0.5621
rmvpe_fix,1392,0787,Potter,136,0,1,0.9747,2.5137,0.3890
rmvpe_fix,1392,0837,Potter,136,0,1,1.0175,2.5938,0.2957
rmvpe_fix,1392,1004,StarWars,136,1,1,0.9922,2.2708,0.6697
rmvpe_fix,1392,1042,StarWars,136,1,1,0.8521,2.4669,0.4206
rmvpe_fix,1392,3526,Hakuna,136,0,1,1.2082,2.4958,0.3704
rmvpe_fix,1392,3943,Hakuna,136,0,1,1.2082,2.4909,0.3823
rmvpe_fix,1393,0435,Potter,185,0,1,0.4926,2.6664,0.4287
rmvpe_fix,1393,0666,Potter,185,0,1,0.6228,3.5818,0.0709
rmvpe_fix,1393,1173,StarWars,185,1,1,0.6124,2.2684,0.7219
rmvpe_fix,1393,1575,StarWars,185,1,1,0.2811,2.7854,0.2728
rmvpe_fix,1393,3561,Hakuna,185,0,1,0.6139,2.5084,0.4937
rmvpe_fix,1393,3613,Hakuna,185,0,1,0.6317,2.4827,0.5223
rmvpe_fix,1394,0328,Potter,106,0,1,0.5648,1.5795,0.2500
rmvpe_fix,1394,0777,Potter,106,0,1,0.5802,1.1687,0.4956
rmvpe_fix,1394,1062,StarWars,106,1,1,0.1997,2.7288,0.1468
rmvpe_fix,1394,3427,Hakuna,106,0,1,0.2594,1.5626,0.3676
rmvpe_fix,1394,4075,Hakuna,106,0,1,0.1689,1.3579,0.4469
rmvpe_fix,1395,0145,Potter,141,0,1,0.6213,1.8199,0.5690
rmvpe_fix,1395,0620,Potter,141,0,1,0.3842,2.1492,0.3003
rmvpe_fix,1395,1636,StarWars,141,1,1,0.6875,1.8426,0.5493
rmvpe_fix,1395,1652,StarWars,141,1,1,0.5846,1.7967,0.6505
rmvpe_fix,1395,3687,Hakuna,141,0,1,0.6544,2.1636,0.2035
rmvpe_fix,1395,3895,Hakuna,141,0,1,0.6581,1.7994,0.5914
rmvpe_fix,1397,0186,Potter,22,0,1,0.8673,2.2104,0.4512
rmvpe_fix,1397,1340,StarWars,22,1,1,0.7250,1.1735,0.8834
rmvpe_fix,1397,3791,Hakuna,22,0,1,0.9481,1.7057,0.7299
rmvpe_fix,1397,3834,Hakuna,22,0,1,1.0077,1.6523,0.7530
rmvpe_fix,1401,1030,StarWars,212,1,1,0.4462,2.8756,0.6398
rmvpe_fix,1401,1646,StarWars,212,1,1,0.6103,3.0365,0.4536
rmvpe_fix,1401,3761,Hakuna,212,0,1,0.4513,3.1438,0.3695
rmvpe_fix,1401,3907,Hakuna,212,0,1,0.5504,3.0864,0.3951
rmvpe_fix,1407,0271,Potter,121,0,1,0.8527,1.8913,0.6820
rmvpe_fix,1407,0416,Potter,121,0,1,0.6618,2.1854,0.4437
rmvpe_fix,1407,0852,StarWars,121,1,1,0.8900,1.4507,0.8922
rmvpe_fix,1407,1525,StarWars,121,1,1,0.7303,1.4002,0.8355
rmvpe_fix,1407,3647,Hakuna,121,0,1,0.6722,2.2533,0.4790
rmvpe_fix,1407,4058,Hakuna,121,0,1,0.6639,2.2379,0.4722
rmvpe_fix,1414,0427,Potter,174,0,1,0.7898,2.2433,0.7495
rmvpe_fix,1414,0577,Potter,174,0,1,0.7067,2.9192,0.3791
rmvpe_fix,1414,1403,StarWars,174,1,1,0.6007,1.6014,0.8794
rmvpe_fix,1414,1502,StarWars,174,1,1,0.7385,1.4368,0.9189
rmvpe_fix,1414,3424,Hakuna,174,0,1,0.7403,1.6878,0.8267
rmvpe_fix,1414,4122,Hakuna,174,0,1,0.5177,2.0003,0.7845
rmvpe_fix,1416,0394,Potter,215,0,1,0.9738,4.5506,0.2288
rmvpe_fix,1416,0975,StarWars,215,1,1,0.7834,2.0174,0.8335
rmvpe_fix,1416,1423,StarWars,215,1,1,0.8503,0.9762,0.8854
rmvpe_fix,1416,3480,Hakuna,215,0,1,0.7311,2.8400,0.6721
rmvpe_fix,1416,3858,Hakuna,215,0,1,0.7515,2.7669,0.6733
rmvpe_fix,1417,0073,Potter,189,0,1,0.8812,2.1288,0.6643
rmvpe_fix,1417,0298,Potter,189,0,1,0.9793,2.1473,0.6669
rmvpe_fix,1417,1251,StarWars,189,1,1,0.9036,1.1853,0.9169
rmvpe_fix,1417,1497,StarWars,189,1,1,0.9329,0.9879,0.9486
rmvpe_fix,1417,3342,Hakuna,189,0,1,0.8985,1.9876,0.5697
rmvpe_fix,1419,0196,Potter,232,0,1,0.5938,1.8322,0.5844
rmvpe_fix,1419,0603,Potter,232,0,1,0.6722,2.2711,0.4402
rmvpe_fix,1419,0917,StarWars,232,1,1,0.8351,2.6392,0.2795
rmvpe_fix,1419,1278,StarWars,232,1,1,0.6928,1.7426,0.6674
rmvpe_fix,1419,3541,Hakuna,232,0,1,0.3113,1.7434,0.6393
rmvpe_fix,1419,4111,Hakuna,232,0,1,0.4082,1.8656,0.5434
rmvpe_fix,1422,0461,Potter,198,0,1,0.1947,1.4866,0.4789
rmvpe_fix,1424,0206,Potter,84,0,1,0.6557,4.1411,-0.2928
rmvpe_fix,1424,1341,StarWars,84,1,1,0.8082,2.1070,0.8370
rmvpe_fix,1424,1504,StarWars,84,1,1,0.6808,2.6649,0.4798
rmvpe_fix,1426,0997,StarWars,135,1,1,0.8640,1.7519,0.7688
rmvpe_fix,1426,1195,StarWars,135,1,1,0.9940,1.8829,0.6127
rmvpe_fix,1426,3501,Hakuna,135,0,1,0.5500,1.9494,0.4200
rmvpe_fix,1426,4070,Hakuna,135,0,1,0.6300,2.0731,0.3557
rmvpe_fix,1427,0484,Potter,162,0,1,0.6638,2.4749,0.6216
rmvpe_fix,1427,0599,Potter,162,0,1,0.6862,2.0511,0.6713
rmvpe_fix,1427,1508,StarWars,162,1,1,0.6983,1.3620,0.9303
rmvpe_fix,1427,1606,StarWars,162,1,1,0.7414,0.5885,0.9789
rmvpe_fix,1429,0489,Potter,87,0,1,0.9345,1.5226,0.4465
rmvpe_fix,1429,0684,Potter,87,0,1,0.8224,1.4907,0.3787
rmvpe_fix,1429,1090,StarWars,87,1,1,0.8086,1.1118,0.7395
rmvpe_fix,1429,1460,StarWars,87,1,1,0.7966,1.1637,0.7242
rmvpe_fix,1429,3341,Hakuna,87,0,1,0.7672,1.5052,0.3855
rmvpe_fix,1429,3728,Hakuna,87,0,1,0.8276,1.4181,0.4547
rmvpe_fix,1440,0071,Potter,109,0,1,0.7164,3.3030,0.3477
rmvpe_fix,1440,0388,Potter,109,0,1,0.7796,3.0243,0.4565
rmvpe_fix,1440,0986,StarWars,109,1,1,0.7877,0.7438,0.9731
rmvpe_fix,1440,1078,StarWars,109,1,1,0.8347,0.6222,0.9762
rmvpe_fix,1440,3457,Hakuna,109,0,1,0.6759,3.7406,0.1293
rmvpe_fix,1440,3837,Hakuna,109,0,1,0.6985,3.2788,0.3387
rmvpe_fix,1441,0004,Potter,160,0,1,0.6081,2.0861,0.5411
rmvpe_fix,1441,0517,Potter,160,0,1,0.5561,2.0789,0.4720
rmvpe_fix,1441,1390,StarWars,160,1,1,0.6634,2.3286,0.2834
rmvpe_fix,1441,1641,StarWars,160,1,1,0.7366,2.0172,0.5460
rmvpe_fix,1441,3786,Hakuna,160,0,1,0.7041,1.8585,0.5865
rmvpe_fix,1441,3994,Hakuna,160,0,1,0.7268,1.7848,0.6890
rmvpe_fix,1443,0649,Potter,197,0,1,0.8272,3.3402,0.6137
rmvpe_fix,1443,0688,Potter,197,0,1,0.8935,2.7787,0.6771
rmvpe_fix,1443,0921,StarWars,197,1,1,0.8255,1.3023,0.9207
rmvpe_fix,1443,1322,StarWars,197,1,1,0.6789,1.4349,0.8232
rmvpe_fix,1443,3512,Hakuna,197,0,1,0.7155,3.0381,0.7112
rmvpe_fix,1443,3851,Hakuna,197,0,1,0.6894,3.1361,0.6231
rmvpe_fix,1447,0508,Potter,120,0,1,1.0560,2.3759,0.7421
rmvpe_fix,1447,0559,Potter,120,0,1,0.9626,2.5341,0.7147
rmvpe_fix,1447,0878,StarWars,120,1,1,0.7199,2.9999,0.4939
rmvpe_fix,1447,1449,StarWars,120,1,1,0.7419,2.7053,0.6179
rmvpe_fix,1447,3503,Hakuna,120,0,1,0.5654,3.6475,0.3689
rmvpe_fix,1447,3549,Hakuna,120,0,1,0.6723,3.9250,0.2516
rmvpe_fix,1453,0136,Potter,144,0,1,0.8181,2.8372,0.6099
rmvpe_fix,1453,0330,Potter,144,0,1,0.7378,3.3454,0.4511
rmvpe_fix,1453,1216,StarWars,144,1,1,0.5903,3.3465,0.2386
rmvpe_fix,1453,1421,StarWars,144,1,1,0.6490,2.9637,0.6697
rmvpe_fix,1453,3420,Hakuna,144,0,1,0.5817,3.3879,0.2547
rmvpe_fix,1453,3673,Hakuna,144,0,1,0.6103,3.6064,0.1252
rmvpe_fix,1455,0140,Potter,175,0,1,0.5240,2.5275,0.4043
rmvpe_fix,1455,0758,Potter,175,0,1,0.7066,2.2906,0.3029
rmvpe_fix,1455,1428,StarWars,175,1,1,0.6886,1.5484,0.6708
rmvpe_fix,1455,1599,StarWars,175,1,1,0.6048,2.1682,0.4831
rmvpe_fix,1455,3425,Hakuna,175,0,1,0.6856,1.8178,0.3766
rmvpe_fix,1455,3997,Hakuna,175,0,1,0.7844,1.8470,0.3713
rmvpe_fix,1458,0076,Potter,30,0,1,0.5393,2.8228,0.5439
rmvpe_fix,1458,0151,Potter,30,0,1,0.6431,2.6672,0.6007
rmvpe_fix,1458,1101,StarWars,30,1,1,0.7297,1.4386,0.9077
rmvpe_fix,1458,1369,StarWars,30,1,1,0.6165,1.5467,0.8415
rmvpe_fix,1458,3443,Hakuna,30,0,1,0.5393,2.9396,0.5323
rmvpe_fix,1458,3694,Hakuna,30,0,1,0.2983,3.2019,0.2546
rmvpe_fix,1466,3474,Hakuna,82,0,1,0.8730,2.9843,0.5382
rmvpe_fix,1466,3654,Hakuna,82,0,1,0.7489,3.1340,0.2328
rmvpe_fix,1467,0254,Potter,129,0,1,1.1423,1.2653,0.8136
rmvpe_fix,1467,0554,Potter,129,0,1,1.0722,1.7197,0.7122
rmvpe_fix,1467,1014,StarWars,129,1,1,0.5499,0.8465,0.9270
rmvpe_fix,1467,1167,StarWars,129,1,1,0.5605,0.7052,0.9321
rmvpe_fix,1467,3576,Hakuna,129,0,1,0.7749,1.5175,0.7525
rmvpe_fix,1467,3651,Hakuna,129,0,1,0.7452,1.3163,0.8298
rmvpe_fix,1469,0408,Potter,145,0,1,0.6762,4.8772,-0.0275
rmvpe_fix,1469,0619,Potter,145,0,1,0.7008,3.1999,0.5033
rmvpe_fix,1469,0956,StarWars,145,1,1,0.7306,2.1553,0.7676
rmvpe_fix,1469,1199,StarWars,145,1,1,0.7358,2.0342,0.8339
rmvpe_fix,1469,3712,Hakuna,145,0,1,0.7604,3.4918,0.4177
rmvpe_fix,1469,3793,Hakuna,145,0,1,0.7940,3.4150,0.3887
rmvpe_fix,1470,0762,Potter,69,0,1,0.4338,1.8907,0.6678
rmvpe_fix,1470,0771,Potter,69,0,1,0.7382,2.0147,0.5575
rmvpe_fix,1470,1323,StarWars,69,1,1,0.2208,2.0022,0.6423
rmvpe_fix,1470,1496,StarWars,69,1,1,0.3249,1.9096,0.6858
rmvpe_fix,1470,3410,Hakuna,69,0,1,0.3423,4.5477,0.0963
rmvpe_fix,1474,0194,Potter,169,0,1,0.7712,2.3694,0.5118
rmvpe_fix,1474,0728,Potter,169,0,1,0.8811,2.3345,0.5908
rmvpe_fix,1474,0848,StarWars,169,1,1,0.7532,2.5290,0.5873
rmvpe_fix,1474,1533,StarWars,169,1,1,0.7261,2.6432,0.4819
rmvpe_fix,1474,3399,Hakuna,169,0,1,0.7568,2.7445,0.2690
rmvpe_fix,1474,3605,Hakuna,169,0,1,0.6378,2.6553,0.3580
rmvpe_fix,1479,0489,Potter,87,0,1,0.9713,1.4721,0.3955
rmvpe_fix,1479,0684,Potter,87,0,1,0.8548,1.6647,0.1848
rmvpe_fix,1479,1090,StarWars,87,1,1,0.8405,1.2645,0.6431
rmvpe_fix,1479,1460,StarWars,87,1,1,0.8280,1.3129,0.6185
rmvpe_fix,1479,3341,Hakuna,87,0,1,0.7975,1.5156,0.3139
rmvpe_fix,1479,3728,Hakuna,87,0,1,0.8602,1.5536,0.3911
rmvpe_fix,1484,0756,Potter,219,0,1,0.5429,2.6797,0.2409
rmvpe_fix,1484,0805,Potter,219,0,1,0.7348,2.5606,0.3762
rmvpe_fix,1484,0988,StarWars,219,1,1,0.6717,2.7495,0.4131
rmvpe_fix,1484,1255,StarWars,219,1,1,0.7197,2.6730,0.5197
rmvpe_fix,1484,3355,Hakuna,219,0,1,0.6338,2.7859,0.2899
rmvpe_fix,1484,3635,Hakuna,219,0,1,0.6540,2.9012,0.0435
rmvpe_fix,1485,0377,Potter,234,0,1,0.8713,2.9231,0.6063
rmvpe_fix,1485,0406,Potter,234,0,1,0.9545,2.6791,0.6781
rmvpe_fix,1485,0906,StarWars,234,1,1,0.9941,1.3962,0.9069
rmvpe_fix,1485,3484,Hakuna,234,0,1,0.8911,2.3701,0.7103
rmvpe_fix,1485,3975,Hakuna,234,0,1,0.8911,2.4901,0.7409
rmvpe_fix,1486,0311,Potter,218,0,1,0.7978,3.9056,0.3025
rmvpe_fix,1486,0518,Potter,218,0,1,0.7870,2.6482,0.7394
rmvpe_fix,1486,0994,StarWars,218,1,1,0.9134,1.6094,0.8964
rmvpe_fix,1486,1220,StarWars,218,1,1,0.8502,2.4434,0.7534
rmvpe_fix,1486,3475,Hakuna,218,0,1,0.9693,2.7247,0.6441
rmvpe_fix,1486,3521,Hakuna,218,0,1,0.9892,2.5160,0.6964
rmvpe_fix,1488,0651,Potter,97,0,1,0.8856,3.1050,0.5512
rmvpe_fix,1488,0706,Potter,97,0,1,0.9757,2.5400,0.6234
rmvpe_fix,1488,1313,StarWars,97,1,1,0.8232,2.2074,0.7790
rmvpe_fix,1488,1418,StarWars,97,1,1,0.8284,1.9638,0.8185
rmvpe_fix,1488,3631,Hakuna,97,0,1,0.8163,3.0858,0.6475
rmvpe_fix,1488,3919,Hakuna,97,0,1,0.8856,3.4003,0.5880
rmvpe_fix,1489,0019,Potter,73,0,1,0.6986,2.9536,0.5292
rmvpe_fix,1489,0078,Potter,73,0,1,0.7767,2.9570,0.5915
rmvpe_fix,1489,1154,StarWars,73,1,1,0.6188,2.8068,0.7814
rmvpe_fix,1489,1359,StarWars,73,1,1,0.7161,3.0075,0.6653
rmvpe_fix,1489,3857,Hakuna,73,0,1,0.6172,3.3351,0.4606
rmvpe_fix,1492,0124,Potter,58,0,1,0.7721,1.7512,0.5597
rmvpe_fix,1492,0467,Potter,58,0,1,0.8213,1.5398,0.6186
rmvpe_fix,1492,1178,StarWars,58,1,1,0.6787,1.1020,0.8324
rmvpe_fix,1492,1262,StarWars,58,1,1,0.7852,1.0684,0.8426
rmvpe_fix,1492,3556,Hakuna,58,0,1,0.6197,1.4982,0.5674
rmvpe_fix,1492,3668,Hakuna,58,0,1,0.5902,1.5378,0.5570
rmvpe_fix,1500,0182,Potter,61,0,1,1.1096,1.8895,0.6929
rmvpe_fix,1500,0336,Potter,61,0,1,0.9479,2.5831,0.2135
rmvpe_fix,1500,1236,StarWars,61,1,1,0.8849,1.8264,0.7718
rmvpe_fix,1500,1318,StarWars,61,1,1,0.9151,1.7651,0.7676
rmvpe_fix,1500,3492,Hakuna,61,0,1,0.6219,2.3249,0.2131
rmvpe_fix,1500,3524,Hakuna,61,0,1,0.6192,2.6002,0.2356
rmvpe_fix,1503,0282,Potter,8,0,1,1.0952,1.6205,0.5427
rmvpe_fix,1503,0802,Potter,8,0,1,1.0018,1.4794,0.5270
rmvpe_fix,1503,1046,StarWars,8,1,1,0.7985,1.5273,0.6427
rmvpe_fix,1503,1667,StarWars,8,1,1,0.8260,1.5160,0.6859
rmvpe_fix,1503,3795,Hakuna,8,0,1,0.7674,1.5139,0.6042
rmvpe_fix,1503,4144,Hakuna,8,0,1,0.7527,1.5726,0.6124
rmvpe_fix,1505,0397,Potter,20,0,1,0.8847,2.6508,0.5096
rmvpe_fix,1505,0513,Potter,20,0,1,0.8281,2.5044,0.6540
rmvpe_fix,1505,1297,StarWars,20,1,1,0.8847,2.7287,0.3159
rmvpe_fix,1505,1582,StarWars,20,1,1,0.8218,1.5451,0.8328
rmvpe_fix,1505,3642,Hakuna,20,0,1,0.8784,2.0513,0.7520
rmvpe_fix,1505,3992,Hakuna,20,0,1,0.8071,1.9455,0.7802
rmvpe_fix,1511,0198,Potter,67,0,1,0.9952,2.7304,0.4260
rmvpe_fix,1511,0369,Potter,67,0,1,0.8452,1.9607,0.7304
rmvpe_fix,1511,1298,StarWars,67,1,1,1.0310,1.4426,0.8225
rmvpe_fix,1511,1326,StarWars,67,1,1,0.7238,2.3711,0.6523
rmvpe_fix,1511,3412,Hakuna,67,0,1,0.6476,1.5415,0.8398
rmvpe_fix,1511,3447,Hakuna,67,0,1,0.8429,1.7588,0.7834
rmvpe_fix,1513,3474,Hakuna,82,0,1,0.9061,2.8824,0.4879
rmvpe_fix,1513,3654,Hakuna,82,0,1,0.7773,3.0650,0.2808
rmvpe_fix,1514,0155,Potter,76,0,1,0.7246,1.2984,0.7122
rmvpe_fix,1514,0584,Potter,76,0,1,0.7473,1.1974,0.7665
rmvpe_fix,1514,1381,StarWars,76,1,1,0.6898,1.6615,0.6348
rmvpe_fix,1514,1445,StarWars,76,1,1,0.7393,2.0122,0.4564
rmvpe_fix,1514,3706,Hakuna,76,0,1,0.6925,1.1860,0.7670
rmvpe_fix,1514,4048,Hakuna,76,0,1,0.7032,1.3527,0.7291
rmvpe_fix,1515,0236,Potter,170,0,1,0.2898,2.1617,0.1042
rmvpe_fix,1515,0668,Potter,170,0,1,0.3251,1.7273,0.4729
rmvpe_fix,1515,1565,StarWars,170,1,1,0.4064,2.0044,0.5045
rmvpe_fix,1517,0732,Potter,150,0,1,0.7658,2.9501,0.4260
rmvpe_fix,1517,0825,Potter,150,0,1,0.7949,2.5877,0.5620
rmvpe_fix,1517,0844,StarWars,150,1,1,0.9436,0.8056,0.9450
rmvpe_fix,1517,1510,StarWars,150,1,1,0.8957,1.1231,0.8466
rmvpe_fix,1517,3493,Hakuna,150,0,1,0.9453,2.5760,0.5866
rmvpe_fix,1517,3767,Hakuna,150,0,1,0.8034,2.6139,0.5482
rmvpe_fix,1521,0713,Potter,3,0,1,0.3565,2.5349,0.5984
rmvpe_fix,1521,0748,Potter,3,0,1,0.3656,2.9397,0.4768
rmvpe_fix,1521,0974,StarWars,3,1,1,0.5015,2.3834,0.6354
rmvpe_fix,1524,0613,Potter,137,0,1,0.5711,3.0236,0.4068
rmvpe_fix,1524,0788,Potter,137,0,1,0.6401,3.6769,0.4142
rmvpe_fix,1524,1163,StarWars,137,1,1,0.7047,1.8334,0.7444
rmvpe_fix,1524,1177,StarWars,137,1,1,0.7478,1.7246,0.8593
rmvpe_fix,1524,3594,Hakuna,137,0,1,0.9418,2.7740,0.5964
rmvpe_fix,1524,3944,Hakuna,137,0,1,0.9052,2.9098,0.5745
rmvpe_fix,1531,0808,Potter,171,0,1,1.0682,1.6030,0.5296
rmvpe_fix,1531,1079,StarWars,171,1,1,0.9741,1.2816,0.7370
rmvpe_fix,1531,1112,StarWars,171,1,1,1.1224,1.6953,0.6592
rmvpe_fix,1532,0038,Potter,207,0,1,0.8152,3.4975,0.3183
rmvpe_fix,1532,0672,Potter,207,0,1,0.9754,3.0060,0.5947
rmvpe_fix,1532,1206,StarWars,207,1,1,0.5072,3.5396,0.4319
rmvpe_fix,1532,1265,StarWars,207,1,1,0.5175,3.4163,0.3942
rmvpe_fix,1532,3446,Hakuna,207,0,1,0.9425,2.6838,0.6763
rmvpe_fix,1532,3565,Hakuna,207,0,1,0.8891,2.6887,0.6671
rmvpe_fix,1534,0295,Potter,83,0,1,0.9089,2.5894,0.6289
rmvpe_fix,1534,0648,Potter,83,0,1,1.1564,2.8142,0.6152
rmvpe_fix,1534,1165,StarWars,83,1,1,1.1525,1.9263,0.8051
rmvpe_fix,1534,1491,StarWars,83,1,1,0.9901,1.5318,0.8676
rmvpe_fix,1534,3452,Hakuna,83,0,1,1.0515,3.0260,0.6842
rmvpe_fix,1534,4101,Hakuna,83,0,1,1.0119,3.0497,0.6434
rmvpe_fix,1538,0076,Potter,30,0,1,0.5336,3.1748,0.5948
rmvpe_fix,1538,0151,Potter,30,0,1,0.6364,3.0285,0.5717
rmvpe_fix,1538,1101,StarWars,30,1,1,0.7220,1.8922,0.8527
rmvpe_fix,1538,1369,StarWars,30,1,1,0.6100,2.3133,0.7847
rmvpe_fix,1538,3443,Hakuna,30,0,1,0.5336,3.2154,0.4673
rmvpe_fix,1538,3694,Hakuna,30,0,1,0.2951,3.6667,0.2078
rmvpe_fix,1539,0470,Potter,91,0,1,0.9898,1.3384,0.4321
rmvpe_fix,1539,0596,Potter,91,0,1,1.1934,1.2349,0.4119
rmvpe_fix,1539,1006,StarWars,91,1,1,0.8092,0.9210,0.6020
rmvpe_fix,1539,1366,StarWars,91,1,1,1.0331,0.9825,0.5907
rmvpe_fix,1539,3411,Hakuna,91,0,1,0.8219,1.3333,0.3229
rmvpe_fix,1539,3440,Hakuna,91,0,1,0.8168,1.4039,0.2591
rmvpe_fix,1542,0356,Potter,196,0,1,0.7339,3.0510,0.6237
rmvpe_fix,1542,0686,Potter,196,0,1,0.6408,2.8070,0.6544
rmvpe_fix,1542,0907,StarWars,196,1,1,0.6475,1.8471,0.8647
rmvpe_fix,1542,1611,StarWars,196,1,1,0.5809,2.9578,0.6431
rmvpe_fix,1542,4056,Hakuna,196,0,1,0.7384,3.8059,0.4096
rmvpe_fix,1542,4082,Hakuna,196,0,1,0.7849,3.9531,0.3490
rmvpe_fix,1544,0239,Potter,59,0,1,0.6713,2.5831,0.5597
rmvpe_fix,1544,0798,Potter,59,0,1,0.5472,2.5000,0.5852
rmvpe_fix,1544,0923,StarWars,59,1,1,0.3671,2.7658,0.4454
rmvpe_fix,1544,1246,StarWars,59,1,1,0.5227,2.6200,0.5023
rmvpe_fix,1544,3956,Hakuna,59,0,1,0.4895,2.7133,0.3572
rmvpe_fix,1544,4124,Hakuna,59,0,1,0.5227,2.6880,0.4621
rmvpe_fix,1545,0699,Potter,154,0,1,0.5372,1.5506,0.5996
rmvpe_fix,1545,0790,Potter,154,0,1,0.5802,1.5523,0.6597
rmvpe_fix,1545,1008,StarWars,154,1,1,0.4066,1.3410,0.6573
rmvpe_fix,1545,1152,StarWars,154,1,1,0.5438,0.9736,0.8126
rmvpe_fix,1545,3375,Hakuna,154,0,1,0.5339,1.9050,0.4824
rmvpe_fix,1545,3762,Hakuna,154,0,1,0.6810,1.6950,0.5693
rmvpe_fix,1546,0282,Potter,8,0,1,1.1220,1.5413,0.5831
rmvpe_fix,1546,0802,Potter,8,0,1,1.0263,1.5575,0.5781
rmvpe_fix,1546,1046,StarWars,8,1,1,0.8180,1.6292,0.5555
rmvpe_fix,1546,1667,StarWars,8,1,1,0.8462,1.5544,0.6659
rmvpe_fix,1546,3795,Hakuna,8,0,1,0.7861,1.5254,0.6257
rmvpe_fix,1546,4144,Hakuna,8,0,1,0.7711,1.6786,0.4303
rmvpe_fix,1550,0019,Potter,73,0,1,0.7204,3.0011,0.6160
rmvpe_fix,1550,0078,Potter,73,0,1,0.8010,3.1101,0.6014
rmvpe_fix,1550,1154,StarWars,73,1,1,0.6382,2.9934,0.7114
rmvpe_fix,1550,1359,StarWars,73,1,1,0.7385,3.1710,0.5705
rmvpe_fix,1550,3857,Hakuna,73,0,1,0.6365,3.4357,0.4677
rmvpe_fix,1552,0004,Potter,160,0,1,0.5420,1.5773,0.6512
rmvpe_fix,1552,0517,Potter,160,0,1,0.4957,1.6378,0.4350
rmvpe_fix,1552,1390,StarWars,160,1,1,0.5913,1.7136,0.5315
rmvpe_fix,1552,1641,StarWars,160,1,1,0.6565,1.6092,0.6199
rmvpe_fix,1552,3786,Hakuna,160,0,1,0.6275,1.5301,0.5462
rmvpe_fix,1552,3994,Hakuna,160,0,1,0.6478,1.4662,0.6462
rmvpe_fix,1554,0373,Potter,122,0,1,0.8558,2.5291,0.5000
rmvpe_fix,1554,0547,Potter,122,0,1,0.7885,2.7678,0.4070
rmvpe_fix,1554,1408,StarWars,122,1,1,0.6971,2.1301,0.6626
rmvpe_fix,1554,1495,StarWars,122,1,1,0.6795,2.1737,0.6216
rmvpe_fix,1554,3595,Hakuna,122,0,1,0.7949,2.0307,0.7592
rmvpe_fix,1554,3655,Hakuna,122,0,1,0.7901,1.8298,0.6833
rmvpe_fix,1555,0295,Potter,83,0,1,0.9053,2.4640,0.6364
rmvpe_fix,1555,0648,Potter,83,0,1,1.1519,2.5736,0.6580
rmvpe_fix,1555,1165,StarWars,83,1,1,1.1479,1.7939,0.8015
rmvpe_fix,1555,1491,StarWars,83,1,1,0.9862,1.4768,0.8394
rmvpe_fix,1555,3452,Hakuna,83,0,1,1.0473,3.7134,0.4320
rmvpe_fix,1555,4101,Hakuna,83,0,1,1.0079,3.5041,0.4144
rmvpe_fix,1557,0595,Potter,26,0,1,0.8199,1.3566,0.3212
rmvpe_fix,1557,0768,Potter,26,0,1,0.7733,1.3419,0.2022
rmvpe_fix,1557,1087,StarWars,26,1,1,0.5742,1.1892,0.5712
rmvpe_fix,1557,1132,StarWars,26,1,1,0.5593,1.2284,0.3459
rmvpe_fix,1557,3392,Hakuna,26,0,1,0.3517,1.2115,0.5709
rmvpe_fix,1557,4137,Hakuna,26,0,1,0.3602,1.2940,0.3861
rmvpe_fix,1563,0005,Potter,216,0,1,0.5788,3.0587,0.4272
rmvpe_fix,1563,0036,Potter,216,0,1,0.6902,3.3345,0.2118
rmvpe_fix,1563,3704,Hakuna,216,0,1,0.5232,3.1342,0.5253
rmvpe_fix,1563,3876,Hakuna,216,0,1,0.5770,3.4246,0.1997
rmvpe_fix,1566,0286,Potter,47,0,1,0.7703,2.0666,0.5880
rmvpe_fix,1566,0443,Potter,47,0,1,0.7089,1.7596,0.6660
rmvpe_fix,1566,1258,StarWars,47,1,1,0.8594,1.4330,0.8085
rmvpe_fix,1566,1300,StarWars,47,1,1,0.6812,1.6525,0.7448
rmvpe_fix,1566,4019,Hakuna,47,0,1,0.9129,1.8905,0.5863
rmvpe_fix,1566,4044,Hakuna,47,0,1,0.9683,1.8463,0.5710
rmvpe_fix,1567,0187,Potter,214,0,1,0.4160,2.4334,0.3165
rmvpe_fix,1567,0702,Potter,214,0,1,0.6247,2.1507,0.4719
rmvpe_fix,1567,1540,StarWars,214,1,1,0.5066,2.1608,0.5641
rmvpe_fix,1567,1618,StarWars,214,1,1,0.4856,2.2117,0.4146
rmvpe_fix,1567,3941,Hakuna,214,0,1,0.4344,2.8249,0.2962
rmvpe_fix,1567,4078,Hakuna,214,0,1,0.4016,2.0972,0.5797
rmvpe_fix,1568,0553,Potter,0,0,1,1.0523,2.0157,0.7007
rmvpe_fix,1568,0590,Potter,0,0,1,1.0354,1.7041,0.7319
rmvpe_fix,1568,0915,StarWars,0,1,1,0.7656,0.8936,0.9328
rmvpe_fix,1568,1140,StarWars,0,1,1,0.7521,0.6371,0.9564
rmvpe_fix,1568,3690,Hakuna,0,0,1,1.0084,2.4386,0.2866
rmvpe_fix,1568,4031,Hakuna,0,0,1,1.0000,1.9290,0.5688
rmvpe_fix,1573,0386,Potter,184,0,1,0.9651,2.6874,0.5699
rmvpe_fix,1573,0729,Potter,184,0,1,0.8436,2.4815,0.6517
rmvpe_fix,1573,0887,StarWars,184,1,1,0.5907,1.8944,0.8367
rmvpe_fix,1573,3612,Hakuna,184,0,1,0.8236,2.9714,0.4236
rmvpe_fix,1573,3844,Hakuna,184,0,1,0.8303,2.7883,0.5010
rmvpe_fix,1576,1030,StarWars,212,1,1,0.4523,2.2356,0.5485
rmvpe_fix,1576,1646,StarWars,212,1,1,0.6187,2.4789,0.3600
rmvpe_fix,1576,3761,Hakuna,212,0,1,0.4575,2.3693,0.2942
rmvpe_fix,1576,3907,Hakuna,212,0,1,0.5581,2.3624,0.2525
rmvpe_fix,1580,0557,Potter,195,0,1,0.8620,1.5501,0.7127
rmvpe_fix,1580,3854,Hakuna,195,0,1,0.9027,1.5978,0.7789
rmvpe_fix,1580,4036,Hakuna,195,0,1,0.8688,1.9356,0.5497
rmvpe_fix,1583,0319,Potter,54,0,1,0.7586,3.2655,0.5852
rmvpe_fix,1583,0573,Potter,54,0,1,0.8335,2.9487,0.6640
rmvpe_fix,1583,0885,StarWars,54,1,1,0.8869,0.5116,0.9882
rmvpe_fix,1583,1561,StarWars,54,1,1,0.8539,1.1935,0.9700
rmvpe_fix,1583,3395,Hakuna,54,0,1,0.7700,2.6589,0.6479
rmvpe_fix,1583,3880,Hakuna,54,0,1,0.7230,2.6907,0.6812
rmvpe_fix,1584,0057,Potter,60,0,1,0.8176,2.0472,0.5690
rmvpe_fix,1584,0348,Potter,60,0,1,0.7960,2.0452,0.6899
rmvpe_fix,1587,0370,Potter,153,0,1,0.7762,1.3709,0.4816
rmvpe_fix,1587,0710,Potter,153,0,1,0.8333,1.3830,0.5362
rmvpe_fix,1587,0882,StarWars,153,1,1,0.8079,0.7591,0.8554
rmvpe_fix,1587,1138,StarWars,153,1,1,0.6889,0.9426,0.7703
rmvpe_fix,1587,3534,Hakuna,153,0,1,0.9460,1.0490,0.7091
rmvpe_fix,1587,3689,Hakuna,153,0,1,0.8571,1.1279,0.6353
rmvpe_fix,1591,0713,Potter,3,0,1,0.3305,3.2960,0.6311
rmvpe_fix,1591,0748,Potter,3,0,1,0.3389,3.7006,0.4426
rmvpe_fix,1591,0974,StarWars,3,1,1,0.4650,2.9272,0.7563
rmvpe_fix,1593,0075,Potter,55,0,1,0.7664,1.5846,0.6440
rmvpe_fix,1593,0785,Potter,55,0,1,0.7336,1.6008,0.6118
rmvpe_fix,1593,1160,StarWars,55,1,1,0.6496,1.3010,0.7315
rmvpe_fix,1593,1648,StarWars,55,1,1,0.9161,1.2068,0.7401
rmvpe_fix,1593,3887,Hakuna,55,0,1,0.8741,1.5679,0.6042
rmvpe_fix,1593,4060,Hakuna,55,0,1,0.7828,1.5726,0.6157
rmvpe_fix,1602,0372,Potter,128,0,1,0.5070,1.7207,0.7442
rmvpe_fix,1602,0440,Potter,128,0,1,0.4558,2.1323,0.6331
rmvpe_fix,1602,1334,StarWars,128,1,1,0.7558,1.6721,0.7408
rmvpe_fix,1602,1570,StarWars,128,1,1,0.6419,1.3773,0.8511
rmvpe_fix,1602,3882,Hakuna,128,0,1,0.5419,2.5454,0.4421
rmvpe_fix,1602,4119,Hakuna,128,0,1,0.5884,2.2369,0.5933
rmvpe_fix,1608,0437,Potter,40,0,1,0.9072,2.7727,0.6826
rmvpe_fix,1608,0502,Potter,40,0,1,0.7369,4.0247,0.3370
rmvpe_fix,1608,0892,StarWars,40,1,1,0.6789,1.6919,0.8811
rmvpe_fix,1608,1600,StarWars,40,1,1,0.7002,1.4508,0.8850
rmvpe_fix,1608,3966,Hakuna,40,0,1,0.8124,3.1672,0.5796
rmvpe_fix,1608,4094,Hakuna,40,0,1,0.7389,3.0521,0.6224
rmvpe_fix,1615,0246,Potter,190,0,1,0.6506,1.6711,0.6961
rmvpe_fix,1615,0410,Potter,190,0,1,0.7023,1.7156,0.6490
rmvpe_fix,1615,1077,StarWars,190,1,1,0.6916,1.6345,0.7109
rmvpe_fix,1615,1085,StarWars,190,1,1,0.6774,1.5180,0.6999
rmvpe_fix,1615,3625,Hakuna,190,0,1,0.5918,1.7846,0.7229
rmvpe_fix,1615,3898,Hakuna,190,0,1,0.7005,1.7590,0.6932
rmvpe_fix,1616,0582,Potter,57,0,1,0.7176,0.7647,0.6269
rmvpe_fix,1616,0801,Potter,57,0,1,0.7542,0.6651,0.7378
rmvpe_fix,1616,0985,StarWars,57,1,1,0.6578,1.2728,-0.0581
rmvpe_fix,1616,1249,StarWars,57,1,1,0.6877,0.8337,0.5305
rmvpe_fix,1616,3745,Hakuna,57,0,1,1.1628,1.1641,0.0706
rmvpe_fix,1616,3802,Hakuna,57,0,1,1.1927,1.1854,0.0902
rmvpe_fix,1623,0350,Potter,72,0,1,0.3899,2.6650,0.5674
rmvpe_fix,1623,0506,Potter,72,0,1,0.3724,3.0234,0.4708
rmvpe_fix,1623,1215,StarWars,72,1,1,0.5626,2.2323,0.7532
rmvpe_fix,1623,1478,StarWars,72,1,1,0.7068,4.0265,0.2277
rmvpe_fix,1623,3666,Hakuna,72,0,1,0.5705,2.8665,0.4568
rmvpe_fix,1623,4069,Hakuna,72,0,1,0.5372,2.8989,0.4383
rmvpe_fix,1625,0057,Potter,60,0,1,0.8244,1.8899,0.4219
rmvpe_fix,1625,0348,Potter,60,0,1,0.8027,1.6722,0.7023
rmvpe_fix,1627,0732,Potter,150,0,1,0.7778,3.2415,0.4068
rmvpe_fix,1627,0825,Potter,150,0,1,0.8073,2.9487,0.4993
rmvpe_fix,1627,0844,StarWars,150,1,1,0.9583,0.7830,0.9584
rmvpe_fix,1627,1510,StarWars,150,1,1,0.9097,1.5293,0.7567
rmvpe_fix,1627,3493,Hakuna,150,0,1,0.9601,3.0453,0.4208
rmvpe_fix,1627,3767,Hakuna,150,0,1,0.8160,3.1279,0.3815
rmvpe_fix,1628,0055,Potter,200,0,1,0.7127,2.8164,0.7360
rmvpe_fix,1628,0417,Potter,200,0,1,0.6932,2.3933,0.7137
rmvpe_fix,1628,1015,StarWars,200,1,1,0.7280,2.6122,0.7116
rmvpe_fix,1628,1626,StarWars,200,1,1,0.7029,2.7879,0.6669
rmvpe_fix,1628,3586,Hakuna,200,0,1,0.5732,3.2290,0.4548
rmvpe_fix,1628,3862,Hakuna,200,0,1,0.5955,3.0826,0.5409
rmvpe_fix,1630,0538,Potter,16,0,1,0.3351,2.2370,0.6099
rmvpe_fix,1630,0797,Potter,16,0,1,0.3825,2.7813,0.4689
rmvpe_fix,1630,1261,StarWars,16,1,1,0.2807,1.9161,0.7811
rmvpe_fix,1630,1522,StarWars,16,1,1,0.1912,2.8397,0.3414
rmvpe_fix,1630,3846,Hakuna,16,0,1,0.9351,2.7304,0.4896
rmvpe_fix,1630,4150,Hakuna,16,0,1,0.9193,2.6520,0.5699
rmvpe_fix,1634,0713,Potter,3,0,1,0.3415,2.7313,0.5458
rmvpe_fix,1634,0748,Potter,3,0,1,0.3502,3.2436,0.2662
rmvpe_fix,1634,0974,StarWars,3,1,1,0.4805,2.3686,0.7295
rmvpe_fix,1635,0425,Potter,5,0,1,0.6097,2.7271,0.4677
rmvpe_fix,1635,0528,Potter,5,0,1,0.7306,2.9249,0.3748
rmvpe_fix,1635,0854,StarWars,5,1,1,0.7280,1.2744,0.8385
rmvpe_fix,1635,1444,StarWars,5,1,1,0.7254,1.7067,0.7944
rmvpe_fix,1635,3606,Hakuna,5,0,1,0.6491,2.0938,0.7210
rmvpe_fix,1635,3860,Hakuna,5,0,1,0.6689,2.4533,0.5862
rmvpe_fix,1643,0087,Potter,43,0,1,0.9109,2.2774,0.6452
rmvpe_fix,1643,0212,Potter,43,0,1,1.0121,2.4324,0.6060
rmvpe_fix,1643,1314,StarWars,43,1,1,0.9696,0.7783,0.9631
rmvpe_fix,1643,1490,StarWars,43,1,1,0.9474,0.7992,0.9587
rmvpe_fix,1643,3478,Hakuna,43,0,1,0.9028,2.6621,0.5612
rmvpe_fix,1643,3825,Hakuna,43,0,1,0.9251,2.7552,0.5285
rmvpe_fix,1645,0356,Potter,196,0,1,0.7013,2.5697,0.6645
rmvpe_fix,1645,0686,Potter,196,0,1,0.6123,2.5641,0.6682
rmvpe_fix,1645,0907,StarWars,196,1,1,0.6186,1.7226,0.7500
rmvpe_fix,1645,1611,StarWars,196,1,1,0.5551,1.7556,0.8008
rmvpe_fix,1645,4056,Hakuna,196,0,1,0.7055,3.0110,0.5535
rmvpe_fix,1645,4082,Hakuna,196,0,1,0.7500,3.1257,0.4694
rmvpe_fix,1647,0229,Potter,230,0,1,0.5484,3.1965,0.6313
rmvpe_fix,1647,0245,Potter,230,0,1,0.3561,3.2318,0.6012
rmvpe_fix,1647,1010,StarWars,230,1,1,0.4442,2.8831,0.7048
rmvpe_fix,1647,1048,StarWars,230,1,1,0.3635,3.0038,0.7049
rmvpe_fix,1647,3670,Hakuna,230,0,1,0.3908,3.4359,0.5080
rmvpe_fix,1647,3702,Hakuna,230,0,1,0.4206,4.1801,0.2691
rmvpe_fix,1650,0189,Potter,203,0,1,0.9678,2.0450,0.4698
rmvpe_fix,1650,0302,Potter,203,0,1,0.8505,1.8065,0.5369
rmvpe_fix,1650,0934,StarWars,203,1,1,0.7251,1.9236,0.5431
rmvpe_fix,1650,1603,StarWars,203,1,1,0.4791,1.9036,0.5796
rmvpe_fix,1650,3497,Hakuna,203,0,1,1.5064,1.9395,0.5576
rmvpe_fix,1650,3926,Hakuna,203,0,1,1.4775,1.6101,0.6262
rmvpe_raw,0838,0370,Potter,153,0,1,0.3931,2.8279,0.4822
rmvpe_raw,0838,0710,Potter,153,0,1,0.5230,2.4431,0.3211
rmvpe_raw,0838,0882,StarWars,153,1,1,0.4326,2.1036,0.4034
rmvpe_raw,0838,1138,StarWars,153,1,1,0.3980,1.9418,0.4612
rmvpe_raw,0838,3534,Hakuna,153,0,1,0.6332,1.6779,0.4125
rmvpe_raw,0838,3689,Hakuna,153,0,1,0.5707,1.5893,0.5328
rmvpe_raw,0840,0131,Potter,53,0,1,0.6054,2.1462,0.5696
rmvpe_raw,0840,0689,Potter,53,0,1,0.7287,2.7237,0.4523
rmvpe_raw,0840,1269,StarWars,53,1,1,0.1906,2.5562,0.6200
rmvpe_raw,0840,1596,StarWars,53,1,1,0.2982,2.5900,0.5919
rmvpe_raw,0840,3585,Hakuna,53,0,1,0.2892,1.9894,0.7115
rmvpe_raw,0840,3856,Hakuna,53,0,1,0.2960,2.4627,0.5720
rmvpe_raw,0845,0616,Potter,71,0,1,0.1658,2.2564,-0.0290
rmvpe_raw,0845,0753,Potter,71,0,1,0.2613,2.7214,0.3575
rmvpe_raw,0849,0060,Potter,222,0,1,0.7663,1.9520,0.5846
rmvpe_raw,0849,0107,Potter,222,0,1,0.6854,2.1515,0.4751
rmvpe_raw,0849,0959,StarWars,222,1,1,0.2360,2.3845,0.5511
rmvpe_raw,0849,1276,StarWars,222,1,1,0.2360,2.9022,-0.0943
rmvpe_raw,0849,4064,Hakuna,222,0,1,0.4876,2.2560,0.3678
rmvpe_raw,0849,4085,Hakuna,222,0,1,0.6382,1.9631,0.5144
rmvpe_raw,0855,0202,Potter,164,0,1,0.1229,2.5105,0.5245
rmvpe_raw,0855,0293,Potter,164,0,1,0.2183,2.7031,0.4329
rmvpe_raw,0855,1315,StarWars,164,1,1,0.1211,3.0427,0.3959
rmvpe_raw,0855,1482,StarWars,164,1,1,0.1266,2.7303,0.3486
rmvpe_raw,0855,3746,Hakuna,164,0,1,0.2128,2.7568,0.4167
rmvpe_raw,0855,3954,Hakuna,164,0,1,0.2110,2.7672,0.4760
rmvpe_raw,0857,0651,Potter,97,0,1,0.3467,3.1291,0.6381
rmvpe_raw,0857,0706,Potter,97,0,1,0.3750,2.5240,0.5548
rmvpe_raw,0857,1313,StarWars,97,1,1,0.2533,3.9584,0.3632
rmvpe_raw,0857,1418,StarWars,97,1,1,0.2683,2.6727,0.7365
rmvpe_raw,0858,0631,Potter,29,0,1,0.2082,1.8606,0.6204
rmvpe_raw,0858,1142,StarWars,29,1,1,0.0967,1.9462,0.6376
rmvpe_raw,0858,1493,StarWars,29,1,1,0.1413,1.4424,0.7690
rmvpe_raw,0863,1215,StarWars,72,1,1,0.4422,1.9439,0.6896
rmvpe_raw,0863,1478,StarWars,72,1,1,0.3725,2.5526,0.4425
rmvpe_raw,0863,3666,Hakuna,72,0,1,0.3248,2.3873,0.7160
rmvpe_raw,0863,4069,Hakuna,72,0,1,0.2018,2.2140,0.6915
rmvpe_raw,0871,0055,Potter,200,0,1,0.3302,3.1491,0.5253
rmvpe_raw,0871,0417,Potter,200,0,1,0.2942,2.8994,0.5915
rmvpe_raw,0871,1015,StarWars,200,1,1,0.3412,2.3164,0.7290
rmvpe_raw,0871,1626,StarWars,200,1,1,0.2895,3.3412,0.5542
rmvpe_raw,0871,3586,Hakuna,200,0,1,0.3631,2.9987,0.5438
rmvpe_raw,0871,3862,Hakuna,200,0,1,0.3959,3.1777,0.4806
rmvpe_raw,0873,0427,Potter,174,0,1,0.2599,1.7916,0.7831
rmvpe_raw,0873,0577,Potter,174,0,1,0.1769,4.2197,-0.4498
rmvpe_raw,0873,1403,StarWars,174,1,1,0.1805,2.7444,0.4056
rmvpe_raw,0873,1502,StarWars,174,1,1,0.2184,2.8550,0.5803
rmvpe_raw,0873,3424,Hakuna,174,0,1,0.2581,3.3643,0.5193
rmvpe_raw,0879,0189,Potter,203,0,1,0.1123,2.2605,0.1111
rmvpe_raw,0879,0302,Potter,203,0,1,0.1841,1.7626,0.5312
rmvpe_raw,0879,0934,StarWars,203,1,1,0.0913,2.4011,0.2523
rmvpe_raw,0879,3497,Hakuna,203,0,1,0.4251,1.9561,0.2888
rmvpe_raw,0879,3926,Hakuna,203,0,1,0.4072,1.6774,0.2595
rmvpe_raw,0884,0111,Potter,100,0,1,0.2562,2.2406,0.3294
rmvpe_raw,0884,0407,Potter,100,0,1,0.2783,2.0852,0.4326
rmvpe_raw,0884,1040,StarWars,100,1,1,0.4569,2.0838,0.4188
rmvpe_raw,0884,1344,StarWars,100,1,1,0.0948,2.2987,0.2682
rmvpe_raw,0884,3448,Hakuna,100,0,1,0.1478,2.3228,0.0932
rmvpe_raw,0884,4068,Hakuna,100,0,1,0.2722,2.0212,0.4489
rmvpe_raw,0894,0504,Potter,90,0,1,0.1208,3.2145,0.3968
rmvpe_raw,0894,0597,Potter,90,0,1,0.1927,3.2189,0.1421
rmvpe_raw,0894,0886,StarWars,90,1,1,0.1208,3.2362,0.2409
rmvpe_raw,0894,1075,StarWars,90,1,1,0.1180,3.7486,-0.0415
rmvpe_raw,0894,3378,Hakuna,90,0,1,0.2334,2.5804,0.5787
rmvpe_raw,0894,3455,Hakuna,90,0,1,0.2605,3.4315,0.1860
rmvpe_raw,0903,0072,Potter,15,0,1,0.4544,2.1719,0.6051
rmvpe_raw,0903,0465,Potter,15,0,1,0.3544,2.1681,0.6060
rmvpe_raw,0903,0877,StarWars,15,1,1,0.1737,2.1367,0.7062
rmvpe_raw,0903,1633,StarWars,15,1,1,0.4175,2.8624,0.3328
rmvpe_raw,0903,3996,Hakuna,15,0,1,0.2123,2.9539,0.4055
rmvpe_raw,0903,4096,Hakuna,15,0,1,0.3684,3.0823,0.6621
rmvpe_raw,0908,3474,Hakuna,82,0,1,0.2492,3.1156,0.2243
rmvpe_raw,0908,3654,Hakuna,82,0,1,0.2692,2.8425,0.2425
rmvpe_raw,0911,0542,Potter,44,0,1,0.2504,2.5009,0.6806
rmvpe_raw,0911,0739,Potter,44,0,1,0.2876,2.5029,0.6824
rmvpe_raw,0911,0964,StarWars,44,1,1,0.7288,2.4923,0.6467
rmvpe_raw,0911,1026,StarWars,44,1,1,0.6542,2.8111,0.5801
rmvpe_raw,0911,3485,Hakuna,44,0,1,0.2295,3.7136,0.5206
rmvpe_raw,0911,3781,Hakuna,44,0,1,0.1624,2.2897,0.7585
rmvpe_raw,0913,0631,Potter,29,0,1,0.1961,1.5778,0.6607
rmvpe_raw,0913,1142,StarWars,29,1,1,0.0911,2.1375,0.4975
rmvpe_raw,0913,1493,StarWars,29,1,1,0.1331,1.5296,0.6408
rmvpe_raw,0914,3332,Hakuna,6,0,1,0.4969,3.2169,0.3737
rmvpe_raw,0926,0582,Potter,57,0,1,0.2902,3.7700,0.1829
rmvpe_raw,0926,0801,Potter,57,0,1,0.3393,2.5687,0.4238
rmvpe_raw,0926,0985,StarWars,57,1,1,0.3378,4.7746,0.3733
rmvpe_raw,0926,1249,StarWars,57,1,1,0.3185,2.8810,0.2913
rmvpe_raw,0926,3745,Hakuna,57,0,1,0.6875,4.3863,0.2305
rmvpe_raw,0926,3802,Hakuna,57,0,1,0.6473,6.5298,0.2775
rmvpe_raw,0930,0071,Potter,109,0,1,0.2802,2.9283,0.5693
rmvpe_raw,0930,0388,Potter,109,0,1,0.3700,2.4060,0.7138
rmvpe_raw,0930,0986,StarWars,109,1,1,0.2564,2.5368,0.6305
rmvpe_raw,0930,1078,StarWars,109,1,1,0.2454,2.9336,0.6881
rmvpe_raw,0930,3457,Hakuna,109,0,1,0.2253,2.9812,0.6987
rmvpe_raw,0930,3837,Hakuna,109,0,1,0.1832,2.7436,0.6823
rmvpe_raw,0936,0271,Potter,121,0,1,0.2053,3.2412,0.3256
rmvpe_raw,0936,0416,Potter,121,0,1,0.2958,2.6215,0.4698
rmvpe_raw,0936,0852,StarWars,121,1,1,0.2715,2.2439,0.6609
rmvpe_raw,0936,1525,StarWars,121,1,1,0.1921,2.0895,0.5716
rmvpe_raw,0936,3647,Hakuna,121,0,1,0.1876,4.4874,0.1616
rmvpe_raw,0936,4058,Hakuna,121,0,1,0.2539,2.5654,0.5825
rmvpe_raw,0939,0361,Potter,46,0,1,0.2669,2.9424,0.5311
rmvpe_raw,0939,0632,Potter,46,0,1,0.1639,2.9305,0.5570
rmvpe_raw,0939,0841,StarWars,46,1,1,0.3378,2.2419,0.7040
rmvpe_raw,0939,1237,StarWars,46,1,1,0.1740,4.4947,-0.0267
rmvpe_raw,0939,3661,Hakuna,46,0,1,0.2703,3.6630,0.2962
rmvpe_raw,0939,4156,Hakuna,46,0,1,0.3159,3.7850,0.4112
rmvpe_raw,0943,0438,Potter,192,0,1,0.3435,3.3927,0.0117
rmvpe_raw,0943,0783,Potter,192,0,1,0.1963,5.9141,0.3902
rmvpe_raw,0943,0909,StarWars,192,1,1,0.3266,2.5287,0.5568
rmvpe_raw,0943,1642,StarWars,192,1,1,0.2267,1.7466,0.6393
rmvpe_raw,0943,4148,Hakuna,192,0,1,0.1100,1.9493,0.5784
rmvpe_raw,0945,0140,Potter,175,0,1,0.1633,2.6180,0.3643
rmvpe_raw,0945,1428,StarWars,175,1,1,0.0824,7.2533,0.2244
rmvpe_raw,0945,1599,StarWars,175,1,1,0.1213,2.4882,0.2240
rmvpe_raw,0945,3425,Hakuna,175,0,1,0.7185,1.8373,0.3678
rmvpe_raw,0945,3997,Hakuna,175,0,1,0.7683,1.7821,0.4384
rmvpe_raw,0948,0755,Potter,220,0,1,0.1569,1.7231,0.4425
rmvpe_raw,0951,0194,Potter,169,0,1,0.2207,2.6561,0.4307
rmvpe_raw,0951,0728,Potter,169,0,1,0.2068,2.6065,0.4112
rmvpe_raw,0951,0848,StarWars,169,1,1,0.3519,2.5769,0.3750
rmvpe_raw,0951,1533,StarWars,169,1,1,0.1960,2.5441,0.4108
rmvpe_raw,0951,3399,Hakuna,169,0,1,0.2593,2.6912,0.4705
rmvpe_raw,0963,0041,Potter,151,0,1,0.2300,2.1380,0.6002
rmvpe_raw,0963,0778,Potter,151,0,1,0.2019,2.1201,0.6718
rmvpe_raw,0963,1060,StarWars,151,1,1,0.3224,1.9848,0.6308
rmvpe_raw,0963,1252,StarWars,151,1,1,0.2801,1.9952,0.6519
rmvpe_raw,0963,3523,Hakuna,151,0,1,0.1236,2.1319,0.6151
rmvpe_raw,0963,3573,Hakuna,151,0,1,0.2316,2.1676,0.6760
rmvpe_raw,0969,0623,Potter,10,0,1,0.6528,2.0907,0.5201
rmvpe_raw,0969,0830,Potter,10,0,1,0.4539,3.2297,0.2636
rmvpe_raw,0969,1176,StarWars,10,1,1,0.4231,3.8400,0.2476
rmvpe_raw,0969,1321,StarWars,10,1,1,0.4051,3.8533,0.0694
rmvpe_raw,0969,3717,Hakuna,10,0,1,0.1302,2.1223,0.5989
rmvpe_raw,0969,3891,Hakuna,10,0,1,0.3743,2.1894,0.5809
rmvpe_raw,0970,0787,Potter,136,0,1,0.1629,3.2991,0.2283
rmvpe_raw,0970,0837,Potter,136,0,1,0.2201,2.9367,0.5913
rmvpe_raw,0970,1004,StarWars,136,1,1,0.3102,3.1043,0.4053
rmvpe_raw,0970,1042,StarWars,136,1,1,0.3899,3.0971,0.4099
rmvpe_raw,0970,3526,Hakuna,136,0,1,0.3865,3.0645,0.5026
rmvpe_raw,0970,3943,Hakuna,136,0,1,0.3969,3.0222,0.5165
rmvpe_raw,0971,0229,Potter,230,0,1,0.1239,4.0968,0.5988
rmvpe_raw,0971,3670,Hakuna,230,0,1,0.1409,2.9073,0.6926
rmvpe_raw,0971,3702,Hakuna,230,0,1,0.1349,3.7324,0.6388
rmvpe_raw,0977,0044,Potter,217,0,1,0.1728,2.6035,0.5269
rmvpe_raw,0977,0101,Potter,217,0,1,0.3160,2.5674,0.4765
rmvpe_raw,0977,1131,StarWars,217,1,1,0.0941,2.9053,0.5476
rmvpe_raw,0977,3701,Hakuna,217,0,1,0.2093,2.6235,0.6120
rmvpe_raw,0977,4103,Hakuna,217,0,1,0.2008,2.6303,0.5039
rmvpe_raw,0979,0623,Potter,10,0,1,0.6047,2.1687,0.4405
rmvpe_raw,0979,0830,Potter,10,0,1,0.4204,3.0044,0.2013
rmvpe_raw,0979,1176,StarWars,10,1,1,0.3920,3.8840,0.1112
rmvpe_raw,0979,1321,StarWars,10,1,1,0.3752,3.6001,0.1106
rmvpe_raw,0979,3717,Hakuna,10,0,1,0.1206,2.0326,0.6001
rmvpe_raw,0979,3891,Hakuna,10,0,1,0.3467,2.0292,0.5834
rmvpe_raw,0980,0319,Potter,54,0,1,0.4431,3.1218,0.5579
rmvpe_raw,0980,0573,Potter,54,0,1,0.4056,3.0325,0.5832
rmvpe_raw,0980,0885,StarWars,54,1,1,0.6667,3.2092,0.5700
rmvpe_raw,0980,1561,StarWars,54,1,1,0.6827,2.7817,0.6460
rmvpe_raw,0980,3395,Hakuna,54,0,1,0.2945,2.9933,0.5792
rmvpe_raw,0980,3880,Hakuna,54,0,1,0.2959,3.6158,0.5025
rmvpe_raw,0984,0438,Potter,192,0,1,0.4004,2.4839,0.3335
rmvpe_raw,0984,0783,Potter,192,0,1,0.2288,6.8643,-0.3166
rmvpe_raw,0984,0909,StarWars,192,1,1,0.3807,2.7217,0.0680
rmvpe_raw,0984,1642,StarWars,192,1,1,0.2643,1.6579,0.6370
rmvpe_raw,0984,4148,Hakuna,192,0,1,0.1282,2.2639,0.2468
rmvpe_raw,0987,0286,Potter,47,0,1,0.4181,2.8917,0.4510
rmvpe_raw,0987,0443,Potter,47,0,1,0.4004,2.2446,0.5693
rmvpe_raw,0987,1258,StarWars,47,1,1,0.4379,2.6058,0.4977
rmvpe_raw,0987,1300,StarWars,47,1,1,0.2367,2.1786,0.6373
rmvpe_raw,0987,4019,Hakuna,47,0,1,0.3649,2.2316,0.5261
rmvpe_raw,0987,4044,Hakuna,47,0,1,0.5227,2.4901,0.5039
rmvpe_raw,0991,0182,Potter,61,0,1,1.1089,1.7445,0.7426
rmvpe_raw,0991,0336,Potter,61,0,1,0.9050,2.0222,0.3360
rmvpe_raw,0991,1236,StarWars,61,1,1,0.5279,1.8156,0.6863
rmvpe_raw,0991,1318,StarWars,61,1,1,0.7486,2.1368,0.5482
rmvpe_raw,0996,0755,Potter,220,0,1,0.1506,1.9901,0.5110
rmvpe_raw,1001,0361,Potter,46,0,1,0.2753,2.9419,0.5349
rmvpe_raw,1001,0632,Potter,46,0,1,0.1690,3.1035,0.5951
rmvpe_raw,1001,0841,StarWars,46,1,1,0.3484,2.5343,0.6942
rmvpe_raw,1001,1237,StarWars,46,1,1,0.1794,4.3513,0.0175
rmvpe_raw,1001,3661,Hakuna,46,0,1,0.2787,3.7333,0.2998
rmvpe_raw,1001,4156,Hakuna,46,0,1,0.3258,3.5020,0.4486
rmvpe_raw,1002,1461,StarWars,134,1,1,0.0759,2.7579,-0.3853
rmvpe_raw,1002,1589,StarWars,134,1,1,0.0804,3.0263,-0.0680
rmvpe_raw,1020,0010,Potter,92,0,1,0.2548,2.7758,0.6411
rmvpe_raw,1020,0232,Potter,92,0,1,0.1490,2.0522,0.7883
rmvpe_raw,1020,0922,StarWars,92,1,1,0.1356,3.6090,0.3306
rmvpe_raw,1020,4028,Hakuna,92,0,1,0.3756,3.2699,0.5706
rmvpe_raw,1023,0470,Potter,91,0,1,0.1626,5.1763,0.2770
rmvpe_raw,1023,1006,StarWars,91,1,1,0.1516,6.3811,0.1217
rmvpe_raw,1023,1366,StarWars,91,1,1,0.1319,2.2062,0.2907
rmvpe_raw,1023,3411,Hakuna,91,0,1,0.1187,6.9017,-0.1899
rmvpe_raw,1023,3440,Hakuna,91,0,1,0.1670,2.0908,-0.1632
rmvpe_raw,1032,0073,Potter,189,0,1,0.2060,1.9808,0.6582
rmvpe_raw,1032,0298,Potter,189,0,1,0.3204,1.9625,0.6358
rmvpe_raw,1032,1251,StarWars,189,1,1,0.3680,2.3555,0.4182
rmvpe_raw,1032,1497,StarWars,189,1,1,0.3873,2.6750,0.2360
rmvpe_raw,1032,3342,Hakuna,189,0,1,0.2359,2.2500,0.4992
rmvpe_raw,1035,0198,Potter,67,0,1,0.2065,2.7411,0.3281
rmvpe_raw,1035,0369,Potter,67,0,1,0.2637,3.1588,0.1724
rmvpe_raw,1035,1298,StarWars,67,1,1,0.3060,2.7722,0.5145
rmvpe_raw,1035,1326,StarWars,67,1,1,0.1592,2.3179,0.5726
rmvpe_raw,1035,3412,Hakuna,67,0,1,0.1493,3.0053,0.2802
rmvpe_raw,1043,0275,Potter,33,0,1,0.1957,1.7025,0.7475
rmvpe_raw,1043,0468,Potter,33,0,1,0.3278,1.6342,0.7518
rmvpe_raw,1043,1174,StarWars,33,1,1,0.0853,3.1960,0.4837
rmvpe_raw,1043,3868,Hakuna,33,0,1,0.0870,2.9838,0.2283
rmvpe_raw,1053,0531,Potter,105,0,1,0.5613,3.0587,0.3715
rmvpe_raw,1053,0583,Potter,105,0,1,0.5900,3.5579,0.3133
rmvpe_raw,1053,1579,StarWars,105,1,1,0.6437,2.8022,0.3865
rmvpe_raw,1053,3587,Hakuna,105,0,1,0.3391,2.4743,0.6899
rmvpe_raw,1053,3906,Hakuna,105,0,1,0.4904,3.2719,0.3839
rmvpe_raw,1054,0090,Potter,24,0,1,0.3271,2.0811,0.5950
rmvpe_raw,1054,0320,Potter,24,0,1,0.2833,2.1410,0.5806
rmvpe_raw,1054,1045,StarWars,24,1,1,0.3490,2.2129,0.6012
rmvpe_raw,1054,1325,StarWars,24,1,1,0.3192,2.3190,0.5496
rmvpe_raw,1054,3814,Hakuna,24,0,1,0.3396,2.6292,0.4402
rmvpe_raw,1054,4118,Hakuna,24,0,1,0.3177,2.6744,0.3993
rmvpe_raw,1057,0680,Potter,123,0,1,0.1997,6.1493,-0.1781
rmvpe_raw,1057,0835,Potter,123,0,1,0.4168,3.8974,0.3622
rmvpe_raw,1057,1196,StarWars,123,1,1,0.5325,6.6096,0.0723
rmvpe_raw,1057,1378,StarWars,123,1,1,0.5943,5.1449,0.0727
rmvpe_raw,1057,3567,Hakuna,123,0,1,0.1680,9.1153,0.2450
rmvpe_raw,1057,3787,Hakuna,123,0,1,0.2742,9.0449,-0.3428
rmvpe_raw,1058,0424,Potter,38,0,1,0.7749,1.6301,0.6531
rmvpe_raw,1058,0829,Potter,38,0,1,0.5354,2.0041,0.4604
rmvpe_raw,1058,1149,StarWars,38,1,1,0.6447,1.7990,0.5538
rmvpe_raw,1058,1273,StarWars,38,1,1,0.4743,1.7005,0.6454
rmvpe_raw,1058,3506,Hakuna,38,0,1,0.4518,1.6588,0.5099
rmvpe_raw,1058,3732,Hakuna,38,0,1,0.5675,1.6602,0.4819
rmvpe_raw,1063,0616,Potter,71,0,1,0.1549,2.4065,-0.0102
rmvpe_raw,1063,0753,Potter,71,0,1,0.2441,2.6547,0.3931
rmvpe_raw,1067,0060,Potter,222,0,1,0.8766,2.3697,0.6071
rmvpe_raw,1067,0107,Potter,222,0,1,0.7841,2.7485,0.4618
rmvpe_raw,1067,0959,StarWars,222,1,1,0.2699,2.5917,0.5600
rmvpe_raw,1067,1276,StarWars,222,1,1,0.2699,3.4883,-0.0374
rmvpe_raw,1067,4064,Hakuna,222,0,1,0.5578,2.8184,0.3608
rmvpe_raw,1067,4085,Hakuna,222,0,1,0.7301,2.4877,0.4990
rmvpe_raw,1070,0187,Potter,214,0,1,0.0961,2.8814,0.3067
rmvpe_raw,1074,0279,Potter,223,0,1,0.1486,2.8792,0.5578
rmvpe_raw,1074,0609,Potter,223,0,1,0.0922,2.1798,0.5487
rmvpe_raw,1074,3343,Hakuna,223,0,1,0.1100,2.9595,0.2388
rmvpe_raw,1074,4153,Hakuna,223,0,1,0.1224,2.0556,0.6327
rmvpe_raw,1076,0111,Potter,100,0,1,0.2701,2.4581,0.2118
rmvpe_raw,1076,0407,Potter,100,0,1,0.2935,2.3237,0.4465
rmvpe_raw,1076,1040,StarWars,100,1,1,0.4818,2.2732,0.3896
rmvpe_raw,1076,1344,StarWars,100,1,1,0.1000,2.3935,0.2885
rmvpe_raw,1076,3448,Hakuna,100,0,1,0.1558,2.4691,0.1602
rmvpe_raw,1076,4068,Hakuna,100,0,1,0.2870,2.2234,0.4414
rmvpe_raw,1084,0371,Potter,52,0,1,0.1061,4.7780,0.3312
rmvpe_raw,1084,1331,StarWars,52,1,1,0.1458,3.3336,-0.0036
rmvpe_raw,1084,3349,Hakuna,52,0,1,0.2614,3.2366,0.5122
rmvpe_raw,1084,3915,Hakuna,52,0,1,0.2405,3.8627,0.3741
rmvpe_raw,1097,0202,Potter,164,0,1,0.1151,2.5480,0.6007
rmvpe_raw,1097,0293,Potter,164,0,1,0.2045,2.6159,0.4833
rmvpe_raw,1097,1315,StarWars,164,1,1,0.1134,2.9987,0.5249
rmvpe_raw,1097,1482,StarWars,164,1,1,0.1186,3.1712,0.3115
rmvpe_raw,1097,3746,Hakuna,164,0,1,0.1993,2.9987,0.4521
rmvpe_raw,1097,3954,Hakuna,164,0,1,0.1976,2.9502,0.4903
rmvpe_raw,1099,0288,Potter,208,0,1,0.4624,0.8266,0.6456
rmvpe_raw,1099,0482,Potter,208,0,1,0.5143,0.8474,0.5513
rmvpe_raw,1099,1399,StarWars,208,1,1,0.1953,0.9071,0.4119
rmvpe_raw,1099,1436,StarWars,208,1,1,0.1344,0.9254,0.5112
rmvpe_raw,1099,3519,Hakuna,208,0,1,0.1057,1.0219,0.2518
rmvpe_raw,1104,0542,Potter,44,0,1,0.2561,2.4467,0.7192
rmvpe_raw,1104,0739,Potter,44,0,1,0.2942,2.4862,0.7082
rmvpe_raw,1104,0964,StarWars,44,1,1,0.7454,2.6188,0.6065
rmvpe_raw,1104,1026,StarWars,44,1,1,0.6692,2.8528,0.5782
rmvpe_raw,1104,3485,Hakuna,44,0,1,0.2348,3.6577,0.5301
rmvpe_raw,1104,3781,Hakuna,44,0,1,0.1662,2.2990,0.7986
rmvpe_raw,1108,0397,Potter,20,0,1,0.7425,2.4797,0.4512
rmvpe_raw,1108,0513,Potter,20,0,1,0.6097,2.3234,0.4543
rmvpe_raw,1108,1297,StarWars,20,1,1,0.7264,2.4098,0.5632
rmvpe_raw,1108,1582,StarWars,20,1,1,0.5372,2.5380,0.3839
rmvpe_raw,1108,3642,Hakuna,20,0,1,0.6177,4.6555,0.1369
rmvpe_raw,1108,3992,Hakuna,20,0,1,0.5694,4.9282,0.0539
rmvpe_raw,1113,3474,Hakuna,82,0,1,0.2477,3.4515,0.1265
rmvpe_raw,1113,3654,Hakuna,82,0,1,0.2676,3.2517,0.3200
rmvpe_raw,1114,0435,Potter,185,0,1,0.0859,4.1687,-0.0308
rmvpe_raw,1114,0666,Potter,185,0,1,0.1066,2.3644,0.2645
rmvpe_raw,1114,3613,Hakuna,185,0,1,0.1233,3.0488,0.3566
rmvpe_raw,1116,0124,Potter,58,0,1,0.2110,3.2581,0.3850
rmvpe_raw,1116,0467,Potter,58,0,1,0.1561,2.2527,0.5994
rmvpe_raw,1116,1178,StarWars,58,1,1,0.1329,3.7849,-0.0155
rmvpe_raw,1116,1262,StarWars,58,1,1,0.1395,2.4505,0.3854
rmvpe_raw,1116,3556,Hakuna,58,0,1,0.1877,2.5262,0.4643
rmvpe_raw,1116,3668,Hakuna,58,0,1,0.1761,4.6307,0.0565
rmvpe_raw,1118,0102,Potter,191,0,1,0.1786,2.7954,0.4591
rmvpe_raw,1118,0426,Potter,191,0,1,0.1071,1.8873,0.5478
rmvpe_raw,1118,0993,StarWars,191,1,1,0.1089,1.1315,0.6771
rmvpe_raw,1118,1506,StarWars,191,1,1,0.1018,2.3308,0.2779
rmvpe_raw,1118,3928,Hakuna,191,0,1,0.2071,1.2983,0.6510
rmvpe_raw,1118,3984,Hakuna,191,0,1,0.1411,1.5256,0.4245
rmvpe_raw,1119,1027,StarWars,96,1,1,0.1963,2.5282,0.5457
rmvpe_raw,1119,1402,StarWars,96,1,1,0.3119,1.9369,0.5513
rmvpe_raw,1119,3406,Hakuna,96,0,1,0.1798,2.2282,0.3652
rmvpe_raw,1119,3938,Hakuna,96,0,1,0.1982,1.8413,0.6789
rmvpe_raw,1123,0087,Potter,43,0,1,0.5275,3.2314,0.4675
rmvpe_raw,1123,0212,Potter,43,0,1,0.7669,2.8285,0.5361
rmvpe_raw,1123,1314,StarWars,43,1,1,0.6271,3.8948,0.2397
rmvpe_raw,1123,1490,StarWars,43,1,1,0.5530,2.0776,0.4895
rmvpe_raw,1123,3478,Hakuna,43,0,1,0.5699,2.7740,0.3171
rmvpe_raw,1123,3825,Hakuna,43,0,1,0.4894,2.8482,0.3271
rmvpe_raw,1128,0797,Potter,16,0,1,0.0768,2.6429,0.3126
rmvpe_raw,1128,3846,Hakuna,16,0,1,0.4578,2.6859,0.1835
rmvpe_raw,1128,4150,Hakuna,16,0,1,0.4531,2.4786,0.4819
rmvpe_raw,1130,3762,Hakuna,154,0,1,0.1736,2.2155,0.4510
rmvpe_raw,1134,0437,Potter,40,0,1,0.2248,3.1450,0.6513
rmvpe_raw,1134,0892,StarWars,40,1,1,0.2290,2.2777,0.6979
rmvpe_raw,1134,1600,StarWars,40,1,1,0.1681,4.8150,0.1163
rmvpe_raw,1134,3966,Hakuna,40,0,1,0.1996,2.3844,0.6672
rmvpe_raw,1134,4094,Hakuna,40,0,1,0.1996,2.6887,0.4703
rmvpe_raw,1145,0155,Potter,76,0,1,0.3909,3.2290,0.2721
rmvpe_raw,1145,0584,Potter,76,0,1,0.4294,2.3428,0.5705
rmvpe_raw,1145,1381,StarWars,76,1,1,0.4722,2.2674,0.6767
rmvpe_raw,1145,1445,StarWars,76,1,1,0.3966,2.0006,0.7543
rmvpe_raw,1145,3706,Hakuna,76,0,1,0.3295,2.7953,0.4139
rmvpe_raw,1145,4048,Hakuna,76,0,1,0.3310,2.3136,0.6609
rmvpe_raw,1151,3896,Hakuna,228,0,1,0.1512,6.5161,-0.0558
rmvpe_raw,1155,0075,Potter,55,0,1,0.3156,1.8316,0.4866
rmvpe_raw,1155,0785,Potter,55,0,1,0.2312,1.8554,0.5432
rmvpe_raw,1155,1160,StarWars,55,1,1,0.1321,1.9324,0.4763
rmvpe_raw,1155,1648,StarWars,55,1,1,0.3064,1.8628,0.6724
rmvpe_raw,1155,3887,Hakuna,55,0,1,0.4991,1.9538,0.5240
rmvpe_raw,1155,4060,Hakuna,55,0,1,0.3303,1.7327,0.5700
rmvpe_raw,1161,0097,Potter,201,0,1,0.2727,1.2920,0.5686
rmvpe_raw,1161,0927,StarWars,201,1,1,0.0909,1.7815,0.5671
rmvpe_raw,1162,0102,Potter,191,0,1,0.1927,2.8697,0.4846
rmvpe_raw,1162,0426,Potter,191,0,1,0.1156,1.7576,0.6427
rmvpe_raw,1162,0993,StarWars,191,1,1,0.1175,1.1074,0.7733
rmvpe_raw,1162,1506,StarWars,191,1,1,0.1098,2.3432,0.3002
rmvpe_raw,1162,3928,Hakuna,191,0,1,0.2235,1.5344,0.5689
rmvpe_raw,1162,3984,Hakuna,191,0,1,0.1522,1.7070,0.4036
rmvpe_raw,1172,0633,Potter,231,0,1,0.1126,2.3355,0.7201
rmvpe_raw,1172,0803,Potter,231,0,1,0.1416,2.8693,0.5604
rmvpe_raw,1172,1150,StarWars,231,1,1,0.0666,2.8454,0.5500
rmvpe_raw,1172,1605,StarWars,231,1,1,0.0763,5.8803,0.1184
rmvpe_raw,1172,4049,Hakuna,231,0,1,0.2131,1.9059,0.8424
rmvpe_raw,1172,4112,Hakuna,231,0,1,0.2300,4.0252,0.3555
rmvpe_raw,1175,0633,Potter,231,0,1,0.1089,2.6193,0.5651
rmvpe_raw,1175,0803,Potter,231,0,1,0.1370,3.0559,0.5446
rmvpe_raw,1175,1150,StarWars,231,1,1,0.0644,3.4108,0.2902
rmvpe_raw,1175,1605,StarWars,231,1,1,0.0738,6.0040,0.0472
rmvpe_raw,1175,4049,Hakuna,231,0,1,0.2061,2.1652,0.7877
rmvpe_raw,1175,4112,Hakuna,231,0,1,0.2225,4.0620,0.2790
rmvpe_raw,1181,0136,Potter,144,0,1,0.0857,3.6747,0.4247
rmvpe_raw,1181,0330,Potter,144,0,1,0.3267,5.3421,0.2692
rmvpe_raw,1181,1216,StarWars,144,1,1,0.1143,4.4826,0.4232
rmvpe_raw,1181,3420,Hakuna,144,0,1,0.2907,3.2293,0.6748
rmvpe_raw,1182,0756,Potter,219,0,1,0.1285,2.1418,0.5262
rmvpe_raw,1182,0805,Potter,219,0,1,0.2620,2.0023,0.3988
rmvpe_raw,1182,1255,StarWars,219,1,1,0.2191,4.1939,-0.5491
rmvpe_raw,1182,3635,Hakuna,219,0,1,0.1310,2.1083,0.2196
rmvpe_raw,1183,0131,Potter,53,0,1,0.5625,2.1566,0.6399
rmvpe_raw,1183,0689,Potter,53,0,1,0.6771,2.4942,0.5368
rmvpe_raw,1183,1269,StarWars,53,1,1,0.1771,2.4578,0.6207
rmvpe_raw,1183,1596,StarWars,53,1,1,0.2771,2.4830,0.6084
rmvpe_raw,1183,3585,Hakuna,53,0,1,0.2687,1.8298,0.7236
rmvpe_raw,1183,3856,Hakuna,53,0,1,0.2750,2.2574,0.6149
rmvpe_raw,1187,0038,Potter,207,0,1,0.2283,3.9202,0.4548
rmvpe_raw,1187,0672,Potter,207,0,1,0.2410,2.8635,0.4263
rmvpe_raw,1187,3446,Hakuna,207,0,1,0.2135,2.6024,0.6646
rmvpe_raw,1187,3565,Hakuna,207,0,1,0.2389,3.1615,0.5107
rmvpe_raw,1191,3882,Hakuna,128,0,1,0.2793,3.3063,0.4909
rmvpe_raw,1200,0177,Potter,14,0,1,0.2895,1.9411,0.6389
rmvpe_raw,1200,0774,Potter,14,0,1,0.2319,2.2560,0.5288
rmvpe_raw,1200,1435,StarWars,14,1,1,0.2270,2.2380,0.5606
rmvpe_raw,1200,1519,StarWars,14,1,1,0.1283,2.0679,0.6018
rmvpe_raw,1200,3682,Hakuna,14,0,1,0.1234,4.2833,0.3194
rmvpe_raw,1204,0373,Potter,122,0,1,0.4439,2.4711,0.4289
rmvpe_raw,1204,0547,Potter,122,0,1,0.2772,2.4410,0.6007
rmvpe_raw,1204,1408,StarWars,122,1,1,0.2030,2.4634,0.5565
rmvpe_raw,1204,1495,StarWars,122,1,1,0.1749,2.3860,0.4490
rmvpe_raw,1204,3595,Hakuna,122,0,1,0.2013,2.8267,0.1385
rmvpe_raw,1204,3655,Hakuna,122,0,1,0.1964,2.3615,0.5863
rmvpe_raw,1205,0041,Potter,151,0,1,0.2517,1.8990,0.6426
rmvpe_raw,1205,0778,Potter,151,0,1,0.2209,1.8914,0.7011
rmvpe_raw,1205,1060,StarWars,151,1,1,0.3527,2.0175,0.5943
rmvpe_raw,1205,1252,StarWars,151,1,1,0.3065,1.8618,0.7180
rmvpe_raw,1205,3523,Hakuna,151,0,1,0.1353,2.2720,0.5398
rmvpe_raw,1205,3573,Hakuna,151,0,1,0.2534,2.1747,0.6564
rmvpe_raw,1208,0371,Potter,52,0,1,0.1063,4.4507,0.3537
rmvpe_raw,1208,1331,StarWars,52,1,1,0.1461,3.0945,0.0357
rmvpe_raw,1208,3349,Hakuna,52,0,1,0.2619,3.4038,0.4591
rmvpe_raw,1208,3915,Hakuna,52,0,1,0.2410,3.6872,0.3841
rmvpe_raw,1209,0595,Potter,26,0,1,0.3840,1.4399,0.4241
rmvpe_raw,1209,0768,Potter,26,0,1,0.3376,1.4694,0.2853
rmvpe_raw,1209,1087,StarWars,26,1,1,0.2990,1.3141,0.2752
rmvpe_raw,1209,1132,StarWars,26,1,1,0.2062,1.2598,0.5575
rmvpe_raw,1210,0081,Potter,49,0,1,0.3375,2.8705,0.5590
rmvpe_raw,1210,0423,Potter,49,0,1,0.2851,3.2856,0.3978
rmvpe_raw,1210,1420,StarWars,49,1,1,0.5514,2.8583,0.4607
rmvpe_raw,1210,3920,Hakuna,49,0,1,0.4319,3.9391,0.2102
rmvpe_raw,1210,4138,Hakuna,49,0,1,0.4088,3.0717,0.8311
rmvpe_raw,1213,0328,Potter,106,0,1,0.1782,2.6363,0.2015
rmvpe_raw,1213,0777,Potter,106,0,1,0.0825,3.2178,0.2752
rmvpe_raw,1214,0425,Potter,5,0,1,0.0813,2.9600,0.3940
rmvpe_raw,1214,0528,Potter,5,0,1,0.1652,3.0514,0.3679
rmvpe_raw,1214,0854,StarWars,5,1,1,0.1239,2.8628,0.3880
rmvpe_raw,1214,1444,StarWars,5,1,1,0.2284,2.4996,0.6996
rmvpe_raw,1214,3606,Hakuna,5,0,1,0.1845,2.5495,0.4036
rmvpe_raw,1214,3860,Hakuna,5,0,1,0.1135,3.2843,0.0219
rmvpe_raw,1222,3403,Hakuna,178,0,1,0.2082,1.8511,0.3620
rmvpe_raw,1224,0090,Potter,24,0,1,0.3421,1.8466,0.6015
rmvpe_raw,1224,0320,Potter,24,0,1,0.2962,1.8991,0.5798
rmvpe_raw,1224,1045,StarWars,24,1,1,0.3650,1.9555,0.6201
rmvpe_raw,1224,1325,StarWars,24,1,1,0.3339,1.9797,0.5698
rmvpe_raw,1224,3814,Hakuna,24,0,1,0.3552,2.4363,0.3709
rmvpe_raw,1224,4118,Hakuna,24,0,1,0.3322,2.3871,0.3839
rmvpe_raw,1229,0072,Potter,15,0,1,0.4544,2.1362,0.6539
rmvpe_raw,1229,0465,Potter,15,0,1,0.3544,2.2900,0.6092
rmvpe_raw,1229,0877,StarWars,15,1,1,0.1737,2.2907,0.7067
rmvpe_raw,1229,1633,StarWars,15,1,1,0.4175,2.6635,0.3468
rmvpe_raw,1229,3996,Hakuna,15,0,1,0.2123,2.6173,0.4061
rmvpe_raw,1229,4096,Hakuna,15,0,1,0.3684,2.5735,0.6532
rmvpe_raw,1245,0311,Potter,218,0,1,0.4003,3.3723,0.2341
rmvpe_raw,1245,0518,Potter,218,0,1,0.3093,2.9719,0.7244
rmvpe_raw,1245,0994,StarWars,218,1,1,0.3058,3.9080,0.3786
rmvpe_raw,1245,1220,StarWars,218,1,1,0.2852,3.2846,0.4168
rmvpe_raw,1245,3475,Hakuna,218,0,1,0.3007,4.2273,0.4004
rmvpe_raw,1245,3521,Hakuna,218,0,1,0.4502,3.0599,0.4642
rmvpe_raw,1253,0557,Potter,195,0,1,0.2383,2.6303,0.3210
rmvpe_raw,1253,3854,Hakuna,195,0,1,0.2071,2.5506,0.5146
rmvpe_raw,1253,4036,Hakuna,195,0,1,0.1915,1.8280,0.6788
rmvpe_raw,1254,0275,Potter,33,0,1,0.2285,2.3638,0.5828
rmvpe_raw,1254,0468,Potter,33,0,1,0.3828,2.4105,0.6105
rmvpe_raw,1254,1174,StarWars,33,1,1,0.0996,2.9226,0.2966
rmvpe_raw,1254,3868,Hakuna,33,0,1,0.1016,2.6320,0.2309
rmvpe_raw,1259,0206,Potter,84,0,1,0.0867,3.7056,0.4222
rmvpe_raw,1259,1341,StarWars,84,1,1,0.3200,2.3046,0.6327
rmvpe_raw,1259,1504,StarWars,84,1,1,0.1283,4.3204,-0.0468
rmvpe_raw,1263,0410,Potter,190,0,1,0.1619,2.8394,0.4408
rmvpe_raw,1263,1077,StarWars,190,1,1,0.1386,2.2339,0.6437
rmvpe_raw,1263,1085,StarWars,190,1,1,0.0851,2.2452,0.4973
rmvpe_raw,1263,3625,Hakuna,190,0,1,0.1603,2.5529,0.2217
rmvpe_raw,1263,3898,Hakuna,190,0,1,0.2387,2.4858,0.4200
rmvpe_raw,1264,0288,Potter,208,0,1,0.5489,0.8729,0.4114
rmvpe_raw,1264,0482,Potter,208,0,1,0.6106,0.8751,0.5167
rmvpe_raw,1264,1399,StarWars,208,1,1,0.2319,1.0012,0.2399
rmvpe_raw,1264,1436,StarWars,208,1,1,0.1596,0.9168,0.4298
rmvpe_raw,1264,3519,Hakuna,208,0,1,0.1255,0.8781,0.4840
rmvpe_raw,1268,0239,Potter,59,0,1,0.1260,2.8522,0.1928
rmvpe_raw,1268,0798,Potter,59,0,1,0.0976,2.8994,0.0428
rmvpe_raw,1275,3896,Hakuna,228,0,1,0.1462,7.5541,-0.3844
rmvpe_raw,1282,0477,Potter,17,0,1,0.4925,3.5269,0.5892
rmvpe_raw,1282,0558,Potter,17,0,1,0.4213,2.2551,0.6239
rmvpe_raw,1282,1609,StarWars,17,1,1,0.4401,2.4055,0.5513
rmvpe_raw,1282,1620,StarWars,17,1,1,0.3127,2.0058,0.7028
rmvpe_raw,1282,3878,Hakuna,17,0,1,0.4288,2.8625,0.3165
rmvpe_raw,1282,4105,Hakuna,17,0,1,0.3165,2.7935,0.3385
rmvpe_raw,1285,0181,Potter,13,0,1,0.3918,2.0572,0.5061
rmvpe_raw,1285,0299,Potter,13,0,1,0.2907,1.9240,0.5494
rmvpe_raw,1285,1619,StarWars,13,1,1,0.2780,1.8395,0.2797
rmvpe_raw,1285,3353,Hakuna,13,0,1,0.2923,3.4312,-0.2239
rmvpe_raw,1285,4020,Hakuna,13,0,1,0.1643,3.8825,-0.1269
rmvpe_raw,1288,0504,Potter,90,0,1,0.1299,3.0161,0.4701
rmvpe_raw,1288,0597,Potter,90,0,1,0.2073,3.1388,0.2512
rmvpe_raw,1288,0886,StarWars,90,1,1,0.1299,3.0093,0.3338
rmvpe_raw,1288,1075,StarWars,90,1,1,0.1270,3.5665,0.1940
rmvpe_raw,1288,3378,Hakuna,90,0,1,0.2511,2.4775,0.5879
rmvpe_raw,1288,3455,Hakuna,90,0,1,0.2803,3.2965,0.2532
rmvpe_raw,1291,0186,Potter,22,0,1,0.1835,2.0812,0.4501
rmvpe_raw,1291,3791,Hakuna,22,0,1,0.1464,2.2792,0.4814
rmvpe_raw,1291,3834,Hakuna,22,0,1,0.2804,1.9535,0.5665
rmvpe_raw,1292,0097,Potter,201,0,1,0.2626,1.2857,0.5630
rmvpe_raw,1292,0927,StarWars,201,1,1,0.0875,1.7559,0.5294
rmvpe_raw,1293,0408,Potter,145,0,1,0.2151,2.9325,0.5327
rmvpe_raw,1293,0619,Potter,145,0,1,0.2384,2.8867,0.5410
rmvpe_raw,1293,0956,StarWars,145,1,1,0.3863,2.3560,0.7011
rmvpe_raw,1293,1199,StarWars,145,1,1,0.3699,2.3541,0.7159
rmvpe_raw,1293,3712,Hakuna,145,0,1,0.1973,3.7932,0.4871
rmvpe_raw,1293,3793,Hakuna,145,0,1,0.1890,3.0106,0.4785
rmvpe_raw,1301,0125,Potter,205,0,1,0.3851,2.8041,0.2314
rmvpe_raw,1301,0359,Potter,205,0,1,0.3654,3.1067,0.4947
rmvpe_raw,1301,0966,StarWars,205,1,1,0.4126,3.5816,0.2868
rmvpe_raw,1301,1480,StarWars,205,1,1,0.3261,2.7429,0.1592
rmvpe_raw,1301,3581,Hakuna,205,0,1,0.1650,4.4879,0.7074
rmvpe_raw,1303,0553,Potter,0,0,1,0.2575,3.3495,0.3011
rmvpe_raw,1303,0590,Potter,0,0,1,0.2367,2.6037,0.5004
rmvpe_raw,1303,1140,StarWars,0,1,1,0.0702,3.6374,0.1610
rmvpe_raw,1304,0649,Potter,197,0,1,0.2871,4.5486,0.2996
rmvpe_raw,1304,0688,Potter,197,0,1,0.4522,3.2807,0.5413
rmvpe_raw,1304,0921,StarWars,197,1,1,0.4221,4.9198,0.2074
rmvpe_raw,1304,1322,StarWars,197,1,1,0.2645,4.7238,0.3106
rmvpe_raw,1304,3512,Hakuna,197,0,1,0.1614,4.2691,0.0671
rmvpe_raw,1304,3851,Hakuna,197,0,1,0.2552,4.6916,0.2196
rmvpe_raw,1306,0125,Potter,205,0,1,0.3952,3.8969,0.0625
rmvpe_raw,1306,0359,Potter,205,0,1,0.3750,4.0747,0.5186
rmvpe_raw,1306,0966,StarWars,205,1,1,0.4234,4.5083,0.3207
rmvpe_raw,1306,1480,StarWars,205,1,1,0.3347,3.7687,0.2483
rmvpe_raw,1306,3581,Hakuna,205,0,1,0.1694,4.2436,0.7307
rmvpe_raw,1308,3332,Hakuna,6,0,1,0.4836,3.4835,0.5347
rmvpe_raw,1319,3782,Hakuna,69,0,1,0.1440,3.7924,0.2974
rmvpe_raw,1330,0997,StarWars,135,1,1,0.1190,4.0496,-0.1448
rmvpe_raw,1330,1195,StarWars,135,1,1,0.1405,2.9889,0.5090
rmvpe_raw,1330,3501,Hakuna,135,0,1,0.1262,2.7488,0.2086
rmvpe_raw,1336,0386,Potter,184,0,1,0.3251,2.1947,0.6777
rmvpe_raw,1336,0729,Potter,184,0,1,0.2191,2.7520,0.4202
rmvpe_raw,1336,0887,StarWars,184,1,1,0.1307,2.9037,0.4294
rmvpe_raw,1336,3612,Hakuna,184,0,1,0.2173,3.7816,0.5181
rmvpe_raw,1336,3844,Hakuna,184,0,1,0.1926,4.3914,0.3797
rmvpe_raw,1337,1163,StarWars,137,1,1,0.1111,2.8871,0.4868
rmvpe_raw,1337,3594,Hakuna,137,0,1,0.2058,3.9002,0.3360
rmvpe_raw,1337,3944,Hakuna,137,0,1,0.2531,3.5168,0.2192
rmvpe_raw,1342,0254,Potter,129,0,1,0.3858,1.9121,0.6104
rmvpe_raw,1342,0554,Potter,129,0,1,0.4483,1.8165,0.6560
rmvpe_raw,1342,3576,Hakuna,129,0,1,0.1487,2.3541,0.0901
rmvpe_raw,1342,3651,Hakuna,129,0,1,0.1466,2.3603,0.1987
rmvpe_raw,1343,0008,Potter,213,0,1,0.6045,3.2225,0.5996
rmvpe_raw,1343,0681,Potter,213,0,1,0.5259,3.5340,0.5086
rmvpe_raw,1343,0860,StarWars,213,1,1,0.5596,2.9596,0.6737
rmvpe_raw,1343,1317,StarWars,213,1,1,0.5231,3.0547,0.5938
rmvpe_raw,1343,3548,Hakuna,213,0,1,0.1234,2.9411,0.5844
rmvpe_raw,1343,3720,Hakuna,213,0,1,0.1613,2.3512,0.7121
rmvpe_raw,1351,0177,Potter,14,0,1,0.2839,2.0086,0.5787
rmvpe_raw,1351,0774,Potter,14,0,1,0.2274,2.0973,0.5667
rmvpe_raw,1351,1435,StarWars,14,1,1,0.2226,1.8657,0.6610
rmvpe_raw,1351,1519,StarWars,14,1,1,0.1258,2.2195,0.5811
rmvpe_raw,1351,3682,Hakuna,14,0,1,0.1210,4.2529,0.2703
rmvpe_raw,1353,0508,Potter,120,0,1,0.4275,2.9179,0.6901
rmvpe_raw,1353,0559,Potter,120,0,1,0.4535,3.1234,0.5521
rmvpe_raw,1353,0878,StarWars,120,1,1,0.2639,3.2335,0.5370
rmvpe_raw,1353,1449,StarWars,120,1,1,0.3030,3.0630,0.4683
rmvpe_raw,1353,3549,Hakuna,120,0,1,0.1673,4.9228,0.3684
rmvpe_raw,1355,0477,Potter,17,0,1,0.4362,3.6924,0.2376
rmvpe_raw,1355,0558,Potter,17,0,1,0.3731,3.3158,0.4868
rmvpe_raw,1355,1609,StarWars,17,1,1,0.3897,3.3584,0.5382
rmvpe_raw,1355,1620,StarWars,17,1,1,0.2769,2.7977,0.6335
rmvpe_raw,1355,3878,Hakuna,17,0,1,0.3798,3.3238,0.3957
rmvpe_raw,1355,4105,Hakuna,17,0,1,0.2803,3.9565,0.3712
rmvpe_raw,1360,0044,Potter,217,0,1,0.1673,2.9690,0.3134
rmvpe_raw,1360,0101,Potter,217,0,1,0.3061,2.7490,0.5381
rmvpe_raw,1360,1131,StarWars,217,1,1,0.0912,2.7666,0.5768
rmvpe_raw,1360,3701,Hakuna,217,0,1,0.2027,2.5933,0.6302
rmvpe_raw,1360,4103,Hakuna,217,0,1,0.1946,2.4494,0.5378
rmvpe_raw,1361,0424,Potter,38,0,1,0.7737,1.8204,0.6124
rmvpe_raw,1361,0829,Potter,38,0,1,0.5345,1.8967,0.5910
rmvpe_raw,1361,1149,StarWars,38,1,1,0.6437,1.7663,0.5897
rmvpe_raw,1361,1273,StarWars,38,1,1,0.4735,1.7413,0.6378
rmvpe_raw,1361,3506,Hakuna,38,0,1,0.4510,1.7497,0.4917
rmvpe_raw,1361,3732,Hakuna,38,0,1,0.5666,1.7765,0.4924
rmvpe_raw,1363,0680,Potter,123,0,1,0.1972,5.9457,-0.1702
rmvpe_raw,1363,0835,Potter,123,0,1,0.4116,3.6689,0.3510
rmvpe_raw,1363,1196,StarWars,123,1,1,0.5258,6.4538,0.0962
rmvpe_raw,1363,1378,StarWars,123,1,1,0.5869,4.9390,0.1146
rmvpe_raw,1363,3567,Hakuna,123,0,1,0.1659,9.1399,0.2518
rmvpe_raw,1363,3787,Hakuna,123,0,1,0.2707,8.8424,-0.3400
rmvpe_raw,1365,1079,StarWars,171,1,1,0.1582,2.0917,0.3457
rmvpe_raw,1365,1112,StarWars,171,1,1,0.2324,2.0076,0.1482
rmvpe_raw,1368,0010,Potter,92,0,1,0.2615,3.2384,0.5894
rmvpe_raw,1368,0232,Potter,92,0,1,0.1529,2.0903,0.7871
rmvpe_raw,1368,0922,StarWars,92,1,1,0.1391,3.3248,0.4245
rmvpe_raw,1368,4028,Hakuna,92,0,1,0.3853,3.4574,0.5451
rmvpe_raw,1370,0017,Potter,70,0,1,0.4576,3.6402,0.3869
rmvpe_raw,1370,0161,Potter,70,0,1,0.5641,3.5005,0.5807
rmvpe_raw,1370,0929,StarWars,70,1,1,0.3760,2.7185,0.4401
rmvpe_raw,1370,3334,Hakuna,70,0,1,0.4809,3.2372,0.5393
rmvpe_raw,1370,3384,Hakuna,70,0,1,0.2879,2.6358,0.6824
rmvpe_raw,1372,3403,Hakuna,178,0,1,0.2175,1.5114,0.2347
rmvpe_raw,1373,1027,StarWars,96,1,1,0.1871,2.6901,0.5537
rmvpe_raw,1373,1402,StarWars,96,1,1,0.2972,1.9677,0.6296
rmvpe_raw,1373,3406,Hakuna,96,0,1,0.1713,2.7050,0.2014
rmvpe_raw,1373,3938,Hakuna,96,0,1,0.1888,2.1680,0.5825
rmvpe_raw,1377,0394,Potter,215,0,1,0.5712,2.4138,0.7448
rmvpe_raw,1377,0975,StarWars,215,1,1,0.5338,2.9869,0.5831
rmvpe_raw,1377,1423,StarWars,215,1,1,0.6662,2.9493,0.6103
rmvpe_raw,1377,3480,Hakuna,215,0,1,0.2590,3.3306,0.4370
rmvpe_raw,1377,3858,Hakuna,215,0,1,0.2978,2.9060,0.6455
rmvpe_raw,1384,0008,Potter,213,0,1,0.6036,3.2028,0.6030
rmvpe_raw,1384,0681,Potter,213,0,1,0.5252,3.4162,0.5767
rmvpe_raw,1384,0860,StarWars,213,1,1,0.5588,2.8018,0.6530
rmvpe_raw,1384,1317,StarWars,213,1,1,0.5224,3.0455,0.6341
rmvpe_raw,1384,3548,Hakuna,213,0,1,0.1232,2.5745,0.6642
rmvpe_raw,1384,3720,Hakuna,213,0,1,0.1611,2.3175,0.6831
rmvpe_raw,1386,0484,Potter,162,0,1,0.4633,3.0122,0.4141
rmvpe_raw,1386,0599,Potter,162,0,1,0.3953,2.1570,0.5640
rmvpe_raw,1386,1508,StarWars,162,1,1,0.6064,2.1845,0.6465
rmvpe_raw,1386,1606,StarWars,162,1,1,0.4580,1.9853,0.6939
rmvpe_raw,1392,0787,Potter,136,0,1,0.1829,2.6701,0.2876
rmvpe_raw,1392,0837,Potter,136,0,1,0.2471,2.7676,0.5242
rmvpe_raw,1392,1004,StarWars,136,1,1,0.3482,2.7096,0.4117
rmvpe_raw,1392,1042,StarWars,136,1,1,0.4377,2.5947,0.4459
rmvpe_raw,1392,3526,Hakuna,136,0,1,0.4339,2.6421,0.4406
rmvpe_raw,1392,3943,Hakuna,136,0,1,0.4455,2.6248,0.4293
rmvpe_raw,1393,0435,Potter,185,0,1,0.0917,4.9285,-0.1290
rmvpe_raw,1393,0666,Potter,185,0,1,0.1139,2.6704,0.4300
rmvpe_raw,1393,3613,Hakuna,185,0,1,0.1317,3.8053,0.2605
rmvpe_raw,1394,0328,Potter,106,0,1,0.2065,2.0879,0.2635
rmvpe_raw,1394,0777,Potter,106,0,1,0.0956,2.8432,-0.0374
rmvpe_raw,1397,0186,Potter,22,0,1,0.1712,2.3584,0.4394
rmvpe_raw,1397,3791,Hakuna,22,0,1,0.1365,2.5926,0.3835
rmvpe_raw,1397,3834,Hakuna,22,0,1,0.2615,2.1122,0.5695
rmvpe_raw,1407,0271,Potter,121,0,1,0.1929,3.1198,0.3595
rmvpe_raw,1407,0416,Potter,121,0,1,0.2780,2.4860,0.5124
rmvpe_raw,1407,0852,StarWars,121,1,1,0.2552,2.4323,0.5535
rmvpe_raw,1407,1525,StarWars,121,1,1,0.1805,2.2348,0.5781
rmvpe_raw,1407,3647,Hakuna,121,0,1,0.1763,4.7123,0.0628
rmvpe_raw,1407,4058,Hakuna,121,0,1,0.2386,2.8192,0.4608
rmvpe_raw,1414,0427,Potter,174,0,1,0.2544,1.7502,0.8271
rmvpe_raw,1414,0577,Potter,174,0,1,0.1731,3.4862,0.0963
rmvpe_raw,1414,1403,StarWars,174,1,1,0.1767,2.5492,0.4788
rmvpe_raw,1414,1502,StarWars,174,1,1,0.2138,2.3620,0.6140
rmvpe_raw,1414,3424,Hakuna,174,0,1,0.2527,2.5241,0.6274
rmvpe_raw,1416,0394,Potter,215,0,1,0.5770,2.6035,0.7326
rmvpe_raw,1416,0975,StarWars,215,1,1,0.5392,3.0151,0.5722
rmvpe_raw,1416,1423,StarWars,215,1,1,0.6730,2.8116,0.6179
rmvpe_raw,1416,3480,Hakuna,215,0,1,0.2616,3.3121,0.4266
rmvpe_raw,1416,3858,Hakuna,215,0,1,0.3009,2.8594,0.6657
rmvpe_raw,1417,0073,Potter,189,0,1,0.2014,2.6014,0.5513
rmvpe_raw,1417,0298,Potter,189,0,1,0.3133,2.5021,0.5629
rmvpe_raw,1417,1251,StarWars,189,1,1,0.3597,2.2411,0.5228
rmvpe_raw,1417,1497,StarWars,189,1,1,0.3787,2.5313,0.1831
rmvpe_raw,1417,3342,Hakuna,189,0,1,0.2306,2.2253,0.5210
rmvpe_raw,1424,0206,Potter,84,0,1,0.0818,4.1412,0.2449
rmvpe_raw,1424,1341,StarWars,84,1,1,0.3019,2.6616,0.4733
rmvpe_raw,1424,1504,StarWars,84,1,1,0.1211,4.0384,-0.1396
rmvpe_raw,1426,0997,StarWars,135,1,1,0.1000,2.4661,0.5999
rmvpe_raw,1426,1195,StarWars,135,1,1,0.1180,2.5322,0.3370
rmvpe_raw,1426,3501,Hakuna,135,0,1,0.1060,2.0789,0.4184
rmvpe_raw,1427,0484,Potter,162,0,1,0.4466,2.6306,0.3382
rmvpe_raw,1427,0599,Potter,162,0,1,0.3810,2.2731,0.3444
rmvpe_raw,1427,1508,StarWars,162,1,1,0.5845,1.9723,0.7411
rmvpe_raw,1427,1606,StarWars,162,1,1,0.4414,2.5355,0.4220
rmvpe_raw,1429,0489,Potter,87,0,1,0.1345,1.5052,0.5088
rmvpe_raw,1429,0684,Potter,87,0,1,0.1500,1.5489,0.5195
rmvpe_raw,1429,1090,StarWars,87,1,1,0.1172,1.5297,0.3213
rmvpe_raw,1429,1460,StarWars,87,1,1,0.3897,1.4076,0.5989
rmvpe_raw,1429,3341,Hakuna,87,0,1,0.2224,1.4728,0.5287
rmvpe_raw,1440,0071,Potter,109,0,1,0.2480,2.6781,0.5929
rmvpe_raw,1440,0388,Potter,109,0,1,0.3274,2.3439,0.6424
rmvpe_raw,1440,0986,StarWars,109,1,1,0.2269,2.3117,0.6910
rmvpe_raw,1440,1078,StarWars,109,1,1,0.2172,2.6918,0.5163
rmvpe_raw,1440,3457,Hakuna,109,0,1,0.1994,3.4684,0.5598
rmvpe_raw,1440,3837,Hakuna,109,0,1,0.1621,3.1524,0.5427
rmvpe_raw,1441,0004,Potter,160,0,1,0.1886,2.4971,0.1325
rmvpe_raw,1441,0517,Potter,160,0,1,0.1350,2.3615,0.1761
rmvpe_raw,1441,1390,StarWars,160,1,1,0.3024,1.6893,0.6965
rmvpe_raw,1441,1641,StarWars,160,1,1,0.2667,2.3942,0.3707
rmvpe_raw,1441,3786,Hakuna,160,0,1,0.2439,2.3798,0.2825
rmvpe_raw,1441,3994,Hakuna,160,0,1,0.2081,2.0353,0.5511
rmvpe_raw,1443,0649,Potter,197,0,1,0.2670,4.0503,0.3619
rmvpe_raw,1443,0688,Potter,197,0,1,0.4206,3.1957,0.5491
rmvpe_raw,1443,0921,StarWars,197,1,1,0.3927,4.4454,0.2309
rmvpe_raw,1443,1322,StarWars,197,1,1,0.2461,4.1359,0.4842
rmvpe_raw,1443,3512,Hakuna,197,0,1,0.1501,4.1594,0.0628
rmvpe_raw,1443,3851,Hakuna,197,0,1,0.2373,4.2586,0.2846
rmvpe_raw,1447,0508,Potter,120,0,1,0.3905,3.0807,0.6072
rmvpe_raw,1447,0559,Potter,120,0,1,0.4143,2.9671,0.5564
rmvpe_raw,1447,0878,StarWars,120,1,1,0.2411,3.2066,0.5136
rmvpe_raw,1447,1449,StarWars,120,1,1,0.2767,2.9152,0.5578
rmvpe_raw,1447,3549,Hakuna,120,0,1,0.1528,4.6286,0.4363
rmvpe_raw,1453,0136,Potter,144,0,1,0.0989,3.4846,0.4902
rmvpe_raw,1453,0330,Potter,144,0,1,0.3768,5.1977,0.2500
rmvpe_raw,1453,1216,StarWars,144,1,1,0.1318,4.3641,0.4529
rmvpe_raw,1453,3420,Hakuna,144,0,1,0.3352,3.1337,0.7123
rmvpe_raw,1455,0140,Potter,175,0,1,0.1572,2.8557,0.3809
rmvpe_raw,1455,1428,StarWars,175,1,1,0.0793,7.2275,0.2334
rmvpe_raw,1455,1599,StarWars,175,1,1,0.1168,2.6104,0.0972
rmvpe_raw,1455,3425,Hakuna,175,0,1,0.6916,1.8480,0.2961
rmvpe_raw,1455,3997,Hakuna,175,0,1,0.7395,1.8521,0.3736
rmvpe_raw,1458,0076,Potter,30,0,1,0.1252,2.2627,0.6606
rmvpe_raw,1458,0151,Potter,30,0,1,0.1451,3.0785,0.3791
rmvpe_raw,1458,1101,StarWars,30,1,1,0.2477,3.6495,0.2545
rmvpe_raw,1458,1369,StarWars,30,1,1,0.2543,2.4759,0.5856
rmvpe_raw,1458,3443,Hakuna,30,0,1,0.1198,3.4304,0.3538
rmvpe_raw,1458,3694,Hakuna,30,0,1,0.1451,4.8525,0.0790
rmvpe_raw,1466,3474,Hakuna,82,0,1,0.2365,3.3479,0.0825
rmvpe_raw,1466,3654,Hakuna,82,0,1,0.2555,3.0872,0.3261
rmvpe_raw,1467,0254,Potter,129,0,1,0.3800,1.8939,0.6237
rmvpe_raw,1467,0554,Potter,129,0,1,0.4416,1.6954,0.6448
rmvpe_raw,1467,3576,Hakuna,129,0,1,0.1465,2.1412,0.1219
rmvpe_raw,1467,3651,Hakuna,129,0,1,0.1444,2.0617,0.3126
rmvpe_raw,1469,0408,Potter,145,0,1,0.2034,3.0880,0.4835
rmvpe_raw,1469,0619,Potter,145,0,1,0.2254,3.2419,0.4343
rmvpe_raw,1469,0956,StarWars,145,1,1,0.3653,2.7260,0.6543
rmvpe_raw,1469,1199,StarWars,145,1,1,0.3497,2.6089,0.6857
rmvpe_raw,1469,3712,Hakuna,145,0,1,0.1865,4.0475,0.3772
rmvpe_raw,1469,3793,Hakuna,145,0,1,0.1788,3.5193,0.3455
rmvpe_raw,1470,3782,Hakuna,69,0,1,0.1467,3.5491,0.3390
rmvpe_raw,1474,0194,Potter,169,0,1,0.2577,2.8787,0.3854
rmvpe_raw,1474,0728,Potter,169,0,1,0.2414,2.7336,0.4160
rmvpe_raw,1474,0848,StarWars,169,1,1,0.4108,2.8059,0.4304
rmvpe_raw,1474,1533,StarWars,169,1,1,0.2288,2.8665,0.3832
rmvpe_raw,1474,3399,Hakuna,169,0,1,0.3027,3.0982,0.5135
rmvpe_raw,1479,0489,Potter,87,0,1,0.1398,1.3128,0.5906
rmvpe_raw,1479,0684,Potter,87,0,1,0.1559,1.3810,0.5579
rmvpe_raw,1479,1090,StarWars,87,1,1,0.1219,1.5963,0.2568
rmvpe_raw,1479,1460,StarWars,87,1,1,0.4050,1.3326,0.6002
rmvpe_raw,1479,3341,Hakuna,87,0,1,0.2312,1.6922,0.4630
rmvpe_raw,1484,0756,Potter,219,0,1,0.1288,2.9153,-0.1416
rmvpe_raw,1484,0805,Potter,219,0,1,0.2626,2.5683,0.3898
rmvpe_raw,1484,1255,StarWars,219,1,1,0.2197,4.8383,-0.0633
rmvpe_raw,1484,3635,Hakuna,219,0,1,0.1313,2.5154,0.4759
rmvpe_raw,1485,0377,Potter,234,0,1,0.3030,3.1668,0.3920
rmvpe_raw,1485,0406,Potter,234,0,1,0.4396,2.2888,0.7532
rmvpe_raw,1485,0906,StarWars,234,1,1,0.6079,2.8805,0.7202
rmvpe_raw,1485,3484,Hakuna,234,0,1,0.2574,2.3859,0.7118
rmvpe_raw,1485,3975,Hakuna,234,0,1,0.2752,3.0957,0.6124
rmvpe_raw,1486,0311,Potter,218,0,1,0.4206,4.0157,0.1195
rmvpe_raw,1486,0518,Potter,218,0,1,0.3249,2.9675,0.7527
rmvpe_raw,1486,0994,StarWars,218,1,1,0.3213,4.0997,0.5182
rmvpe_raw,1486,1220,StarWars,218,1,1,0.2996,3.1486,0.5877
rmvpe_raw,1486,3475,Hakuna,218,0,1,0.3159,3.8855,0.7036
rmvpe_raw,1486,3521,Hakuna,218,0,1,0.4729,3.5386,0.4143
rmvpe_raw,1488,0651,Potter,97,0,1,0.3605,3.0930,0.6233
rmvpe_raw,1488,0706,Potter,97,0,1,0.3899,2.7455,0.5305
rmvpe_raw,1488,1313,StarWars,97,1,1,0.2634,3.6075,0.4444
rmvpe_raw,1488,1418,StarWars,97,1,1,0.2790,2.7391,0.7161
rmvpe_raw,1489,0019,Potter,73,0,1,0.3062,4.5498,0.0337
rmvpe_raw,1489,0078,Potter,73,0,1,0.4274,3.6375,0.6219
rmvpe_raw,1489,1154,StarWars,73,1,1,0.2472,4.1550,0.1870
rmvpe_raw,1489,1359,StarWars,73,1,1,0.2775,2.8250,0.6315
rmvpe_raw,1489,3857,Hakuna,73,0,1,0.2169,3.2592,0.4589
rmvpe_raw,1492,0124,Potter,58,0,1,0.2082,2.9605,0.4661
rmvpe_raw,1492,0467,Potter,58,0,1,0.1541,1.9042,0.4719
rmvpe_raw,1492,1178,StarWars,58,1,1,0.1311,2.6420,0.1148
rmvpe_raw,1492,1262,StarWars,58,1,1,0.1377,2.1597,0.2796
rmvpe_raw,1492,3556,Hakuna,58,0,1,0.1852,2.2429,0.1781
rmvpe_raw,1492,3668,Hakuna,58,0,1,0.1738,3.8188,0.1284
rmvpe_raw,1500,0182,Potter,61,0,1,1.0877,1.8490,0.7222
rmvpe_raw,1500,0336,Potter,61,0,1,0.8877,2.3098,0.4076
rmvpe_raw,1500,1236,StarWars,61,1,1,0.5178,1.9035,0.6701
rmvpe_raw,1500,1318,StarWars,61,1,1,0.7342,2.0297,0.6113
rmvpe_raw,1505,0397,Potter,20,0,1,0.7736,2.8177,0.4016
rmvpe_raw,1505,0513,Potter,20,0,1,0.6352,2.7512,0.3931
rmvpe_raw,1505,1297,StarWars,20,1,1,0.7568,2.9223,0.5676
rmvpe_raw,1505,1582,StarWars,20,1,1,0.5597,2.8619,0.4514
rmvpe_raw,1505,3642,Hakuna,20,0,1,0.6436,4.1510,0.1590
rmvpe_raw,1505,3992,Hakuna,20,0,1,0.5933,4.5475,0.0505
rmvpe_raw,1511,0198,Potter,67,0,1,0.1976,2.6127,0.4209
rmvpe_raw,1511,0369,Potter,67,0,1,0.2524,3.1346,0.1471
rmvpe_raw,1511,1298,StarWars,67,1,1,0.2929,2.8836,0.5133
rmvpe_raw,1511,1326,StarWars,67,1,1,0.1524,1.9851,0.6713
rmvpe_raw,1511,3412,Hakuna,67,0,1,0.1429,2.9249,0.3790
rmvpe_raw,1513,3474,Hakuna,82,0,1,0.2455,3.2160,0.1295
rmvpe_raw,1513,3654,Hakuna,82,0,1,0.2652,3.0199,0.2703
rmvpe_raw,1514,0155,Potter,76,0,1,0.3663,3.2971,0.3228
rmvpe_raw,1514,0584,Potter,76,0,1,0.4024,2.4376,0.5438
rmvpe_raw,1514,1381,StarWars,76,1,1,0.4425,2.4363,0.6071
rmvpe_raw,1514,1445,StarWars,76,1,1,0.3717,2.1667,0.6304
rmvpe_raw,1514,3706,Hakuna,76,0,1,0.3088,2.8008,0.2056
rmvpe_raw,1514,4048,Hakuna,76,0,1,0.3102,2.2579,0.6489
rmvpe_raw,1517,0732,Potter,150,0,1,0.1419,2.5120,0.5476
rmvpe_raw,1517,0825,Potter,150,0,1,0.1692,3.5321,0.1829
rmvpe_raw,1517,0844,StarWars,150,1,1,0.2701,2.7776,0.5228
rmvpe_raw,1517,1510,StarWars,150,1,1,0.2462,2.4119,0.5459
rmvpe_raw,1517,3493,Hakuna,150,0,1,0.1812,3.1330,0.1331
rmvpe_raw,1524,1163,StarWars,137,1,1,0.1164,2.6008,0.5306
rmvpe_raw,1524,3594,Hakuna,137,0,1,0.2155,3.9168,0.3481
rmvpe_raw,1524,3944,Hakuna,137,0,1,0.2651,3.6692,0.1497
rmvpe_raw,1531,1079,StarWars,171,1,1,0.1906,1.8839,0.4703
rmvpe_raw,1531,1112,StarWars,171,1,1,0.2800,1.9284,0.0827
rmvpe_raw,1532,0038,Potter,207,0,1,0.2218,3.9946,0.4120
rmvpe_raw,1532,0672,Potter,207,0,1,0.2341,3.2395,0.2806
rmvpe_raw,1532,3446,Hakuna,207,0,1,0.2074,2.5899,0.6935
rmvpe_raw,1532,3565,Hakuna,207,0,1,0.2320,2.8201,0.6337
rmvpe_raw,1534,0295,Potter,83,0,1,0.1267,3.6436,0.1954
rmvpe_raw,1534,0648,Potter,83,0,1,0.5505,3.8054,0.2635
rmvpe_raw,1534,1165,StarWars,83,1,1,0.4059,3.6947,0.2935
rmvpe_raw,1534,1491,StarWars,83,1,1,0.4396,2.9521,0.3757
rmvpe_raw,1534,3452,Hakuna,83,0,1,0.4792,2.4508,0.7903
rmvpe_raw,1534,4101,Hakuna,83,0,1,0.2455,3.1708,0.5670
rmvpe_raw,1538,0076,Potter,30,0,1,0.1238,3.0974,0.5334
rmvpe_raw,1538,0151,Potter,30,0,1,0.1436,3.5059,0.4533
rmvpe_raw,1538,1101,StarWars,30,1,1,0.2451,3.6638,0.3934
rmvpe_raw,1538,1369,StarWars,30,1,1,0.2516,2.9449,0.5898
rmvpe_raw,1538,3443,Hakuna,30,0,1,0.1186,3.9333,0.2894
rmvpe_raw,1538,3694,Hakuna,30,0,1,0.1436,5.4429,-0.0569
rmvpe_raw,1539,0470,Potter,91,0,1,0.1883,5.3563,0.2089
rmvpe_raw,1539,1006,StarWars,91,1,1,0.1756,6.2444,0.1193
rmvpe_raw,1539,1366,StarWars,91,1,1,0.1527,2.0611,0.1431
rmvpe_raw,1539,3411,Hakuna,91,0,1,0.1374,6.4983,0.0778
rmvpe_raw,1539,3440,Hakuna,91,0,1,0.1934,1.3745,0.2626
rmvpe_raw,1542,0356,Potter,196,0,1,0.3038,2.7274,0.7438
rmvpe_raw,1542,0686,Potter,196,0,1,0.2417,3.8254,0.4275
rmvpe_raw,1542,0907,StarWars,196,1,1,0.1197,4.3966,0.1318
rmvpe_raw,1542,1611,StarWars,196,1,1,0.1663,2.6913,0.6972
rmvpe_raw,1542,4056,Hakuna,196,0,1,0.2971,4.3897,0.1874
rmvpe_raw,1542,4082,Hakuna,196,0,1,0.2483,3.9237,0.4534
rmvpe_raw,1544,0239,Potter,59,0,1,0.1399,2.8526,0.3048
rmvpe_raw,1544,0798,Potter,59,0,1,0.1084,2.9615,0.0745
rmvpe_raw,1545,3762,Hakuna,154,0,1,0.1372,2.1023,0.0902
rmvpe_raw,1550,0019,Potter,73,0,1,0.3158,4.6733,-0.0674
rmvpe_raw,1550,0078,Potter,73,0,1,0.4408,3.9281,0.4024
rmvpe_raw,1550,1154,StarWars,73,1,1,0.2549,5.0765,0.1114
rmvpe_raw,1550,1359,StarWars,73,1,1,0.2862,3.0513,0.6443
rmvpe_raw,1550,3857,Hakuna,73,0,1,0.2237,3.1491,0.5352
rmvpe_raw,1552,0004,Potter,160,0,1,0.1681,1.9188,0.3881
rmvpe_raw,1552,0517,Potter,160,0,1,0.1203,1.7385,0.4987
rmvpe_raw,1552,1390,StarWars,160,1,1,0.2696,1.3503,0.7534
rmvpe_raw,1552,1641,StarWars,160,1,1,0.2377,1.6940,0.5804
rmvpe_raw,1552,3786,Hakuna,160,0,1,0.2174,1.8277,0.4282
rmvpe_raw,1552,3994,Hakuna,160,0,1,0.1855,1.7750,0.5244
rmvpe_raw,1554,0373,Potter,122,0,1,0.4311,2.3379,0.4808
rmvpe_raw,1554,0547,Potter,122,0,1,0.2692,2.3485,0.5610
rmvpe_raw,1554,1408,StarWars,122,1,1,0.1971,2.3567,0.5335
rmvpe_raw,1554,1495,StarWars,122,1,1,0.1699,2.5620,0.5179
rmvpe_raw,1554,3595,Hakuna,122,0,1,0.1955,2.8175,0.3283
rmvpe_raw,1554,3655,Hakuna,122,0,1,0.1907,2.4964,0.5803
rmvpe_raw,1555,0295,Potter,83,0,1,0.1262,3.4658,0.1996
rmvpe_raw,1555,0648,Potter,83,0,1,0.5483,3.5805,0.2260
rmvpe_raw,1555,1165,StarWars,83,1,1,0.4043,3.1326,0.4483
rmvpe_raw,1555,1491,StarWars,83,1,1,0.4379,2.5187,0.5374
rmvpe_raw,1555,3452,Hakuna,83,0,1,0.4773,2.6833,0.6626
rmvpe_raw,1555,4101,Hakuna,83,0,1,0.2446,2.9885,0.5066
rmvpe_raw,1557,0595,Potter,26,0,1,0.3157,1.6328,0.3010
rmvpe_raw,1557,0768,Potter,26,0,1,0.2775,1.6630,0.1571
rmvpe_raw,1557,1087,StarWars,26,1,1,0.2458,1.2688,0.4843
rmvpe_raw,1557,1132,StarWars,26,1,1,0.1695,1.5338,0.3663
rmvpe_raw,1566,0286,Potter,47,0,1,0.4198,2.8496,0.3630
rmvpe_raw,1566,0443,Potter,47,0,1,0.4020,1.8157,0.6444
rmvpe_raw,1566,1258,StarWars,47,1,1,0.4396,2.1622,0.5626
rmvpe_raw,1566,1300,StarWars,47,1,1,0.2376,2.1721,0.5469
rmvpe_raw,1566,4019,Hakuna,47,0,1,0.3663,1.8441,0.5370
rmvpe_raw,1566,4044,Hakuna,47,0,1,0.5248,2.3332,0.4674
rmvpe_raw,1567,0187,Potter,214,0,1,0.0709,2.4449,0.4262
rmvpe_raw,1568,0553,Potter,0,0,1,0.3339,3.2511,0.4840
rmvpe_raw,1568,0590,Potter,0,0,1,0.3069,2.1485,0.6791
rmvpe_raw,1568,1140,StarWars,0,1,1,0.0911,3.8040,0.1591
rmvpe_raw,1573,0386,Potter,184,0,1,0.3062,2.4612,0.6029
rmvpe_raw,1573,0729,Potter,184,0,1,0.2063,3.2312,0.1284
rmvpe_raw,1573,0887,StarWars,184,1,1,0.1231,3.1093,0.4536
rmvpe_raw,1573,3612,Hakuna,184,0,1,0.2047,3.6709,0.4277
rmvpe_raw,1573,3844,Hakuna,184,0,1,0.1814,4.7091,0.2912
rmvpe_raw,1580,0557,Potter,195,0,1,0.2421,2.4933,0.2633
rmvpe_raw,1580,3854,Hakuna,195,0,1,0.2104,2.3601,0.5743
rmvpe_raw,1580,4036,Hakuna,195,0,1,0.1946,1.8798,0.6326
rmvpe_raw,1583,0319,Potter,54,0,1,0.4206,3.2657,0.5291
rmvpe_raw,1583,0573,Potter,54,0,1,0.3850,2.8747,0.5590
rmvpe_raw,1583,0885,StarWars,54,1,1,0.6328,3.5641,0.3727
rmvpe_raw,1583,1561,StarWars,54,1,1,0.6480,3.0871,0.5648
rmvpe_raw,1583,3395,Hakuna,54,0,1,0.2795,2.8893,0.5973
rmvpe_raw,1583,3880,Hakuna,54,0,1,0.2808,3.5419,0.4522
rmvpe_raw,1584,0057,Potter,60,0,1,0.8624,1.9684,0.6252
rmvpe_raw,1584,0348,Potter,60,0,1,0.8209,2.0394,0.6953
rmvpe_raw,1587,0370,Potter,153,0,1,0.3794,2.8362,0.5247
rmvpe_raw,1587,0710,Potter,153,0,1,0.5048,1.9869,0.4174
rmvpe_raw,1587,0882,StarWars,153,1,1,0.4175,1.8545,0.4486
rmvpe_raw,1587,1138,StarWars,153,1,1,0.3841,1.7750,0.4811
rmvpe_raw,1587,3534,Hakuna,153,0,1,0.6111,1.3246,0.4195
rmvpe_raw,1587,3689,Hakuna,153,0,1,0.5508,1.2832,0.4526
rmvpe_raw,1593,0075,Potter,55,0,1,0.3139,1.5865,0.4925
rmvpe_raw,1593,0785,Potter,55,0,1,0.2299,1.9013,0.2344
rmvpe_raw,1593,1160,StarWars,55,1,1,0.1314,1.7544,0.4715
rmvpe_raw,1593,1648,StarWars,55,1,1,0.3047,1.7848,0.6583
rmvpe_raw,1593,3887,Hakuna,55,0,1,0.4964,1.8732,0.5753
rmvpe_raw,1593,4060,Hakuna,55,0,1,0.3285,1.7807,0.5219
rmvpe_raw,1602,3882,Hakuna,128,0,1,0.2767,2.7320,0.5734
rmvpe_raw,1608,0437,Potter,40,0,1,0.2070,3.6010,0.6802
rmvpe_raw,1608,0892,StarWars,40,1,1,0.2108,2.4397,0.7101
rmvpe_raw,1608,1600,StarWars,40,1,1,0.1547,4.5046,0.1556
rmvpe_raw,1608,3966,Hakuna,40,0,1,0.1838,2.6105,0.6415
rmvpe_raw,1608,4094,Hakuna,40,0,1,0.1838,2.9992,0.5364
rmvpe_raw,1615,0410,Potter,190,0,1,0.1729,2.7096,0.4165
rmvpe_raw,1615,1077,StarWars,190,1,1,0.1480,1.8351,0.6318
rmvpe_raw,1615,1085,StarWars,190,1,1,0.0909,1.6778,0.7010
rmvpe_raw,1615,3625,Hakuna,190,0,1,0.1711,2.1477,0.2597
rmvpe_raw,1615,3898,Hakuna,190,0,1,0.2549,2.1905,0.4045
rmvpe_raw,1616,0582,Potter,57,0,1,0.3239,3.8145,0.1846
rmvpe_raw,1616,0801,Potter,57,0,1,0.3787,2.7338,0.2029
rmvpe_raw,1616,0985,StarWars,57,1,1,0.3771,5.1960,0.1840
rmvpe_raw,1616,1249,StarWars,57,1,1,0.3555,3.0217,0.0575
rmvpe_raw,1616,3745,Hakuna,57,0,1,0.7674,4.3640,0.2827
rmvpe_raw,1616,3802,Hakuna,57,0,1,0.7226,6.2612,0.2648
rmvpe_raw,1623,1215,StarWars,72,1,1,0.3819,1.9250,0.6933
rmvpe_raw,1623,1478,StarWars,72,1,1,0.3217,2.4757,0.4135
rmvpe_raw,1623,3666,Hakuna,72,0,1,0.2805,2.4164,0.6652
rmvpe_raw,1623,4069,Hakuna,72,0,1,0.1743,2.3523,0.6740
rmvpe_raw,1625,0057,Potter,60,0,1,0.8696,1.7503,0.5616
rmvpe_raw,1625,0348,Potter,60,0,1,0.8278,1.6720,0.7003
rmvpe_raw,1627,0732,Potter,150,0,1,0.1441,2.5306,0.5274
rmvpe_raw,1627,0825,Potter,150,0,1,0.1719,4.1217,-0.0100
rmvpe_raw,1627,0844,StarWars,150,1,1,0.2743,3.0690,0.5157
rmvpe_raw,1627,1510,StarWars,150,1,1,0.2500,2.9066,0.4727
rmvpe_raw,1627,3493,Hakuna,150,0,1,0.1840,3.4764,0.3712
rmvpe_raw,1628,0055,Potter,200,0,1,0.2943,3.2622,0.2965
rmvpe_raw,1628,0417,Potter,200,0,1,0.2622,2.9813,0.5550
rmvpe_raw,1628,1015,StarWars,200,1,1,0.3040,2.2159,0.7717
rmvpe_raw,1628,1626,StarWars,200,1,1,0.2580,3.4100,0.5847
rmvpe_raw,1628,3586,Hakuna,200,0,1,0.3236,2.8819,0.5905
rmvpe_raw,1628,3862,Hakuna,200,0,1,0.3529,3.0061,0.5433
rmvpe_raw,1630,0797,Potter,16,0,1,0.0877,2.8669,0.3310
rmvpe_raw,1630,3846,Hakuna,16,0,1,0.5228,2.9880,0.1399
rmvpe_raw,1630,4150,Hakuna,16,0,1,0.5175,2.8330,0.3996
rmvpe_raw,1635,0425,Potter,5,0,1,0.0828,2.8585,0.4512
rmvpe_raw,1635,0528,Potter,5,0,1,0.1682,3.2370,0.4199
rmvpe_raw,1635,0854,StarWars,5,1,1,0.1261,3.1320,0.3664
rmvpe_raw,1635,1444,StarWars,5,1,1,0.2326,2.8190,0.5658
rmvpe_raw,1635,3606,Hakuna,5,0,1,0.1879,2.5871,0.4088
rmvpe_raw,1635,3860,Hakuna,5,0,1,0.1156,3.5445,0.0411
rmvpe_raw,1643,0087,Potter,43,0,1,0.5040,3.1160,0.4772
rmvpe_raw,1643,0212,Potter,43,0,1,0.7328,2.6459,0.5764
rmvpe_raw,1643,1314,StarWars,43,1,1,0.5992,3.7115,0.2035
rmvpe_raw,1643,1490,StarWars,43,1,1,0.5283,2.2366,0.4803
rmvpe_raw,1643,3478,Hakuna,43,0,1,0.5445,2.5754,0.4112
rmvpe_raw,1643,3825,Hakuna,43,0,1,0.4676,2.6770,0.4133
rmvpe_raw,1645,0356,Potter,196,0,1,0.2903,2.7241,0.6779
rmvpe_raw,1645,0686,Potter,196,0,1,0.2309,3.3843,0.2850
rmvpe_raw,1645,0907,StarWars,196,1,1,0.1144,3.9868,0.1615
rmvpe_raw,1645,1611,StarWars,196,1,1,0.1589,2.5765,0.6698
rmvpe_raw,1645,4056,Hakuna,196,0,1,0.2839,4.2575,0.2918
rmvpe_raw,1645,4082,Hakuna,196,0,1,0.2373,4.2447,0.3166
rmvpe_raw,1647,0229,Potter,230,0,1,0.1266,3.8459,0.6042
rmvpe_raw,1647,3670,Hakuna,230,0,1,0.1439,2.6999,0.7125
rmvpe_raw,1647,3702,Hakuna,230,0,1,0.1377,3.5524,0.6433
rmvpe_raw,1650,0189,Potter,203,0,1,0.1206,2.6736,0.2970
rmvpe_raw,1650,0302,Potter,203,0,1,0.1977,1.9534,0.5035
rmvpe_raw,1650,0934,StarWars,203,1,1,0.0981,3.0123,0.1540
rmvpe_raw,1650,3497,Hakuna,203,0,1,0.4566,2.2568,0.4351
rmvpe_raw,1650,3926,Hakuna,203,0,1,0.4373,2.0876,0.4773
peak_prom50,0838,0370,Potter,153,0,1,0.9342,1.5591,0.5446
peak_prom50,0838,0710,Potter,153,0,1,1.0181,1.6066,0.5072
peak_prom50,0838,0882,StarWars,153,1,1,1.0707,1.0976,0.8410
peak_prom50,0838,1138,StarWars,153,1,1,0.9408,1.5016,0.3553
peak_prom50,0838,3534,Hakuna,153,0,1,1.1480,1.4567,0.6269
peak_prom50,0838,3689,Hakuna,153,0,1,1.0740,1.4357,0.6575
peak_prom50,0840,0131,Potter,53,0,1,1.6009,2.4420,0.5964
peak_prom50,0840,0689,Potter,53,0,1,1.6076,3.0134,0.4463
peak_prom50,0840,1269,StarWars,53,1,1,1.0807,1.4136,0.8217
peak_prom50,0840,1596,StarWars,53,1,1,1.0762,1.3144,0.8300
peak_prom50,0840,3585,Hakuna,53,0,1,1.0022,3.4801,0.1254
peak_prom50,0840,3856,Hakuna,53,0,1,0.9552,3.3765,0.1426
peak_prom50,0845,0616,Potter,71,0,1,0.8442,4.2660,-0.5141
peak_prom50,0845,0753,Potter,71,0,1,0.9045,3.0366,0.2646
peak_prom50,0845,3542,Hakuna,71,0,1,0.1809,2.1265,0.2741
peak_prom50,0845,3755,Hakuna,71,0,1,0.2085,1.8259,0.6293
peak_prom50,0849,0060,Potter,222,0,1,1.1978,1.5695,0.7003
peak_prom50,0849,0107,Potter,222,0,1,1.3348,1.3989,0.7696
peak_prom50,0849,0959,StarWars,222,1,1,1.0382,0.7230,0.9330
peak_prom50,0849,1276,StarWars,222,1,1,1.0404,1.4256,0.6945
peak_prom50,0849,4064,Hakuna,222,0,1,1.2719,1.3833,0.7276
peak_prom50,0849,4085,Hakuna,222,0,1,1.3303,1.9331,0.6286
peak_prom50,0855,0202,Potter,164,0,1,0.9211,2.3644,0.5817
peak_prom50,0855,0293,Potter,164,0,1,0.9706,2.2446,0.5981
peak_prom50,0855,1315,StarWars,164,1,1,1.0862,1.6578,0.7910
peak_prom50,0855,1482,StarWars,164,1,1,0.9578,1.9675,0.5959
peak_prom50,0855,3746,Hakuna,164,0,1,0.9523,2.3545,0.4551
peak_prom50,0855,3954,Hakuna,164,0,1,0.9560,2.4261,0.4503
peak_prom50,0856,0673,Potter,89,0,1,0.6093,1.7230,0.6578
peak_prom50,0856,3769,Hakuna,89,0,1,0.9757,1.8029,0.6103
peak_prom50,0856,4107,Hakuna,89,0,1,0.7874,2.0288,0.5285
peak_prom50,0857,0651,Potter,97,0,1,0.9750,3.2840,0.5545
peak_prom50,0857,0706,Potter,97,0,1,1.0233,2.7491,0.6001
peak_prom50,0857,1313,StarWars,97,1,1,0.8633,2.2222,0.7954
peak_prom50,0857,1418,StarWars,97,1,1,0.9067,1.3057,0.9458
peak_prom50,0857,3631,Hakuna,97,0,1,0.8800,3.2870,0.6300
peak_prom50,0857,3919,Hakuna,97,0,1,0.8917,3.5907,0.5069
peak_prom50,0858,0123,Potter,29,0,1,0.4628,1.9405,0.5448
peak_prom50,0858,0631,Potter,29,0,1,0.5372,1.6391,0.6928
peak_prom50,0858,1142,StarWars,29,1,1,0.7435,1.2289,0.8648
peak_prom50,0858,1493,StarWars,29,1,1,0.9089,1.0831,0.8701
peak_prom50,0858,3893,Hakuna,29,0,1,0.8086,1.7656,0.4883
peak_prom50,0858,4086,Hakuna,29,0,1,0.8364,1.6218,0.6285
peak_prom50,0859,0673,Potter,89,0,1,0.5503,1.6013,0.6317
peak_prom50,0859,3769,Hakuna,89,0,1,0.8812,1.7069,0.6046
peak_prom50,0859,4107,Hakuna,89,0,1,0.7112,1.7427,0.6107
peak_prom50,0863,0350,Potter,72,0,1,0.8477,2.4186,0.6145
peak_prom50,0863,0506,Potter,72,0,1,0.9303,2.3343,0.6078
peak_prom50,0863,1215,StarWars,72,1,1,0.8073,1.1293,0.8450
peak_prom50,0863,1478,StarWars,72,1,1,1.0716,3.2777,0.2613
peak_prom50,0863,3666,Hakuna,72,0,1,0.8092,2.3985,0.5476
peak_prom50,0863,4069,Hakuna,72,0,1,0.7596,2.2639,0.5345
peak_prom50,0864,0196,Potter,232,0,1,0.7748,2.3111,0.6927
peak_prom50,0864,0603,Potter,232,0,1,1.0207,1.9404,0.7554
peak_prom50,0864,0917,StarWars,232,1,1,1.0682,0.9762,0.9455
peak_prom50,0864,1278,StarWars,232,1,1,0.9525,1.4155,0.8998
peak_prom50,0864,3541,Hakuna,232,0,1,0.7479,2.2517,0.6266
peak_prom50,0864,4111,Hakuna,232,0,1,0.8223,2.1025,0.7155
peak_prom50,0871,0055,Potter,200,0,1,0.7574,2.6309,0.7035
peak_prom50,0871,0417,Potter,200,0,1,0.6698,2.3383,0.7446
peak_prom50,0871,1015,StarWars,200,1,1,0.7715,2.3171,0.7774
peak_prom50,0871,1626,StarWars,200,1,1,0.6854,2.7508,0.6663
peak_prom50,0871,3586,Hakuna,200,0,1,0.5947,3.3320,0.4344
peak_prom50,0871,3862,Hakuna,200,0,1,0.6495,3.0650,0.5632
peak_prom50,0873,0427,Potter,174,0,1,0.9621,2.6582,0.5349
peak_prom50,0873,0577,Potter,174,0,1,0.8845,3.8044,-0.2251
peak_prom50,0873,1403,StarWars,174,1,1,0.7220,1.9569,0.8217
peak_prom50,0873,1502,StarWars,174,1,1,0.9603,1.7351,0.8778
peak_prom50,0873,3424,Hakuna,174,0,1,0.8556,1.9160,0.7633
peak_prom50,0873,4122,Hakuna,174,0,1,0.7581,2.4863,0.5733
peak_prom50,0876,0168,Potter,198,0,1,0.1990,1.1561,0.5442
peak_prom50,0876,0461,Potter,198,0,1,0.7066,1.2141,0.4953
peak_prom50,0876,1535,StarWars,198,1,1,0.1282,3.6591,-0.0252
peak_prom50,0876,3607,Hakuna,198,0,1,0.2192,2.8182,-0.1062
peak_prom50,0879,0189,Potter,203,0,1,0.6946,1.3894,0.3078
peak_prom50,0879,0302,Potter,203,0,1,0.5689,1.4310,0.4007
peak_prom50,0879,0934,StarWars,203,1,1,0.4925,1.4551,0.3122
peak_prom50,0879,1603,StarWars,203,1,1,0.2006,1.3963,0.2356
peak_prom50,0879,3497,Hakuna,203,0,1,0.9656,1.4339,0.3190
peak_prom50,0879,3926,Hakuna,203,0,1,0.7440,1.2361,0.4180
peak_prom50,0884,0111,Potter,100,0,1,0.7697,2.0553,0.4840
peak_prom50,0884,0407,Potter,100,0,1,0.5271,2.2479,0.2931
peak_prom50,0884,1040,StarWars,100,1,1,0.8202,2.0237,0.5525
peak_prom50,0884,1344,StarWars,100,1,1,0.3362,2.0237,0.6173
peak_prom50,0884,3448,Hakuna,100,0,1,0.5283,2.2609,0.1242
peak_prom50,0884,4068,Hakuna,100,0,1,0.6084,2.2040,0.4360
peak_prom50,0894,0504,Potter,90,0,1,0.8792,3.0042,0.3231
peak_prom50,0894,0597,Potter,90,0,1,0.8521,2.3982,0.5543
peak_prom50,0894,0886,StarWars,90,1,1,1.0027,1.8326,0.8780
peak_prom50,0894,1075,StarWars,90,1,1,1.0163,1.9184,0.8696
peak_prom50,0894,3378,Hakuna,90,0,1,0.7870,2.7325,0.4308
peak_prom50,0894,3455,Hakuna,90,0,1,0.9661,3.1114,0.2703
peak_prom50,0903,0072,Potter,15,0,1,0.9070,1.7282,0.7941
peak_prom50,0903,0465,Potter,15,0,1,1.0263,1.9972,0.7357
peak_prom50,0903,0877,StarWars,15,1,1,0.9544,1.4737,0.9054
peak_prom50,0903,1633,StarWars,15,1,1,0.9053,1.7703,0.8327
peak_prom50,0903,3996,Hakuna,15,0,1,0.8737,2.7882,0.4360
peak_prom50,0903,4096,Hakuna,15,0,1,0.9351,2.5268,0.5367
peak_prom50,0908,3474,Hakuna,82,0,1,0.6585,2.7380,0.4527
peak_prom50,0908,3654,Hakuna,82,0,1,0.8538,2.8826,0.2993
peak_prom50,0911,0542,Potter,44,0,1,0.9046,2.9446,0.6254
peak_prom50,0911,0739,Potter,44,0,1,0.9762,2.7377,0.6714
peak_prom50,0911,0964,StarWars,44,1,1,1.0835,0.9871,0.9723
peak_prom50,0911,1026,StarWars,44,1,1,1.0238,0.5956,0.9739
peak_prom50,0911,3485,Hakuna,44,0,1,0.9702,2.5630,0.6381
peak_prom50,0911,3781,Hakuna,44,0,1,0.8852,2.4968,0.6467
peak_prom50,0913,0123,Potter,29,0,1,0.4361,1.8335,0.4647
peak_prom50,0913,0631,Potter,29,0,1,0.5061,1.4906,0.6682
peak_prom50,0913,1142,StarWars,29,1,1,0.7005,1.2131,0.8275
peak_prom50,0913,1493,StarWars,29,1,1,0.8564,1.0975,0.8330
peak_prom50,0913,3893,Hakuna,29,0,1,0.7618,1.6626,0.5215
peak_prom50,0913,4086,Hakuna,29,0,1,0.7881,1.6182,0.5513
peak_prom50,0914,3332,Hakuna,6,0,1,0.9373,2.6537,0.5892
peak_prom50,0926,0582,Potter,57,0,1,0.6205,0.6543,0.6188
peak_prom50,0926,0801,Potter,57,0,1,0.6548,0.6908,0.6555
peak_prom50,0926,0985,StarWars,57,1,1,0.6310,0.7036,0.4348
peak_prom50,0926,1249,StarWars,57,1,1,0.5565,0.7650,0.5675
peak_prom50,0926,3745,Hakuna,57,0,1,1.0893,0.7426,0.4162
peak_prom50,0926,3802,Hakuna,57,0,1,1.1131,0.7339,0.4869
peak_prom50,0930,0071,Potter,109,0,1,1.0476,2.4961,0.6701
peak_prom50,0930,0388,Potter,109,0,1,1.1355,2.6147,0.6321
peak_prom50,0930,0986,StarWars,109,1,1,1.1502,1.0221,0.9511
peak_prom50,0930,1078,StarWars,109,1,1,1.1722,1.1435,0.9484
peak_prom50,0930,3457,Hakuna,109,0,1,0.9267,3.1087,0.5171
peak_prom50,0930,3837,Hakuna,109,0,1,0.9249,3.0489,0.5591
peak_prom50,0932,0326,Potter,23,0,1,1.0598,1.7327,0.5666
peak_prom50,0932,0682,Potter,23,0,1,0.6916,2.1948,0.2920
peak_prom50,0932,1335,StarWars,23,1,1,0.9327,1.4156,0.5632
peak_prom50,0932,1448,StarWars,23,1,1,0.7720,1.6860,0.5947
peak_prom50,0936,0271,Potter,121,0,1,1.0177,2.4008,0.3989
peak_prom50,0936,0416,Potter,121,0,1,0.7969,2.5580,0.2731
peak_prom50,0936,0852,StarWars,121,1,1,1.0353,1.5730,0.7784
peak_prom50,0936,1525,StarWars,121,1,1,0.9338,1.6568,0.7580
peak_prom50,0936,3647,Hakuna,121,0,1,0.8852,2.2278,0.5855
peak_prom50,0936,4058,Hakuna,121,0,1,0.9558,2.0419,0.6071
peak_prom50,0939,0361,Potter,46,0,1,0.9020,3.4777,0.4849
peak_prom50,0939,0632,Potter,46,0,1,0.8547,3.7579,0.4954
peak_prom50,0939,0841,StarWars,46,1,1,0.9139,1.1940,0.9626
peak_prom50,0939,1237,StarWars,46,1,1,0.8750,1.7228,0.9453
peak_prom50,0939,3661,Hakuna,46,0,1,0.7990,3.1662,0.5882
peak_prom50,0939,4156,Hakuna,46,0,1,0.8666,3.0994,0.5863
peak_prom50,0943,0438,Potter,192,0,1,1.0152,1.8969,0.4206
peak_prom50,0943,0783,Potter,192,0,1,0.8832,1.9187,0.4173
peak_prom50,0943,0909,StarWars,192,1,1,1.0846,1.4769,0.7164
peak_prom50,0943,1642,StarWars,192,1,1,1.0609,1.3192,0.6788
peak_prom50,0943,3741,Hakuna,192,0,1,1.1235,1.7500,0.3648
peak_prom50,0943,4148,Hakuna,192,0,1,1.2014,1.7988,0.4363
peak_prom50,0945,0140,Potter,175,0,1,0.3266,2.9298,0.3881
peak_prom50,0945,0758,Potter,175,0,1,0.5194,2.5769,0.1982
peak_prom50,0945,1428,StarWars,175,1,1,0.2815,2.1227,0.3881
peak_prom50,0945,1599,StarWars,175,1,1,0.3577,1.9918,0.4591
peak_prom50,0945,3425,Hakuna,175,0,1,0.1384,1.5633,0.4695
peak_prom50,0948,0352,Potter,220,0,1,0.6494,1.7899,0.3692
peak_prom50,0948,0755,Potter,220,0,1,0.8080,1.7034,0.5210
peak_prom50,0948,1052,StarWars,220,1,1,0.2187,1.8902,0.1986
peak_prom50,0948,1207,StarWars,220,1,1,0.5593,1.8573,0.4001
peak_prom50,0948,3568,Hakuna,220,0,1,0.3406,1.9963,0.2285
peak_prom50,0951,0194,Potter,169,0,1,0.7299,2.3087,0.5327
peak_prom50,0951,0728,Potter,169,0,1,0.4552,2.0829,0.6226
peak_prom50,0951,0848,StarWars,169,1,1,0.6281,2.3831,0.5678
peak_prom50,0951,1533,StarWars,169,1,1,0.5216,2.3951,0.5314
peak_prom50,0951,3399,Hakuna,169,0,1,0.6775,2.5116,0.3350
peak_prom50,0951,3605,Hakuna,169,0,1,0.6250,2.4582,0.3930
peak_prom50,0963,0041,Potter,151,0,1,0.8404,1.9331,0.6354
peak_prom50,0963,0778,Potter,151,0,1,0.9202,1.9306,0.6256
peak_prom50,0963,1060,StarWars,151,1,1,0.9718,1.5415,0.8086
peak_prom50,0963,1252,StarWars,151,1,1,0.9656,1.3943,0.8435
peak_prom50,0963,3523,Hakuna,151,0,1,0.7105,1.6226,0.7184
peak_prom50,0963,3573,Hakuna,151,0,1,0.7621,1.8290,0.5301
peak_prom50,0969,0623,Potter,10,0,1,0.9114,1.8654,0.6365
peak_prom50,0969,0830,Potter,10,0,1,0.8174,2.0317,0.5073
peak_prom50,0969,1176,StarWars,10,1,1,0.9819,1.6548,0.9025
peak_prom50,0969,1321,StarWars,10,1,1,0.9024,1.7725,0.8589
peak_prom50,0969,3717,Hakuna,10,0,1,0.9096,2.2985,0.5181
peak_prom50,0969,3891,Hakuna,10,0,1,0.7143,2.1958,0.6364
peak_prom50,0970,0787,Potter,136,0,1,1.1473,3.0959,0.3786
peak_prom50,0970,0837,Potter,136,0,1,1.1837,3.1168,0.4042
peak_prom50,0970,1004,StarWars,136,1,1,1.2080,2.8979,0.5280
peak_prom50,0970,1042,StarWars,136,1,1,1.2565,2.7769,0.6756
peak_prom50,0970,3526,Hakuna,136,0,1,1.2392,3.0373,0.3103
peak_prom50,0970,3943,Hakuna,136,0,1,1.2392,3.0373,0.3103
peak_prom50,0971,0229,Potter,230,0,1,0.7461,3.0881,0.6161
peak_prom50,0971,0245,Potter,230,0,1,0.7412,3.2141,0.5760
peak_prom50,0971,1010,StarWars,230,1,1,0.6488,1.3031,0.9161
peak_prom50,0971,1048,StarWars,230,1,1,0.8153,2.8143,0.8951
peak_prom50,0971,3670,Hakuna,230,0,1,0.6185,3.2654,0.5832
peak_prom50,0971,3702,Hakuna,230,0,1,0.6574,3.4611,0.5158
peak_prom50,0977,0044,Potter,217,0,1,0.8624,2.7816,0.5250
peak_prom50,0977,0101,Potter,217,0,1,0.9579,2.6818,0.5914
peak_prom50,0977,1131,StarWars,217,1,1,0.8862,1.1323,0.9189
peak_prom50,0977,1509,StarWars,217,1,1,0.8989,1.1248,0.9060
peak_prom50,0977,3701,Hakuna,217,0,1,0.7584,3.1568,0.4026
peak_prom50,0977,4103,Hakuna,217,0,1,0.6882,2.7467,0.4916
peak_prom50,0979,0623,Potter,10,0,1,0.8442,1.9269,0.6391
peak_prom50,0979,0830,Potter,10,0,1,0.7571,2.1122,0.4019
peak_prom50,0979,1176,StarWars,10,1,1,0.9095,1.5214,0.9210
peak_prom50,0979,1321,StarWars,10,1,1,0.8358,1.7109,0.8599
peak_prom50,0979,3717,Hakuna,10,0,1,0.8425,2.1686,0.5340
peak_prom50,0979,3891,Hakuna,10,0,1,0.6616,2.1625,0.6157
peak_prom50,0980,0319,Potter,54,0,1,0.7818,3.1964,0.5475
peak_prom50,0980,0573,Potter,54,0,1,0.8514,2.8373,0.6504
peak_prom50,0980,0885,StarWars,54,1,1,0.9465,1.2472,0.8819
peak_prom50,0980,1561,StarWars,54,1,1,0.8353,1.1818,0.9625
peak_prom50,0980,3395,Hakuna,54,0,1,0.7671,2.5371,0.6739
peak_prom50,0980,3880,Hakuna,54,0,1,0.7430,2.5910,0.6784
peak_prom50,0984,0438,Potter,192,0,1,1.1834,1.2912,0.7140
peak_prom50,0984,0783,Potter,192,0,1,1.0296,1.2909,0.6972
peak_prom50,0984,0909,StarWars,192,1,1,1.2643,1.2762,0.7561
peak_prom50,0984,1642,StarWars,192,1,1,1.2367,1.0544,0.7939
peak_prom50,0984,3741,Hakuna,192,0,1,1.3097,1.8329,0.2176
peak_prom50,0984,4148,Hakuna,192,0,1,1.4004,1.6835,0.3473
peak_prom50,0987,0286,Potter,47,0,1,0.7396,2.4148,0.4171
peak_prom50,0987,0443,Potter,47,0,1,0.6627,2.1003,0.6250
peak_prom50,0987,1258,StarWars,47,1,1,0.8323,1.7210,0.8173
peak_prom50,0987,1300,StarWars,47,1,1,0.5996,1.6384,0.8209
peak_prom50,0987,4019,Hakuna,47,0,1,0.7968,2.2609,0.6292
peak_prom50,0987,4044,Hakuna,47,0,1,0.9527,2.1562,0.5394
peak_prom50,0991,0182,Potter,61,0,1,1.1816,1.7073,0.7355
peak_prom50,0991,0336,Potter,61,0,1,1.0223,2.8114,0.0906
peak_prom50,0991,1236,StarWars,61,1,1,0.9525,2.0142,0.7343
peak_prom50,0991,1318,StarWars,61,1,1,1.1173,1.8408,0.7428
peak_prom50,0991,3492,Hakuna,61,0,1,0.9832,1.9246,0.5350
peak_prom50,0991,3524,Hakuna,61,0,1,0.7821,2.7381,0.3095
peak_prom50,0995,0663,Potter,149,0,1,1.1184,1.8168,0.1052
peak_prom50,0995,1284,StarWars,149,1,1,0.8534,3.1614,0.2389
peak_prom50,0995,3578,Hakuna,149,0,1,0.7049,6.3850,0.6357
peak_prom50,0996,0352,Potter,220,0,1,0.6234,2.2081,0.4497
peak_prom50,0996,0755,Potter,220,0,1,0.7756,2.1401,0.5151
peak_prom50,0996,1052,StarWars,220,1,1,0.2099,2.1706,0.2867
peak_prom50,0996,1207,StarWars,220,1,1,0.5369,2.2533,0.3830
peak_prom50,0996,3568,Hakuna,220,0,1,0.3269,2.2069,0.3967
peak_prom50,1001,0361,Potter,46,0,1,0.9303,3.2519,0.5401
peak_prom50,1001,0632,Potter,46,0,1,0.8815,3.3672,0.5260
peak_prom50,1001,0841,StarWars,46,1,1,0.9425,1.0056,0.9654
peak_prom50,1001,1237,StarWars,46,1,1,0.9024,1.2671,0.9600
peak_prom50,1001,3661,Hakuna,46,0,1,0.8240,2.8486,0.6130
peak_prom50,1001,4156,Hakuna,46,0,1,0.8937,2.8843,0.6068
peak_prom50,1002,0068,Potter,134,0,1,0.8316,2.4847,0.3993
peak_prom50,1002,0695,Potter,134,0,1,0.2458,2.2713,0.6532
peak_prom50,1002,1461,StarWars,134,1,1,0.4112,2.4219,0.5216
peak_prom50,1002,1589,StarWars,134,1,1,0.4932,2.4857,0.4154
peak_prom50,1002,3780,Hakuna,134,0,1,0.4719,2.5081,0.3505
peak_prom50,1002,3912,Hakuna,134,0,1,0.4385,2.6161,0.0927
peak_prom50,1009,0418,Potter,111,0,1,0.7171,2.5249,0.2117
peak_prom50,1009,0454,Potter,111,0,1,0.7127,2.6508,0.2701
peak_prom50,1009,0940,StarWars,111,1,1,0.5877,2.2136,0.7058
peak_prom50,1009,1398,StarWars,111,1,1,0.4013,2.1514,0.7602
peak_prom50,1009,4091,Hakuna,111,0,1,0.4649,2.2810,0.6461
peak_prom50,1009,4133,Hakuna,111,0,1,0.3377,2.5275,0.2988
peak_prom50,1020,0010,Potter,92,0,1,0.8614,2.5425,0.6732
peak_prom50,1020,0232,Potter,92,0,1,0.7705,2.6469,0.6527
peak_prom50,1020,0893,StarWars,92,1,1,0.7392,1.4799,0.9190
peak_prom50,1020,0922,StarWars,92,1,1,0.8227,1.3654,0.9156
peak_prom50,1020,4028,Hakuna,92,0,1,0.7809,2.6570,0.6629
peak_prom50,1023,0470,Potter,91,0,1,1.1758,1.6630,0.3303
peak_prom50,1023,0596,Potter,91,0,1,1.2791,1.8653,0.1962
peak_prom50,1023,1006,StarWars,91,1,1,1.2593,1.3091,0.3914
peak_prom50,1023,1366,StarWars,91,1,1,1.3714,1.2894,0.6865
peak_prom50,1023,3411,Hakuna,91,0,1,1.2022,1.8588,0.2118
peak_prom50,1023,3440,Hakuna,91,0,1,1.1319,2.1596,-0.0205
peak_prom50,1025,0365,Potter,80,0,1,0.1742,1.5466,0.4273
peak_prom50,1025,0514,Potter,80,0,1,0.0796,1.8240,0.0310
peak_prom50,1032,0073,Potter,189,0,1,0.7729,2.3141,0.5922
peak_prom50,1032,0298,Potter,189,0,1,0.7817,2.0994,0.6141
peak_prom50,1032,1251,StarWars,189,1,1,0.8310,1.6326,0.7355
peak_prom50,1032,1497,StarWars,189,1,1,0.8574,1.6521,0.7125
peak_prom50,1032,3342,Hakuna,189,0,1,0.8504,2.1532,0.4695
peak_prom50,1035,0198,Potter,67,0,1,1.3433,2.3337,0.5673
peak_prom50,1035,0369,Potter,67,0,1,1.1667,2.0983,0.5891
peak_prom50,1035,1298,StarWars,67,1,1,1.3010,1.7162,0.6847
peak_prom50,1035,1326,StarWars,67,1,1,1.1269,2.4630,0.5747
peak_prom50,1035,3412,Hakuna,67,0,1,0.9353,1.8642,0.7426
peak_prom50,1035,3447,Hakuna,67,0,1,1.0249,1.7525,0.7653
peak_prom50,1043,0275,Potter,33,0,1,0.9281,2.0609,0.6764
peak_prom50,1043,0468,Potter,33,0,1,0.9582,2.0317,0.6935
peak_prom50,1043,0888,StarWars,33,1,1,0.9080,1.8537,0.6709
peak_prom50,1043,1174,StarWars,33,1,1,0.8378,2.0588,0.6825
peak_prom50,1043,3868,Hakuna,33,0,1,0.8361,2.2461,0.7213
peak_prom50,1053,0531,Potter,105,0,1,0.8755,2.2045,0.6992
peak_prom50,1053,0583,Potter,105,0,1,0.8831,2.4254,0.7057
peak_prom50,1053,1579,StarWars,105,1,1,0.8621,2.2013,0.8925
peak_prom50,1053,3587,Hakuna,105,0,1,0.7759,2.7314,0.5057
peak_prom50,1053,3906,Hakuna,105,0,1,0.8257,2.0341,0.6306
peak_prom50,1054,0090,Potter,24,0,1,0.5728,2.1785,0.5633
peak_prom50,1054,0320,Potter,24,0,1,0.5837,1.9820,0.6206
peak_prom50,1054,1045,StarWars,24,1,1,0.7199,1.0103,0.9193
peak_prom50,1054,1325,StarWars,24,1,1,0.5978,1.1793,0.8746
peak_prom50,1054,3814,Hakuna,24,0,1,0.7480,2.2455,0.5369
peak_prom50,1054,4118,Hakuna,24,0,1,0.6745,2.2182,0.5561
peak_prom50,1057,0680,Potter,123,0,1,0.8542,2.9111,0.6472
peak_prom50,1057,0835,Potter,123,0,1,0.6260,2.9563,0.7295
peak_prom50,1057,1196,StarWars,123,1,1,0.7591,0.5906,0.9797
peak_prom50,1057,1378,StarWars,123,1,1,0.8352,0.4552,0.9916
peak_prom50,1057,3567,Hakuna,123,0,1,0.6498,2.8379,0.6864
peak_prom50,1057,3787,Hakuna,123,0,1,0.6941,2.9016,0.6696
peak_prom50,1058,0424,Potter,38,0,1,1.0820,1.5897,0.5659
peak_prom50,1058,0829,Potter,38,0,1,1.0498,1.6859,0.5886
peak_prom50,1058,1149,StarWars,38,1,1,0.9534,0.8160,0.9149
peak_prom50,1058,1273,StarWars,38,1,1,0.9341,0.8976,0.8843
peak_prom50,1058,3506,Hakuna,38,0,1,0.8537,1.2183,0.6803
peak_prom50,1058,3732,Hakuna,38,0,1,0.9164,1.3850,0.6397
peak_prom50,1063,0616,Potter,71,0,1,0.7887,4.4328,-0.4733
peak_prom50,1063,0753,Potter,71,0,1,0.8451,3.0233,0.3624
peak_prom50,1063,3542,Hakuna,71,0,1,0.1690,2.1739,0.3222
peak_prom50,1063,3755,Hakuna,71,0,1,0.1948,1.9837,0.6272
peak_prom50,1067,0060,Potter,222,0,1,1.3702,1.8971,0.6975
peak_prom50,1067,0107,Potter,222,0,1,1.5270,1.6016,0.7437
peak_prom50,1067,0959,StarWars,222,1,1,1.1877,1.1824,0.9201
peak_prom50,1067,1276,StarWars,222,1,1,1.1902,1.9639,0.6821
peak_prom50,1067,4064,Hakuna,222,0,1,1.4550,1.7130,0.7514
peak_prom50,1067,4085,Hakuna,222,0,1,1.5219,2.2093,0.7027
peak_prom50,1069,0445,Potter,146,0,1,0.4334,2.4323,0.4439
peak_prom50,1069,0622,Potter,146,0,1,0.5421,2.8362,0.1381
peak_prom50,1069,0925,StarWars,146,1,1,0.3954,2.4975,0.4948
peak_prom50,1069,1456,StarWars,146,1,1,0.2690,2.4281,0.4670
peak_prom50,1069,3439,Hakuna,146,0,1,0.3152,2.6276,0.4607
peak_prom50,1069,3822,Hakuna,146,0,1,0.2826,2.7250,0.4777
peak_prom50,1070,0187,Potter,214,0,1,0.7100,2.7574,0.3728
peak_prom50,1070,0702,Potter,214,0,1,0.7847,2.3402,0.5335
peak_prom50,1070,1540,StarWars,214,1,1,0.7669,2.5730,0.4326
peak_prom50,1070,1618,StarWars,214,1,1,0.8007,1.7288,0.7953
peak_prom50,1070,3941,Hakuna,214,0,1,0.9359,2.3236,0.5936
peak_prom50,1070,4078,Hakuna,214,0,1,0.8470,2.3459,0.4725
peak_prom50,1074,0279,Potter,223,0,1,0.8624,1.7827,0.7408
peak_prom50,1074,0609,Potter,223,0,1,0.8033,2.0158,0.5604
peak_prom50,1074,1197,StarWars,223,1,1,0.7730,1.6162,0.7672
peak_prom50,1074,3343,Hakuna,223,0,1,0.6768,1.8667,0.5931
peak_prom50,1074,4153,Hakuna,223,0,1,0.6465,1.8424,0.6476
peak_prom50,1076,0111,Potter,100,0,1,0.8117,2.2664,0.3392
peak_prom50,1076,0407,Potter,100,0,1,0.5558,2.4708,0.1607
peak_prom50,1076,1040,StarWars,100,1,1,0.8649,2.1964,0.5604
peak_prom50,1076,1344,StarWars,100,1,1,0.3545,2.1396,0.6351
peak_prom50,1076,3448,Hakuna,100,0,1,0.5571,2.4073,0.1988
peak_prom50,1076,4068,Hakuna,100,0,1,0.6416,2.3644,0.4335
peak_prom50,1083,0236,Potter,170,0,1,0.5984,1.5906,0.3198
peak_prom50,1083,0668,Potter,170,0,1,1.0335,1.3851,0.5650
peak_prom50,1083,1565,StarWars,170,1,1,1.0236,1.5638,0.4623
peak_prom50,1083,3482,Hakuna,170,0,1,0.3701,1.6160,0.3755
peak_prom50,1083,4088,Hakuna,170,0,1,0.2894,1.5749,0.4240
peak_prom50,1084,0371,Potter,52,0,1,0.7481,2.9630,0.5637
peak_prom50,1084,0529,Potter,52,0,1,0.6894,2.3481,0.5170
peak_prom50,1084,0954,StarWars,52,1,1,0.7481,1.7871,0.7076
peak_prom50,1084,1331,StarWars,52,1,1,0.7386,1.2544,0.8817
peak_prom50,1084,3349,Hakuna,52,0,1,0.8011,2.5049,0.6218
peak_prom50,1084,3915,Hakuna,52,0,1,0.8409,2.5207,0.6873
peak_prom50,1097,0202,Potter,164,0,1,0.8625,2.4980,0.6718
peak_prom50,1097,0293,Potter,164,0,1,0.9089,2.5307,0.5407
peak_prom50,1097,1315,StarWars,164,1,1,1.0172,1.9053,0.8325
peak_prom50,1097,1482,StarWars,164,1,1,0.8969,2.1097,0.7103
peak_prom50,1097,3746,Hakuna,164,0,1,0.8918,2.6512,0.5898
peak_prom50,1097,3954,Hakuna,164,0,1,0.8952,2.6745,0.5852
peak_prom50,1099,0288,Potter,208,0,1,1.0806,0.8818,0.4377
peak_prom50,1099,0482,Potter,208,0,1,1.0771,0.8521,0.4331
peak_prom50,1099,1399,StarWars,208,1,1,0.7258,1.0298,0.2098
peak_prom50,1099,1436,StarWars,208,1,1,0.4122,0.7754,0.6813
peak_prom50,1099,3519,Hakuna,208,0,1,0.6505,0.9341,0.3678
peak_prom50,1104,0542,Potter,44,0,1,0.9253,3.0676,0.5645
peak_prom50,1104,0739,Potter,44,0,1,0.9985,2.8150,0.6430
peak_prom50,1104,0964,StarWars,44,1,1,1.1082,1.0068,0.9764
peak_prom50,1104,1026,StarWars,44,1,1,1.0473,0.5492,0.9812
peak_prom50,1104,3485,Hakuna,44,0,1,0.9924,2.5982,0.6453
peak_prom50,1104,3781,Hakuna,44,0,1,0.9055,2.5734,0.6521
peak_prom50,1108,0397,Potter,20,0,1,0.6761,1.8792,0.6955
peak_prom50,1108,0513,Potter,20,0,1,0.4547,1.9077,0.7109
peak_prom50,1108,1297,StarWars,20,1,1,0.7183,2.2043,0.5525
peak_prom50,1108,1582,StarWars,20,1,1,0.6881,1.3367,0.8772
peak_prom50,1108,3642,Hakuna,20,0,1,0.7686,1.7422,0.7402
peak_prom50,1108,3992,Hakuna,20,0,1,0.6942,2.0137,0.5379
peak_prom50,1113,3474,Hakuna,82,0,1,0.6544,3.1252,0.3936
peak_prom50,1113,3654,Hakuna,82,0,1,0.8486,3.3660,0.1131
peak_prom50,1114,0666,Potter,185,0,1,0.8380,2.6428,0.2327
peak_prom50,1114,1173,StarWars,185,1,1,0.8906,1.3276,0.8845
peak_prom50,1114,3561,Hakuna,185,0,1,0.7950,1.9831,0.4495
peak_prom50,1114,3613,Hakuna,185,0,1,0.1662,2.3445,0.1481
peak_prom50,1116,0124,Potter,58,0,1,1.0449,2.3050,0.4912
peak_prom50,1116,0467,Potter,58,0,1,1.1761,2.1121,0.6430
peak_prom50,1116,1178,StarWars,58,1,1,1.0864,1.0746,0.9151
peak_prom50,1116,1262,StarWars,58,1,1,1.1296,1.7648,0.7212
peak_prom50,1116,3556,Hakuna,58,0,1,0.8738,2.3292,0.4316
peak_prom50,1116,3668,Hakuna,58,0,1,0.8771,2.1342,0.6487
peak_prom50,1118,0102,Potter,191,0,1,0.8696,1.2876,0.6084
peak_prom50,1118,0426,Potter,191,0,1,0.8607,1.3780,0.5058
peak_prom50,1118,0993,StarWars,191,1,1,0.6607,0.9366,0.8187
peak_prom50,1118,1506,StarWars,191,1,1,0.9518,0.8733,0.8075
peak_prom50,1118,3928,Hakuna,191,0,1,0.8946,1.4644,0.4063
peak_prom50,1118,3984,Hakuna,191,0,1,0.6696,1.3302,0.5746
peak_prom50,1119,0222,Potter,96,0,1,0.8440,2.0162,0.5100
peak_prom50,1119,0715,Potter,96,0,1,0.8459,2.2956,0.4117
peak_prom50,1119,1027,StarWars,96,1,1,0.9064,1.3931,0.8032
peak_prom50,1119,1402,StarWars,96,1,1,0.7945,1.4149,0.7849
peak_prom50,1119,3406,Hakuna,96,0,1,0.6807,2.3466,0.2259
peak_prom50,1119,3938,Hakuna,96,0,1,0.7817,2.2124,0.3319
peak_prom50,1123,0087,Potter,43,0,1,0.4597,1.8978,0.6216
peak_prom50,1123,0212,Potter,43,0,1,0.5636,1.5637,0.7509
peak_prom50,1123,1314,StarWars,43,1,1,0.7987,0.7810,0.9525
peak_prom50,1123,1490,StarWars,43,1,1,0.7331,0.9808,0.9300
peak_prom50,1123,3478,Hakuna,43,0,1,0.7669,2.8978,0.5078
peak_prom50,1123,3825,Hakuna,43,0,1,0.6208,2.9589,0.3891
peak_prom50,1128,3846,Hakuna,16,0,1,0.4716,2.5396,0.4367
peak_prom50,1128,4150,Hakuna,16,0,1,0.4547,2.4502,0.4533
peak_prom50,1130,0699,Potter,154,0,1,0.8577,1.9166,0.6379
peak_prom50,1130,0790,Potter,154,0,1,0.9184,1.5951,0.7051
peak_prom50,1130,1008,StarWars,154,1,1,0.5690,1.9374,0.6581
peak_prom50,1130,1152,StarWars,154,1,1,0.7782,2.1505,0.5142
peak_prom50,1130,3375,Hakuna,154,0,1,0.5314,2.2478,0.5173
peak_prom50,1130,3762,Hakuna,154,0,1,0.9059,1.8007,0.6545
peak_prom50,1134,0437,Potter,40,0,1,0.8761,2.7724,0.5979
peak_prom50,1134,0502,Potter,40,0,1,0.6071,4.2155,0.2891
peak_prom50,1134,0892,StarWars,40,1,1,0.6492,2.7016,0.6169
peak_prom50,1134,1600,StarWars,40,1,1,0.8782,1.7780,0.7298
peak_prom50,1134,3966,Hakuna,40,0,1,0.8319,2.6997,0.6265
peak_prom50,1134,4094,Hakuna,40,0,1,0.6912,2.8254,0.5905
peak_prom50,1135,0445,Potter,146,0,1,0.4282,2.3826,0.5103
peak_prom50,1135,0622,Potter,146,0,1,0.5356,2.8401,0.1762
peak_prom50,1135,0925,StarWars,146,1,1,0.3906,2.4985,0.5107
peak_prom50,1135,1456,StarWars,146,1,1,0.2658,2.5180,0.4599
peak_prom50,1135,3439,Hakuna,146,0,1,0.3114,2.7261,0.4584
peak_prom50,1135,3822,Hakuna,146,0,1,0.2792,2.9237,0.4201
peak_prom50,1145,0155,Potter,76,0,1,0.7589,1.4412,0.6318
peak_prom50,1145,0584,Potter,76,0,1,0.7561,1.0077,0.8165
peak_prom50,1145,1381,StarWars,76,1,1,0.6990,1.6886,0.5302
peak_prom50,1145,1445,StarWars,76,1,1,0.7247,2.1117,0.0963
peak_prom50,1145,3706,Hakuna,76,0,1,0.7475,1.0995,0.7833
peak_prom50,1145,4048,Hakuna,76,0,1,0.8074,1.1814,0.7870
peak_prom50,1151,0384,Potter,228,0,1,0.1598,2.6892,0.3951
peak_prom50,1151,3896,Hakuna,228,0,1,0.1478,2.5563,0.3555
peak_prom50,1153,0145,Potter,141,0,1,0.5938,2.3427,0.2276
peak_prom50,1153,0620,Potter,141,0,1,0.2151,2.0212,0.3702
peak_prom50,1153,1636,StarWars,141,1,1,0.6893,1.9656,0.4781
peak_prom50,1153,1652,StarWars,141,1,1,0.3732,1.6788,0.6053
peak_prom50,1153,3687,Hakuna,141,0,1,0.6305,1.8792,0.3376
peak_prom50,1153,3895,Hakuna,141,0,1,0.6342,1.7407,0.5483
peak_prom50,1155,0075,Potter,55,0,1,0.6202,1.8408,0.5463
peak_prom50,1155,0785,Potter,55,0,1,0.5376,1.7415,0.6174
peak_prom50,1155,1160,StarWars,55,1,1,0.7284,1.3184,0.7974
peak_prom50,1155,1648,StarWars,55,1,1,1.1156,1.4150,0.7749
peak_prom50,1155,3887,Hakuna,55,0,1,1.0716,1.8148,0.5784
peak_prom50,1155,4060,Hakuna,55,0,1,1.0385,1.7797,0.5257
peak_prom50,1161,0097,Potter,201,0,1,0.2666,1.2940,0.3218
peak_prom50,1161,0396,Potter,201,0,1,0.5655,1.2972,0.2522
peak_prom50,1161,0927,StarWars,201,1,1,0.5085,1.3119,0.3188
peak_prom50,1161,1129,StarWars,201,1,1,0.5424,1.0486,0.5999
peak_prom50,1161,3870,Hakuna,201,0,1,0.3760,1.0192,0.5979
peak_prom50,1161,4154,Hakuna,201,0,1,0.3544,1.1775,0.4613
peak_prom50,1162,0102,Potter,191,0,1,0.9383,1.5362,0.4880
peak_prom50,1162,0426,Potter,191,0,1,0.9287,1.4027,0.5322
peak_prom50,1162,0993,StarWars,191,1,1,0.7129,1.1444,0.7887
peak_prom50,1162,1506,StarWars,191,1,1,1.0270,0.8963,0.8392
peak_prom50,1162,3928,Hakuna,191,0,1,0.9653,1.6464,0.4742
peak_prom50,1162,3984,Hakuna,191,0,1,0.7225,1.4674,0.5235
peak_prom50,1172,0633,Potter,231,0,1,0.5218,2.9450,0.4462
peak_prom50,1172,0803,Potter,231,0,1,0.5981,2.6272,0.6695
peak_prom50,1172,1150,StarWars,231,1,1,0.5593,2.5415,0.7532
peak_prom50,1172,1605,StarWars,231,1,1,0.5763,1.5047,0.8716
peak_prom50,1172,4049,Hakuna,231,0,1,0.6768,2.6942,0.6153
peak_prom50,1172,4112,Hakuna,231,0,1,0.7143,2.6768,0.6148
peak_prom50,1175,0633,Potter,231,0,1,0.5047,3.2331,0.3873
peak_prom50,1175,0803,Potter,231,0,1,0.5785,2.8423,0.6247
peak_prom50,1175,1150,StarWars,231,1,1,0.5410,2.4682,0.7695
peak_prom50,1175,1605,StarWars,231,1,1,0.5574,1.4781,0.8983
peak_prom50,1175,4049,Hakuna,231,0,1,0.6546,2.8441,0.6097
peak_prom50,1175,4112,Hakuna,231,0,1,0.6909,2.8354,0.6185
peak_prom50,1181,0136,Potter,144,0,1,0.6807,2.9533,0.5723
peak_prom50,1181,0330,Potter,144,0,1,0.5031,3.3673,0.4720
peak_prom50,1181,1216,StarWars,144,1,1,0.4149,3.2004,0.6738
peak_prom50,1181,1421,StarWars,144,1,1,0.5168,3.0218,0.6637
peak_prom50,1181,3420,Hakuna,144,0,1,0.4820,3.4440,0.4454
peak_prom50,1181,3673,Hakuna,144,0,1,0.5043,3.3439,0.5042
peak_prom50,1182,0756,Potter,219,0,1,0.7708,1.8832,0.4522
peak_prom50,1182,0805,Potter,219,0,1,1.0630,1.8052,0.4512
peak_prom50,1182,0988,StarWars,219,1,1,1.0252,2.2478,0.1235
peak_prom50,1182,1255,StarWars,219,1,1,0.9043,2.0336,0.3152
peak_prom50,1182,3355,Hakuna,219,0,1,1.0378,2.0348,0.2130
peak_prom50,1182,3635,Hakuna,219,0,1,1.0882,2.1570,-0.0994
peak_prom50,1183,0131,Potter,53,0,1,1.4875,2.4621,0.6299
peak_prom50,1183,0689,Potter,53,0,1,1.4937,3.0217,0.4300
peak_prom50,1183,1269,StarWars,53,1,1,1.0042,1.5319,0.7798
peak_prom50,1183,1596,StarWars,53,1,1,1.0000,1.4378,0.7906
peak_prom50,1183,3585,Hakuna,53,0,1,0.9313,3.6515,0.0555
peak_prom50,1183,3856,Hakuna,53,0,1,0.8875,3.6417,0.0619
peak_prom50,1187,0038,Potter,207,0,1,1.2368,2.9605,0.5970
peak_prom50,1187,0672,Potter,207,0,1,1.2474,3.0516,0.5575
peak_prom50,1187,1206,StarWars,207,1,1,0.8351,1.6181,0.8345
peak_prom50,1187,1265,StarWars,207,1,1,0.8626,1.3845,0.8627
peak_prom50,1187,3446,Hakuna,207,0,1,1.1416,2.5027,0.6972
peak_prom50,1187,3565,Hakuna,207,0,1,1.1226,2.7427,0.6396
peak_prom50,1191,0372,Potter,128,0,1,0.4906,2.6056,0.4869
peak_prom50,1191,0440,Potter,128,0,1,0.4131,2.5620,0.5352
peak_prom50,1191,1334,StarWars,128,1,1,0.6033,2.3831,0.6696
peak_prom50,1191,1570,StarWars,128,1,1,0.5047,2.9305,0.3576
peak_prom50,1191,3882,Hakuna,128,0,1,0.5915,3.0120,0.0970
peak_prom50,1191,4119,Hakuna,128,0,1,0.5986,2.6922,0.2625
peak_prom50,1200,0177,Potter,14,0,1,0.9408,1.9632,0.5395
peak_prom50,1200,0774,Potter,14,0,1,0.9013,2.2908,0.2713
peak_prom50,1200,1435,StarWars,14,1,1,0.9095,1.6690,0.7748
peak_prom50,1200,1519,StarWars,14,1,1,0.9095,1.4947,0.8609
peak_prom50,1200,3682,Hakuna,14,0,1,0.7451,2.1203,0.4732
peak_prom50,1200,3807,Hakuna,14,0,1,0.7500,1.9999,0.6025
peak_prom50,1203,0273,Potter,172,0,1,0.7672,2.8268,0.6163
peak_prom50,1203,1064,StarWars,172,1,1,0.7688,2.3858,0.7639
peak_prom50,1203,1498,StarWars,172,1,1,0.6013,2.5906,0.7315
peak_prom50,1203,3708,Hakuna,172,0,1,0.6901,3.9332,0.1458
peak_prom50,1203,4145,Hakuna,172,0,1,0.8224,3.0576,0.6624
peak_prom50,1204,0373,Potter,122,0,1,0.9719,2.2211,0.6004
peak_prom50,1204,0547,Potter,122,0,1,0.8746,2.2368,0.4904
peak_prom50,1204,1408,StarWars,122,1,1,0.6106,1.8566,0.7561
peak_prom50,1204,1495,StarWars,122,1,1,0.4653,1.7958,0.7744
peak_prom50,1204,3595,Hakuna,122,0,1,0.5429,1.8197,0.7105
peak_prom50,1204,3655,Hakuna,122,0,1,0.4637,2.4568,0.5106
peak_prom50,1205,0041,Potter,151,0,1,0.9195,2.1135,0.5781
peak_prom50,1205,0778,Potter,151,0,1,1.0068,1.9021,0.6519
peak_prom50,1205,1060,StarWars,151,1,1,1.0634,1.4578,0.8390
peak_prom50,1205,1252,StarWars,151,1,1,1.0565,1.2746,0.8670
peak_prom50,1205,3523,Hakuna,151,0,1,0.7774,1.8898,0.6575
peak_prom50,1205,3573,Hakuna,151,0,1,0.8339,2.0342,0.4614
peak_prom50,1208,0371,Potter,52,0,1,0.7495,2.8284,0.5771
peak_prom50,1208,0529,Potter,52,0,1,0.6907,1.8970,0.6707
peak_prom50,1208,0954,StarWars,52,1,1,0.7495,1.5217,0.7362
peak_prom50,1208,1331,StarWars,52,1,1,0.7400,1.1723,0.8642
peak_prom50,1208,3349,Hakuna,52,0,1,0.8027,2.2605,0.5650
peak_prom50,1208,3915,Hakuna,52,0,1,0.8425,2.2317,0.6600
peak_prom50,1209,0595,Potter,26,0,1,0.9691,1.2517,0.3965
peak_prom50,1209,0768,Potter,26,0,1,0.7964,1.2348,0.3996
peak_prom50,1209,1087,StarWars,26,1,1,0.7629,1.0493,0.4804
peak_prom50,1209,1132,StarWars,26,1,1,0.6649,0.9889,0.6414
peak_prom50,1209,3392,Hakuna,26,0,1,0.3814,1.2095,0.4592
peak_prom50,1209,4137,Hakuna,26,0,1,0.3015,1.0517,0.5213
peak_prom50,1210,0081,Potter,49,0,1,0.9686,2.5138,0.5969
peak_prom50,1210,0423,Potter,49,0,1,1.0545,2.6101,0.5761
peak_prom50,1210,1420,StarWars,49,1,1,1.0671,1.3904,0.9096
peak_prom50,1210,3920,Hakuna,49,0,1,1.1237,1.7780,0.8239
peak_prom50,1210,4138,Hakuna,49,0,1,1.0671,1.7761,0.8292
peak_prom50,1213,0328,Potter,106,0,1,0.4566,2.4519,0.0557
peak_prom50,1213,0777,Potter,106,0,1,0.5258,1.9522,0.1890
peak_prom50,1213,1062,StarWars,106,1,1,0.4197,1.4615,0.5041
peak_prom50,1213,1581,StarWars,106,1,1,0.0987,1.7857,0.1707
peak_prom50,1213,3427,Hakuna,106,0,1,0.5258,1.1138,0.7817
peak_prom50,1213,4075,Hakuna,106,0,1,0.4212,1.4172,0.4725
peak_prom50,1214,0425,Potter,5,0,1,0.8168,2.2716,0.6048
peak_prom50,1214,0528,Potter,5,0,1,0.8400,2.8409,0.3417
peak_prom50,1214,0854,StarWars,5,1,1,0.8077,1.0605,0.9307
peak_prom50,1214,1444,StarWars,5,1,1,0.8361,1.4590,0.8745
peak_prom50,1214,3606,Hakuna,5,0,1,0.6903,1.9764,0.7112
peak_prom50,1214,3860,Hakuna,5,0,1,0.7316,2.1177,0.6453
peak_prom50,1222,1235,StarWars,178,1,1,0.7082,1.7046,0.4451
peak_prom50,1222,1585,StarWars,178,1,1,0.5076,1.9101,0.2129
peak_prom50,1222,3403,Hakuna,178,0,1,0.5502,1.9965,0.1923
peak_prom50,1222,3665,Hakuna,178,0,1,0.5350,2.1364,0.0175
peak_prom50,1224,0090,Potter,24,0,1,0.5990,2.0255,0.5548
peak_prom50,1224,0320,Potter,24,0,1,0.6105,1.7771,0.6211
peak_prom50,1224,1045,StarWars,24,1,1,0.7529,0.8684,0.9156
peak_prom50,1224,1325,StarWars,24,1,1,0.6252,0.9332,0.8858
peak_prom50,1224,3814,Hakuna,24,0,1,0.7823,2.0763,0.4815
peak_prom50,1224,4118,Hakuna,24,0,1,0.7054,1.9590,0.5471
peak_prom50,1229,0072,Potter,15,0,1,0.9070,2.2642,0.6653
peak_prom50,1229,0465,Potter,15,0,1,1.0263,2.4276,0.6248
peak_prom50,1229,0877,StarWars,15,1,1,0.9544,0.7927,0.9573
peak_prom50,1229,1633,StarWars,15,1,1,0.9053,1.9379,0.7643
peak_prom50,1229,3996,Hakuna,15,0,1,0.8737,2.5450,0.5083
peak_prom50,1229,4096,Hakuna,15,0,1,0.9351,2.3497,0.5541
peak_prom50,1245,0311,Potter,218,0,1,0.7165,3.3378,0.3109
peak_prom50,1245,0518,Potter,218,0,1,0.5361,2.7505,0.5732
peak_prom50,1245,0994,StarWars,218,1,1,0.6959,1.4596,0.8894
peak_prom50,1245,1220,StarWars,218,1,1,0.5808,1.8202,0.8105
peak_prom50,1245,3475,Hakuna,218,0,1,0.6426,3.1423,0.4734
peak_prom50,1245,3521,Hakuna,218,0,1,0.7955,2.4689,0.6776
peak_prom50,1253,0557,Potter,195,0,1,0.9532,1.9118,0.6527
peak_prom50,1253,3854,Hakuna,195,0,1,0.8797,1.8154,0.7401
peak_prom50,1253,4036,Hakuna,195,0,1,0.8998,1.7838,0.6035
peak_prom50,1254,0275,Potter,33,0,1,1.0840,2.4873,0.6283
peak_prom50,1254,0468,Potter,33,0,1,1.1191,2.3552,0.6410
peak_prom50,1254,0888,StarWars,33,1,1,1.0605,2.1305,0.5764
peak_prom50,1254,1174,StarWars,33,1,1,0.9785,1.6578,0.7746
peak_prom50,1254,3868,Hakuna,33,0,1,0.9766,1.8787,0.6739
peak_prom50,1259,0206,Potter,84,0,1,0.7850,3.5838,-0.0427
peak_prom50,1259,1341,StarWars,84,1,1,0.9867,1.9727,0.8804
peak_prom50,1259,1504,StarWars,84,1,1,0.8500,2.7046,0.4480
peak_prom50,1263,0246,Potter,190,0,1,0.7312,2.1022,0.6917
peak_prom50,1263,0410,Potter,190,0,1,0.7329,2.0064,0.7680
peak_prom50,1263,1077,StarWars,190,1,1,0.7262,1.9560,0.6563
peak_prom50,1263,1085,StarWars,190,1,1,0.6628,1.7666,0.7585
peak_prom50,1263,3625,Hakuna,190,0,1,0.7145,2.3068,0.6228
peak_prom50,1263,3898,Hakuna,190,0,1,0.8331,2.0986,0.5879
peak_prom50,1264,0288,Potter,208,0,1,1.2830,0.9099,0.3009
peak_prom50,1264,0482,Potter,208,0,1,1.2787,0.8554,0.4028
peak_prom50,1264,1399,StarWars,208,1,1,0.8617,1.0504,0.1791
peak_prom50,1264,1436,StarWars,208,1,1,0.4894,0.7560,0.5890
peak_prom50,1264,3519,Hakuna,208,0,1,0.7723,0.9646,0.2515
peak_prom50,1268,0239,Potter,59,0,1,0.4787,2.5748,0.4605
peak_prom50,1268,0798,Potter,59,0,1,0.4079,3.7638,0.2969
peak_prom50,1268,0923,StarWars,59,1,1,0.2409,4.5298,0.3184
peak_prom50,1268,1246,StarWars,59,1,1,0.4031,3.7272,0.3284
peak_prom50,1268,3956,Hakuna,59,0,1,0.4236,7.2232,0.0956
peak_prom50,1268,4124,Hakuna,59,0,1,0.1890,3.3027,0.1236
peak_prom50,1270,0418,Potter,111,0,1,0.7937,2.3551,0.1428
peak_prom50,1270,0454,Potter,111,0,1,0.7888,2.1504,0.5129
peak_prom50,1270,0940,StarWars,111,1,1,0.6505,1.7521,0.7715
peak_prom50,1270,1398,StarWars,111,1,1,0.4442,2.0483,0.7551
peak_prom50,1270,4091,Hakuna,111,0,1,0.5146,2.1198,0.6557
peak_prom50,1270,4133,Hakuna,111,0,1,0.3738,2.5749,0.2127
peak_prom50,1275,0384,Potter,228,0,1,0.1545,3.5346,0.3375
peak_prom50,1275,3896,Hakuna,228,0,1,0.1429,3.5989,0.2302
peak_prom50,1282,0477,Potter,17,0,1,1.1779,1.6037,0.8112
peak_prom50,1282,0558,Potter,17,0,1,1.1255,1.8330,0.7833
peak_prom50,1282,1609,StarWars,17,1,1,1.1292,1.8743,0.7582
peak_prom50,1282,1620,StarWars,17,1,1,1.0880,1.2566,0.8782
peak_prom50,1282,3878,Hakuna,17,0,1,1.1592,1.4624,0.8703
peak_prom50,1282,4105,Hakuna,17,0,1,1.1910,1.4691,0.8762
peak_prom50,1285,0181,Potter,13,0,1,0.7741,1.6436,0.6317
peak_prom50,1285,0299,Potter,13,0,1,0.6509,1.7710,0.5468
peak_prom50,1285,1619,StarWars,13,1,1,0.5956,1.1933,0.7448
peak_prom50,1285,3353,Hakuna,13,0,1,0.6698,1.1404,0.6627
peak_prom50,1285,4020,Hakuna,13,0,1,0.7062,1.4811,0.4453
peak_prom50,1288,0504,Potter,90,0,1,0.9460,2.9531,0.3976
peak_prom50,1288,0597,Potter,90,0,1,0.9168,2.4249,0.5211
peak_prom50,1288,0886,StarWars,90,1,1,1.0788,1.9595,0.8573
peak_prom50,1288,1075,StarWars,90,1,1,1.0934,2.0675,0.8125
peak_prom50,1288,3378,Hakuna,90,0,1,0.8467,2.6371,0.5086
peak_prom50,1288,3455,Hakuna,90,0,1,1.0394,3.0960,0.2641
peak_prom50,1291,0186,Potter,22,0,1,0.9753,1.9093,0.5682
peak_prom50,1291,1340,StarWars,22,1,1,0.9814,1.0603,0.8746
peak_prom50,1291,3791,Hakuna,22,0,1,1.2186,1.2677,0.7670
peak_prom50,1291,3834,Hakuna,22,0,1,1.1876,1.4882,0.7139
peak_prom50,1292,0097,Potter,201,0,1,0.2567,1.0764,0.3825
peak_prom50,1292,0396,Potter,201,0,1,0.5445,1.0206,0.3648
peak_prom50,1292,0927,StarWars,201,1,1,0.4896,1.0449,0.4272
peak_prom50,1292,1129,StarWars,201,1,1,0.5223,0.8527,0.5739
peak_prom50,1292,3870,Hakuna,201,0,1,0.3620,0.7904,0.6478
peak_prom50,1292,4154,Hakuna,201,0,1,0.3412,0.9297,0.4156
peak_prom50,1293,0408,Potter,145,0,1,0.8205,3.9830,0.2269
peak_prom50,1293,0619,Potter,145,0,1,0.8589,2.7697,0.6337
peak_prom50,1293,0956,StarWars,145,1,1,0.9822,1.5284,0.8177
peak_prom50,1293,1199,StarWars,145,1,1,0.9466,1.2004,0.9114
peak_prom50,1293,3712,Hakuna,145,0,1,0.8986,3.1237,0.4489
peak_prom50,1293,3793,Hakuna,145,0,1,0.9534,3.0525,0.4330
peak_prom50,1299,0708,Potter,9,0,1,0.6104,2.1671,0.3473
peak_prom50,1299,0757,Potter,9,0,1,0.7958,2.6921,0.1695
peak_prom50,1299,1280,StarWars,9,1,1,0.3542,2.0965,0.4695
peak_prom50,1299,1463,StarWars,9,1,1,0.4208,1.9794,0.4577
peak_prom50,1299,3431,Hakuna,9,0,1,0.2313,2.0880,0.3668
peak_prom50,1299,3525,Hakuna,9,0,1,0.2208,2.0771,0.4975
peak_prom50,1301,0125,Potter,205,0,1,0.6248,2.7930,0.0864
peak_prom50,1301,0359,Potter,205,0,1,0.6090,2.4613,0.4997
peak_prom50,1301,0966,StarWars,205,1,1,0.6680,3.0881,0.1321
peak_prom50,1301,1480,StarWars,205,1,1,0.6503,2.5430,0.4980
peak_prom50,1301,3529,Hakuna,205,0,1,0.4971,2.2265,0.6249
peak_prom50,1301,3581,Hakuna,205,0,1,0.5992,2.4694,0.4791
peak_prom50,1303,0553,Potter,0,0,1,0.6970,2.1746,0.6276
peak_prom50,1303,0590,Potter,0,0,1,0.6944,2.0259,0.5885
peak_prom50,1303,0915,StarWars,0,1,1,0.3745,1.9299,0.4999
peak_prom50,1303,1140,StarWars,0,1,1,0.3238,2.5295,0.5999
peak_prom50,1303,3690,Hakuna,0,0,1,0.4603,2.3795,0.3543
peak_prom50,1303,4031,Hakuna,0,0,1,0.5189,1.7905,0.5380
peak_prom50,1304,0649,Potter,197,0,1,0.7392,3.8924,0.4778
peak_prom50,1304,0688,Potter,197,0,1,0.9625,3.2293,0.6642
peak_prom50,1304,0921,StarWars,197,1,1,0.9306,2.3472,0.6766
peak_prom50,1304,1322,StarWars,197,1,1,0.6454,2.6447,0.6877
peak_prom50,1304,3512,Hakuna,197,0,1,0.8255,3.3664,0.6925
peak_prom50,1304,3851,Hakuna,197,0,1,0.8818,3.4426,0.6316
peak_prom50,1306,0125,Potter,205,0,1,0.6411,3.8599,0.2691
peak_prom50,1306,0359,Potter,205,0,1,0.6250,3.2784,0.6483
peak_prom50,1306,0966,StarWars,205,1,1,0.6855,4.1585,0.0788
peak_prom50,1306,1480,StarWars,205,1,1,0.6673,3.6975,0.4490
peak_prom50,1306,3529,Hakuna,205,0,1,0.5101,3.2720,0.6583
peak_prom50,1306,3581,Hakuna,205,0,1,0.6149,3.5331,0.4748
peak_prom50,1308,3332,Hakuna,6,0,1,0.9122,2.5574,0.6791
peak_prom50,1311,0326,Potter,23,0,1,1.1667,2.1279,0.4601
peak_prom50,1311,0682,Potter,23,0,1,0.7613,2.4771,0.1201
peak_prom50,1311,1335,StarWars,23,1,1,1.0267,2.0064,0.4038
peak_prom50,1311,1448,StarWars,23,1,1,0.8498,1.9853,0.4603
peak_prom50,1319,0762,Potter,69,0,1,0.3421,2.0596,0.5996
peak_prom50,1319,0771,Potter,69,0,1,0.7322,2.0654,0.5402
peak_prom50,1319,1323,StarWars,69,1,1,0.4350,2.2933,0.1491
peak_prom50,1319,1496,StarWars,69,1,1,0.4381,1.9442,0.5556
peak_prom50,1319,3410,Hakuna,69,0,1,0.6950,2.8308,0.0206
peak_prom50,1319,3782,Hakuna,69,0,1,0.3545,4.5735,0.2504
peak_prom50,1330,0997,StarWars,135,1,1,0.8762,4.1167,-0.2694
peak_prom50,1330,1195,StarWars,135,1,1,0.8190,4.3032,-0.1464
peak_prom50,1330,3501,Hakuna,135,0,1,0.7976,2.5494,0.6645
peak_prom50,1330,4070,Hakuna,135,0,1,1.0381,2.6724,0.5006
peak_prom50,1336,0386,Potter,184,0,1,0.8569,2.4987,0.5456
peak_prom50,1336,0729,Potter,184,0,1,0.9682,2.1038,0.7569
peak_prom50,1336,0887,StarWars,184,1,1,0.6095,1.7163,0.8472
peak_prom50,1336,3612,Hakuna,184,0,1,0.7473,2.6160,0.5653
peak_prom50,1336,3844,Hakuna,184,0,1,0.8233,2.4455,0.5951
peak_prom50,1337,0613,Potter,137,0,1,0.7305,2.4568,0.6666
peak_prom50,1337,0788,Potter,137,0,1,0.7058,3.2603,0.3535
peak_prom50,1337,1163,StarWars,137,1,1,0.7881,1.8723,0.7676
peak_prom50,1337,1177,StarWars,137,1,1,0.8169,1.5927,0.9050
peak_prom50,1337,3594,Hakuna,137,0,1,1.0000,2.6232,0.6627
peak_prom50,1337,3944,Hakuna,137,0,1,0.9918,2.6630,0.6116
peak_prom50,1342,0254,Potter,129,0,1,1.5690,1.4555,0.8192
peak_prom50,1342,0554,Potter,129,0,1,1.5496,1.5482,0.8167
peak_prom50,1342,1014,StarWars,129,1,1,0.9526,0.6066,0.9553
peak_prom50,1342,1167,StarWars,129,1,1,0.8793,0.4076,0.9781
peak_prom50,1342,3576,Hakuna,129,0,1,0.9052,1.6722,0.6680
peak_prom50,1342,3651,Hakuna,129,0,1,0.9138,1.6132,0.7558
peak_prom50,1343,0008,Potter,213,0,1,0.8597,2.5274,0.6604
peak_prom50,1343,0681,Potter,213,0,1,0.8387,2.5715,0.6124
peak_prom50,1343,0860,StarWars,213,1,1,0.9860,0.5495,0.9316
peak_prom50,1343,1317,StarWars,213,1,1,0.9425,0.5222,0.9829
peak_prom50,1343,3548,Hakuna,213,0,1,0.6367,2.7491,0.6527
peak_prom50,1343,3720,Hakuna,213,0,1,0.7097,2.7146,0.6675
peak_prom50,1351,0177,Potter,14,0,1,0.9226,1.9050,0.5532
peak_prom50,1351,0774,Potter,14,0,1,0.8839,1.9505,0.4871
peak_prom50,1351,1435,StarWars,14,1,1,0.8919,1.5483,0.8476
peak_prom50,1351,1519,StarWars,14,1,1,0.8919,1.4646,0.8689
peak_prom50,1351,3682,Hakuna,14,0,1,0.7306,2.0208,0.4654
peak_prom50,1351,3807,Hakuna,14,0,1,0.7355,2.0412,0.4442
peak_prom50,1353,0508,Potter,120,0,1,1.3457,2.3799,0.6988
peak_prom50,1353,0559,Potter,120,0,1,1.2491,2.3612,0.7008
peak_prom50,1353,0878,StarWars,120,1,1,1.1301,2.2678,0.7605
peak_prom50,1353,1449,StarWars,120,1,1,1.0725,2.2766,0.7347
peak_prom50,1353,3503,Hakuna,120,0,1,0.7472,3.2287,0.4663
peak_prom50,1353,3549,Hakuna,120,0,1,0.8476,3.3308,0.4125
peak_prom50,1355,0477,Potter,17,0,1,1.0431,2.3491,0.6977
peak_prom50,1355,0558,Potter,17,0,1,0.9967,2.6488,0.6769
peak_prom50,1355,1609,StarWars,17,1,1,1.0000,3.0313,0.6199
peak_prom50,1355,1620,StarWars,17,1,1,0.9635,2.1084,0.7299
peak_prom50,1355,3878,Hakuna,17,0,1,1.0265,2.7652,0.5932
peak_prom50,1355,4105,Hakuna,17,0,1,1.0547,2.3663,0.7337
peak_prom50,1360,0044,Potter,217,0,1,0.8354,2.7788,0.5258
peak_prom50,1360,0101,Potter,217,0,1,0.9279,2.6898,0.5842
peak_prom50,1360,1131,StarWars,217,1,1,0.8585,1.1959,0.9028
peak_prom50,1360,1509,StarWars,217,1,1,0.8707,1.1464,0.9002
peak_prom50,1360,3701,Hakuna,217,0,1,0.7347,3.2342,0.3640
peak_prom50,1360,4103,Hakuna,217,0,1,0.6667,2.7181,0.5034
peak_prom50,1361,0424,Potter,38,0,1,1.0803,1.6354,0.5892
peak_prom50,1361,0829,Potter,38,0,1,1.0482,1.5938,0.5774
peak_prom50,1361,1149,StarWars,38,1,1,0.9518,0.8571,0.9115
peak_prom50,1361,1273,StarWars,38,1,1,0.9326,0.8764,0.8874
peak_prom50,1361,3506,Hakuna,38,0,1,0.8523,1.3476,0.7050
peak_prom50,1361,3732,Hakuna,38,0,1,0.9149,1.2981,0.7141
peak_prom50,1363,0680,Potter,123,0,1,0.8435,2.6292,0.6768
peak_prom50,1363,0835,Potter,123,0,1,0.6182,2.7710,0.7145
peak_prom50,1363,1196,StarWars,123,1,1,0.7496,0.5636,0.9812
peak_prom50,1363,1378,StarWars,123,1,1,0.8247,0.4926,0.9882
peak_prom50,1363,3567,Hakuna,123,0,1,0.6416,2.7765,0.6500
peak_prom50,1363,3787,Hakuna,123,0,1,0.6854,2.9303,0.6199
peak_prom50,1365,0808,Potter,171,0,1,0.9941,2.1215,0.3283
peak_prom50,1365,1079,StarWars,171,1,1,1.0156,1.1036,0.8313
peak_prom50,1365,1112,StarWars,171,1,1,0.9160,1.3030,0.7525
peak_prom50,1368,0010,Potter,92,0,1,0.8838,2.7558,0.6350
peak_prom50,1368,0232,Potter,92,0,1,0.7905,2.9710,0.6038
peak_prom50,1368,0893,StarWars,92,1,1,0.7584,1.5990,0.9285
peak_prom50,1368,0922,StarWars,92,1,1,0.8440,1.4336,0.9093
peak_prom50,1368,4028,Hakuna,92,0,1,0.8012,2.7162,0.6708
peak_prom50,1370,0017,Potter,70,0,1,0.9434,2.3893,0.6114
peak_prom50,1370,0161,Potter,70,0,1,1.0233,2.0957,0.7153
peak_prom50,1370,0929,StarWars,70,1,1,0.9451,1.9514,0.8203
peak_prom50,1370,3334,Hakuna,70,0,1,0.9800,1.9947,0.8018
peak_prom50,1370,3384,Hakuna,70,0,1,0.8952,1.9845,0.7674
peak_prom50,1372,1235,StarWars,178,1,1,0.7397,1.5076,0.3937
peak_prom50,1372,1585,StarWars,178,1,1,0.5302,1.4546,0.5007
peak_prom50,1372,3403,Hakuna,178,0,1,0.5746,1.7479,0.2432
peak_prom50,1372,3665,Hakuna,178,0,1,0.5587,1.7143,0.2176
peak_prom50,1373,0222,Potter,96,0,1,0.8042,2.1256,0.5733
peak_prom50,1373,0715,Potter,96,0,1,0.8059,2.4598,0.4371
peak_prom50,1373,1027,StarWars,96,1,1,0.8636,1.5506,0.7746
peak_prom50,1373,1402,StarWars,96,1,1,0.7570,1.5088,0.7919
peak_prom50,1373,3406,Hakuna,96,0,1,0.6486,2.6250,0.2335
peak_prom50,1373,3938,Hakuna,96,0,1,0.7448,2.3118,0.4519
peak_prom50,1377,0394,Potter,215,0,1,1.0230,4.4977,0.2991
peak_prom50,1377,0975,StarWars,215,1,1,0.8360,1.2820,0.8470
peak_prom50,1377,1423,StarWars,215,1,1,0.9453,0.6771,0.9822
peak_prom50,1377,3480,Hakuna,215,0,1,0.8863,2.9007,0.6085
peak_prom50,1377,3858,Hakuna,215,0,1,0.8978,2.8036,0.6635
peak_prom50,1384,0008,Potter,213,0,1,0.8585,2.5084,0.6684
peak_prom50,1384,0681,Potter,213,0,1,0.8375,2.4761,0.6374
peak_prom50,1384,0860,StarWars,213,1,1,0.9846,0.8865,0.8785
peak_prom50,1384,1317,StarWars,213,1,1,0.9412,0.8836,0.9346
peak_prom50,1384,3548,Hakuna,213,0,1,0.6359,2.5646,0.6825
peak_prom50,1384,3720,Hakuna,213,0,1,0.7087,2.4723,0.7070
peak_prom50,1386,0484,Potter,162,0,1,0.8605,2.1853,0.7033
peak_prom50,1386,0599,Potter,162,0,1,0.8497,1.8953,0.7099
peak_prom50,1386,1508,StarWars,162,1,1,0.9106,0.9026,0.9682
peak_prom50,1386,1606,StarWars,162,1,1,0.9195,0.9847,0.9611
peak_prom50,1389,0273,Potter,172,0,1,0.7545,2.9249,0.6497
peak_prom50,1389,1064,StarWars,172,1,1,0.7562,1.9015,0.7945
peak_prom50,1389,1498,StarWars,172,1,1,0.5914,2.5273,0.7486
peak_prom50,1389,3708,Hakuna,172,0,1,0.6787,3.7540,0.2738
peak_prom50,1389,4145,Hakuna,172,0,1,0.8089,3.1369,0.6314
peak_prom50,1392,0787,Potter,136,0,1,1.2879,2.4456,0.4353
peak_prom50,1392,0837,Potter,136,0,1,1.3288,2.4883,0.4353
peak_prom50,1392,1004,StarWars,136,1,1,1.3560,2.2020,0.6771
peak_prom50,1392,1042,StarWars,136,1,1,1.4105,2.1655,0.7572
peak_prom50,1392,3526,Hakuna,136,0,1,1.3911,2.4859,0.2844
peak_prom50,1392,3943,Hakuna,136,0,1,1.3911,2.4859,0.2844
peak_prom50,1393,0666,Potter,185,0,1,0.8950,3.2880,0.1185
peak_prom50,1393,1173,StarWars,185,1,1,0.9512,1.8553,0.8423
peak_prom50,1393,3561,Hakuna,185,0,1,0.8491,2.5315,0.4775
peak_prom50,1393,3613,Hakuna,185,0,1,0.1775,2.6127,0.5439
peak_prom50,1394,0328,Potter,106,0,1,0.5290,1.8895,0.1754
peak_prom50,1394,0777,Potter,106,0,1,0.6092,1.3735,0.4269
peak_prom50,1394,1062,StarWars,106,1,1,0.4863,1.0071,0.5895
peak_prom50,1394,1581,StarWars,106,1,1,0.1143,1.2946,0.2544
peak_prom50,1394,3427,Hakuna,106,0,1,0.6092,1.1399,0.3912
peak_prom50,1394,4075,Hakuna,106,0,1,0.4881,1.1158,0.4956
peak_prom50,1395,0145,Potter,141,0,1,0.5938,2.6277,0.1140
peak_prom50,1395,0620,Potter,141,0,1,0.2151,2.3545,-0.0750
peak_prom50,1395,1636,StarWars,141,1,1,0.6893,1.9454,0.5288
peak_prom50,1395,1652,StarWars,141,1,1,0.3732,1.7614,0.6375
peak_prom50,1395,3687,Hakuna,141,0,1,0.6305,1.9953,0.4266
peak_prom50,1395,3895,Hakuna,141,0,1,0.6342,1.8188,0.5594
peak_prom50,1397,0186,Potter,22,0,1,0.9096,2.0705,0.5603
peak_prom50,1397,1340,StarWars,22,1,1,0.9154,1.2657,0.8792
peak_prom50,1397,3791,Hakuna,22,0,1,1.1365,1.5084,0.8026
peak_prom50,1397,3834,Hakuna,22,0,1,1.1077,1.5795,0.7807
peak_prom50,1401,1030,StarWars,212,1,1,0.4752,2.9010,0.5743
peak_prom50,1401,1646,StarWars,212,1,1,0.8308,2.9511,0.4432
peak_prom50,1401,3761,Hakuna,212,0,1,0.6137,2.9247,0.5264
peak_prom50,1401,3907,Hakuna,212,0,1,0.5744,3.0783,0.5272
peak_prom50,1407,0271,Potter,121,0,1,0.9564,1.9996,0.6487
peak_prom50,1407,0416,Potter,121,0,1,0.7490,2.1816,0.3830
peak_prom50,1407,0852,StarWars,121,1,1,0.9730,1.6298,0.7968
peak_prom50,1407,1525,StarWars,121,1,1,0.8776,1.5723,0.7925
peak_prom50,1407,3647,Hakuna,121,0,1,0.8320,2.1152,0.5578
peak_prom50,1407,4058,Hakuna,121,0,1,0.8983,2.2051,0.4962
peak_prom50,1414,0427,Potter,174,0,1,0.9417,2.0440,0.7856
peak_prom50,1414,0577,Potter,174,0,1,0.8657,2.9926,0.3556
peak_prom50,1414,1403,StarWars,174,1,1,0.7067,1.6696,0.8716
peak_prom50,1414,1502,StarWars,174,1,1,0.9399,1.4826,0.9091
peak_prom50,1414,3424,Hakuna,174,0,1,0.8375,1.5838,0.8566
peak_prom50,1414,4122,Hakuna,174,0,1,0.7420,2.0030,0.7916
peak_prom50,1416,0394,Potter,215,0,1,1.0334,4.1079,0.2507
peak_prom50,1416,0975,StarWars,215,1,1,0.8445,1.4275,0.8038
peak_prom50,1416,1423,StarWars,215,1,1,0.9549,0.5199,0.9856
peak_prom50,1416,3480,Hakuna,215,0,1,0.8953,2.8742,0.5946
peak_prom50,1416,3858,Hakuna,215,0,1,0.9070,2.8615,0.6479
peak_prom50,1417,0073,Potter,189,0,1,0.7556,2.4084,0.5761
peak_prom50,1417,0298,Potter,189,0,1,0.7642,2.1570,0.6732
peak_prom50,1417,1251,StarWars,189,1,1,0.8124,1.2635,0.9130
peak_prom50,1417,1497,StarWars,189,1,1,0.8382,1.0285,0.9449
peak_prom50,1417,3342,Hakuna,189,0,1,0.8313,2.1256,0.5144
peak_prom50,1419,0196,Potter,232,0,1,0.7732,1.8814,0.6297
peak_prom50,1419,0603,Potter,232,0,1,1.0186,1.6252,0.7018
peak_prom50,1419,0917,StarWars,232,1,1,1.0660,0.9171,0.9199
peak_prom50,1419,1278,StarWars,232,1,1,0.9505,1.0463,0.8854
peak_prom50,1419,3541,Hakuna,232,0,1,0.7464,1.8616,0.6581
peak_prom50,1419,4111,Hakuna,232,0,1,0.8206,1.6780,0.7396
peak_prom50,1422,0168,Potter,198,0,1,0.1963,1.2280,0.5796
peak_prom50,1422,0461,Potter,198,0,1,0.6972,1.4113,0.4189
peak_prom50,1422,1535,StarWars,198,1,1,0.1265,3.5439,0.0905
peak_prom50,1422,3607,Hakuna,198,0,1,0.2163,3.0019,-0.0480
peak_prom50,1424,0206,Potter,84,0,1,0.7406,4.1066,-0.2602
peak_prom50,1424,1341,StarWars,84,1,1,0.9308,2.1262,0.8358
peak_prom50,1424,1504,StarWars,84,1,1,0.8019,2.7064,0.4822
peak_prom50,1426,0997,StarWars,135,1,1,0.7360,1.9259,0.6322
peak_prom50,1426,1195,StarWars,135,1,1,0.6880,1.9810,0.6737
peak_prom50,1426,3501,Hakuna,135,0,1,0.6700,1.9308,0.4197
peak_prom50,1426,4070,Hakuna,135,0,1,0.8720,2.0515,0.3549
peak_prom50,1427,0484,Potter,162,0,1,0.8293,2.3199,0.6399
peak_prom50,1427,0599,Potter,162,0,1,0.8190,1.9244,0.6716
peak_prom50,1427,1508,StarWars,162,1,1,0.8776,1.2572,0.9317
peak_prom50,1427,1606,StarWars,162,1,1,0.8862,0.5811,0.9793
peak_prom50,1429,0489,Potter,87,0,1,1.0017,1.6126,0.3774
peak_prom50,1429,0684,Potter,87,0,1,0.9310,1.7342,0.3126
peak_prom50,1429,1090,StarWars,87,1,1,0.9224,1.1307,0.7201
peak_prom50,1429,1460,StarWars,87,1,1,0.9534,1.1296,0.7486
peak_prom50,1429,3341,Hakuna,87,0,1,0.9172,1.4768,0.4073
peak_prom50,1429,3728,Hakuna,87,0,1,0.9414,1.4159,0.4511
peak_prom50,1440,0071,Potter,109,0,1,0.9271,2.8042,0.5168
peak_prom50,1440,0388,Potter,109,0,1,1.0049,3.3919,0.3221
peak_prom50,1440,0986,StarWars,109,1,1,1.0178,0.8013,0.9749
peak_prom50,1440,1078,StarWars,109,1,1,1.0373,0.6278,0.9764
peak_prom50,1440,3457,Hakuna,109,0,1,0.8201,3.3381,0.3209
peak_prom50,1440,3837,Hakuna,109,0,1,0.8185,3.2908,0.3364
peak_prom50,1441,0004,Potter,160,0,1,0.7870,2.0700,0.5285
peak_prom50,1441,0517,Potter,160,0,1,0.6829,2.1988,0.4090
peak_prom50,1441,1390,StarWars,160,1,1,0.9398,2.3129,0.2668
peak_prom50,1441,1641,StarWars,160,1,1,1.0081,2.1150,0.4608
peak_prom50,1441,3786,Hakuna,160,0,1,0.8569,1.8507,0.5802
peak_prom50,1441,3994,Hakuna,160,0,1,0.8374,1.8329,0.6725
peak_prom50,1443,0649,Potter,197,0,1,0.6876,3.5823,0.4982
peak_prom50,1443,0688,Potter,197,0,1,0.8953,3.0484,0.6501
peak_prom50,1443,0921,StarWars,197,1,1,0.8656,2.1153,0.6705
peak_prom50,1443,1322,StarWars,197,1,1,0.6003,2.4058,0.7014
peak_prom50,1443,3512,Hakuna,197,0,1,0.7679,3.0357,0.6752
peak_prom50,1443,3851,Hakuna,197,0,1,0.8202,3.1224,0.6264
peak_prom50,1447,0508,Potter,120,0,1,1.2292,2.3669,0.7400
peak_prom50,1447,0559,Potter,120,0,1,1.1409,2.5788,0.7047
peak_prom50,1447,0878,StarWars,120,1,1,1.0323,2.3214,0.7061
peak_prom50,1447,1449,StarWars,120,1,1,0.9796,2.3884,0.6730
peak_prom50,1447,3503,Hakuna,120,0,1,0.6825,3.7158,0.3448
peak_prom50,1447,3549,Hakuna,120,0,1,0.7742,3.7893,0.3205
peak_prom50,1453,0136,Potter,144,0,1,0.7851,2.7653,0.6466
peak_prom50,1453,0330,Potter,144,0,1,0.5802,3.4262,0.2859
peak_prom50,1453,1216,StarWars,144,1,1,0.4785,3.1151,0.6547
peak_prom50,1453,1421,StarWars,144,1,1,0.5960,2.8854,0.6955
peak_prom50,1453,3420,Hakuna,144,0,1,0.5559,3.4682,0.2149
peak_prom50,1453,3673,Hakuna,144,0,1,0.5817,3.3670,0.2794
peak_prom50,1455,0140,Potter,175,0,1,0.3144,3.0570,0.3534
peak_prom50,1455,0758,Potter,175,0,1,0.5000,2.4837,0.2009
peak_prom50,1455,1428,StarWars,175,1,1,0.2710,2.2227,0.3438
peak_prom50,1455,1599,StarWars,175,1,1,0.3443,2.0378,0.4480
peak_prom50,1455,3425,Hakuna,175,0,1,0.1332,1.5460,0.5064
peak_prom50,1458,0076,Potter,30,0,1,0.4740,2.9239,0.5153
peak_prom50,1458,0151,Potter,30,0,1,0.5699,3.1163,0.3164
peak_prom50,1458,1101,StarWars,30,1,1,0.6884,1.5900,0.8579
peak_prom50,1458,1369,StarWars,30,1,1,0.5965,1.9394,0.7181
peak_prom50,1458,3443,Hakuna,30,0,1,0.5939,2.8538,0.5744
peak_prom50,1458,3694,Hakuna,30,0,1,0.5699,2.9441,0.5617
peak_prom50,1466,3474,Hakuna,82,0,1,0.6248,2.9282,0.5034
peak_prom50,1466,3654,Hakuna,82,0,1,0.8102,3.1824,0.1951
peak_prom50,1467,0254,Potter,129,0,1,1.5456,1.5202,0.7912
peak_prom50,1467,0554,Potter,129,0,1,1.5265,1.6320,0.7953
peak_prom50,1467,1014,StarWars,129,1,1,0.9384,0.6216,0.9547
peak_prom50,1467,1167,StarWars,129,1,1,0.8662,0.5092,0.9694
peak_prom50,1467,3576,Hakuna,129,0,1,0.8917,1.4925,0.7654
peak_prom50,1467,3651,Hakuna,129,0,1,0.9002,1.3197,0.8156
peak_prom50,1469,0408,Potter,145,0,1,0.7759,4.6495,0.0325
peak_prom50,1469,0619,Potter,145,0,1,0.8122,3.1736,0.4915
peak_prom50,1469,0956,StarWars,145,1,1,0.9288,1.7842,0.8368
peak_prom50,1469,1199,StarWars,145,1,1,0.8951,1.5129,0.9077
peak_prom50,1469,3712,Hakuna,145,0,1,0.8497,3.3696,0.3818
peak_prom50,1469,3793,Hakuna,145,0,1,0.9016,3.3761,0.3461
peak_prom50,1470,0762,Potter,69,0,1,0.3486,2.0260,0.5843
peak_prom50,1470,0771,Potter,69,0,1,0.7461,1.9809,0.6534
peak_prom50,1470,1323,StarWars,69,1,1,0.4432,2.2117,0.1844
peak_prom50,1470,1496,StarWars,69,1,1,0.4464,1.8447,0.6532
peak_prom50,1470,3410,Hakuna,69,0,1,0.7082,2.8148,0.0003
peak_prom50,1470,3782,Hakuna,69,0,1,0.3612,4.4597,0.2560
peak_prom50,1474,0194,Potter,169,0,1,0.8523,2.4893,0.5508
peak_prom50,1474,0728,Potter,169,0,1,0.5315,2.6479,0.4278
peak_prom50,1474,0848,StarWars,169,1,1,0.7333,2.6180,0.5689
peak_prom50,1474,1533,StarWars,169,1,1,0.6090,2.7239,0.4492
peak_prom50,1474,3399,Hakuna,169,0,1,0.7910,2.6167,0.4862
peak_prom50,1474,3605,Hakuna,169,0,1,0.7297,2.7098,0.3136
peak_prom50,1479,0489,Potter,87,0,1,1.0412,1.5812,0.3138
peak_prom50,1479,0684,Potter,87,0,1,0.9677,1.8547,0.2365
peak_prom50,1479,1090,StarWars,87,1,1,0.9588,1.2528,0.6458
peak_prom50,1479,1460,StarWars,87,1,1,0.9910,1.2658,0.6469
peak_prom50,1479,3341,Hakuna,87,0,1,0.9534,1.5498,0.2808
peak_prom50,1479,3728,Hakuna,87,0,1,0.9785,1.6001,0.3829
peak_prom50,1484,0756,Potter,219,0,1,0.7727,2.5900,0.3246
peak_prom50,1484,0805,Potter,219,0,1,1.0657,2.5615,0.3747
peak_prom50,1484,0988,StarWars,219,1,1,1.0278,2.7633,0.3204
peak_prom50,1484,1255,StarWars,219,1,1,0.9066,2.6958,0.5123
peak_prom50,1484,3355,Hakuna,219,0,1,1.0404,2.7219,0.2953
peak_prom50,1484,3635,Hakuna,219,0,1,1.0909,2.8581,0.1505
peak_prom50,1485,0377,Potter,234,0,1,0.8277,2.8982,0.5943
peak_prom50,1485,0406,Potter,234,0,1,0.9802,2.6981,0.6738
peak_prom50,1485,0906,StarWars,234,1,1,1.0178,1.3763,0.9126
peak_prom50,1485,3484,Hakuna,234,0,1,0.9406,2.3607,0.7249
peak_prom50,1485,3975,Hakuna,234,0,1,0.9842,2.5173,0.7220
peak_prom50,1486,0311,Potter,218,0,1,0.7527,3.3366,0.5429
peak_prom50,1486,0518,Potter,218,0,1,0.5632,2.3694,0.7422
peak_prom50,1486,0994,StarWars,218,1,1,0.7310,2.0827,0.8038
peak_prom50,1486,1220,StarWars,218,1,1,0.6101,2.2104,0.7629
peak_prom50,1486,3475,Hakuna,218,0,1,0.6751,2.9272,0.5653
peak_prom50,1486,3521,Hakuna,218,0,1,0.8357,2.5282,0.7383
peak_prom50,1488,0651,Potter,97,0,1,1.0139,3.1667,0.5408
peak_prom50,1488,0706,Potter,97,0,1,1.0641,2.5879,0.6057
peak_prom50,1488,1313,StarWars,97,1,1,0.8977,2.1661,0.7918
peak_prom50,1488,1418,StarWars,97,1,1,0.9428,1.2318,0.9488
peak_prom50,1488,3631,Hakuna,97,0,1,0.9151,3.1556,0.6059
peak_prom50,1488,3919,Hakuna,97,0,1,0.9272,3.5527,0.4842
peak_prom50,1489,0019,Potter,73,0,1,0.8533,4.1626,0.5643
peak_prom50,1489,0078,Potter,73,0,1,0.7400,3.0825,0.4755
peak_prom50,1489,1154,StarWars,73,1,1,0.6220,3.3057,0.3636
peak_prom50,1489,1359,StarWars,73,1,1,0.7033,3.0447,0.6487
peak_prom50,1489,3857,Hakuna,73,0,1,0.6348,3.3632,0.4709
peak_prom50,1492,0124,Potter,58,0,1,1.0311,1.7645,0.5073
peak_prom50,1492,0467,Potter,58,0,1,1.1607,1.7597,0.5803
peak_prom50,1492,1178,StarWars,58,1,1,1.0721,1.1561,0.8357
peak_prom50,1492,1262,StarWars,58,1,1,1.1148,1.1284,0.8408
peak_prom50,1492,3556,Hakuna,58,0,1,0.8623,1.4357,0.6685
peak_prom50,1492,3668,Hakuna,58,0,1,0.8656,1.4908,0.6024
peak_prom50,1500,0182,Potter,61,0,1,1.1589,2.0025,0.6092
peak_prom50,1500,0336,Potter,61,0,1,1.0027,2.8036,0.3106
peak_prom50,1500,1236,StarWars,61,1,1,0.9342,2.0183,0.6631
peak_prom50,1500,1318,StarWars,61,1,1,1.0959,1.7323,0.7810
peak_prom50,1500,3492,Hakuna,61,0,1,0.9644,1.8661,0.5510
peak_prom50,1500,3524,Hakuna,61,0,1,0.7671,2.6332,0.3775
peak_prom50,1503,0282,Potter,8,0,1,1.1685,1.6246,0.5005
peak_prom50,1503,0802,Potter,8,0,1,0.1410,1.7165,0.4168
peak_prom50,1503,1046,StarWars,8,1,1,0.8663,1.5778,0.5772
peak_prom50,1503,1667,StarWars,8,1,1,0.8498,1.5296,0.6760
peak_prom50,1503,3795,Hakuna,8,0,1,0.8407,1.5687,0.5334
peak_prom50,1503,4144,Hakuna,8,0,1,0.7985,1.6421,0.5046
peak_prom50,1505,0397,Potter,20,0,1,0.7044,2.1853,0.6487
peak_prom50,1505,0513,Potter,20,0,1,0.4738,1.7972,0.7558
peak_prom50,1505,1297,StarWars,20,1,1,0.7484,2.7848,0.2559
peak_prom50,1505,1582,StarWars,20,1,1,0.7170,1.5048,0.8596
peak_prom50,1505,3642,Hakuna,20,0,1,0.8008,2.0798,0.7572
peak_prom50,1505,3992,Hakuna,20,0,1,0.7233,2.0152,0.7596
peak_prom50,1511,0198,Potter,67,0,1,1.2857,2.4704,0.4941
peak_prom50,1511,0369,Potter,67,0,1,1.1167,2.1000,0.6707
peak_prom50,1511,1298,StarWars,67,1,1,1.2452,1.4246,0.7770
peak_prom50,1511,1326,StarWars,67,1,1,1.0786,2.2691,0.6482
peak_prom50,1511,3412,Hakuna,67,0,1,0.8952,1.6705,0.7946
peak_prom50,1511,3447,Hakuna,67,0,1,0.9810,1.6339,0.7762
peak_prom50,1513,3474,Hakuna,82,0,1,0.6485,2.8594,0.4119
peak_prom50,1513,3654,Hakuna,82,0,1,0.8409,3.0789,0.2951
peak_prom50,1514,0155,Potter,76,0,1,0.7112,1.3979,0.6800
peak_prom50,1514,0584,Potter,76,0,1,0.7086,1.1674,0.7671
peak_prom50,1514,1381,StarWars,76,1,1,0.6551,1.6254,0.6189
peak_prom50,1514,1445,StarWars,76,1,1,0.6791,2.0374,0.4022
peak_prom50,1514,3706,Hakuna,76,0,1,0.7005,1.1685,0.7779
peak_prom50,1514,4048,Hakuna,76,0,1,0.7567,1.3005,0.7714
peak_prom50,1515,0236,Potter,170,0,1,0.5371,2.1597,0.0880
peak_prom50,1515,0668,Potter,170,0,1,0.9276,1.8145,0.4139
peak_prom50,1515,1565,StarWars,170,1,1,0.9187,1.8520,0.4963
peak_prom50,1515,3482,Hakuna,170,0,1,0.3322,1.8958,0.4009
peak_prom50,1515,4088,Hakuna,170,0,1,0.2597,2.0583,0.2354
peak_prom50,1517,0732,Potter,150,0,1,0.8000,2.6103,0.4881
peak_prom50,1517,0825,Potter,150,0,1,1.0342,2.9045,0.4498
peak_prom50,1517,0844,StarWars,150,1,1,1.2564,0.7635,0.9689
peak_prom50,1517,1510,StarWars,150,1,1,1.2872,1.1724,0.8245
peak_prom50,1517,3493,Hakuna,150,0,1,1.0376,2.5547,0.5749
peak_prom50,1517,3767,Hakuna,150,0,1,0.8855,2.5473,0.5769
peak_prom50,1520,0158,Potter,98,0,1,0.1725,1.8821,0.2441
peak_prom50,1520,0450,Potter,98,0,1,0.0938,1.7120,0.6283
peak_prom50,1520,1654,StarWars,98,1,1,0.2261,1.4496,0.7392
peak_prom50,1520,3993,Hakuna,98,0,1,0.1156,4.2137,0.1763
peak_prom50,1521,0713,Potter,3,0,1,0.4773,2.6568,0.5632
peak_prom50,1521,0748,Potter,3,0,1,0.4018,2.8687,0.4843
peak_prom50,1521,0974,StarWars,3,1,1,0.3414,2.4371,0.6608
peak_prom50,1524,0613,Potter,137,0,1,0.7651,2.5797,0.6816
peak_prom50,1524,0788,Potter,137,0,1,0.7392,3.4003,0.3046
peak_prom50,1524,1163,StarWars,137,1,1,0.8254,1.9359,0.7317
peak_prom50,1524,1177,StarWars,137,1,1,0.8556,1.6934,0.8505
peak_prom50,1524,3594,Hakuna,137,0,1,1.0474,2.7592,0.6336
peak_prom50,1524,3944,Hakuna,137,0,1,1.0388,2.9060,0.5720
peak_prom50,1531,0808,Potter,171,0,1,1.1976,1.5436,0.6107
peak_prom50,1531,1079,StarWars,171,1,1,1.2235,1.3046,0.7056
peak_prom50,1531,1112,StarWars,171,1,1,1.1035,1.7111,0.5808
peak_prom50,1532,0038,Potter,207,0,1,1.2012,3.2051,0.5215
peak_prom50,1532,0672,Potter,207,0,1,1.2115,3.3100,0.4999
peak_prom50,1532,1206,StarWars,207,1,1,0.8111,1.4745,0.9088
peak_prom50,1532,1265,StarWars,207,1,1,0.8378,1.6522,0.7329
peak_prom50,1532,3446,Hakuna,207,0,1,1.1088,2.7934,0.6511
peak_prom50,1532,3565,Hakuna,207,0,1,1.0903,2.7202,0.6604
peak_prom50,1534,0295,Potter,83,0,1,1.0871,3.4087,0.5048
peak_prom50,1534,0648,Potter,83,0,1,1.2119,3.4109,0.4510
peak_prom50,1534,1165,StarWars,83,1,1,1.1446,2.4014,0.7703
peak_prom50,1534,1491,StarWars,83,1,1,1.2198,1.2099,0.9238
peak_prom50,1534,3452,Hakuna,83,0,1,1.2099,2.9332,0.7212
peak_prom50,1534,4101,Hakuna,83,0,1,1.1149,2.9461,0.6638
peak_prom50,1538,0076,Potter,30,0,1,0.4690,3.0769,0.6086
peak_prom50,1538,0151,Potter,30,0,1,0.5639,3.3472,0.4510
peak_prom50,1538,1101,StarWars,30,1,1,0.6812,2.1067,0.7997
peak_prom50,1538,1369,StarWars,30,1,1,0.5903,2.5443,0.6602
peak_prom50,1538,3443,Hakuna,30,0,1,0.5876,3.1016,0.5302
peak_prom50,1538,3694,Hakuna,30,0,1,0.5639,3.3028,0.4607
peak_prom50,1539,0470,Potter,91,0,1,1.3613,1.6319,0.1467
peak_prom50,1539,0596,Potter,91,0,1,1.4809,1.1455,0.4800
peak_prom50,1539,1006,StarWars,91,1,1,1.4580,1.0175,0.2110
peak_prom50,1539,1366,StarWars,91,1,1,1.5878,1.0063,0.5762
peak_prom50,1539,3411,Hakuna,91,0,1,1.3919,1.4186,0.2241
peak_prom50,1539,3440,Hakuna,91,0,1,1.3104,1.4482,0.2209
peak_prom50,1542,0356,Potter,196,0,1,0.9734,2.4612,0.7420
peak_prom50,1542,0686,Potter,196,0,1,0.9246,2.6738,0.7253
peak_prom50,1542,0907,StarWars,196,1,1,0.8337,1.0463,0.8833
peak_prom50,1542,1611,StarWars,196,1,1,0.7871,1.8666,0.9040
peak_prom50,1542,4056,Hakuna,196,0,1,0.9290,3.6813,0.4627
peak_prom50,1542,4082,Hakuna,196,0,1,0.9956,3.7539,0.4421
peak_prom50,1544,0239,Potter,59,0,1,0.5315,2.6045,0.4676
peak_prom50,1544,0798,Potter,59,0,1,0.4528,3.7355,0.2798
peak_prom50,1544,0923,StarWars,59,1,1,0.2675,4.4801,0.3356
peak_prom50,1544,1246,StarWars,59,1,1,0.4476,3.7846,0.3081
peak_prom50,1544,3956,Hakuna,59,0,1,0.4703,7.1729,0.1366
peak_prom50,1544,4124,Hakuna,59,0,1,0.2098,3.4343,0.0971
peak_prom50,1545,0699,Potter,154,0,1,0.6777,1.5950,0.5867
peak_prom50,1545,0790,Potter,154,0,1,0.7256,1.6478,0.5718
peak_prom50,1545,1008,StarWars,154,1,1,0.4496,1.3809,0.7049
peak_prom50,1545,1152,StarWars,154,1,1,0.6149,1.3686,0.7755
peak_prom50,1545,3375,Hakuna,154,0,1,0.4198,2.4685,0.1441
peak_prom50,1545,3762,Hakuna,154,0,1,0.7157,1.6580,0.5988
peak_prom50,1546,0282,Potter,8,0,1,1.1970,1.5916,0.5127
peak_prom50,1546,0802,Potter,8,0,1,0.1445,1.9953,0.2407
peak_prom50,1546,1046,StarWars,8,1,1,0.8874,1.6536,0.5381
peak_prom50,1546,1667,StarWars,8,1,1,0.8705,1.6108,0.5423
peak_prom50,1546,3795,Hakuna,8,0,1,0.8612,1.5636,0.5226
peak_prom50,1546,4144,Hakuna,8,0,1,0.8180,1.5765,0.5339
peak_prom50,1550,0019,Potter,73,0,1,0.8799,3.7244,0.6452
peak_prom50,1550,0078,Potter,73,0,1,0.7632,3.2788,0.4709
peak_prom50,1550,1154,StarWars,73,1,1,0.6414,3.5282,0.2751
peak_prom50,1550,1359,StarWars,73,1,1,0.7253,3.2074,0.5562
peak_prom50,1550,3857,Hakuna,73,0,1,0.6546,3.4586,0.4811
peak_prom50,1552,0004,Potter,160,0,1,0.7014,1.4074,0.6574
peak_prom50,1552,0517,Potter,160,0,1,0.6087,1.6935,0.4647
peak_prom50,1552,1390,StarWars,160,1,1,0.8377,1.6681,0.5354
peak_prom50,1552,1641,StarWars,160,1,1,0.8986,1.6242,0.6321
peak_prom50,1552,3786,Hakuna,160,0,1,0.7638,1.4548,0.6079
peak_prom50,1552,3994,Hakuna,160,0,1,0.7464,1.4853,0.6628
peak_prom50,1554,0373,Potter,122,0,1,0.9439,2.3892,0.6003
peak_prom50,1554,0547,Potter,122,0,1,0.8494,2.2278,0.5978
peak_prom50,1554,1408,StarWars,122,1,1,0.5929,1.9107,0.7754
peak_prom50,1554,1495,StarWars,122,1,1,0.4519,2.3381,0.6197
peak_prom50,1554,3595,Hakuna,122,0,1,0.5272,2.2865,0.7069
peak_prom50,1554,3655,Hakuna,122,0,1,0.4503,2.4439,0.4902
peak_prom50,1555,0295,Potter,83,0,1,1.0828,3.4295,0.2864
peak_prom50,1555,0648,Potter,83,0,1,1.2071,3.1060,0.4659
peak_prom50,1555,1165,StarWars,83,1,1,1.1400,2.1480,0.7645
peak_prom50,1555,1491,StarWars,83,1,1,1.2150,1.1948,0.8894
peak_prom50,1555,3452,Hakuna,83,0,1,1.2051,3.6513,0.4761
peak_prom50,1555,4101,Hakuna,83,0,1,1.1105,3.3186,0.4478
peak_prom50,1557,0595,Potter,26,0,1,0.7966,1.2768,0.4818
peak_prom50,1557,0768,Potter,26,0,1,0.6547,1.4173,0.1419
peak_prom50,1557,1087,StarWars,26,1,1,0.6271,1.2462,0.4856
peak_prom50,1557,1132,StarWars,26,1,1,0.5466,1.3109,0.2442
peak_prom50,1557,3392,Hakuna,26,0,1,0.3136,1.2511,0.5263
peak_prom50,1557,4137,Hakuna,26,0,1,0.2479,1.2566,0.3277
peak_prom50,1563,0005,Potter,216,0,1,0.6494,2.9792,0.4153
peak_prom50,1563,0036,Potter,216,0,1,0.8942,3.2733,0.2600
peak_prom50,1563,3704,Hakuna,216,0,1,0.4657,3.0243,0.6071
peak_prom50,1563,3876,Hakuna,216,0,1,0.7885,3.4895,0.1597
peak_prom50,1566,0286,Potter,47,0,1,0.7426,2.0500,0.6008
peak_prom50,1566,0443,Potter,47,0,1,0.6653,1.8319,0.6394
peak_prom50,1566,1258,StarWars,47,1,1,0.8356,1.4327,0.8091
peak_prom50,1566,1300,StarWars,47,1,1,0.6020,1.5471,0.7778
peak_prom50,1566,4019,Hakuna,47,0,1,0.8000,1.9575,0.5554
peak_prom50,1566,4044,Hakuna,47,0,1,0.9564,1.8371,0.5802
peak_prom50,1567,0187,Potter,214,0,1,0.5236,2.0836,0.4753
peak_prom50,1567,0702,Potter,214,0,1,0.5787,2.1907,0.4593
peak_prom50,1567,1540,StarWars,214,1,1,0.5656,2.1112,0.5848
peak_prom50,1567,1618,StarWars,214,1,1,0.5906,1.3120,0.7869
peak_prom50,1567,3941,Hakuna,214,0,1,0.6903,2.2795,0.2442
peak_prom50,1567,4078,Hakuna,214,0,1,0.6247,2.1831,0.3634
peak_prom50,1568,0553,Potter,0,0,1,0.9039,2.0451,0.7209
peak_prom50,1568,0590,Potter,0,0,1,0.9005,1.9893,0.6929
peak_prom50,1568,0915,StarWars,0,1,1,0.4857,1.9549,0.6407
peak_prom50,1568,1140,StarWars,0,1,1,0.4199,2.6327,0.8355
peak_prom50,1568,3690,Hakuna,0,0,1,0.5970,2.5559,0.5566
peak_prom50,1568,4031,Hakuna,0,0,1,0.6728,2.1300,0.5812
peak_prom50,1571,0708,Potter,9,0,1,0.4924,2.0057,0.5222
peak_prom50,1571,0757,Potter,9,0,1,0.6420,2.3086,0.3363
peak_prom50,1571,1280,StarWars,9,1,1,0.2857,2.0013,0.5331
peak_prom50,1571,1463,StarWars,9,1,1,0.3395,1.8570,0.6051
peak_prom50,1571,3431,Hakuna,9,0,1,0.1866,1.8042,0.5796
peak_prom50,1571,3525,Hakuna,9,0,1,0.1782,1.9219,0.6133
peak_prom50,1573,0386,Potter,184,0,1,0.8070,2.6720,0.5058
peak_prom50,1573,0729,Potter,184,0,1,0.9118,2.3574,0.7180
peak_prom50,1573,0887,StarWars,184,1,1,0.5740,1.6562,0.8716
peak_prom50,1573,3612,Hakuna,184,0,1,0.7038,2.8500,0.3905
peak_prom50,1573,3844,Hakuna,184,0,1,0.7754,2.8390,0.3982
peak_prom50,1576,1030,StarWars,212,1,1,0.4818,2.1726,0.6441
peak_prom50,1576,1646,StarWars,212,1,1,0.8423,2.1396,0.5722
peak_prom50,1576,3761,Hakuna,212,0,1,0.6222,2.1318,0.5193
peak_prom50,1576,3907,Hakuna,212,0,1,0.5823,2.2873,0.4554
peak_prom50,1580,0557,Potter,195,0,1,0.9683,1.8477,0.6155
peak_prom50,1580,3854,Hakuna,195,0,1,0.8937,1.7762,0.6968
peak_prom50,1580,4036,Hakuna,195,0,1,0.9140,1.8177,0.5927
peak_prom50,1583,0319,Potter,54,0,1,0.7421,3.2789,0.5563
peak_prom50,1583,0573,Potter,54,0,1,0.8081,3.0441,0.6262
peak_prom50,1583,0885,StarWars,54,1,1,0.8983,0.9178,0.8847
peak_prom50,1583,1561,StarWars,54,1,1,0.7929,1.7090,0.9279
peak_prom50,1583,3395,Hakuna,54,0,1,0.7281,2.6585,0.6465
peak_prom50,1583,3880,Hakuna,54,0,1,0.7052,2.7468,0.6686
peak_prom50,1584,0057,Potter,60,0,1,0.8259,1.9716,0.6151
peak_prom50,1584,0348,Potter,60,0,1,0.7993,2.0509,0.7023
peak_prom50,1587,0370,Potter,153,0,1,0.9016,1.3037,0.5040
peak_prom50,1587,0710,Potter,153,0,1,0.9825,1.3245,0.5602
peak_prom50,1587,0882,StarWars,153,1,1,1.0333,0.7887,0.8449
peak_prom50,1587,1138,StarWars,153,1,1,0.9079,1.1168,0.4050
peak_prom50,1587,3534,Hakuna,153,0,1,1.1079,1.0856,0.7048
peak_prom50,1587,3689,Hakuna,153,0,1,1.0365,1.1387,0.5902
peak_prom50,1591,0713,Potter,3,0,1,0.4426,3.2831,0.6417
peak_prom50,1591,0748,Potter,3,0,1,0.3725,3.5039,0.5918
peak_prom50,1591,0974,StarWars,3,1,1,0.3165,3.0810,0.7354
peak_prom50,1593,0075,Potter,55,0,1,0.6168,1.5246,0.6988
peak_prom50,1593,0785,Potter,55,0,1,0.5347,1.8584,0.5309
peak_prom50,1593,1160,StarWars,55,1,1,0.7245,1.3323,0.7176
peak_prom50,1593,1648,StarWars,55,1,1,1.1095,1.2552,0.7726
peak_prom50,1593,3887,Hakuna,55,0,1,1.0657,1.5888,0.5869
peak_prom50,1593,4060,Hakuna,55,0,1,1.0328,1.6759,0.4712
peak_prom50,1602,0372,Potter,128,0,1,0.4860,1.7811,0.6873
peak_prom50,1602,0440,Potter,128,0,1,0.4093,2.3883,0.4353
peak_prom50,1602,1334,StarWars,128,1,1,0.5977,1.7002,0.7956
peak_prom50,1602,1570,StarWars,128,1,1,0.5000,1.9870,0.6069
peak_prom50,1602,3882,Hakuna,128,0,1,0.5860,2.6600,0.4122
peak_prom50,1602,4119,Hakuna,128,0,1,0.5930,2.2841,0.5596
peak_prom50,1608,0437,Potter,40,0,1,0.8066,3.3969,0.5169
peak_prom50,1608,0502,Potter,40,0,1,0.5590,4.4803,0.3061
peak_prom50,1608,0892,StarWars,40,1,1,0.5977,2.8768,0.6242
peak_prom50,1608,1600,StarWars,40,1,1,0.8085,1.7110,0.7716
peak_prom50,1608,3966,Hakuna,40,0,1,0.7660,3.0742,0.6393
peak_prom50,1608,4094,Hakuna,40,0,1,0.6364,3.1630,0.5840
peak_prom50,1615,0246,Potter,190,0,1,0.7807,1.7023,0.6848
peak_prom50,1615,0410,Potter,190,0,1,0.7825,1.6875,0.6723
peak_prom50,1615,1077,StarWars,190,1,1,0.7754,1.5142,0.7167
peak_prom50,1615,1085,StarWars,190,1,1,0.7077,1.5612,0.7164
peak_prom50,1615,3625,Hakuna,190,0,1,0.7629,1.8049,0.6899
peak_prom50,1615,3898,Hakuna,190,0,1,0.8895,1.7569,0.6326
peak_prom50,1616,0582,Potter,57,0,1,0.6927,0.7330,0.6394
peak_prom50,1616,0801,Potter,57,0,1,0.7309,0.6595,0.7450
peak_prom50,1616,0985,StarWars,57,1,1,0.7043,0.8537,0.2915
peak_prom50,1616,1249,StarWars,57,1,1,0.6213,0.9948,0.3875
peak_prom50,1616,3745,Hakuna,57,0,1,1.2159,0.8493,0.4031
peak_prom50,1616,3802,Hakuna,57,0,1,1.2425,0.7174,0.5254
peak_prom50,1617,0158,Potter,98,0,1,0.1804,3.0895,0.6227
peak_prom50,1617,0450,Potter,98,0,1,0.0981,3.2480,0.2577
peak_prom50,1617,1654,StarWars,98,1,1,0.2364,3.0542,0.5551
peak_prom50,1617,3993,Hakuna,98,0,1,0.1208,5.1498,0.1170
peak_prom50,1623,0350,Potter,72,0,1,0.7322,2.4716,0.6126
peak_prom50,1623,0506,Potter,72,0,1,0.8035,2.3530,0.6117
peak_prom50,1623,1215,StarWars,72,1,1,0.6973,1.3078,0.8226
peak_prom50,1623,1478,StarWars,72,1,1,0.9255,3.5580,0.2714
peak_prom50,1623,3666,Hakuna,72,0,1,0.6989,2.5470,0.5386
peak_prom50,1623,4069,Hakuna,72,0,1,0.6561,2.3605,0.5436
peak_prom50,1625,0057,Potter,60,0,1,0.8328,1.7640,0.5592
peak_prom50,1625,0348,Potter,60,0,1,0.8060,1.6964,0.6898
peak_prom50,1627,0732,Potter,150,0,1,0.8125,2.7773,0.4940
peak_prom50,1627,0825,Potter,150,0,1,1.0503,2.8918,0.5086
peak_prom50,1627,0844,StarWars,150,1,1,1.2760,0.7509,0.9637
peak_prom50,1627,1510,StarWars,150,1,1,1.3073,1.5503,0.7392
peak_prom50,1627,3493,Hakuna,150,0,1,1.0538,3.0505,0.4448
peak_prom50,1627,3767,Hakuna,150,0,1,0.8993,2.9201,0.5111
peak_prom50,1628,0055,Potter,200,0,1,0.6750,2.7888,0.7215
peak_prom50,1628,0417,Potter,200,0,1,0.5969,2.4233,0.7349
peak_prom50,1628,1015,StarWars,200,1,1,0.6876,2.6600,0.7209
peak_prom50,1628,1626,StarWars,200,1,1,0.6109,2.9195,0.6235
peak_prom50,1628,3586,Hakuna,200,0,1,0.5300,3.3077,0.4317
peak_prom50,1628,3862,Hakuna,200,0,1,0.5788,3.0447,0.5675
peak_prom50,1630,3846,Hakuna,16,0,1,0.5386,2.8032,0.3089
peak_prom50,1630,4150,Hakuna,16,0,1,0.5193,2.5682,0.5689
peak_prom50,1634,0713,Potter,3,0,1,0.4573,2.7569,0.6061
peak_prom50,1634,0748,Potter,3,0,1,0.3849,3.0491,0.4917
peak_prom50,1634,0974,StarWars,3,1,1,0.3271,2.5528,0.6409
peak_prom50,1635,0425,Potter,5,0,1,0.8318,2.1957,0.6249
peak_prom50,1635,0528,Potter,5,0,1,0.8555,2.8857,0.3435
peak_prom50,1635,0854,StarWars,5,1,1,0.8226,0.9238,0.9326
peak_prom50,1635,1444,StarWars,5,1,1,0.8515,1.4985,0.8708
peak_prom50,1635,3606,Hakuna,5,0,1,0.7030,2.1389,0.7109
peak_prom50,1635,3860,Hakuna,5,0,1,0.7451,2.4135,0.6234
peak_prom50,1643,0087,Potter,43,0,1,0.4393,1.9251,0.6237
peak_prom50,1643,0212,Potter,43,0,1,0.5385,1.7383,0.6960
peak_prom50,1643,1314,StarWars,43,1,1,0.7632,0.8970,0.9451
peak_prom50,1643,1490,StarWars,43,1,1,0.7004,1.0714,0.9101
peak_prom50,1643,3478,Hakuna,43,0,1,0.7328,2.6462,0.5441
peak_prom50,1643,3825,Hakuna,43,0,1,0.5931,2.8140,0.4467
peak_prom50,1645,0356,Potter,196,0,1,0.9301,2.3067,0.7410
peak_prom50,1645,0686,Potter,196,0,1,0.8835,2.6476,0.6561
peak_prom50,1645,0907,StarWars,196,1,1,0.7966,1.6517,0.8807
peak_prom50,1645,1611,StarWars,196,1,1,0.7521,1.2531,0.8671
peak_prom50,1645,4056,Hakuna,196,0,1,0.8877,2.9610,0.5671
peak_prom50,1645,4082,Hakuna,196,0,1,0.9513,3.0234,0.5314
peak_prom50,1647,0229,Potter,230,0,1,0.7618,3.0279,0.6314
peak_prom50,1647,0245,Potter,230,0,1,0.7568,2.9831,0.6044
peak_prom50,1647,1010,StarWars,230,1,1,0.6625,1.2534,0.9383
peak_prom50,1647,1048,StarWars,230,1,1,0.8325,2.4561,0.9427
peak_prom50,1647,3670,Hakuna,230,0,1,0.6315,3.3019,0.5793
peak_prom50,1647,3702,Hakuna,230,0,1,0.6712,3.3541,0.5311
peak_prom50,1650,0189,Potter,203,0,1,0.7460,2.0840,0.4508
peak_prom50,1650,0302,Potter,203,0,1,0.6109,1.9722,0.4376
peak_prom50,1650,0934,StarWars,203,1,1,0.5289,2.1034,0.4157
peak_prom50,1650,1603,StarWars,203,1,1,0.2154,2.0399,0.5443
peak_prom50,1650,3497,Hakuna,203,0,1,1.0370,1.8648,0.5550
peak_prom50,1650,3926,Hakuna,203,0,1,0.7990,1.6350,0.7597
peak_prom50,1663,0365,Potter,80,0,1,0.1793,2.4297,-0.3401
peak_prom50,1663,0514,Potter,80,0,1,0.0819,2.5601,-0.2848
peak_tonal_db6,0838,0370,Potter,153,0,1,0.8503,1.5957,0.5363
peak_tonal_db6,0838,0710,Potter,153,0,1,0.8898,1.7108,0.4967
peak_tonal_db6,0838,0882,StarWars,153,1,1,0.9260,1.1000,0.8427
peak_tonal_db6,0838,1138,StarWars,153,1,1,0.7944,1.4208,0.6227
peak_tonal_db6,0838,3534,Hakuna,153,0,1,0.9688,1.4474,0.6188
peak_tonal_db6,0838,3689,Hakuna,153,0,1,0.8750,1.4578,0.6443
peak_tonal_db6,0840,0131,Potter,53,0,1,1.6099,2.4963,0.5940
peak_tonal_db6,0840,0689,Potter,53,0,1,1.5628,2.5053,0.5727
peak_tonal_db6,0840,1269,StarWars,53,1,1,1.1278,1.3901,0.8245
peak_tonal_db6,0840,1596,StarWars,53,1,1,1.1368,1.3088,0.8319
peak_tonal_db6,0840,3585,Hakuna,53,0,1,1.0157,3.5188,0.1129
peak_tonal_db6,0840,3856,Hakuna,53,0,1,0.9305,3.4588,0.1228
peak_tonal_db6,0845,0616,Potter,71,0,1,0.7613,3.8341,-0.3388
peak_tonal_db6,0845,0753,Potter,71,0,1,0.8166,3.2948,0.2004
peak_tonal_db6,0845,1170,StarWars,71,1,1,0.3065,2.3849,-0.2464
peak_tonal_db6,0845,1327,StarWars,71,1,1,0.2739,2.2341,-0.0418
peak_tonal_db6,0845,3542,Hakuna,71,0,1,0.4045,2.3738,0.1436
peak_tonal_db6,0845,3755,Hakuna,71,0,1,0.4146,2.1972,0.3644
peak_tonal_db6,0849,0060,Potter,222,0,1,1.0494,1.5750,0.7025
peak_tonal_db6,0849,0107,Potter,222,0,1,1.1910,1.4386,0.7636
peak_tonal_db6,0849,0959,StarWars,222,1,1,0.9596,0.7576,0.9273
peak_tonal_db6,0849,1276,StarWars,222,1,1,0.9281,1.4431,0.7143
peak_tonal_db6,0849,4064,Hakuna,222,0,1,1.0854,1.3496,0.7411
peak_tonal_db6,0849,4085,Hakuna,222,0,1,1.0719,2.0239,0.6083
peak_tonal_db6,0855,0202,Potter,164,0,1,0.9890,2.4243,0.5451
peak_tonal_db6,0855,0293,Potter,164,0,1,0.9725,2.1956,0.6419
peak_tonal_db6,0855,1315,StarWars,164,1,1,1.0514,1.6840,0.7911
peak_tonal_db6,0855,1482,StarWars,164,1,1,0.9725,1.9316,0.6698
peak_tonal_db6,0855,3746,Hakuna,164,0,1,0.8312,2.3115,0.4775
peak_tonal_db6,0855,3954,Hakuna,164,0,1,0.8294,2.4056,0.4584
peak_tonal_db6,0856,0673,Potter,89,0,1,0.7004,1.6824,0.6887
peak_tonal_db6,0856,3769,Hakuna,89,0,1,1.1336,1.7660,0.6299
peak_tonal_db6,0856,4107,Hakuna,89,0,1,0.9332,1.9500,0.5176
peak_tonal_db6,0857,0651,Potter,97,0,1,1.0867,3.1065,0.5748
peak_tonal_db6,0857,0706,Potter,97,0,1,1.0333,2.7297,0.6087
peak_tonal_db6,0857,1313,StarWars,97,1,1,0.9450,1.7615,0.9002
peak_tonal_db6,0857,1418,StarWars,97,1,1,0.9267,1.3344,0.9400
peak_tonal_db6,0857,3631,Hakuna,97,0,1,0.9050,3.2031,0.6809
peak_tonal_db6,0857,3919,Hakuna,97,0,1,0.9667,3.5452,0.5922
peak_tonal_db6,0858,0123,Potter,29,0,1,0.7138,1.8539,0.6490
peak_tonal_db6,0858,0631,Potter,29,0,1,0.7379,1.2636,0.7694
peak_tonal_db6,0858,1142,StarWars,29,1,1,0.7955,1.2439,0.8551
peak_tonal_db6,0858,1493,StarWars,29,1,1,0.9257,1.0769,0.8677
peak_tonal_db6,0858,3893,Hakuna,29,0,1,0.7305,1.6911,0.6228
peak_tonal_db6,0858,4086,Hakuna,29,0,1,0.6822,1.5674,0.6698
peak_tonal_db6,0859,0673,Potter,89,0,1,0.6325,1.4797,0.6990
peak_tonal_db6,0859,3769,Hakuna,89,0,1,1.0238,1.6397,0.6469
peak_tonal_db6,0859,4107,Hakuna,89,0,1,0.8428,1.6740,0.6084
peak_tonal_db6,0863,0350,Potter,72,0,1,0.8807,2.6115,0.6161
peak_tonal_db6,0863,0506,Potter,72,0,1,0.8550,2.4772,0.5751
peak_tonal_db6,0863,1215,StarWars,72,1,1,0.8385,1.2900,0.8439
peak_tonal_db6,0863,1478,StarWars,72,1,1,1.0202,3.3241,0.2816
peak_tonal_db6,0863,3666,Hakuna,72,0,1,0.7450,2.2133,0.5986
peak_tonal_db6,0863,4069,Hakuna,72,0,1,0.6844,2.0947,0.6553
peak_tonal_db6,0864,0196,Potter,232,0,1,0.9669,2.2391,0.7027
peak_tonal_db6,0864,0603,Potter,232,0,1,1.1095,2.0860,0.7135
peak_tonal_db6,0864,0917,StarWars,232,1,1,1.2149,0.9498,0.9528
peak_tonal_db6,0864,1278,StarWars,232,1,1,1.0620,1.3000,0.9169
peak_tonal_db6,0864,3541,Hakuna,232,0,1,1.0124,2.2878,0.6308
peak_tonal_db6,0864,4111,Hakuna,232,0,1,1.0475,2.2272,0.6265
peak_tonal_db6,0871,0055,Potter,200,0,1,0.8326,2.6234,0.7122
peak_tonal_db6,0871,0417,Potter,200,0,1,0.7903,2.2511,0.7246
peak_tonal_db6,0871,1015,StarWars,200,1,1,0.8513,2.2006,0.8135
peak_tonal_db6,0871,1626,StarWars,200,1,1,0.8013,2.8315,0.6541
peak_tonal_db6,0871,3586,Hakuna,200,0,1,0.6322,3.3277,0.4357
peak_tonal_db6,0871,3862,Hakuna,200,0,1,0.6917,3.1119,0.5355
peak_tonal_db6,0873,0427,Potter,174,0,1,0.8448,2.6655,0.5350
peak_tonal_db6,0873,0577,Potter,174,0,1,0.9224,3.7186,-0.1934
peak_tonal_db6,0873,1403,StarWars,174,1,1,0.7491,1.8576,0.8546
peak_tonal_db6,0873,1502,StarWars,174,1,1,0.9838,1.5695,0.8843
peak_tonal_db6,0873,3424,Hakuna,174,0,1,0.7816,2.1056,0.7111
peak_tonal_db6,0873,4122,Hakuna,174,0,1,0.6155,2.9287,0.4099
peak_tonal_db6,0876,0168,Potter,198,0,1,0.2580,1.2468,0.4322
peak_tonal_db6,0876,0461,Potter,198,0,1,0.8263,1.1904,0.5103
peak_tonal_db6,0876,1354,StarWars,198,1,1,0.1636,1.4509,0.3666
peak_tonal_db6,0876,1535,StarWars,198,1,1,0.2293,1.2200,0.4338
peak_tonal_db6,0876,3607,Hakuna,198,0,1,0.5363,1.2112,0.4668
peak_tonal_db6,0876,4013,Hakuna,198,0,1,0.3322,1.0904,0.5412
peak_tonal_db6,0879,0189,Potter,203,0,1,0.9401,1.4318,0.2480
peak_tonal_db6,0879,0302,Potter,203,0,1,0.8219,1.3909,0.4110
peak_tonal_db6,0879,0934,StarWars,203,1,1,0.6617,1.2695,0.5017
peak_tonal_db6,0879,1603,StarWars,203,1,1,0.4012,1.3372,0.2544
peak_tonal_db6,0879,3497,Hakuna,203,0,1,1.4192,1.3939,0.4074
peak_tonal_db6,0879,3926,Hakuna,203,0,1,1.4237,1.1780,0.4383
peak_tonal_db6,0884,0111,Potter,100,0,1,0.8165,2.0646,0.4661
peak_tonal_db6,0884,0407,Potter,100,0,1,0.6244,2.2368,0.3067
peak_tonal_db6,0884,1040,StarWars,100,1,1,0.8337,2.0319,0.5653
peak_tonal_db6,0884,1344,StarWars,100,1,1,0.4692,1.9579,0.6166
peak_tonal_db6,0884,3448,Hakuna,100,0,1,0.5690,2.2295,0.1880
peak_tonal_db6,0884,4068,Hakuna,100,0,1,0.6429,2.1857,0.4294
peak_tonal_db6,0894,0504,Potter,90,0,1,0.8385,2.8666,0.3655
peak_tonal_db6,0894,0597,Potter,90,0,1,0.8955,2.3861,0.5654
peak_tonal_db6,0894,0886,StarWars,90,1,1,0.9498,1.8729,0.8770
peak_tonal_db6,0894,1075,StarWars,90,1,1,1.0149,1.9295,0.8674
peak_tonal_db6,0894,3378,Hakuna,90,0,1,0.7137,2.6984,0.4879
peak_tonal_db6,0894,3455,Hakuna,90,0,1,0.9159,3.0899,0.2725
peak_tonal_db6,0903,0072,Potter,15,0,1,1.0333,1.7387,0.7775
peak_tonal_db6,0903,0465,Potter,15,0,1,1.0298,1.9974,0.7345
peak_tonal_db6,0903,0877,StarWars,15,1,1,1.0456,1.4865,0.9076
peak_tonal_db6,0903,1633,StarWars,15,1,1,1.0123,1.7855,0.8219
peak_tonal_db6,0903,3996,Hakuna,15,0,1,0.9053,2.6601,0.4935
peak_tonal_db6,0903,4096,Hakuna,15,0,1,0.9702,2.5512,0.5148
peak_tonal_db6,0908,3474,Hakuna,82,0,1,0.8169,2.7913,0.4651
peak_tonal_db6,0908,3654,Hakuna,82,0,1,0.8769,2.8684,0.2505
peak_tonal_db6,0911,0542,Potter,44,0,1,0.9553,2.8514,0.6441
peak_tonal_db6,0911,0739,Potter,44,0,1,1.0238,2.6075,0.6702
peak_tonal_db6,0911,0964,StarWars,44,1,1,1.0164,0.9954,0.9604
peak_tonal_db6,0911,1026,StarWars,44,1,1,0.9776,0.6060,0.9736
peak_tonal_db6,0911,3485,Hakuna,44,0,1,0.9225,2.7217,0.6374
peak_tonal_db6,0911,3781,Hakuna,44,0,1,0.8554,2.5677,0.6240
peak_tonal_db6,0913,0123,Potter,29,0,1,0.6725,1.7463,0.6042
peak_tonal_db6,0913,0631,Potter,29,0,1,0.6953,1.1445,0.7583
peak_tonal_db6,0913,1142,StarWars,29,1,1,0.7496,1.1444,0.8483
peak_tonal_db6,0913,1493,StarWars,29,1,1,0.8722,1.0808,0.8507
peak_tonal_db6,0913,3893,Hakuna,29,0,1,0.6883,1.6486,0.5840
peak_tonal_db6,0913,4086,Hakuna,29,0,1,0.6427,1.4483,0.6472
peak_tonal_db6,0914,3332,Hakuna,6,0,1,0.9755,2.7061,0.5620
peak_tonal_db6,0926,0582,Potter,57,0,1,0.6964,0.6686,0.6557
peak_tonal_db6,0926,0801,Potter,57,0,1,0.7188,0.7171,0.6229
peak_tonal_db6,0926,0985,StarWars,57,1,1,0.7307,0.6439,0.6106
peak_tonal_db6,0926,1249,StarWars,57,1,1,0.6815,0.7294,0.5820
peak_tonal_db6,0926,3745,Hakuna,57,0,1,1.1071,0.7290,0.3974
peak_tonal_db6,0926,3802,Hakuna,57,0,1,1.1042,0.7254,0.5160
peak_tonal_db6,0930,0071,Potter,109,0,1,1.0293,2.3427,0.7016
peak_tonal_db6,0930,0388,Potter,109,0,1,1.1044,2.6171,0.6360
peak_tonal_db6,0930,0986,StarWars,109,1,1,0.9963,0.9286,0.9651
peak_tonal_db6,0930,1078,StarWars,109,1,1,1.0641,1.0238,0.9580
peak_tonal_db6,0930,3457,Hakuna,109,0,1,0.8187,3.0387,0.5454
peak_tonal_db6,0930,3837,Hakuna,109,0,1,0.7564,3.1334,0.5138
peak_tonal_db6,0932,0326,Potter,23,0,1,0.9757,1.8860,0.4594
peak_tonal_db6,0932,0682,Potter,23,0,1,0.7364,2.1740,0.2477
peak_tonal_db6,0932,1335,StarWars,23,1,1,0.8673,1.3483,0.6210
peak_tonal_db6,0932,1448,StarWars,23,1,1,0.7925,1.5003,0.5589
peak_tonal_db6,0936,0271,Potter,121,0,1,0.9757,2.4616,0.4181
peak_tonal_db6,0936,0416,Potter,121,0,1,0.7947,2.4063,0.3951
peak_tonal_db6,0936,0852,StarWars,121,1,1,0.9868,1.1125,0.9274
peak_tonal_db6,0936,1525,StarWars,121,1,1,0.9426,1.4705,0.8010
peak_tonal_db6,0936,3647,Hakuna,121,0,1,0.9227,2.1232,0.5598
peak_tonal_db6,0936,4058,Hakuna,121,0,1,0.9426,2.0771,0.5681
peak_tonal_db6,0939,0361,Potter,46,0,1,1.0405,3.2371,0.6025
peak_tonal_db6,0939,0632,Potter,46,0,1,0.9713,3.8297,0.4984
peak_tonal_db6,0939,0841,StarWars,46,1,1,0.8902,1.2896,0.9612
peak_tonal_db6,0939,1237,StarWars,46,1,1,0.9595,1.5039,0.9494
peak_tonal_db6,0939,3661,Hakuna,46,0,1,0.8193,3.0710,0.5927
peak_tonal_db6,0939,4156,Hakuna,46,0,1,0.8480,3.1190,0.5891
peak_tonal_db6,0943,0438,Potter,192,0,1,0.8037,1.9385,0.3638
peak_tonal_db6,0943,0783,Potter,192,0,1,0.8291,1.9088,0.4266
peak_tonal_db6,0943,0909,StarWars,192,1,1,0.9019,1.5264,0.6738
peak_tonal_db6,0943,1642,StarWars,192,1,1,0.8951,1.2786,0.6998
peak_tonal_db6,0943,3741,Hakuna,192,0,1,0.8393,1.6744,0.6185
peak_tonal_db6,0943,4148,Hakuna,192,0,1,0.8765,1.9745,0.3121
peak_tonal_db6,0945,0140,Potter,175,0,1,0.6983,2.7063,0.5021
peak_tonal_db6,0945,0758,Potter,175,0,1,0.8351,2.3947,0.3907
peak_tonal_db6,0945,1428,StarWars,175,1,1,0.7309,2.8758,0.4441
peak_tonal_db6,0945,1599,StarWars,175,1,1,0.7698,2.7657,0.2469
peak_tonal_db6,0948,0352,Potter,220,0,1,0.9082,1.8854,0.3347
peak_tonal_db6,0948,0755,Potter,220,0,1,0.9733,1.7093,0.5178
peak_tonal_db6,0948,1052,StarWars,220,1,1,0.5392,1.9420,0.0989
peak_tonal_db6,0948,1207,StarWars,220,1,1,0.8831,1.6349,0.5288
peak_tonal_db6,0948,3568,Hakuna,220,0,1,0.6711,1.6651,0.5062
peak_tonal_db6,0948,3759,Hakuna,220,0,1,0.3589,1.7829,0.4288
peak_tonal_db6,0951,0194,Potter,169,0,1,0.6497,2.2005,0.5927
peak_tonal_db6,0951,0728,Potter,169,0,1,0.6852,2.0427,0.6409
peak_tonal_db6,0951,0848,StarWars,169,1,1,0.7145,2.3584,0.5791
peak_tonal_db6,0951,1533,StarWars,169,1,1,0.6759,2.4077,0.4890
peak_tonal_db6,0951,3399,Hakuna,169,0,1,0.7176,2.4770,0.3340
peak_tonal_db6,0951,3605,Hakuna,169,0,1,0.6512,2.3939,0.5557
peak_tonal_db6,0963,0041,Potter,151,0,1,0.7778,1.9538,0.6320
peak_tonal_db6,0963,0778,Potter,151,0,1,0.7293,1.9724,0.6171
peak_tonal_db6,0963,1060,StarWars,151,1,1,0.9844,1.4139,0.7092
peak_tonal_db6,0963,1252,StarWars,151,1,1,0.9499,1.2740,0.8580
peak_tonal_db6,0963,3523,Hakuna,151,0,1,0.6698,1.7569,0.6907
peak_tonal_db6,0963,3573,Hakuna,151,0,1,0.6776,1.8202,0.6694
peak_tonal_db6,0969,0623,Potter,10,0,1,0.8879,1.9022,0.6285
peak_tonal_db6,0969,0830,Potter,10,0,1,0.8156,2.0070,0.5253
peak_tonal_db6,0969,1176,StarWars,10,1,1,0.8915,1.6536,0.9164
peak_tonal_db6,0969,1321,StarWars,10,1,1,0.8481,1.8129,0.8551
peak_tonal_db6,0969,3717,Hakuna,10,0,1,0.8264,2.2954,0.5360
peak_tonal_db6,0969,3891,Hakuna,10,0,1,0.6600,2.1469,0.6807
peak_tonal_db6,0970,0787,Potter,136,0,1,1.0416,3.1571,0.3219
peak_tonal_db6,0970,0837,Potter,136,0,1,1.0381,3.1207,0.4064
peak_tonal_db6,0970,1004,StarWars,136,1,1,0.9549,2.9721,0.5272
peak_tonal_db6,0970,1042,StarWars,136,1,1,1.1282,2.7943,0.6955
peak_tonal_db6,0970,3526,Hakuna,136,0,1,1.1196,3.0065,0.5373
peak_tonal_db6,0970,3943,Hakuna,136,0,1,1.1196,3.0065,0.5373
peak_tonal_db6,0971,0229,Potter,230,0,1,0.8068,3.2882,0.5974
peak_tonal_db6,0971,0245,Potter,230,0,1,0.6634,3.2189,0.6096
peak_tonal_db6,0971,1010,StarWars,230,1,1,0.7485,2.2218,0.8881
peak_tonal_db6,0971,1048,StarWars,230,1,1,0.7898,2.9577,0.8922
peak_tonal_db6,0971,3670,Hakuna,230,0,1,0.6245,3.2972,0.5771
peak_tonal_db6,0971,3702,Hakuna,230,0,1,0.6173,3.3129,0.5629
peak_tonal_db6,0977,0044,Potter,217,0,1,0.9410,2.6758,0.5517
peak_tonal_db6,0977,0101,Potter,217,0,1,0.9551,2.6977,0.5745
peak_tonal_db6,0977,1131,StarWars,217,1,1,0.9480,0.9046,0.9585
peak_tonal_db6,0977,1509,StarWars,217,1,1,1.0520,0.7833,0.9673
peak_tonal_db6,0977,3701,Hakuna,217,0,1,0.8230,3.4191,0.2711
peak_tonal_db6,0977,4103,Hakuna,217,0,1,0.7963,2.8227,0.4647
peak_tonal_db6,0979,0623,Potter,10,0,1,0.8224,1.9772,0.6122
peak_tonal_db6,0979,0830,Potter,10,0,1,0.7554,2.1076,0.4081
peak_tonal_db6,0979,1176,StarWars,10,1,1,0.8258,1.5215,0.9265
peak_tonal_db6,0979,1321,StarWars,10,1,1,0.7856,1.7305,0.8468
peak_tonal_db6,0979,3717,Hakuna,10,0,1,0.7655,2.2043,0.5223
peak_tonal_db6,0979,3891,Hakuna,10,0,1,0.6114,2.1313,0.6197
peak_tonal_db6,0980,0319,Potter,54,0,1,0.9103,2.8901,0.6466
peak_tonal_db6,0980,0573,Potter,54,0,1,0.9237,2.7581,0.6717
peak_tonal_db6,0980,0885,StarWars,54,1,1,0.9224,0.7289,0.9813
peak_tonal_db6,0980,1561,StarWars,54,1,1,0.7858,1.7357,0.9048
peak_tonal_db6,0980,3395,Hakuna,54,0,1,0.8179,2.6022,0.6460
peak_tonal_db6,0980,3880,Hakuna,54,0,1,0.7684,2.5873,0.6714
peak_tonal_db6,0984,0438,Potter,192,0,1,0.9369,1.2904,0.7062
peak_tonal_db6,0984,0783,Potter,192,0,1,0.9665,1.3583,0.6693
peak_tonal_db6,0984,0909,StarWars,192,1,1,1.0513,1.3276,0.7193
peak_tonal_db6,0984,1642,StarWars,192,1,1,1.0434,1.0717,0.7948
peak_tonal_db6,0984,3741,Hakuna,192,0,1,0.9783,1.9007,0.2443
peak_tonal_db6,0984,4148,Hakuna,192,0,1,1.0217,1.6338,0.3774
peak_tonal_db6,0987,0286,Potter,47,0,1,0.6726,2.4311,0.4106
peak_tonal_db6,0987,0443,Potter,47,0,1,0.5680,2.0946,0.4851
peak_tonal_db6,0987,1258,StarWars,47,1,1,0.7850,1.7101,0.8282
peak_tonal_db6,0987,1300,StarWars,47,1,1,0.5602,1.6315,0.8210
peak_tonal_db6,0987,4019,Hakuna,47,0,1,0.8304,2.2345,0.5700
peak_tonal_db6,0987,4044,Hakuna,47,0,1,0.8876,2.2609,0.4316
peak_tonal_db6,0991,0182,Potter,61,0,1,1.0894,1.6407,0.8085
peak_tonal_db6,0991,0336,Potter,61,0,1,0.8184,2.8547,0.1181
peak_tonal_db6,0991,1236,StarWars,61,1,1,0.5000,2.0428,0.6212
peak_tonal_db6,0991,1318,StarWars,61,1,1,0.8324,1.7850,0.7662
peak_tonal_db6,0991,3492,Hakuna,61,0,1,0.5196,1.7562,0.7231
peak_tonal_db6,0991,3524,Hakuna,61,0,1,0.4162,3.0798,-0.0508
peak_tonal_db6,0995,0663,Potter,149,0,1,0.8064,1.2410,0.4258
peak_tonal_db6,0995,1284,StarWars,149,1,1,0.6541,1.2572,0.5580
peak_tonal_db6,0995,3578,Hakuna,149,0,1,0.1767,1.3574,0.4375
peak_tonal_db6,0996,0352,Potter,220,0,1,0.8718,2.1596,0.4265
peak_tonal_db6,0996,0755,Potter,220,0,1,0.9343,2.1565,0.5227
peak_tonal_db6,0996,1052,StarWars,220,1,1,0.5176,2.3249,0.2007
peak_tonal_db6,0996,1207,StarWars,220,1,1,0.8478,2.0839,0.5174
peak_tonal_db6,0996,3568,Hakuna,220,0,1,0.6442,2.0314,0.5237
peak_tonal_db6,0996,3759,Hakuna,220,0,1,0.3446,2.0982,0.4863
peak_tonal_db6,1001,0361,Potter,46,0,1,1.0732,3.1709,0.5653
peak_tonal_db6,1001,0632,Potter,46,0,1,1.0017,3.4087,0.5318
peak_tonal_db6,1001,0841,StarWars,46,1,1,0.9181,0.9713,0.9676
peak_tonal_db6,1001,1237,StarWars,46,1,1,0.9895,1.2113,0.9627
peak_tonal_db6,1001,3661,Hakuna,46,0,1,0.8449,2.8323,0.6136
peak_tonal_db6,1001,4156,Hakuna,46,0,1,0.8746,2.9030,0.6031
peak_tonal_db6,1002,0068,Potter,134,0,1,1.0622,2.4459,0.3319
peak_tonal_db6,1002,0695,Potter,134,0,1,0.7162,2.0985,0.6836
peak_tonal_db6,1002,1461,StarWars,134,1,1,0.6813,2.3414,0.6055
peak_tonal_db6,1002,1589,StarWars,134,1,1,0.6646,2.4572,0.3813
peak_tonal_db6,1002,3780,Hakuna,134,0,1,0.6889,2.4445,0.4072
peak_tonal_db6,1002,3912,Hakuna,134,0,1,0.6844,2.5905,0.1842
peak_tonal_db6,1009,0418,Potter,111,0,1,1.2456,2.5534,0.3221
peak_tonal_db6,1009,0454,Potter,111,0,1,0.8728,2.5755,0.4611
peak_tonal_db6,1009,0940,StarWars,111,1,1,0.6996,2.0450,0.7791
peak_tonal_db6,1009,1398,StarWars,111,1,1,0.6952,2.0721,0.7927
peak_tonal_db6,1009,4091,Hakuna,111,0,1,0.9715,2.5408,0.2977
peak_tonal_db6,1009,4133,Hakuna,111,0,1,0.7895,2.3343,0.6030
peak_tonal_db6,1020,0010,Potter,92,0,1,0.8942,2.4360,0.7001
peak_tonal_db6,1020,0232,Potter,92,0,1,0.8361,2.6824,0.6384
peak_tonal_db6,1020,0893,StarWars,92,1,1,0.7943,1.6248,0.9182
peak_tonal_db6,1020,0922,StarWars,92,1,1,0.8614,1.3513,0.9155
peak_tonal_db6,1020,4028,Hakuna,92,0,1,0.8212,2.7039,0.6571
peak_tonal_db6,1023,0470,Potter,91,0,1,1.0308,1.5124,0.5862
peak_tonal_db6,1023,0596,Potter,91,0,1,1.1473,1.8709,0.1938
peak_tonal_db6,1023,1006,StarWars,91,1,1,0.9670,1.2535,0.7285
peak_tonal_db6,1023,1366,StarWars,91,1,1,1.1758,1.3076,0.6769
peak_tonal_db6,1023,3411,Hakuna,91,0,1,0.8923,1.8263,0.2676
peak_tonal_db6,1023,3440,Hakuna,91,0,1,0.8703,2.3216,-0.1938
peak_tonal_db6,1025,0365,Potter,80,0,1,0.1592,1.7545,0.0881
peak_tonal_db6,1025,0514,Potter,80,0,1,0.0931,1.8165,-0.0066
peak_tonal_db6,1032,0073,Potter,189,0,1,0.6989,2.2983,0.5963
peak_tonal_db6,1032,0298,Potter,189,0,1,0.8116,2.1265,0.6029
peak_tonal_db6,1032,1251,StarWars,189,1,1,0.8592,1.6507,0.7292
peak_tonal_db6,1032,1497,StarWars,189,1,1,0.8961,1.5944,0.7532
peak_tonal_db6,1032,3342,Hakuna,189,0,1,0.8574,2.1475,0.4808
peak_tonal_db6,1035,0198,Potter,67,0,1,1.4502,2.3442,0.5672
peak_tonal_db6,1035,0369,Potter,67,0,1,1.2562,2.0092,0.5970
peak_tonal_db6,1035,1298,StarWars,67,1,1,1.3383,1.8132,0.6545
peak_tonal_db6,1035,1326,StarWars,67,1,1,1.2488,2.1421,0.6179
peak_tonal_db6,1035,3412,Hakuna,67,0,1,0.9478,1.8889,0.7358
peak_tonal_db6,1035,3447,Hakuna,67,0,1,0.9801,1.8082,0.7596
peak_tonal_db6,1043,0275,Potter,33,0,1,0.9214,1.9897,0.6928
peak_tonal_db6,1043,0468,Potter,33,0,1,0.9666,2.0565,0.6665
peak_tonal_db6,1043,0888,StarWars,33,1,1,0.9866,1.7517,0.7919
peak_tonal_db6,1043,1174,StarWars,33,1,1,0.9565,2.0683,0.6644
peak_tonal_db6,1043,3868,Hakuna,33,0,1,0.7910,2.3320,0.6725
peak_tonal_db6,1053,0531,Potter,105,0,1,0.9789,2.0840,0.7101
peak_tonal_db6,1053,0583,Potter,105,0,1,0.9866,2.2673,0.7242
peak_tonal_db6,1053,1579,StarWars,105,1,1,0.9119,1.7428,0.9086
peak_tonal_db6,1053,3587,Hakuna,105,0,1,0.8602,2.6681,0.5365
peak_tonal_db6,1053,3906,Hakuna,105,0,1,0.9119,2.0151,0.6273
peak_tonal_db6,1054,0090,Potter,24,0,1,0.7543,2.0679,0.5975
peak_tonal_db6,1054,0320,Potter,24,0,1,0.7058,1.9476,0.6461
peak_tonal_db6,1054,1045,StarWars,24,1,1,0.8153,0.9478,0.9278
peak_tonal_db6,1054,1325,StarWars,24,1,1,0.7355,0.9866,0.9263
peak_tonal_db6,1054,3814,Hakuna,24,0,1,0.7559,2.2722,0.5362
peak_tonal_db6,1054,4118,Hakuna,24,0,1,0.6808,2.2321,0.5601
peak_tonal_db6,1057,0680,Potter,123,0,1,0.9556,2.8087,0.6817
peak_tonal_db6,1057,0835,Potter,123,0,1,0.9556,3.3745,0.6641
peak_tonal_db6,1057,1196,StarWars,123,1,1,0.8463,0.8667,0.9713
peak_tonal_db6,1057,1378,StarWars,123,1,1,0.8922,0.4437,0.9899
peak_tonal_db6,1057,3567,Hakuna,123,0,1,0.6529,2.8956,0.6672
peak_tonal_db6,1057,3787,Hakuna,123,0,1,0.7322,2.9281,0.6700
peak_tonal_db6,1058,0424,Potter,38,0,1,1.0836,1.5896,0.5616
peak_tonal_db6,1058,0829,Potter,38,0,1,1.0788,1.6777,0.6028
peak_tonal_db6,1058,1149,StarWars,38,1,1,0.9293,0.8482,0.9092
peak_tonal_db6,1058,1273,StarWars,38,1,1,0.9228,0.9385,0.8807
peak_tonal_db6,1058,3506,Hakuna,38,0,1,0.8248,1.2380,0.6704
peak_tonal_db6,1058,3732,Hakuna,38,0,1,0.9019,1.3709,0.6479
peak_tonal_db6,1063,0616,Potter,71,0,1,0.7113,3.6906,-0.2081
peak_tonal_db6,1063,0753,Potter,71,0,1,0.7629,3.0756,0.3251
peak_tonal_db6,1063,1170,StarWars,71,1,1,0.2864,2.4882,-0.2629
peak_tonal_db6,1063,1327,StarWars,71,1,1,0.2559,2.3746,-0.0341
peak_tonal_db6,1063,3542,Hakuna,71,0,1,0.3779,2.4475,0.0996
peak_tonal_db6,1063,3755,Hakuna,71,0,1,0.3873,2.2999,0.3052
peak_tonal_db6,1067,0060,Potter,222,0,1,1.2005,1.9200,0.6914
peak_tonal_db6,1067,0107,Potter,222,0,1,1.3625,1.5148,0.7535
peak_tonal_db6,1067,0959,StarWars,222,1,1,1.0977,1.1870,0.9215
peak_tonal_db6,1067,1276,StarWars,222,1,1,1.0617,2.0701,0.6676
peak_tonal_db6,1067,4064,Hakuna,222,0,1,1.2416,1.6687,0.7726
peak_tonal_db6,1067,4085,Hakuna,222,0,1,1.2262,2.2598,0.7014
peak_tonal_db6,1069,0445,Potter,146,0,1,0.6359,2.4386,0.4458
peak_tonal_db6,1069,0622,Potter,146,0,1,0.7160,2.6013,0.3844
peak_tonal_db6,1069,0925,StarWars,146,1,1,0.4932,2.4792,0.3848
peak_tonal_db6,1069,1456,StarWars,146,1,1,0.5639,1.9833,0.8216
peak_tonal_db6,1069,3439,Hakuna,146,0,1,0.4565,2.5223,0.5155
peak_tonal_db6,1069,3822,Hakuna,146,0,1,0.4796,2.5411,0.5640
peak_tonal_db6,1070,0187,Potter,214,0,1,0.9466,2.3245,0.5431
peak_tonal_db6,1070,0702,Potter,214,0,1,1.1174,2.3736,0.4951
peak_tonal_db6,1070,1540,StarWars,214,1,1,0.8950,2.2706,0.6080
peak_tonal_db6,1070,1618,StarWars,214,1,1,1.0605,1.6105,0.8440
peak_tonal_db6,1070,3941,Hakuna,214,0,1,1.0196,2.2238,0.6540
peak_tonal_db6,1070,4078,Hakuna,214,0,1,1.0125,2.1264,0.7203
peak_tonal_db6,1074,0279,Potter,223,0,1,0.8226,1.7558,0.7440
peak_tonal_db6,1074,0609,Potter,223,0,1,0.8212,1.8741,0.6634
peak_tonal_db6,1074,1197,StarWars,223,1,1,0.6630,1.4448,0.8245
peak_tonal_db6,1074,3343,Hakuna,223,0,1,0.6341,1.7410,0.7127
peak_tonal_db6,1074,4153,Hakuna,223,0,1,0.6355,1.7405,0.6807
peak_tonal_db6,1076,0111,Potter,100,0,1,0.8610,2.2657,0.3291
peak_tonal_db6,1076,0407,Potter,100,0,1,0.6584,2.4545,0.1917
peak_tonal_db6,1076,1040,StarWars,100,1,1,0.8792,2.2017,0.5553
peak_tonal_db6,1076,1344,StarWars,100,1,1,0.4948,2.1229,0.5845
peak_tonal_db6,1076,3448,Hakuna,100,0,1,0.6000,2.4043,0.2372
peak_tonal_db6,1076,4068,Hakuna,100,0,1,0.6779,2.3421,0.4214
peak_tonal_db6,1083,0236,Potter,170,0,1,0.7441,1.6631,0.2382
peak_tonal_db6,1083,0668,Potter,170,0,1,1.0965,1.3887,0.5636
peak_tonal_db6,1083,1565,StarWars,170,1,1,1.1181,1.5486,0.4708
peak_tonal_db6,1083,3482,Hakuna,170,0,1,0.6673,1.6000,0.3775
peak_tonal_db6,1083,4088,Hakuna,170,0,1,0.6673,1.5948,0.3221
peak_tonal_db6,1084,0371,Potter,52,0,1,0.9867,2.5253,0.5902
peak_tonal_db6,1084,0529,Potter,52,0,1,0.8011,2.6191,0.5467
peak_tonal_db6,1084,0954,StarWars,52,1,1,0.8598,1.2754,0.8948
peak_tonal_db6,1084,1331,StarWars,52,1,1,0.8277,1.5865,0.8981
peak_tonal_db6,1084,3349,Hakuna,52,0,1,0.7386,2.4422,0.7271
peak_tonal_db6,1084,3915,Hakuna,52,0,1,0.7879,2.5082,0.6756
peak_tonal_db6,1097,0202,Potter,164,0,1,0.9261,2.4351,0.7086
peak_tonal_db6,1097,0293,Potter,164,0,1,0.9107,2.4170,0.5881
peak_tonal_db6,1097,1315,StarWars,164,1,1,0.9845,1.9272,0.8087
peak_tonal_db6,1097,1482,StarWars,164,1,1,0.9107,2.1291,0.7485
peak_tonal_db6,1097,3746,Hakuna,164,0,1,0.7784,2.6949,0.5553
peak_tonal_db6,1097,3954,Hakuna,164,0,1,0.7766,2.7406,0.4759
peak_tonal_db6,1099,0288,Potter,208,0,1,0.8925,0.8762,0.4910
peak_tonal_db6,1099,0482,Potter,208,0,1,0.8710,0.8737,0.4197
peak_tonal_db6,1099,1399,StarWars,208,1,1,0.4964,0.8979,0.5121
peak_tonal_db6,1099,1436,StarWars,208,1,1,0.2330,0.8746,0.5146
peak_tonal_db6,1099,3519,Hakuna,208,0,1,0.5842,0.9076,0.3758
peak_tonal_db6,1104,0542,Potter,44,0,1,0.9771,2.9806,0.5862
peak_tonal_db6,1104,0739,Potter,44,0,1,1.0473,2.7296,0.6232
peak_tonal_db6,1104,0964,StarWars,44,1,1,1.0396,0.9938,0.9665
peak_tonal_db6,1104,1026,StarWars,44,1,1,1.0000,0.5650,0.9796
peak_tonal_db6,1104,3485,Hakuna,44,0,1,0.9436,2.7077,0.6636
peak_tonal_db6,1104,3781,Hakuna,44,0,1,0.8750,2.6628,0.6209
peak_tonal_db6,1108,0397,Potter,20,0,1,0.7787,2.2655,0.5865
peak_tonal_db6,1108,0513,Potter,20,0,1,0.6519,1.9420,0.6582
peak_tonal_db6,1108,1297,StarWars,20,1,1,0.7525,2.2739,0.5371
peak_tonal_db6,1108,1582,StarWars,20,1,1,0.6922,1.3229,0.8814
peak_tonal_db6,1108,3642,Hakuna,20,0,1,0.8229,1.7490,0.7383
peak_tonal_db6,1108,3992,Hakuna,20,0,1,0.7767,1.9310,0.7104
peak_tonal_db6,1113,3474,Hakuna,82,0,1,0.8119,3.1003,0.5842
peak_tonal_db6,1113,3654,Hakuna,82,0,1,0.8716,3.3334,0.1628
peak_tonal_db6,1114,0435,Potter,185,0,1,0.5083,2.3518,0.2996
peak_tonal_db6,1114,0666,Potter,185,0,1,0.8504,2.6609,0.2034
peak_tonal_db6,1114,1173,StarWars,185,1,1,0.8518,1.2840,0.8827
peak_tonal_db6,1114,1575,StarWars,185,1,1,0.5000,1.7800,0.6614
peak_tonal_db6,1114,3561,Hakuna,185,0,1,0.8019,2.0486,0.4042
peak_tonal_db6,1114,3613,Hakuna,185,0,1,0.6537,2.1445,0.3761
peak_tonal_db6,1116,0124,Potter,58,0,1,0.9618,2.2772,0.5024
peak_tonal_db6,1116,0467,Potter,58,0,1,0.9801,2.0298,0.6147
peak_tonal_db6,1116,1178,StarWars,58,1,1,0.8970,1.1092,0.9204
peak_tonal_db6,1116,1262,StarWars,58,1,1,0.9053,1.7924,0.7157
peak_tonal_db6,1116,3556,Hakuna,58,0,1,0.6993,2.4845,0.3065
peak_tonal_db6,1116,3668,Hakuna,58,0,1,0.7126,2.1940,0.5981
peak_tonal_db6,1118,0102,Potter,191,0,1,0.7643,1.3201,0.5101
peak_tonal_db6,1118,0426,Potter,191,0,1,0.8179,1.5269,0.3807
peak_tonal_db6,1118,0993,StarWars,191,1,1,0.8214,0.6582,0.9350
peak_tonal_db6,1118,1506,StarWars,191,1,1,0.7857,0.7083,0.9001
peak_tonal_db6,1118,3928,Hakuna,191,0,1,0.9071,1.4305,0.4468
peak_tonal_db6,1118,3984,Hakuna,191,0,1,0.6964,1.3483,0.6135
peak_tonal_db6,1119,0222,Potter,96,0,1,0.8679,2.0873,0.4835
peak_tonal_db6,1119,0715,Potter,96,0,1,0.7908,2.3056,0.5013
peak_tonal_db6,1119,1027,StarWars,96,1,1,0.9413,1.5220,0.7324
peak_tonal_db6,1119,1402,StarWars,96,1,1,0.9670,1.4924,0.7388
peak_tonal_db6,1119,3406,Hakuna,96,0,1,0.8165,2.3570,0.2259
peak_tonal_db6,1119,3938,Hakuna,96,0,1,0.8257,2.1048,0.3638
peak_tonal_db6,1123,0087,Potter,43,0,1,0.9068,2.0953,0.6508
peak_tonal_db6,1123,0212,Potter,43,0,1,0.9322,1.9704,0.6628
peak_tonal_db6,1123,1314,StarWars,43,1,1,1.0339,0.6706,0.9683
peak_tonal_db6,1123,1490,StarWars,43,1,1,1.0021,0.7932,0.9486
peak_tonal_db6,1123,3478,Hakuna,43,0,1,0.8898,2.8501,0.5270
peak_tonal_db6,1123,3825,Hakuna,43,0,1,0.8475,3.0535,0.4013
peak_tonal_db6,1128,0538,Potter,16,0,1,0.1705,2.2772,0.6960
peak_tonal_db6,1128,0797,Potter,16,0,1,0.1444,2.5318,0.4439
peak_tonal_db6,1128,1261,StarWars,16,1,1,0.1382,3.4580,0.3757
peak_tonal_db6,1128,1522,StarWars,16,1,1,0.0829,2.6369,0.2524
peak_tonal_db6,1128,3846,Hakuna,16,0,1,0.7834,2.4500,0.4771
peak_tonal_db6,1128,4150,Hakuna,16,0,1,0.7742,2.3935,0.5909
peak_tonal_db6,1130,0699,Potter,154,0,1,0.5669,1.9958,0.5699
peak_tonal_db6,1130,0790,Potter,154,0,1,0.6527,1.7527,0.6811
peak_tonal_db6,1130,1008,StarWars,154,1,1,0.3389,1.8339,0.5873
peak_tonal_db6,1130,1152,StarWars,154,1,1,0.4686,2.0324,0.5894
peak_tonal_db6,1130,3375,Hakuna,154,0,1,0.5732,2.0071,0.6465
peak_tonal_db6,1130,3762,Hakuna,154,0,1,0.8180,1.7924,0.6728
peak_tonal_db6,1134,0437,Potter,40,0,1,1.0546,2.6729,0.6737
peak_tonal_db6,1134,0502,Potter,40,0,1,0.8235,3.7971,0.3055
peak_tonal_db6,1134,0892,StarWars,40,1,1,0.8487,1.6664,0.8563
peak_tonal_db6,1134,1600,StarWars,40,1,1,0.8214,1.6738,0.7894
peak_tonal_db6,1134,3966,Hakuna,40,0,1,0.8697,2.6684,0.6345
peak_tonal_db6,1134,4094,Hakuna,40,0,1,0.7899,2.7766,0.5899
peak_tonal_db6,1135,0445,Potter,146,0,1,0.6282,2.3564,0.4770
peak_tonal_db6,1135,0622,Potter,146,0,1,0.7074,2.6537,0.3939
peak_tonal_db6,1135,0925,StarWars,146,1,1,0.4872,2.3912,0.4810
peak_tonal_db6,1135,1456,StarWars,146,1,1,0.5570,2.0938,0.7758
peak_tonal_db6,1135,3439,Hakuna,146,0,1,0.4510,2.5547,0.5176
peak_tonal_db6,1135,3822,Hakuna,146,0,1,0.4738,2.6405,0.5185
peak_tonal_db6,1145,0155,Potter,76,0,1,0.7418,1.3981,0.6567
peak_tonal_db6,1145,0584,Potter,76,0,1,0.6976,0.9648,0.8363
peak_tonal_db6,1145,1381,StarWars,76,1,1,0.6676,1.5568,0.5988
peak_tonal_db6,1145,1445,StarWars,76,1,1,0.7461,2.1394,0.0791
peak_tonal_db6,1145,3706,Hakuna,76,0,1,0.7418,1.1086,0.7730
peak_tonal_db6,1145,4048,Hakuna,76,0,1,0.7903,1.1957,0.7754
peak_tonal_db6,1151,0384,Potter,228,0,1,0.4003,2.4015,0.4894
peak_tonal_db6,1151,0820,Potter,228,0,1,0.1151,2.4215,0.5917
peak_tonal_db6,1151,1339,StarWars,228,1,1,0.0859,2.1181,0.6231
peak_tonal_db6,1151,3896,Hakuna,228,0,1,0.1082,2.6938,0.5332
peak_tonal_db6,1153,0145,Potter,141,0,1,0.7316,2.0075,0.4503
peak_tonal_db6,1153,0620,Potter,141,0,1,0.4467,1.9408,0.4653
peak_tonal_db6,1153,1636,StarWars,141,1,1,0.7776,1.9116,0.3763
peak_tonal_db6,1153,1652,StarWars,141,1,1,0.7261,1.6656,0.6427
peak_tonal_db6,1153,3687,Hakuna,141,0,1,0.7169,1.8743,0.3508
peak_tonal_db6,1153,3895,Hakuna,141,0,1,0.7132,1.7107,0.5224
peak_tonal_db6,1155,0075,Potter,55,0,1,0.8147,1.9002,0.4759
peak_tonal_db6,1155,0785,Potter,55,0,1,0.7615,1.6522,0.6615
peak_tonal_db6,1155,1160,StarWars,55,1,1,0.6844,1.3253,0.8265
peak_tonal_db6,1155,1648,StarWars,55,1,1,0.9945,1.3852,0.7868
peak_tonal_db6,1155,3887,Hakuna,55,0,1,0.9083,1.6834,0.6186
peak_tonal_db6,1155,4060,Hakuna,55,0,1,0.8128,1.6825,0.6667
peak_tonal_db6,1161,0097,Potter,201,0,1,0.5809,1.2364,0.3041
peak_tonal_db6,1161,0396,Potter,201,0,1,0.6703,1.2081,0.3549
peak_tonal_db6,1161,0927,StarWars,201,1,1,0.6518,1.2460,0.3656
peak_tonal_db6,1161,1129,StarWars,201,1,1,0.6348,0.9905,0.6317
peak_tonal_db6,1161,3870,Hakuna,201,0,1,0.4792,1.0135,0.5943
peak_tonal_db6,1161,4154,Hakuna,201,0,1,0.5239,1.1782,0.4363
peak_tonal_db6,1162,0102,Potter,191,0,1,0.8247,1.3029,0.6164
peak_tonal_db6,1162,0426,Potter,191,0,1,0.8825,1.5976,0.4017
peak_tonal_db6,1162,0993,StarWars,191,1,1,0.8863,0.8886,0.8661
peak_tonal_db6,1162,1506,StarWars,191,1,1,0.8478,0.7622,0.9079
peak_tonal_db6,1162,3928,Hakuna,191,0,1,0.9788,1.6114,0.4743
peak_tonal_db6,1162,3984,Hakuna,191,0,1,0.7514,1.5584,0.5237
peak_tonal_db6,1172,0633,Potter,231,0,1,0.4298,3.0012,0.5110
peak_tonal_db6,1172,0803,Potter,231,0,1,0.5533,2.4873,0.6692
peak_tonal_db6,1172,1150,StarWars,231,1,1,0.5884,1.7960,0.8481
peak_tonal_db6,1172,1605,StarWars,231,1,1,0.6295,1.1522,0.9546
peak_tonal_db6,1172,4049,Hakuna,231,0,1,0.6344,2.7258,0.6132
peak_tonal_db6,1172,4112,Hakuna,231,0,1,0.6501,2.7208,0.6161
peak_tonal_db6,1175,0633,Potter,231,0,1,0.4157,3.2497,0.4381
peak_tonal_db6,1175,0803,Potter,231,0,1,0.5351,2.6952,0.6257
peak_tonal_db6,1175,1150,StarWars,231,1,1,0.5691,1.7327,0.8807
peak_tonal_db6,1175,1605,StarWars,231,1,1,0.6089,1.1661,0.9549
peak_tonal_db6,1175,4049,Hakuna,231,0,1,0.6136,2.8693,0.5951
peak_tonal_db6,1175,4112,Hakuna,231,0,1,0.6288,2.8140,0.6107
peak_tonal_db6,1181,0136,Potter,144,0,1,0.5143,2.8701,0.5952
peak_tonal_db6,1181,0330,Potter,144,0,1,0.5093,3.3558,0.4863
peak_tonal_db6,1181,1216,StarWars,144,1,1,0.4944,3.1324,0.6877
peak_tonal_db6,1181,1421,StarWars,144,1,1,0.5193,3.0554,0.5913
peak_tonal_db6,1181,3420,Hakuna,144,0,1,0.4720,3.4514,0.4451
peak_tonal_db6,1181,3673,Hakuna,144,0,1,0.4683,3.3307,0.5030
peak_tonal_db6,1182,0756,Potter,219,0,1,0.6826,1.8381,0.5281
peak_tonal_db6,1182,0805,Potter,219,0,1,0.9118,1.8904,0.3839
peak_tonal_db6,1182,0988,StarWars,219,1,1,0.9748,2.0414,0.1952
peak_tonal_db6,1182,1255,StarWars,219,1,1,0.8942,1.9889,0.4228
peak_tonal_db6,1182,3355,Hakuna,219,0,1,0.8463,2.1383,-0.0191
peak_tonal_db6,1182,3635,Hakuna,219,0,1,1.0050,2.0841,0.1095
peak_tonal_db6,1183,0131,Potter,53,0,1,1.4958,2.5403,0.5710
peak_tonal_db6,1183,0689,Potter,53,0,1,1.4521,2.5344,0.5746
peak_tonal_db6,1183,1269,StarWars,53,1,1,1.0479,1.5227,0.7832
peak_tonal_db6,1183,1596,StarWars,53,1,1,1.0562,1.4376,0.7919
peak_tonal_db6,1183,3585,Hakuna,53,0,1,0.9437,3.6345,0.0602
peak_tonal_db6,1183,3856,Hakuna,53,0,1,0.8646,3.6748,0.0513
peak_tonal_db6,1187,0038,Potter,207,0,1,1.2875,2.9536,0.5956
peak_tonal_db6,1187,0672,Potter,207,0,1,1.2727,3.1313,0.5324
peak_tonal_db6,1187,1206,StarWars,207,1,1,1.0634,1.2985,0.9146
peak_tonal_db6,1187,1265,StarWars,207,1,1,1.0169,1.1870,0.9008
peak_tonal_db6,1187,3446,Hakuna,207,0,1,1.1057,2.5930,0.6923
peak_tonal_db6,1187,3565,Hakuna,207,0,1,1.0613,2.7638,0.6351
peak_tonal_db6,1191,0372,Potter,128,0,1,0.6690,2.7667,0.5733
peak_tonal_db6,1191,0440,Potter,128,0,1,0.7207,2.3215,0.6136
peak_tonal_db6,1191,1334,StarWars,128,1,1,0.8662,2.5472,0.6313
peak_tonal_db6,1191,1570,StarWars,128,1,1,0.6338,2.4589,0.4852
peak_tonal_db6,1191,3882,Hakuna,128,0,1,0.7958,3.0750,0.0180
peak_tonal_db6,1191,4119,Hakuna,128,0,1,0.7934,2.6770,0.2440
peak_tonal_db6,1200,0177,Potter,14,0,1,0.8750,1.9766,0.5412
peak_tonal_db6,1200,0774,Potter,14,0,1,0.8750,2.2656,0.3392
peak_tonal_db6,1200,1435,StarWars,14,1,1,0.7697,1.7336,0.7589
peak_tonal_db6,1200,1519,StarWars,14,1,1,0.7155,1.5849,0.8253
peak_tonal_db6,1200,3682,Hakuna,14,0,1,0.6135,2.0604,0.5600
peak_tonal_db6,1200,3807,Hakuna,14,0,1,0.6382,2.0425,0.5192
peak_tonal_db6,1203,0273,Potter,172,0,1,0.8107,2.7223,0.6306
peak_tonal_db6,1203,1064,StarWars,172,1,1,0.8157,2.1127,0.8671
peak_tonal_db6,1203,1498,StarWars,172,1,1,0.6884,2.4032,0.8092
peak_tonal_db6,1203,3708,Hakuna,172,0,1,0.8023,4.4054,-0.0163
peak_tonal_db6,1203,4145,Hakuna,172,0,1,0.8174,3.0289,0.6404
peak_tonal_db6,1204,0373,Potter,122,0,1,0.9571,2.1899,0.6010
peak_tonal_db6,1204,0547,Potter,122,0,1,0.8960,2.4209,0.4996
peak_tonal_db6,1204,1408,StarWars,122,1,1,0.8185,1.8365,0.7573
peak_tonal_db6,1204,1495,StarWars,122,1,1,0.7294,1.7831,0.7673
peak_tonal_db6,1204,3595,Hakuna,122,0,1,0.8366,2.0938,0.7001
peak_tonal_db6,1204,3655,Hakuna,122,0,1,0.7855,2.1917,0.6116
peak_tonal_db6,1205,0041,Potter,151,0,1,0.8510,2.1225,0.5807
peak_tonal_db6,1205,0778,Potter,151,0,1,0.7979,1.9920,0.6158
peak_tonal_db6,1205,1060,StarWars,151,1,1,1.0771,1.5096,0.8499
peak_tonal_db6,1205,1252,StarWars,151,1,1,1.0394,1.2838,0.8895
peak_tonal_db6,1205,3523,Hakuna,151,0,1,0.7329,1.9655,0.6332
peak_tonal_db6,1205,3573,Hakuna,151,0,1,0.7414,1.9675,0.6083
peak_tonal_db6,1208,0371,Potter,52,0,1,0.9886,2.4158,0.6033
peak_tonal_db6,1208,0529,Potter,52,0,1,0.8027,2.2790,0.5777
peak_tonal_db6,1208,0954,StarWars,52,1,1,0.8615,0.9468,0.9224
peak_tonal_db6,1208,1331,StarWars,52,1,1,0.8292,1.3326,0.8842
peak_tonal_db6,1208,3349,Hakuna,52,0,1,0.7400,2.2043,0.7047
peak_tonal_db6,1208,3915,Hakuna,52,0,1,0.7894,2.1402,0.7030
peak_tonal_db6,1209,0595,Potter,26,0,1,0.9175,1.2236,0.4176
peak_tonal_db6,1209,0768,Potter,26,0,1,0.8660,1.2665,0.4021
peak_tonal_db6,1209,1087,StarWars,26,1,1,0.6675,1.0161,0.5160
peak_tonal_db6,1209,1132,StarWars,26,1,1,0.5309,1.0207,0.5736
peak_tonal_db6,1209,3392,Hakuna,26,0,1,0.3325,1.2265,0.4536
peak_tonal_db6,1209,4137,Hakuna,26,0,1,0.4433,1.0769,0.5419
peak_tonal_db6,1210,0081,Potter,49,0,1,0.9057,2.4861,0.6248
peak_tonal_db6,1210,0423,Potter,49,0,1,1.0210,2.6843,0.5120
peak_tonal_db6,1210,1420,StarWars,49,1,1,1.0545,1.3849,0.9149
peak_tonal_db6,1210,3920,Hakuna,49,0,1,1.0063,1.7474,0.8285
peak_tonal_db6,1210,4138,Hakuna,49,0,1,0.9937,1.8198,0.8098
peak_tonal_db6,1213,0328,Potter,106,0,1,0.5331,2.3228,0.0343
peak_tonal_db6,1213,0777,Potter,106,0,1,0.5979,2.0188,0.2058
peak_tonal_db6,1213,1062,StarWars,106,1,1,0.5906,1.2988,0.6538
peak_tonal_db6,1213,1581,StarWars,106,1,1,0.3402,1.6317,0.2749
peak_tonal_db6,1213,3427,Hakuna,106,0,1,0.5626,1.1879,0.7473
peak_tonal_db6,1213,4075,Hakuna,106,0,1,0.5125,1.4458,0.4623
peak_tonal_db6,1214,0425,Potter,5,0,1,0.8245,2.2519,0.6184
peak_tonal_db6,1214,0528,Potter,5,0,1,0.8632,2.8653,0.3435
peak_tonal_db6,1214,0854,StarWars,5,1,1,0.8606,0.6945,0.9637
peak_tonal_db6,1214,1444,StarWars,5,1,1,0.9226,1.2899,0.8869
peak_tonal_db6,1214,3606,Hakuna,5,0,1,0.6735,1.9263,0.7279
peak_tonal_db6,1214,3860,Hakuna,5,0,1,0.7187,2.0920,0.6551
peak_tonal_db6,1222,1235,StarWars,178,1,1,0.7173,1.7627,0.4013
peak_tonal_db6,1222,1585,StarWars,178,1,1,0.5912,1.9487,0.2132
peak_tonal_db6,1222,3403,Hakuna,178,0,1,0.5334,1.8300,0.3019
peak_tonal_db6,1222,3665,Hakuna,178,0,1,0.5441,2.1312,0.0170
peak_tonal_db6,1224,0090,Potter,24,0,1,0.7889,1.9616,0.5641
peak_tonal_db6,1224,0320,Potter,24,0,1,0.7381,1.6762,0.6619
peak_tonal_db6,1224,1045,StarWars,24,1,1,0.8527,0.8095,0.9278
peak_tonal_db6,1224,1325,StarWars,24,1,1,0.7692,0.7777,0.9285
peak_tonal_db6,1224,3814,Hakuna,24,0,1,0.7905,2.1013,0.4654
peak_tonal_db6,1224,4118,Hakuna,24,0,1,0.7119,1.9625,0.5407
peak_tonal_db6,1229,0072,Potter,15,0,1,1.0333,2.2596,0.6715
peak_tonal_db6,1229,0465,Potter,15,0,1,1.0298,2.5573,0.5900
peak_tonal_db6,1229,0877,StarWars,15,1,1,1.0456,0.8216,0.9550
peak_tonal_db6,1229,1633,StarWars,15,1,1,1.0123,1.8701,0.7678
peak_tonal_db6,1229,3996,Hakuna,15,0,1,0.9053,2.3794,0.5715
peak_tonal_db6,1229,4096,Hakuna,15,0,1,0.9702,2.4107,0.5350
peak_tonal_db6,1245,0311,Potter,218,0,1,0.8436,3.0678,0.5271
peak_tonal_db6,1245,0518,Potter,218,0,1,0.7474,2.9835,0.5355
peak_tonal_db6,1245,0994,StarWars,218,1,1,0.9038,1.2872,0.9301
peak_tonal_db6,1245,1220,StarWars,218,1,1,0.7887,1.8629,0.8159
peak_tonal_db6,1245,3475,Hakuna,218,0,1,0.9124,2.8960,0.5581
peak_tonal_db6,1245,3521,Hakuna,218,0,1,0.9347,2.4545,0.7038
peak_tonal_db6,1253,0557,Potter,195,0,1,1.0802,1.7941,0.7036
peak_tonal_db6,1253,3854,Hakuna,195,0,1,1.0401,1.7871,0.7604
peak_tonal_db6,1253,4036,Hakuna,195,0,1,1.0601,1.9042,0.5487
peak_tonal_db6,1254,0275,Potter,33,0,1,1.0762,2.2974,0.6048
peak_tonal_db6,1254,0468,Potter,33,0,1,1.1289,2.3292,0.6355
peak_tonal_db6,1254,0888,StarWars,33,1,1,1.1523,2.0676,0.6712
peak_tonal_db6,1254,1174,StarWars,33,1,1,1.1172,1.6743,0.7722
peak_tonal_db6,1254,3868,Hakuna,33,0,1,0.9238,1.9852,0.6211
peak_tonal_db6,1259,0206,Potter,84,0,1,0.8433,3.6247,0.0375
peak_tonal_db6,1259,1341,StarWars,84,1,1,0.9117,1.9966,0.8748
peak_tonal_db6,1259,1504,StarWars,84,1,1,0.8200,2.7853,0.4506
peak_tonal_db6,1263,0246,Potter,190,0,1,0.7145,2.1323,0.6693
peak_tonal_db6,1263,0410,Potter,190,0,1,0.7713,1.9760,0.7791
peak_tonal_db6,1263,1077,StarWars,190,1,1,0.6861,2.0004,0.6749
peak_tonal_db6,1263,1085,StarWars,190,1,1,0.6093,1.9487,0.7376
peak_tonal_db6,1263,3625,Hakuna,190,0,1,0.6845,2.3260,0.5622
peak_tonal_db6,1263,3898,Hakuna,190,0,1,0.7346,2.1572,0.6334
peak_tonal_db6,1264,0288,Potter,208,0,1,1.0596,0.9081,0.3947
peak_tonal_db6,1264,0482,Potter,208,0,1,1.0340,0.8937,0.3285
peak_tonal_db6,1264,1399,StarWars,208,1,1,0.5894,0.9322,0.3588
peak_tonal_db6,1264,1436,StarWars,208,1,1,0.2766,0.8011,0.5469
peak_tonal_db6,1264,3519,Hakuna,208,0,1,0.6936,0.9243,0.3060
peak_tonal_db6,1268,0239,Potter,59,0,1,0.5937,2.6113,0.4920
peak_tonal_db6,1268,0798,Potter,59,0,1,0.4362,2.4232,0.6109
peak_tonal_db6,1268,0923,StarWars,59,1,1,0.2835,2.6421,0.4376
peak_tonal_db6,1268,1246,StarWars,59,1,1,0.4252,2.5593,0.5191
peak_tonal_db6,1268,3956,Hakuna,59,0,1,0.3496,2.6780,0.2501
peak_tonal_db6,1268,4124,Hakuna,59,0,1,0.3780,2.6751,0.3695
peak_tonal_db6,1270,0418,Potter,111,0,1,1.3786,2.3285,0.3121
peak_tonal_db6,1270,0454,Potter,111,0,1,0.9660,2.1024,0.5933
peak_tonal_db6,1270,0940,StarWars,111,1,1,0.7743,1.6983,0.8435
peak_tonal_db6,1270,1398,StarWars,111,1,1,0.7694,2.0116,0.7550
peak_tonal_db6,1270,4091,Hakuna,111,0,1,1.0752,2.3226,0.3936
peak_tonal_db6,1270,4133,Hakuna,111,0,1,0.8738,2.2370,0.5754
peak_tonal_db6,1275,0384,Potter,228,0,1,0.3870,3.1180,0.6369
peak_tonal_db6,1275,0820,Potter,228,0,1,0.1113,2.1230,0.7546
peak_tonal_db6,1275,1339,StarWars,228,1,1,0.0831,2.2959,0.7300
peak_tonal_db6,1275,3896,Hakuna,228,0,1,0.1047,3.2596,0.4149
peak_tonal_db6,1282,0477,Potter,17,0,1,1.1479,1.6749,0.8036
peak_tonal_db6,1282,0558,Potter,17,0,1,1.0899,1.8462,0.7674
peak_tonal_db6,1282,1609,StarWars,17,1,1,1.0824,1.8097,0.8082
peak_tonal_db6,1282,1620,StarWars,17,1,1,1.0075,1.3492,0.8763
peak_tonal_db6,1282,3878,Hakuna,17,0,1,1.0150,1.4742,0.8758
peak_tonal_db6,1282,4105,Hakuna,17,0,1,0.9457,1.4147,0.8834
peak_tonal_db6,1285,0181,Potter,13,0,1,0.7504,1.6889,0.6481
peak_tonal_db6,1285,0299,Potter,13,0,1,0.6493,2.0799,0.4975
peak_tonal_db6,1285,1619,StarWars,13,1,1,0.5071,1.2160,0.7187
peak_tonal_db6,1285,3353,Hakuna,13,0,1,0.6477,1.2411,0.6180
peak_tonal_db6,1285,4020,Hakuna,13,0,1,0.6066,1.3612,0.5353
peak_tonal_db6,1288,0504,Potter,90,0,1,0.9022,2.7168,0.4485
peak_tonal_db6,1288,0597,Potter,90,0,1,0.9635,2.4353,0.5236
peak_tonal_db6,1288,0886,StarWars,90,1,1,1.0219,1.9988,0.8500
peak_tonal_db6,1288,1075,StarWars,90,1,1,1.0920,2.0654,0.8208
peak_tonal_db6,1288,3378,Hakuna,90,0,1,0.7679,2.6959,0.4100
peak_tonal_db6,1288,3455,Hakuna,90,0,1,0.9854,3.1042,0.2565
peak_tonal_db6,1291,0186,Potter,22,0,1,1.0969,1.8811,0.5265
peak_tonal_db6,1291,1340,StarWars,22,1,1,1.0742,1.0755,0.8703
peak_tonal_db6,1291,3791,Hakuna,22,0,1,1.1175,1.6044,0.6460
peak_tonal_db6,1291,3834,Hakuna,22,0,1,1.1216,1.5659,0.6789
peak_tonal_db6,1292,0097,Potter,201,0,1,0.5593,0.9818,0.4312
peak_tonal_db6,1292,0396,Potter,201,0,1,0.6454,0.9766,0.4100
peak_tonal_db6,1292,0927,StarWars,201,1,1,0.6276,1.0034,0.4645
peak_tonal_db6,1292,1129,StarWars,201,1,1,0.6113,0.7615,0.6902
peak_tonal_db6,1292,3870,Hakuna,201,0,1,0.4614,0.7867,0.6427
peak_tonal_db6,1292,4154,Hakuna,201,0,1,0.5045,0.8970,0.4846
peak_tonal_db6,1293,0408,Potter,145,0,1,0.8151,4.0107,0.1863
peak_tonal_db6,1293,0619,Potter,145,0,1,0.8712,2.8305,0.6269
peak_tonal_db6,1293,0956,StarWars,145,1,1,0.9849,1.1788,0.9414
peak_tonal_db6,1293,1199,StarWars,145,1,1,0.9959,0.9962,0.9443
peak_tonal_db6,1293,3712,Hakuna,145,0,1,0.8411,3.2415,0.4381
peak_tonal_db6,1293,3793,Hakuna,145,0,1,0.8986,3.0858,0.4320
peak_tonal_db6,1299,0708,Potter,9,0,1,0.7833,2.1567,0.4310
peak_tonal_db6,1299,0757,Potter,9,0,1,0.9396,2.3738,0.3157
peak_tonal_db6,1299,1280,StarWars,9,1,1,0.6104,1.7229,0.6844
peak_tonal_db6,1299,1463,StarWars,9,1,1,0.6625,1.7852,0.6397
peak_tonal_db6,1299,3431,Hakuna,9,0,1,0.3500,1.8032,0.5186
peak_tonal_db6,1299,3525,Hakuna,9,0,1,0.4083,1.8497,0.4860
peak_tonal_db6,1301,0125,Potter,205,0,1,0.6464,2.7681,0.1094
peak_tonal_db6,1301,0359,Potter,205,0,1,0.6640,2.6007,0.3354
peak_tonal_db6,1301,0966,StarWars,205,1,1,0.6719,3.0956,0.1227
peak_tonal_db6,1301,1480,StarWars,205,1,1,0.6503,2.5113,0.5113
peak_tonal_db6,1301,3529,Hakuna,205,0,1,0.5108,2.2024,0.6424
peak_tonal_db6,1301,3581,Hakuna,205,0,1,0.5874,2.4172,0.4755
peak_tonal_db6,1303,0553,Potter,0,0,1,0.7906,2.0855,0.5825
peak_tonal_db6,1303,0590,Potter,0,0,1,0.8596,1.7131,0.6100
peak_tonal_db6,1303,0915,StarWars,0,1,1,0.5579,1.4629,0.6880
peak_tonal_db6,1303,1140,StarWars,0,1,1,0.5215,1.4716,0.7754
peak_tonal_db6,1303,3690,Hakuna,0,0,1,0.7373,2.0996,0.5255
peak_tonal_db6,1303,4031,Hakuna,0,0,1,0.7425,1.6845,0.5980
peak_tonal_db6,1304,0649,Potter,197,0,1,0.8780,3.6177,0.5289
peak_tonal_db6,1304,0688,Potter,197,0,1,0.9831,3.0351,0.7047
peak_tonal_db6,1304,0921,StarWars,197,1,1,0.9325,1.7628,0.8422
peak_tonal_db6,1304,1322,StarWars,197,1,1,0.7261,1.6935,0.8132
peak_tonal_db6,1304,3512,Hakuna,197,0,1,0.8462,3.3813,0.7009
peak_tonal_db6,1304,3851,Hakuna,197,0,1,0.8593,3.3748,0.6950
peak_tonal_db6,1306,0125,Potter,205,0,1,0.6633,4.0004,0.1323
peak_tonal_db6,1306,0359,Potter,205,0,1,0.6815,3.4929,0.5129
peak_tonal_db6,1306,0966,StarWars,205,1,1,0.6895,4.2217,0.0651
peak_tonal_db6,1306,1480,StarWars,205,1,1,0.6673,3.6616,0.4575
peak_tonal_db6,1306,3529,Hakuna,205,0,1,0.5242,3.2597,0.5902
peak_tonal_db6,1306,3581,Hakuna,205,0,1,0.6028,3.5907,0.4656
peak_tonal_db6,1308,3332,Hakuna,6,0,1,0.9494,2.6404,0.6546
peak_tonal_db6,1311,0326,Potter,23,0,1,1.0741,2.0771,0.4920
peak_tonal_db6,1311,0682,Potter,23,0,1,0.8107,2.9416,-0.1094
peak_tonal_db6,1311,1335,StarWars,23,1,1,0.9547,2.0551,0.3960
peak_tonal_db6,1311,1448,StarWars,23,1,1,0.8724,2.0372,0.4993
peak_tonal_db6,1319,0762,Potter,69,0,1,0.5650,2.0016,0.6318
peak_tonal_db6,1319,0771,Potter,69,0,1,0.9985,2.0483,0.5356
peak_tonal_db6,1319,1323,StarWars,69,1,1,0.7183,1.9669,0.7349
peak_tonal_db6,1319,1496,StarWars,69,1,1,0.5542,1.9239,0.5740
peak_tonal_db6,1319,3410,Hakuna,69,0,1,0.6920,2.3278,0.0924
peak_tonal_db6,1319,3782,Hakuna,69,0,1,0.6161,2.1177,0.4510
peak_tonal_db6,1330,0997,StarWars,135,1,1,1.0714,3.8718,-0.1000
peak_tonal_db6,1330,1195,StarWars,135,1,1,1.2881,3.7245,0.1084
peak_tonal_db6,1330,3501,Hakuna,135,0,1,0.7810,2.5217,0.6726
peak_tonal_db6,1330,4070,Hakuna,135,0,1,1.0310,2.7754,0.3993
peak_tonal_db6,1336,0386,Potter,184,0,1,1.0371,2.2022,0.6266
peak_tonal_db6,1336,0729,Potter,184,0,1,1.0742,2.1996,0.7461
peak_tonal_db6,1336,0887,StarWars,184,1,1,0.8233,1.2185,0.9275
peak_tonal_db6,1336,3612,Hakuna,184,0,1,0.8039,2.4511,0.6300
peak_tonal_db6,1336,3844,Hakuna,184,0,1,0.8216,2.4303,0.6000
peak_tonal_db6,1337,0613,Potter,137,0,1,0.9033,2.4460,0.6670
peak_tonal_db6,1337,0788,Potter,137,0,1,0.8333,3.2417,0.3824
peak_tonal_db6,1337,1163,StarWars,137,1,1,0.9444,1.6367,0.8428
peak_tonal_db6,1337,1177,StarWars,137,1,1,0.9918,1.4805,0.9158
peak_tonal_db6,1337,3594,Hakuna,137,0,1,1.0823,2.7023,0.6330
peak_tonal_db6,1337,3944,Hakuna,137,0,1,0.9877,2.6184,0.6506
peak_tonal_db6,1342,0254,Potter,129,0,1,1.5409,1.4153,0.8294
peak_tonal_db6,1342,0554,Potter,129,0,1,1.5431,1.5158,0.8232
peak_tonal_db6,1342,1014,StarWars,129,1,1,0.8728,0.6006,0.9581
peak_tonal_db6,1342,1167,StarWars,129,1,1,0.8082,0.4513,0.9732
peak_tonal_db6,1342,3576,Hakuna,129,0,1,0.8017,1.6892,0.6610
peak_tonal_db6,1342,3651,Hakuna,129,0,1,0.7780,1.7044,0.7372
peak_tonal_db6,1343,0008,Potter,213,0,1,0.7518,2.6410,0.6542
peak_tonal_db6,1343,0681,Potter,213,0,1,0.7237,2.4477,0.6971
peak_tonal_db6,1343,0860,StarWars,213,1,1,0.7321,1.9306,0.8691
peak_tonal_db6,1343,1317,StarWars,213,1,1,0.6971,1.6789,0.8636
peak_tonal_db6,1343,3548,Hakuna,213,0,1,0.5596,2.8312,0.6330
peak_tonal_db6,1343,3720,Hakuna,213,0,1,0.6045,2.7698,0.6562
peak_tonal_db6,1351,0177,Potter,14,0,1,0.8581,1.9458,0.5698
peak_tonal_db6,1351,0774,Potter,14,0,1,0.8581,1.9680,0.4913
peak_tonal_db6,1351,1435,StarWars,14,1,1,0.7548,1.6240,0.7991
peak_tonal_db6,1351,1519,StarWars,14,1,1,0.7016,1.5393,0.8171
peak_tonal_db6,1351,3682,Hakuna,14,0,1,0.6016,1.9806,0.5633
peak_tonal_db6,1351,3807,Hakuna,14,0,1,0.6258,1.9995,0.5004
peak_tonal_db6,1353,0508,Potter,120,0,1,1.2361,2.4821,0.6224
peak_tonal_db6,1353,0559,Potter,120,0,1,1.1859,2.2866,0.7160
peak_tonal_db6,1353,0878,StarWars,120,1,1,1.0093,2.1119,0.8029
peak_tonal_db6,1353,1449,StarWars,120,1,1,1.0204,1.9971,0.8132
peak_tonal_db6,1353,3503,Hakuna,120,0,1,0.6989,3.2123,0.4739
peak_tonal_db6,1353,3549,Hakuna,120,0,1,0.7695,3.3850,0.4036
peak_tonal_db6,1355,0477,Potter,17,0,1,1.0166,2.3962,0.6876
peak_tonal_db6,1355,0558,Potter,17,0,1,0.9652,2.6393,0.6712
peak_tonal_db6,1355,1609,StarWars,17,1,1,0.9585,2.9588,0.6561
peak_tonal_db6,1355,1620,StarWars,17,1,1,0.8922,2.2302,0.7100
peak_tonal_db6,1355,3878,Hakuna,17,0,1,0.8988,2.4311,0.7133
peak_tonal_db6,1355,4105,Hakuna,17,0,1,0.8375,2.3958,0.7413
peak_tonal_db6,1360,0044,Potter,217,0,1,0.9116,2.6583,0.5509
peak_tonal_db6,1360,0101,Potter,217,0,1,0.9252,2.7223,0.5659
peak_tonal_db6,1360,1131,StarWars,217,1,1,0.9184,0.9725,0.9512
peak_tonal_db6,1360,1509,StarWars,217,1,1,1.0190,0.7572,0.9663
peak_tonal_db6,1360,3701,Hakuna,217,0,1,0.7973,3.3900,0.2343
peak_tonal_db6,1360,4103,Hakuna,217,0,1,0.7714,2.8377,0.4600
peak_tonal_db6,1361,0424,Potter,38,0,1,1.0819,1.6434,0.5885
peak_tonal_db6,1361,0829,Potter,38,0,1,1.0770,1.6203,0.5655
peak_tonal_db6,1361,1149,StarWars,38,1,1,0.9278,0.9147,0.8972
peak_tonal_db6,1361,1273,StarWars,38,1,1,0.9213,0.9215,0.8812
peak_tonal_db6,1361,3506,Hakuna,38,0,1,0.8234,1.3477,0.6972
peak_tonal_db6,1361,3732,Hakuna,38,0,1,0.9005,1.2841,0.7171
peak_tonal_db6,1363,0680,Potter,123,0,1,0.9437,2.5629,0.7073
peak_tonal_db6,1363,0835,Potter,123,0,1,0.9437,3.1870,0.6496
peak_tonal_db6,1363,1196,StarWars,123,1,1,0.8357,0.8795,0.9653
peak_tonal_db6,1363,1378,StarWars,123,1,1,0.8811,0.4620,0.9889
peak_tonal_db6,1363,3567,Hakuna,123,0,1,0.6448,2.7937,0.6590
peak_tonal_db6,1363,3787,Hakuna,123,0,1,0.7230,2.9295,0.6285
peak_tonal_db6,1365,0808,Potter,171,0,1,1.1328,1.7440,0.5072
peak_tonal_db6,1365,1079,StarWars,171,1,1,1.1387,1.0088,0.8774
peak_tonal_db6,1365,1112,StarWars,171,1,1,1.0215,1.1399,0.8111
peak_tonal_db6,1368,0010,Potter,92,0,1,0.9174,2.6281,0.6731
peak_tonal_db6,1368,0232,Potter,92,0,1,0.8578,3.0000,0.5969
peak_tonal_db6,1368,0893,StarWars,92,1,1,0.8150,1.9148,0.9135
peak_tonal_db6,1368,0922,StarWars,92,1,1,0.8838,1.6261,0.9101
peak_tonal_db6,1368,4028,Hakuna,92,0,1,0.8425,2.7569,0.6405
peak_tonal_db6,1370,0017,Potter,70,0,1,0.9517,2.3775,0.6263
peak_tonal_db6,1370,0161,Potter,70,0,1,0.9584,2.1637,0.6911
peak_tonal_db6,1370,0929,StarWars,70,1,1,0.9601,1.9946,0.7869
peak_tonal_db6,1370,3334,Hakuna,70,0,1,0.8852,2.0894,0.8085
peak_tonal_db6,1370,3384,Hakuna,70,0,1,0.8935,1.9537,0.7778
peak_tonal_db6,1372,1235,StarWars,178,1,1,0.7492,1.5005,0.4056
peak_tonal_db6,1372,1585,StarWars,178,1,1,0.6175,1.4702,0.4902
peak_tonal_db6,1372,3403,Hakuna,178,0,1,0.5571,1.5178,0.3731
peak_tonal_db6,1372,3665,Hakuna,178,0,1,0.5683,1.6836,0.2382
peak_tonal_db6,1373,0222,Potter,96,0,1,0.8269,2.2176,0.5464
peak_tonal_db6,1373,0715,Potter,96,0,1,0.7535,2.2936,0.5537
peak_tonal_db6,1373,1027,StarWars,96,1,1,0.8969,1.6849,0.7311
peak_tonal_db6,1373,1402,StarWars,96,1,1,0.9213,1.6349,0.7439
peak_tonal_db6,1373,3406,Hakuna,96,0,1,0.7780,2.5000,0.3326
peak_tonal_db6,1373,3938,Hakuna,96,0,1,0.7867,2.2442,0.4759
peak_tonal_db6,1377,0394,Potter,215,0,1,0.9827,4.2053,0.2673
peak_tonal_db6,1377,0975,StarWars,215,1,1,0.8072,1.3880,0.9041
peak_tonal_db6,1377,1423,StarWars,215,1,1,0.9108,0.9991,0.9777
peak_tonal_db6,1377,3480,Hakuna,215,0,1,0.8173,2.7677,0.6740
peak_tonal_db6,1377,3858,Hakuna,215,0,1,0.8633,2.8249,0.6712
peak_tonal_db6,1384,0008,Potter,213,0,1,0.7507,2.5504,0.6834
peak_tonal_db6,1384,0681,Potter,213,0,1,0.7227,2.4343,0.7252
peak_tonal_db6,1384,0860,StarWars,213,1,1,0.7311,2.1482,0.9037
peak_tonal_db6,1384,1317,StarWars,213,1,1,0.6961,1.7602,0.9123
peak_tonal_db6,1384,3548,Hakuna,213,0,1,0.5588,2.6112,0.6832
peak_tonal_db6,1384,3720,Hakuna,213,0,1,0.6036,2.5949,0.7071
peak_tonal_db6,1386,0484,Potter,162,0,1,0.7782,2.3323,0.7000
peak_tonal_db6,1386,0599,Potter,162,0,1,0.8569,2.0175,0.6880
peak_tonal_db6,1386,1508,StarWars,162,1,1,0.8032,0.9931,0.9647
peak_tonal_db6,1386,1606,StarWars,162,1,1,0.8462,0.9676,0.9611
peak_tonal_db6,1389,0273,Potter,172,0,1,0.7974,2.7021,0.6799
peak_tonal_db6,1389,1064,StarWars,172,1,1,0.8023,1.5798,0.8794
peak_tonal_db6,1389,1498,StarWars,172,1,1,0.6771,1.9022,0.8293
peak_tonal_db6,1389,3708,Hakuna,172,0,1,0.7891,4.4563,0.1095
peak_tonal_db6,1389,4145,Hakuna,172,0,1,0.8040,3.1617,0.6269
peak_tonal_db6,1392,0787,Potter,136,0,1,1.1693,2.4997,0.4075
peak_tonal_db6,1392,0837,Potter,136,0,1,1.1654,2.4614,0.5157
peak_tonal_db6,1392,1004,StarWars,136,1,1,1.0720,2.2880,0.6603
peak_tonal_db6,1392,1042,StarWars,136,1,1,1.2665,2.0944,0.8135
peak_tonal_db6,1392,3526,Hakuna,136,0,1,1.2568,2.4891,0.4317
peak_tonal_db6,1392,3943,Hakuna,136,0,1,1.2568,2.4891,0.4317
peak_tonal_db6,1393,0435,Potter,185,0,1,0.5429,2.7737,0.3339
peak_tonal_db6,1393,0666,Potter,185,0,1,0.9083,3.2825,0.0945
peak_tonal_db6,1393,1173,StarWars,185,1,1,0.9098,1.8147,0.8472
peak_tonal_db6,1393,1575,StarWars,185,1,1,0.5340,2.2568,0.7523
peak_tonal_db6,1393,3561,Hakuna,185,0,1,0.8565,2.6071,0.4392
peak_tonal_db6,1393,3613,Hakuna,185,0,1,0.6982,2.5362,0.4884
peak_tonal_db6,1394,0328,Potter,106,0,1,0.6177,1.9750,0.1599
peak_tonal_db6,1394,0777,Potter,106,0,1,0.6928,1.4208,0.4529
peak_tonal_db6,1394,1062,StarWars,106,1,1,0.6843,0.9770,0.6441
peak_tonal_db6,1394,1581,StarWars,106,1,1,0.3942,1.1123,0.5169
peak_tonal_db6,1394,3427,Hakuna,106,0,1,0.6519,1.1662,0.4010
peak_tonal_db6,1394,4075,Hakuna,106,0,1,0.5939,1.1409,0.4550
peak_tonal_db6,1395,0145,Potter,141,0,1,0.7316,2.3330,0.3405
peak_tonal_db6,1395,0620,Potter,141,0,1,0.4467,2.1279,0.4023
peak_tonal_db6,1395,1636,StarWars,141,1,1,0.7776,1.8925,0.5558
peak_tonal_db6,1395,1652,StarWars,141,1,1,0.7261,1.7676,0.6195
peak_tonal_db6,1395,3687,Hakuna,141,0,1,0.7169,2.0164,0.3441
peak_tonal_db6,1395,3895,Hakuna,141,0,1,0.7132,1.7593,0.6583
peak_tonal_db6,1397,0186,Potter,22,0,1,1.0231,2.1598,0.4764
peak_tonal_db6,1397,1340,StarWars,22,1,1,1.0019,1.2652,0.8786
peak_tonal_db6,1397,3791,Hakuna,22,0,1,1.0423,1.8011,0.7098
peak_tonal_db6,1397,3834,Hakuna,22,0,1,1.0462,1.7135,0.7385
peak_tonal_db6,1401,1030,StarWars,212,1,1,0.7231,2.6562,0.6324
peak_tonal_db6,1401,1646,StarWars,212,1,1,0.8376,2.8489,0.5090
peak_tonal_db6,1401,3761,Hakuna,212,0,1,0.7350,2.9461,0.4680
peak_tonal_db6,1401,3907,Hakuna,212,0,1,0.8000,2.7950,0.6337
peak_tonal_db6,1407,0271,Potter,121,0,1,0.9170,2.2495,0.4698
peak_tonal_db6,1407,0416,Potter,121,0,1,0.7469,2.1432,0.4402
peak_tonal_db6,1407,0852,StarWars,121,1,1,0.9274,1.4654,0.8913
peak_tonal_db6,1407,1525,StarWars,121,1,1,0.8859,1.4137,0.8373
peak_tonal_db6,1407,3647,Hakuna,121,0,1,0.8672,2.3181,0.4206
peak_tonal_db6,1407,4058,Hakuna,121,0,1,0.8859,2.2467,0.4850
peak_tonal_db6,1414,0427,Potter,174,0,1,0.8269,2.3745,0.6167
peak_tonal_db6,1414,0577,Potter,174,0,1,0.9028,2.9302,0.3873
peak_tonal_db6,1414,1403,StarWars,174,1,1,0.7332,1.5421,0.8771
peak_tonal_db6,1414,1502,StarWars,174,1,1,0.9629,1.4940,0.9180
peak_tonal_db6,1414,3424,Hakuna,174,0,1,0.7650,1.5174,0.8573
peak_tonal_db6,1414,4122,Hakuna,174,0,1,0.6025,1.9689,0.8241
peak_tonal_db6,1416,0394,Potter,215,0,1,0.9927,4.2590,0.2203
peak_tonal_db6,1416,0975,StarWars,215,1,1,0.8154,1.4121,0.8758
peak_tonal_db6,1416,1423,StarWars,215,1,1,0.9201,0.7365,0.9826
peak_tonal_db6,1416,3480,Hakuna,215,0,1,0.8256,2.8165,0.6580
peak_tonal_db6,1416,3858,Hakuna,215,0,1,0.8721,2.8963,0.6315
peak_tonal_db6,1417,0073,Potter,189,0,1,0.6833,2.4955,0.5720
peak_tonal_db6,1417,0298,Potter,189,0,1,0.7935,2.0437,0.6792
peak_tonal_db6,1417,1251,StarWars,189,1,1,0.8399,1.2209,0.9111
peak_tonal_db6,1417,1497,StarWars,189,1,1,0.8761,1.0458,0.9309
peak_tonal_db6,1417,3342,Hakuna,189,0,1,0.8382,2.1079,0.5113
peak_tonal_db6,1419,0196,Potter,232,0,1,0.9649,1.7769,0.7009
peak_tonal_db6,1419,0603,Potter,232,0,1,1.1072,1.6470,0.6792
peak_tonal_db6,1419,0917,StarWars,232,1,1,1.2124,0.8552,0.9007
peak_tonal_db6,1419,1278,StarWars,232,1,1,1.0598,0.8693,0.9208
peak_tonal_db6,1419,3541,Hakuna,232,0,1,1.0103,1.8788,0.6077
peak_tonal_db6,1419,4111,Hakuna,232,0,1,1.0454,1.8773,0.6142
peak_tonal_db6,1422,0168,Potter,198,0,1,0.2546,1.3878,0.4881
peak_tonal_db6,1422,0461,Potter,198,0,1,0.8153,1.3697,0.4543
peak_tonal_db6,1422,1354,StarWars,198,1,1,0.1614,1.4603,0.4702
peak_tonal_db6,1422,1535,StarWars,198,1,1,0.2263,1.4885,0.3011
peak_tonal_db6,1422,3607,Hakuna,198,0,1,0.5291,1.4605,0.3217
peak_tonal_db6,1422,4013,Hakuna,198,0,1,0.3278,1.1452,0.6404
peak_tonal_db6,1424,0206,Potter,84,0,1,0.7956,4.1924,-0.2661
peak_tonal_db6,1424,1341,StarWars,84,1,1,0.8601,2.1670,0.8323
peak_tonal_db6,1424,1504,StarWars,84,1,1,0.7736,2.7535,0.4321
peak_tonal_db6,1426,0997,StarWars,135,1,1,0.9000,1.7959,0.6888
peak_tonal_db6,1426,1195,StarWars,135,1,1,1.0820,1.8877,0.6717
peak_tonal_db6,1426,3501,Hakuna,135,0,1,0.6560,1.9828,0.3450
peak_tonal_db6,1426,4070,Hakuna,135,0,1,0.8660,2.0314,0.3775
peak_tonal_db6,1427,0484,Potter,162,0,1,0.7500,2.6069,0.6075
peak_tonal_db6,1427,0599,Potter,162,0,1,0.8259,2.1782,0.6387
peak_tonal_db6,1427,1508,StarWars,162,1,1,0.7741,1.2824,0.9267
peak_tonal_db6,1427,1606,StarWars,162,1,1,0.8155,0.5609,0.9797
peak_tonal_db6,1429,0489,Potter,87,0,1,0.9034,1.5498,0.4297
peak_tonal_db6,1429,0684,Potter,87,0,1,0.7983,1.5802,0.4692
peak_tonal_db6,1429,1090,StarWars,87,1,1,0.8103,1.1403,0.7393
peak_tonal_db6,1429,1460,StarWars,87,1,1,0.8500,1.2254,0.7245
peak_tonal_db6,1429,3341,Hakuna,87,0,1,0.8000,1.3755,0.4673
peak_tonal_db6,1429,3728,Hakuna,87,0,1,0.7724,1.4015,0.4428
peak_tonal_db6,1440,0071,Potter,109,0,1,0.9109,2.6349,0.5443
peak_tonal_db6,1440,0388,Potter,109,0,1,0.9773,3.4419,0.2899
peak_tonal_db6,1440,0986,StarWars,109,1,1,0.8817,0.9215,0.9655
peak_tonal_db6,1440,1078,StarWars,109,1,1,0.9417,0.7026,0.9733
peak_tonal_db6,1440,3457,Hakuna,109,0,1,0.7245,3.2585,0.3258
peak_tonal_db6,1440,3837,Hakuna,109,0,1,0.6694,3.2811,0.2973
peak_tonal_db6,1441,0004,Potter,160,0,1,0.6472,2.0502,0.5750
peak_tonal_db6,1441,0517,Potter,160,0,1,0.5415,2.2159,0.4094
peak_tonal_db6,1441,1390,StarWars,160,1,1,0.7317,2.3434,0.2020
peak_tonal_db6,1441,1641,StarWars,160,1,1,0.7154,2.2394,0.2621
peak_tonal_db6,1441,3786,Hakuna,160,0,1,0.5967,1.8873,0.5899
peak_tonal_db6,1441,3994,Hakuna,160,0,1,0.5886,1.8720,0.6902
peak_tonal_db6,1443,0649,Potter,197,0,1,0.8168,3.4206,0.5193
peak_tonal_db6,1443,0688,Potter,197,0,1,0.9145,2.8799,0.6646
peak_tonal_db6,1443,0921,StarWars,197,1,1,0.8674,1.4357,0.8907
peak_tonal_db6,1443,1322,StarWars,197,1,1,0.6754,1.5063,0.8253
peak_tonal_db6,1443,3512,Hakuna,197,0,1,0.7871,3.0445,0.6792
peak_tonal_db6,1443,3851,Hakuna,197,0,1,0.7993,3.0313,0.6938
peak_tonal_db6,1447,0508,Potter,120,0,1,1.1290,2.6549,0.6425
peak_tonal_db6,1447,0559,Potter,120,0,1,1.0832,2.5044,0.7181
peak_tonal_db6,1447,0878,StarWars,120,1,1,0.9219,2.1946,0.7356
peak_tonal_db6,1447,1449,StarWars,120,1,1,0.9321,2.1257,0.7338
peak_tonal_db6,1447,3503,Hakuna,120,0,1,0.6384,3.7133,0.3511
peak_tonal_db6,1447,3549,Hakuna,120,0,1,0.7029,3.8388,0.3075
peak_tonal_db6,1453,0136,Potter,144,0,1,0.5931,2.6491,0.6611
peak_tonal_db6,1453,0330,Potter,144,0,1,0.5874,3.2906,0.4906
peak_tonal_db6,1453,1216,StarWars,144,1,1,0.5702,3.0920,0.6423
peak_tonal_db6,1453,1421,StarWars,144,1,1,0.5989,2.9318,0.6601
peak_tonal_db6,1453,3420,Hakuna,144,0,1,0.5444,3.5592,0.0731
peak_tonal_db6,1453,3673,Hakuna,144,0,1,0.5401,3.3985,0.2785
peak_tonal_db6,1455,0140,Potter,175,0,1,0.6722,2.8103,0.4717
peak_tonal_db6,1455,0758,Potter,175,0,1,0.8039,2.4936,0.3440
peak_tonal_db6,1455,1428,StarWars,175,1,1,0.7036,2.6451,0.4737
peak_tonal_db6,1455,1599,StarWars,175,1,1,0.7410,2.6449,0.3575
peak_tonal_db6,1458,0076,Potter,30,0,1,0.5526,2.8454,0.5336
peak_tonal_db6,1458,0151,Potter,30,0,1,0.6205,2.7958,0.5517
peak_tonal_db6,1458,1101,StarWars,30,1,1,0.7403,1.3933,0.9183
peak_tonal_db6,1458,1369,StarWars,30,1,1,0.6871,1.1823,0.8717
peak_tonal_db6,1458,3443,Hakuna,30,0,1,0.5792,2.8881,0.4886
peak_tonal_db6,1458,3694,Hakuna,30,0,1,0.5379,3.1246,0.4939
peak_tonal_db6,1466,3474,Hakuna,82,0,1,0.7752,2.9660,0.5509
peak_tonal_db6,1466,3654,Hakuna,82,0,1,0.8321,3.1557,0.2001
peak_tonal_db6,1467,0254,Potter,129,0,1,1.5180,1.4266,0.8110
peak_tonal_db6,1467,0554,Potter,129,0,1,1.5202,1.5428,0.8137
peak_tonal_db6,1467,1014,StarWars,129,1,1,0.8599,0.6435,0.9529
peak_tonal_db6,1467,1167,StarWars,129,1,1,0.7962,0.6885,0.9594
peak_tonal_db6,1467,3576,Hakuna,129,0,1,0.7898,1.5350,0.7741
peak_tonal_db6,1467,3651,Hakuna,129,0,1,0.7665,1.4103,0.7937
peak_tonal_db6,1469,0408,Potter,145,0,1,0.7707,4.7762,0.0219
peak_tonal_db6,1469,0619,Potter,145,0,1,0.8238,3.2010,0.4861
peak_tonal_db6,1469,0956,StarWars,145,1,1,0.9313,1.5066,0.9208
peak_tonal_db6,1469,1199,StarWars,145,1,1,0.9417,1.3267,0.9280
peak_tonal_db6,1469,3712,Hakuna,145,0,1,0.7953,3.3519,0.3839
peak_tonal_db6,1469,3793,Hakuna,145,0,1,0.8497,3.4184,0.3331
peak_tonal_db6,1470,0762,Potter,69,0,1,0.5757,1.9223,0.6759
peak_tonal_db6,1470,0771,Potter,69,0,1,1.0174,1.9809,0.5962
peak_tonal_db6,1470,1323,StarWars,69,1,1,0.7319,1.9374,0.6421
peak_tonal_db6,1470,1496,StarWars,69,1,1,0.5647,1.8390,0.6351
peak_tonal_db6,1470,3410,Hakuna,69,0,1,0.7050,2.3723,0.0621
peak_tonal_db6,1470,3782,Hakuna,69,0,1,0.6278,1.8616,0.5636
peak_tonal_db6,1474,0194,Potter,169,0,1,0.7586,2.4413,0.5696
peak_tonal_db6,1474,0728,Potter,169,0,1,0.8000,2.2240,0.6705
peak_tonal_db6,1474,0848,StarWars,169,1,1,0.8342,2.5305,0.6144
peak_tonal_db6,1474,1533,StarWars,169,1,1,0.7892,2.7544,0.4270
peak_tonal_db6,1474,3399,Hakuna,169,0,1,0.8378,2.6092,0.4845
peak_tonal_db6,1474,3605,Hakuna,169,0,1,0.7604,2.6535,0.4101
peak_tonal_db6,1479,0489,Potter,87,0,1,0.9391,1.5059,0.3860
peak_tonal_db6,1479,0684,Potter,87,0,1,0.8297,1.6997,0.3436
peak_tonal_db6,1479,1090,StarWars,87,1,1,0.8423,1.2572,0.6494
peak_tonal_db6,1479,1460,StarWars,87,1,1,0.8835,1.2444,0.6503
peak_tonal_db6,1479,3341,Hakuna,87,0,1,0.8315,1.4813,0.2996
peak_tonal_db6,1479,3728,Hakuna,87,0,1,0.8029,1.5605,0.3434
peak_tonal_db6,1484,0756,Potter,219,0,1,0.6843,2.5362,0.4131
peak_tonal_db6,1484,0805,Potter,219,0,1,0.9141,2.5846,0.4239
peak_tonal_db6,1484,0988,StarWars,219,1,1,0.9773,2.7421,0.2898
peak_tonal_db6,1484,1255,StarWars,219,1,1,0.8965,2.6703,0.5326
peak_tonal_db6,1484,3355,Hakuna,219,0,1,0.8485,2.7867,0.1909
peak_tonal_db6,1484,3635,Hakuna,219,0,1,1.0076,2.9453,-0.0335
peak_tonal_db6,1485,0377,Potter,234,0,1,0.8931,2.8940,0.6172
peak_tonal_db6,1485,0406,Potter,234,0,1,0.9881,2.7528,0.6588
peak_tonal_db6,1485,0906,StarWars,234,1,1,0.9941,1.3368,0.9145
peak_tonal_db6,1485,3484,Hakuna,234,0,1,0.8535,2.3822,0.7130
peak_tonal_db6,1485,3975,Hakuna,234,0,1,0.9129,2.5156,0.7267
peak_tonal_db6,1486,0311,Potter,218,0,1,0.8863,3.2396,0.5835
peak_tonal_db6,1486,0518,Potter,218,0,1,0.7852,2.5544,0.7458
peak_tonal_db6,1486,0994,StarWars,218,1,1,0.9495,1.7447,0.8724
peak_tonal_db6,1486,1220,StarWars,218,1,1,0.8285,2.2957,0.7791
peak_tonal_db6,1486,3475,Hakuna,218,0,1,0.9585,2.8367,0.6197
peak_tonal_db6,1486,3521,Hakuna,218,0,1,0.9819,2.5884,0.7330
peak_tonal_db6,1488,0651,Potter,97,0,1,1.1300,3.0573,0.5144
peak_tonal_db6,1488,0706,Potter,97,0,1,1.0745,2.5600,0.6072
peak_tonal_db6,1488,1313,StarWars,97,1,1,0.9827,1.5865,0.9108
peak_tonal_db6,1488,1418,StarWars,97,1,1,0.9636,1.1831,0.9429
peak_tonal_db6,1488,3631,Hakuna,97,0,1,0.9411,3.1303,0.6136
peak_tonal_db6,1488,3919,Hakuna,97,0,1,1.0052,3.3405,0.5719
peak_tonal_db6,1489,0019,Potter,73,0,1,0.5024,2.9865,0.4094
peak_tonal_db6,1489,0078,Potter,73,0,1,0.7305,2.9912,0.5943
peak_tonal_db6,1489,1154,StarWars,73,1,1,0.5598,2.8689,0.7211
peak_tonal_db6,1489,1359,StarWars,73,1,1,0.6603,3.0397,0.6542
peak_tonal_db6,1489,3857,Hakuna,73,0,1,0.5933,3.3231,0.5214
peak_tonal_db6,1492,0124,Potter,58,0,1,0.9492,1.7441,0.5585
peak_tonal_db6,1492,0467,Potter,58,0,1,0.9672,1.6772,0.5889
peak_tonal_db6,1492,1178,StarWars,58,1,1,0.8852,1.0963,0.8366
peak_tonal_db6,1492,1262,StarWars,58,1,1,0.8934,1.0849,0.8531
peak_tonal_db6,1492,3556,Hakuna,58,0,1,0.6902,1.4985,0.6047
peak_tonal_db6,1492,3668,Hakuna,58,0,1,0.7033,1.4588,0.6239
peak_tonal_db6,1500,0182,Potter,61,0,1,1.0685,1.8806,0.6853
peak_tonal_db6,1500,0336,Potter,61,0,1,0.8027,2.8507,0.1278
peak_tonal_db6,1500,1236,StarWars,61,1,1,0.4904,2.0906,0.6181
peak_tonal_db6,1500,1318,StarWars,61,1,1,0.8164,1.8323,0.7677
peak_tonal_db6,1500,3492,Hakuna,61,0,1,0.5096,1.9261,0.6088
peak_tonal_db6,1500,3524,Hakuna,61,0,1,0.4082,2.6292,0.2012
peak_tonal_db6,1503,0282,Potter,8,0,1,1.1722,1.6067,0.5193
peak_tonal_db6,1503,0802,Potter,8,0,1,1.0147,1.5309,0.5401
peak_tonal_db6,1503,1046,StarWars,8,1,1,0.8956,1.5704,0.5989
peak_tonal_db6,1503,1667,StarWars,8,1,1,0.9139,1.5388,0.6881
peak_tonal_db6,1503,3795,Hakuna,8,0,1,0.8040,1.5991,0.5132
peak_tonal_db6,1503,4144,Hakuna,8,0,1,0.8059,1.6117,0.5551
peak_tonal_db6,1505,0397,Potter,20,0,1,0.8113,2.7026,0.4914
peak_tonal_db6,1505,0513,Potter,20,0,1,0.6792,2.1469,0.6558
peak_tonal_db6,1505,1297,StarWars,20,1,1,0.7841,2.9034,0.3501
peak_tonal_db6,1505,1582,StarWars,20,1,1,0.7212,1.5447,0.8407
peak_tonal_db6,1505,3642,Hakuna,20,0,1,0.8574,2.0662,0.7551
peak_tonal_db6,1505,3992,Hakuna,20,0,1,0.8092,2.0054,0.7739
peak_tonal_db6,1511,0198,Potter,67,0,1,1.3881,2.4990,0.4893
peak_tonal_db6,1511,0369,Potter,67,0,1,1.2024,2.1271,0.6754
peak_tonal_db6,1511,1298,StarWars,67,1,1,1.2810,1.5270,0.7387
peak_tonal_db6,1511,1326,StarWars,67,1,1,1.1952,2.0400,0.7109
peak_tonal_db6,1511,3412,Hakuna,67,0,1,0.9071,1.7630,0.7472
peak_tonal_db6,1511,3447,Hakuna,67,0,1,0.9381,1.5962,0.8053
peak_tonal_db6,1513,3474,Hakuna,82,0,1,0.8045,2.8488,0.5361
peak_tonal_db6,1513,3654,Hakuna,82,0,1,0.8636,3.0867,0.2895
peak_tonal_db6,1514,0155,Potter,76,0,1,0.6952,1.4464,0.6464
peak_tonal_db6,1514,0584,Potter,76,0,1,0.6537,1.1264,0.7866
peak_tonal_db6,1514,1381,StarWars,76,1,1,0.6257,1.3557,0.7153
peak_tonal_db6,1514,1445,StarWars,76,1,1,0.6992,1.8723,0.4571
peak_tonal_db6,1514,3706,Hakuna,76,0,1,0.6952,1.1895,0.7842
peak_tonal_db6,1514,4048,Hakuna,76,0,1,0.7406,1.3508,0.7289
peak_tonal_db6,1515,0236,Potter,170,0,1,0.6678,2.2155,-0.0234
peak_tonal_db6,1515,0668,Potter,170,0,1,0.9841,1.8043,0.3997
peak_tonal_db6,1515,1565,StarWars,170,1,1,1.0035,1.7965,0.6085
peak_tonal_db6,1515,3482,Hakuna,170,0,1,0.5989,1.9003,0.3754
peak_tonal_db6,1515,4088,Hakuna,170,0,1,0.5989,2.0401,0.2073
peak_tonal_db6,1517,0732,Potter,150,0,1,0.8923,3.0379,0.4270
peak_tonal_db6,1517,0825,Potter,150,0,1,1.1607,2.8796,0.4899
peak_tonal_db6,1517,0844,StarWars,150,1,1,1.0667,0.8296,0.9574
peak_tonal_db6,1517,1510,StarWars,150,1,1,1.0188,1.1058,0.8344
peak_tonal_db6,1517,3493,Hakuna,150,0,1,0.9641,2.6709,0.5523
peak_tonal_db6,1517,3767,Hakuna,150,0,1,0.9094,2.7179,0.4747
peak_tonal_db6,1520,0158,Potter,98,0,1,0.7973,1.8152,0.2374
peak_tonal_db6,1520,0450,Potter,98,0,1,0.7856,1.3309,0.7454
peak_tonal_db6,1520,0904,StarWars,98,1,1,0.4188,3.1784,0.2366
peak_tonal_db6,1520,1654,StarWars,98,1,1,0.6750,1.6146,0.4946
peak_tonal_db6,1520,3835,Hakuna,98,0,1,0.5611,1.5094,0.5700
peak_tonal_db6,1520,3993,Hakuna,98,0,1,0.4305,2.4519,0.3606
peak_tonal_db6,1521,0713,Potter,3,0,1,0.4139,2.8241,0.4174
peak_tonal_db6,1521,0748,Potter,3,0,1,0.3656,2.9253,0.4346
peak_tonal_db6,1521,0974,StarWars,3,1,1,0.4819,2.1263,0.7275
peak_tonal_db6,1524,0613,Potter,137,0,1,0.9461,2.5895,0.7134
peak_tonal_db6,1524,0788,Potter,137,0,1,0.8728,3.4031,0.3255
peak_tonal_db6,1524,1163,StarWars,137,1,1,0.9892,1.6206,0.8472
peak_tonal_db6,1524,1177,StarWars,137,1,1,1.0388,1.5476,0.8994
peak_tonal_db6,1524,3594,Hakuna,137,0,1,1.1336,2.7817,0.6185
peak_tonal_db6,1524,3944,Hakuna,137,0,1,1.0345,2.9594,0.5768
peak_tonal_db6,1531,0808,Potter,171,0,1,1.3647,1.6360,0.6101
peak_tonal_db6,1531,1079,StarWars,171,1,1,1.3718,1.2280,0.7397
peak_tonal_db6,1531,1112,StarWars,171,1,1,1.2306,1.6653,0.6561
peak_tonal_db6,1532,0038,Potter,207,0,1,1.2505,3.2396,0.5153
peak_tonal_db6,1532,0672,Potter,207,0,1,1.2361,3.1439,0.6086
peak_tonal_db6,1532,1206,StarWars,207,1,1,1.0329,1.1898,0.9321
peak_tonal_db6,1532,1265,StarWars,207,1,1,0.9877,1.3470,0.8069
peak_tonal_db6,1532,3446,Hakuna,207,0,1,1.0739,2.7726,0.6499
peak_tonal_db6,1532,3565,Hakuna,207,0,1,1.0308,2.8022,0.6351
peak_tonal_db6,1534,0295,Potter,83,0,1,1.2198,3.8433,0.2929
peak_tonal_db6,1534,0648,Potter,83,0,1,1.3327,3.5814,0.4350
peak_tonal_db6,1534,1165,StarWars,83,1,1,1.2535,2.4960,0.7698
peak_tonal_db6,1534,1491,StarWars,83,1,1,1.2515,1.2031,0.9236
peak_tonal_db6,1534,3452,Hakuna,83,0,1,1.0594,3.2111,0.6770
peak_tonal_db6,1534,4101,Hakuna,83,0,1,1.0238,3.1511,0.6383
peak_tonal_db6,1538,0076,Potter,30,0,1,0.5468,3.2003,0.5596
peak_tonal_db6,1538,0151,Potter,30,0,1,0.6140,3.1791,0.5325
peak_tonal_db6,1538,1101,StarWars,30,1,1,0.7325,1.8558,0.8551
peak_tonal_db6,1538,1369,StarWars,30,1,1,0.6798,1.9585,0.7495
peak_tonal_db6,1538,3443,Hakuna,30,0,1,0.5731,3.1017,0.5181
peak_tonal_db6,1538,3694,Hakuna,30,0,1,0.5323,3.3446,0.4600
peak_tonal_db6,1539,0470,Potter,91,0,1,1.1934,1.4501,0.4186
peak_tonal_db6,1539,0596,Potter,91,0,1,1.3282,1.1604,0.4711
peak_tonal_db6,1539,1006,StarWars,91,1,1,1.1196,0.9927,0.5055
peak_tonal_db6,1539,1366,StarWars,91,1,1,1.3613,1.0364,0.5464
peak_tonal_db6,1539,3411,Hakuna,91,0,1,1.0331,1.3151,0.3194
peak_tonal_db6,1539,3440,Hakuna,91,0,1,1.0076,1.4233,0.2025
peak_tonal_db6,1542,0356,Potter,196,0,1,0.9135,2.4305,0.7469
peak_tonal_db6,1542,0686,Potter,196,0,1,0.8381,2.5145,0.7339
peak_tonal_db6,1542,0907,StarWars,196,1,1,0.8115,1.3359,0.8515
peak_tonal_db6,1542,1611,StarWars,196,1,1,0.7894,1.2603,0.8387
peak_tonal_db6,1542,4056,Hakuna,196,0,1,0.8381,3.6747,0.4969
peak_tonal_db6,1542,4082,Hakuna,196,0,1,0.8825,3.6081,0.5059
peak_tonal_db6,1544,0239,Potter,59,0,1,0.6591,2.6469,0.5060
peak_tonal_db6,1544,0798,Potter,59,0,1,0.4843,2.4810,0.5532
peak_tonal_db6,1544,0923,StarWars,59,1,1,0.3147,2.6600,0.5121
peak_tonal_db6,1544,1246,StarWars,59,1,1,0.4720,2.6593,0.4842
peak_tonal_db6,1544,3956,Hakuna,59,0,1,0.3881,2.7469,0.3690
peak_tonal_db6,1544,4124,Hakuna,59,0,1,0.4196,2.7475,0.4512
peak_tonal_db6,1545,0699,Potter,154,0,1,0.4479,1.6801,0.5982
peak_tonal_db6,1545,0790,Potter,154,0,1,0.5157,1.6547,0.6315
peak_tonal_db6,1545,1008,StarWars,154,1,1,0.2678,1.3990,0.6859
peak_tonal_db6,1545,1152,StarWars,154,1,1,0.3702,1.0097,0.7773
peak_tonal_db6,1545,3375,Hakuna,154,0,1,0.4529,2.2028,0.3271
peak_tonal_db6,1545,3762,Hakuna,154,0,1,0.6463,1.6058,0.6046
peak_tonal_db6,1546,0282,Potter,8,0,1,1.2008,1.5210,0.6199
peak_tonal_db6,1546,0802,Potter,8,0,1,1.0394,1.5899,0.5774
peak_tonal_db6,1546,1046,StarWars,8,1,1,0.9174,1.6412,0.5582
peak_tonal_db6,1546,1667,StarWars,8,1,1,0.9362,1.5978,0.5533
peak_tonal_db6,1546,3795,Hakuna,8,0,1,0.8236,1.5442,0.6140
peak_tonal_db6,1546,4144,Hakuna,8,0,1,0.8255,1.6179,0.4967
peak_tonal_db6,1550,0019,Potter,73,0,1,0.5181,2.9718,0.5875
peak_tonal_db6,1550,0078,Potter,73,0,1,0.7533,3.2138,0.5858
peak_tonal_db6,1550,1154,StarWars,73,1,1,0.5773,3.0383,0.6611
peak_tonal_db6,1550,1359,StarWars,73,1,1,0.6809,3.1748,0.6073
peak_tonal_db6,1550,3857,Hakuna,73,0,1,0.6118,3.4976,0.6270
peak_tonal_db6,1552,0004,Potter,160,0,1,0.5768,1.5454,0.6260
peak_tonal_db6,1552,0517,Potter,160,0,1,0.4826,1.5944,0.4824
peak_tonal_db6,1552,1390,StarWars,160,1,1,0.6522,1.7740,0.5006
peak_tonal_db6,1552,1641,StarWars,160,1,1,0.6377,1.7117,0.5781
peak_tonal_db6,1552,3786,Hakuna,160,0,1,0.5319,1.5619,0.5460
peak_tonal_db6,1552,3994,Hakuna,160,0,1,0.5246,1.5034,0.6150
peak_tonal_db6,1554,0373,Potter,122,0,1,0.9295,2.4171,0.5721
peak_tonal_db6,1554,0547,Potter,122,0,1,0.8702,2.3572,0.5457
peak_tonal_db6,1554,1408,StarWars,122,1,1,0.7949,2.0558,0.7156
peak_tonal_db6,1554,1495,StarWars,122,1,1,0.7083,1.9886,0.7498
peak_tonal_db6,1554,3595,Hakuna,122,0,1,0.8125,1.9465,0.7397
peak_tonal_db6,1554,3655,Hakuna,122,0,1,0.7628,1.6991,0.7427
peak_tonal_db6,1555,0295,Potter,83,0,1,1.2150,3.5064,0.2743
peak_tonal_db6,1555,0648,Potter,83,0,1,1.3274,3.3370,0.4197
peak_tonal_db6,1555,1165,StarWars,83,1,1,1.2485,2.3118,0.7336
peak_tonal_db6,1555,1491,StarWars,83,1,1,1.2465,1.3048,0.8517
peak_tonal_db6,1555,3452,Hakuna,83,0,1,1.0552,3.6455,0.3514
peak_tonal_db6,1555,4101,Hakuna,83,0,1,1.0197,3.7504,0.3519
peak_tonal_db6,1557,0595,Potter,26,0,1,0.7542,1.2572,0.4790
peak_tonal_db6,1557,0768,Potter,26,0,1,0.7119,1.3620,0.2053
peak_tonal_db6,1557,1087,StarWars,26,1,1,0.5487,1.2301,0.4850
peak_tonal_db6,1557,1132,StarWars,26,1,1,0.4364,1.3134,0.2179
peak_tonal_db6,1557,3392,Hakuna,26,0,1,0.2733,1.3421,0.4933
peak_tonal_db6,1557,4137,Hakuna,26,0,1,0.3644,1.1562,0.5034
peak_tonal_db6,1563,0005,Potter,216,0,1,0.7718,2.8564,0.5640
peak_tonal_db6,1563,0036,Potter,216,0,1,0.9091,3.3484,0.2065
peak_tonal_db6,1563,3704,Hakuna,216,0,1,0.6178,3.0031,0.5866
peak_tonal_db6,1563,3876,Hakuna,216,0,1,0.7347,3.4018,0.3061
peak_tonal_db6,1566,0286,Potter,47,0,1,0.6752,2.0670,0.5698
peak_tonal_db6,1566,0443,Potter,47,0,1,0.5703,1.8754,0.6031
peak_tonal_db6,1566,1258,StarWars,47,1,1,0.7881,1.4698,0.8209
peak_tonal_db6,1566,1300,StarWars,47,1,1,0.5624,1.6375,0.7574
peak_tonal_db6,1566,4019,Hakuna,47,0,1,0.8337,1.8997,0.6036
peak_tonal_db6,1566,4044,Hakuna,47,0,1,0.8911,1.8214,0.5894
peak_tonal_db6,1567,0187,Potter,214,0,1,0.6982,1.9931,0.5298
peak_tonal_db6,1567,0702,Potter,214,0,1,0.8241,2.2264,0.4329
peak_tonal_db6,1567,1540,StarWars,214,1,1,0.6601,1.9226,0.5952
peak_tonal_db6,1567,1618,StarWars,214,1,1,0.7822,1.3025,0.7956
peak_tonal_db6,1567,3941,Hakuna,214,0,1,0.7520,2.3257,0.2103
peak_tonal_db6,1567,4078,Hakuna,214,0,1,0.7467,2.0564,0.4079
peak_tonal_db6,1568,0553,Potter,0,0,1,1.0253,1.9425,0.7516
peak_tonal_db6,1568,0590,Potter,0,0,1,1.1147,1.7503,0.7313
peak_tonal_db6,1568,0915,StarWars,0,1,1,0.7234,0.9521,0.9309
peak_tonal_db6,1568,1140,StarWars,0,1,1,0.6762,0.7881,0.9267
peak_tonal_db6,1568,3690,Hakuna,0,0,1,0.9562,2.4984,0.4154
peak_tonal_db6,1568,4031,Hakuna,0,0,1,0.9629,2.0217,0.5424
peak_tonal_db6,1571,0708,Potter,9,0,1,0.6319,2.0504,0.5200
peak_tonal_db6,1571,0757,Potter,9,0,1,0.7580,2.1496,0.3464
peak_tonal_db6,1571,1280,StarWars,9,1,1,0.4924,2.0170,0.5112
peak_tonal_db6,1571,1463,StarWars,9,1,1,0.5345,1.8252,0.6057
peak_tonal_db6,1571,3431,Hakuna,9,0,1,0.2824,1.6633,0.6521
peak_tonal_db6,1571,3525,Hakuna,9,0,1,0.3294,1.8265,0.6474
peak_tonal_db6,1573,0386,Potter,184,0,1,0.9767,2.6345,0.5815
peak_tonal_db6,1573,0729,Potter,184,0,1,1.0116,2.4326,0.7071
peak_tonal_db6,1573,0887,StarWars,184,1,1,0.7754,1.2006,0.9367
peak_tonal_db6,1573,3612,Hakuna,184,0,1,0.7571,2.9583,0.4654
peak_tonal_db6,1573,3844,Hakuna,184,0,1,0.7737,2.8111,0.4505
peak_tonal_db6,1576,1030,StarWars,212,1,1,0.7331,1.9719,0.7226
peak_tonal_db6,1576,1646,StarWars,212,1,1,0.8492,2.0507,0.7240
peak_tonal_db6,1576,3761,Hakuna,212,0,1,0.7452,2.3063,0.3712
peak_tonal_db6,1576,3907,Hakuna,212,0,1,0.8111,2.2208,0.4584
peak_tonal_db6,1580,0557,Potter,195,0,1,1.0973,1.6718,0.6775
peak_tonal_db6,1580,3854,Hakuna,195,0,1,1.0566,1.7185,0.7329
peak_tonal_db6,1580,4036,Hakuna,195,0,1,1.0769,1.9614,0.5133
peak_tonal_db6,1583,0319,Potter,54,0,1,0.8640,3.0341,0.6411
peak_tonal_db6,1583,0573,Potter,54,0,1,0.8767,2.9693,0.6435
peak_tonal_db6,1583,0885,StarWars,54,1,1,0.8755,1.1211,0.9675
peak_tonal_db6,1583,1561,StarWars,54,1,1,0.7459,2.2433,0.8791
peak_tonal_db6,1583,3395,Hakuna,54,0,1,0.7764,2.6952,0.6421
peak_tonal_db6,1583,3880,Hakuna,54,0,1,0.7294,2.7183,0.6652
peak_tonal_db6,1584,0057,Potter,60,0,1,0.7595,2.0161,0.5866
peak_tonal_db6,1584,0348,Potter,60,0,1,0.7347,2.0469,0.7141
peak_tonal_db6,1587,0370,Potter,153,0,1,0.8206,1.2784,0.5405
peak_tonal_db6,1587,0710,Potter,153,0,1,0.8587,1.3845,0.5546
peak_tonal_db6,1587,0882,StarWars,153,1,1,0.8937,0.7813,0.8451
peak_tonal_db6,1587,1138,StarWars,153,1,1,0.7667,1.0431,0.7088
peak_tonal_db6,1587,3534,Hakuna,153,0,1,0.9349,1.0826,0.7282
peak_tonal_db6,1587,3689,Hakuna,153,0,1,0.8444,1.1546,0.6283
peak_tonal_db6,1591,0713,Potter,3,0,1,0.3838,3.6292,0.4637
peak_tonal_db6,1591,0748,Potter,3,0,1,0.3389,3.6446,0.3673
peak_tonal_db6,1591,0974,StarWars,3,1,1,0.4468,2.8832,0.7474
peak_tonal_db6,1593,0075,Potter,55,0,1,0.8102,1.5753,0.6745
peak_tonal_db6,1593,0785,Potter,55,0,1,0.7573,1.5460,0.6532
peak_tonal_db6,1593,1160,StarWars,55,1,1,0.6807,1.2872,0.7436
peak_tonal_db6,1593,1648,StarWars,55,1,1,0.9891,1.2344,0.6946
peak_tonal_db6,1593,3887,Hakuna,55,0,1,0.9033,1.4616,0.6725
peak_tonal_db6,1593,4060,Hakuna,55,0,1,0.8084,1.6836,0.5698
peak_tonal_db6,1602,0372,Potter,128,0,1,0.6628,1.6638,0.8191
peak_tonal_db6,1602,0440,Potter,128,0,1,0.7140,2.1790,0.4912
peak_tonal_db6,1602,1334,StarWars,128,1,1,0.8581,1.5139,0.8760
peak_tonal_db6,1602,1570,StarWars,128,1,1,0.6279,1.5437,0.8037
peak_tonal_db6,1602,3882,Hakuna,128,0,1,0.7884,2.6031,0.4148
peak_tonal_db6,1602,4119,Hakuna,128,0,1,0.7860,2.3298,0.5178
peak_tonal_db6,1608,0437,Potter,40,0,1,0.9710,3.0103,0.6520
peak_tonal_db6,1608,0502,Potter,40,0,1,0.7582,4.1308,0.3099
peak_tonal_db6,1608,0892,StarWars,40,1,1,0.7814,1.6356,0.8837
peak_tonal_db6,1608,1600,StarWars,40,1,1,0.7563,1.4939,0.8481
peak_tonal_db6,1608,3966,Hakuna,40,0,1,0.8008,3.0491,0.6377
peak_tonal_db6,1608,4094,Hakuna,40,0,1,0.7273,3.1370,0.5778
peak_tonal_db6,1615,0246,Potter,190,0,1,0.7629,1.7550,0.6702
peak_tonal_db6,1615,0410,Potter,190,0,1,0.8235,1.6772,0.6747
peak_tonal_db6,1615,1077,StarWars,190,1,1,0.7326,1.6622,0.7174
peak_tonal_db6,1615,1085,StarWars,190,1,1,0.6506,1.5953,0.6937
peak_tonal_db6,1615,3625,Hakuna,190,0,1,0.7308,1.7886,0.7201
peak_tonal_db6,1615,3898,Hakuna,190,0,1,0.7843,1.7265,0.7130
peak_tonal_db6,1616,0582,Potter,57,0,1,0.7774,0.7429,0.6398
peak_tonal_db6,1616,0801,Potter,57,0,1,0.8023,0.6466,0.7396
peak_tonal_db6,1616,0985,StarWars,57,1,1,0.8156,0.7917,0.6021
peak_tonal_db6,1616,1249,StarWars,57,1,1,0.7608,0.9154,0.4553
peak_tonal_db6,1616,3745,Hakuna,57,0,1,1.2359,0.8480,0.4116
peak_tonal_db6,1616,3802,Hakuna,57,0,1,1.2326,0.7019,0.5757
peak_tonal_db6,1617,0158,Potter,98,0,1,0.8336,3.2214,0.3874
peak_tonal_db6,1617,0450,Potter,98,0,1,0.8214,3.1126,0.1502
peak_tonal_db6,1617,0904,StarWars,98,1,1,0.4378,4.2683,0.2365
peak_tonal_db6,1617,1654,StarWars,98,1,1,0.7058,2.6621,0.5420
peak_tonal_db6,1617,3835,Hakuna,98,0,1,0.5867,2.9434,0.5615
peak_tonal_db6,1617,3993,Hakuna,98,0,1,0.4501,3.7352,0.2913
peak_tonal_db6,1623,0350,Potter,72,0,1,0.7607,2.6645,0.5865
peak_tonal_db6,1623,0506,Potter,72,0,1,0.7385,2.3605,0.6039
peak_tonal_db6,1623,1215,StarWars,72,1,1,0.7242,1.3209,0.8198
peak_tonal_db6,1623,1478,StarWars,72,1,1,0.8811,3.5592,0.2967
peak_tonal_db6,1623,3666,Hakuna,72,0,1,0.6434,2.3217,0.5891
peak_tonal_db6,1623,4069,Hakuna,72,0,1,0.5911,2.2068,0.6239
peak_tonal_db6,1625,0057,Potter,60,0,1,0.7659,1.8501,0.4378
peak_tonal_db6,1625,0348,Potter,60,0,1,0.7408,1.6965,0.7008
peak_tonal_db6,1627,0732,Potter,150,0,1,0.9062,3.3204,0.4111
peak_tonal_db6,1627,0825,Potter,150,0,1,1.1788,2.8686,0.4773
peak_tonal_db6,1627,0844,StarWars,150,1,1,1.0833,0.8199,0.9531
peak_tonal_db6,1627,1510,StarWars,150,1,1,1.0347,1.5520,0.7373
peak_tonal_db6,1627,3493,Hakuna,150,0,1,0.9792,3.0922,0.4480
peak_tonal_db6,1627,3767,Hakuna,150,0,1,0.9236,2.9144,0.4737
peak_tonal_db6,1628,0055,Potter,200,0,1,0.7420,2.7075,0.6719
peak_tonal_db6,1628,0417,Potter,200,0,1,0.7043,2.3603,0.7376
peak_tonal_db6,1628,1015,StarWars,200,1,1,0.7587,2.4503,0.7630
peak_tonal_db6,1628,1626,StarWars,200,1,1,0.7141,3.0796,0.6218
peak_tonal_db6,1628,3586,Hakuna,200,0,1,0.5635,3.2674,0.4442
peak_tonal_db6,1628,3862,Hakuna,200,0,1,0.6165,3.0415,0.5707
peak_tonal_db6,1630,0538,Potter,16,0,1,0.1947,2.2503,0.7470
peak_tonal_db6,1630,0797,Potter,16,0,1,0.1649,2.8150,0.4757
peak_tonal_db6,1630,1261,StarWars,16,1,1,0.1579,3.6993,0.5304
peak_tonal_db6,1630,1522,StarWars,16,1,1,0.0947,2.8173,0.4288
peak_tonal_db6,1630,3846,Hakuna,16,0,1,0.8947,2.7821,0.4683
peak_tonal_db6,1630,4150,Hakuna,16,0,1,0.8842,2.6760,0.5315
peak_tonal_db6,1634,0713,Potter,3,0,1,0.3965,2.9771,0.5073
peak_tonal_db6,1634,0748,Potter,3,0,1,0.3502,2.9490,0.4943
peak_tonal_db6,1634,0974,StarWars,3,1,1,0.4616,2.1935,0.7821
peak_tonal_db6,1635,0425,Potter,5,0,1,0.8397,2.1802,0.6295
peak_tonal_db6,1635,0528,Potter,5,0,1,0.8791,2.8710,0.3588
peak_tonal_db6,1635,0854,StarWars,5,1,1,0.8765,0.8131,0.9639
peak_tonal_db6,1635,1444,StarWars,5,1,1,0.9396,1.4565,0.8793
peak_tonal_db6,1635,3606,Hakuna,5,0,1,0.6859,2.0814,0.7278
peak_tonal_db6,1635,3860,Hakuna,5,0,1,0.7319,2.3889,0.6333
peak_tonal_db6,1643,0087,Potter,43,0,1,0.8664,2.1202,0.6404
peak_tonal_db6,1643,0212,Potter,43,0,1,0.8907,2.1757,0.6103
peak_tonal_db6,1643,1314,StarWars,43,1,1,0.9879,0.7629,0.9628
peak_tonal_db6,1643,1490,StarWars,43,1,1,0.9575,0.7937,0.9563
peak_tonal_db6,1643,3478,Hakuna,43,0,1,0.8502,2.6417,0.5728
peak_tonal_db6,1643,3825,Hakuna,43,0,1,0.8097,2.7794,0.4446
peak_tonal_db6,1645,0356,Potter,196,0,1,0.8729,2.3506,0.7323
peak_tonal_db6,1645,0686,Potter,196,0,1,0.8008,2.2021,0.7454
peak_tonal_db6,1645,0907,StarWars,196,1,1,0.7754,1.9198,0.8474
peak_tonal_db6,1645,1611,StarWars,196,1,1,0.7542,1.7455,0.8550
peak_tonal_db6,1645,4056,Hakuna,196,0,1,0.8008,3.0860,0.5210
peak_tonal_db6,1645,4082,Hakuna,196,0,1,0.8432,3.0046,0.5421
peak_tonal_db6,1647,0229,Potter,230,0,1,0.8238,3.0999,0.6157
peak_tonal_db6,1647,0245,Potter,230,0,1,0.6774,2.9965,0.6273
peak_tonal_db6,1647,1010,StarWars,230,1,1,0.7643,1.8556,0.8883
peak_tonal_db6,1647,1048,StarWars,230,1,1,0.8065,2.5346,0.9138
peak_tonal_db6,1647,3670,Hakuna,230,0,1,0.6377,3.3630,0.5619
peak_tonal_db6,1647,3702,Hakuna,230,0,1,0.6303,3.2539,0.5568
peak_tonal_db6,1650,0189,Potter,203,0,1,1.0096,2.0300,0.5040
peak_tonal_db6,1650,0302,Potter,203,0,1,0.8826,1.8778,0.4794
peak_tonal_db6,1650,0934,StarWars,203,1,1,0.7106,2.0860,0.4057
peak_tonal_db6,1650,1603,StarWars,203,1,1,0.4309,1.9111,0.5967
peak_tonal_db6,1650,3497,Hakuna,203,0,1,1.5241,1.8902,0.5974
peak_tonal_db6,1650,3926,Hakuna,203,0,1,1.5289,1.7194,0.5676
peak_tonal_db6,1663,0365,Potter,80,0,1,0.1638,2.4622,-0.2546
peak_tonal_db6,1663,0514,Potter,80,0,1,0.0958,2.7835,-0.1342
peakF0_fixVoicing,0838,0370,Potter,153,0,1,0.8043,1.6516,0.4932
peakF0_fixVoicing,0838,0710,Potter,153,0,1,0.8635,1.6166,0.5101
peakF0_fixVoicing,0838,0882,StarWars,153,1,1,0.8372,1.0809,0.8390
peakF0_fixVoicing,0838,1138,StarWars,153,1,1,0.7138,1.3618,0.6618
peakF0_fixVoicing,0838,3534,Hakuna,153,0,1,0.9803,1.4471,0.6174
peakF0_fixVoicing,0838,3689,Hakuna,153,0,1,0.8882,1.4565,0.6368
peakF0_fixVoicing,0840,0131,Potter,53,0,1,1.3812,2.4895,0.5798
peakF0_fixVoicing,0840,0689,Potter,53,0,1,1.3206,2.9305,0.4278
peakF0_fixVoicing,0840,1269,StarWars,53,1,1,0.7534,2.1721,0.6409
peakF0_fixVoicing,0840,1596,StarWars,53,1,1,0.7892,2.0614,0.6425
peakF0_fixVoicing,0840,3585,Hakuna,53,0,1,0.7646,2.9402,0.3202
peakF0_fixVoicing,0840,3856,Hakuna,53,0,1,0.7915,3.3857,0.1463
peakF0_fixVoicing,0845,0616,Potter,71,0,1,0.7613,4.1607,-0.4787
peakF0_fixVoicing,0845,0753,Potter,71,0,1,0.6809,3.0833,0.1950
peakF0_fixVoicing,0849,0060,Potter,222,0,1,1.0045,1.6632,0.6411
peakF0_fixVoicing,0849,0107,Potter,222,0,1,1.1506,1.4065,0.7630
peakF0_fixVoicing,0849,0959,StarWars,222,1,1,0.6494,0.7098,0.9346
peakF0_fixVoicing,0849,1276,StarWars,222,1,1,0.6809,1.4287,0.7041
peakF0_fixVoicing,0849,4064,Hakuna,222,0,1,1.0472,1.2392,0.7782
peakF0_fixVoicing,0849,4085,Hakuna,222,0,1,1.1146,2.2901,0.4528
peakF0_fixVoicing,0855,0202,Potter,164,0,1,0.9028,2.1639,0.6755
peakF0_fixVoicing,0855,0293,Potter,164,0,1,0.9009,2.2906,0.5803
peakF0_fixVoicing,0855,1315,StarWars,164,1,1,0.8532,1.6166,0.8146
peakF0_fixVoicing,0855,1482,StarWars,164,1,1,0.7908,1.8572,0.6864
peakF0_fixVoicing,0855,3746,Hakuna,164,0,1,0.7615,2.3554,0.4316
peakF0_fixVoicing,0855,3954,Hakuna,164,0,1,0.7798,2.4311,0.4785
peakF0_fixVoicing,0856,0673,Potter,89,0,1,0.5405,2.0114,0.5091
peakF0_fixVoicing,0856,3769,Hakuna,89,0,1,0.2389,1.7674,0.6558
peakF0_fixVoicing,0856,4107,Hakuna,89,0,1,0.4960,2.1930,0.3442
peakF0_fixVoicing,0857,0651,Potter,97,0,1,0.8517,3.2803,0.5456
peakF0_fixVoicing,0857,0706,Potter,97,0,1,0.9383,2.6509,0.6193
peakF0_fixVoicing,0857,1313,StarWars,97,1,1,0.7917,2.3341,0.7839
peakF0_fixVoicing,0857,1418,StarWars,97,1,1,0.7967,1.8696,0.8338
peakF0_fixVoicing,0857,3631,Hakuna,97,0,1,0.7850,3.1621,0.6969
peakF0_fixVoicing,0857,3919,Hakuna,97,0,1,0.8517,3.5896,0.5216
peakF0_fixVoicing,0858,0123,Potter,29,0,1,0.6654,1.7000,0.6666
peakF0_fixVoicing,0858,0631,Potter,29,0,1,0.7007,1.2752,0.7605
peakF0_fixVoicing,0858,1142,StarWars,29,1,1,0.8271,1.2344,0.8520
peakF0_fixVoicing,0858,1493,StarWars,29,1,1,0.8550,1.0901,0.8655
peakF0_fixVoicing,0858,3893,Hakuna,29,0,1,0.7193,1.7442,0.5257
peakF0_fixVoicing,0858,4086,Hakuna,29,0,1,0.7509,1.6389,0.5858
peakF0_fixVoicing,0859,0673,Potter,89,0,1,0.4881,1.7804,0.4948
peakF0_fixVoicing,0859,3769,Hakuna,89,0,1,0.2157,1.5318,0.6953
peakF0_fixVoicing,0859,4107,Hakuna,89,0,1,0.4479,1.7486,0.5377
peakF0_fixVoicing,0863,0350,Potter,72,0,1,0.4514,2.6069,0.6144
peakF0_fixVoicing,0863,0506,Potter,72,0,1,0.4312,2.8199,0.5168
peakF0_fixVoicing,0863,1215,StarWars,72,1,1,0.6514,2.0633,0.7416
peakF0_fixVoicing,0863,1478,StarWars,72,1,1,0.8183,4.0271,0.0558
peakF0_fixVoicing,0863,3666,Hakuna,72,0,1,0.6606,2.7866,0.4426
peakF0_fixVoicing,0863,4069,Hakuna,72,0,1,0.6220,2.9645,0.3960
peakF0_fixVoicing,0864,0196,Potter,232,0,1,0.5950,2.5108,0.3781
peakF0_fixVoicing,0864,0603,Potter,232,0,1,0.6736,2.2426,0.5226
peakF0_fixVoicing,0864,0917,StarWars,232,1,1,0.8368,0.9624,0.9572
peakF0_fixVoicing,0864,1278,StarWars,232,1,1,0.6942,2.0823,0.6376
peakF0_fixVoicing,0864,3541,Hakuna,232,0,1,0.3120,2.1946,0.6206
peakF0_fixVoicing,0864,4111,Hakuna,232,0,1,0.4091,2.1351,0.6161
peakF0_fixVoicing,0871,0055,Potter,200,0,1,0.7997,2.6540,0.7138
peakF0_fixVoicing,0871,0417,Potter,200,0,1,0.7778,2.2747,0.7198
peakF0_fixVoicing,0871,1015,StarWars,200,1,1,0.8169,2.4072,0.7605
peakF0_fixVoicing,0871,1626,StarWars,200,1,1,0.7887,2.6057,0.7186
peakF0_fixVoicing,0871,3586,Hakuna,200,0,1,0.6432,3.3174,0.4390
peakF0_fixVoicing,0871,3862,Hakuna,200,0,1,0.6682,3.0963,0.5531
peakF0_fixVoicing,0873,0427,Potter,174,0,1,0.8069,2.6892,0.5431
peakF0_fixVoicing,0873,0577,Potter,174,0,1,0.7220,3.7057,-0.1774
peakF0_fixVoicing,0873,1403,StarWars,174,1,1,0.6137,1.9037,0.8238
peakF0_fixVoicing,0873,1502,StarWars,174,1,1,0.7545,1.6746,0.8698
peakF0_fixVoicing,0873,3424,Hakuna,174,0,1,0.7563,2.0931,0.6984
peakF0_fixVoicing,0873,4122,Hakuna,174,0,1,0.5289,2.6295,0.5342
peakF0_fixVoicing,0876,0461,Potter,198,0,1,0.1973,1.3074,0.4066
peakF0_fixVoicing,0879,0189,Potter,203,0,1,0.9012,1.4322,0.2528
peakF0_fixVoicing,0879,0302,Potter,203,0,1,0.7919,1.3683,0.4301
peakF0_fixVoicing,0879,0934,StarWars,203,1,1,0.6751,1.2503,0.4873
peakF0_fixVoicing,0879,1603,StarWars,203,1,1,0.4461,1.3328,0.3724
peakF0_fixVoicing,0879,3497,Hakuna,203,0,1,1.4027,1.3777,0.3539
peakF0_fixVoicing,0879,3926,Hakuna,203,0,1,1.3757,1.1575,0.4790
peakF0_fixVoicing,0884,0111,Potter,100,0,1,0.7315,2.1007,0.4333
peakF0_fixVoicing,0884,0407,Potter,100,0,1,0.5776,2.2814,0.2286
peakF0_fixVoicing,0884,1040,StarWars,100,1,1,0.7106,2.0024,0.5899
peakF0_fixVoicing,0884,1344,StarWars,100,1,1,0.5099,1.8898,0.7150
peakF0_fixVoicing,0884,3448,Hakuna,100,0,1,0.5185,2.2574,0.1604
peakF0_fixVoicing,0884,4068,Hakuna,100,0,1,0.5579,2.2054,0.2111
peakF0_fixVoicing,0894,0504,Potter,90,0,1,0.6744,2.9081,0.3401
peakF0_fixVoicing,0894,0597,Potter,90,0,1,0.6404,2.3188,0.6189
peakF0_fixVoicing,0894,0886,StarWars,90,1,1,0.6934,1.8416,0.8771
peakF0_fixVoicing,0894,1075,StarWars,90,1,1,0.7273,1.9792,0.8527
peakF0_fixVoicing,0894,3378,Hakuna,90,0,1,0.6499,2.8190,0.4271
peakF0_fixVoicing,0894,3455,Hakuna,90,0,1,0.7788,3.1741,0.2306
peakF0_fixVoicing,0903,0072,Potter,15,0,1,0.9421,1.7752,0.7708
peakF0_fixVoicing,0903,0465,Potter,15,0,1,0.7579,2.1441,0.7105
peakF0_fixVoicing,0903,0877,StarWars,15,1,1,0.8930,1.4971,0.9057
peakF0_fixVoicing,0903,1633,StarWars,15,1,1,0.8158,1.7219,0.8342
peakF0_fixVoicing,0903,3996,Hakuna,15,0,1,0.7982,2.7291,0.4320
peakF0_fixVoicing,0903,4096,Hakuna,15,0,1,0.8772,2.4969,0.5451
peakF0_fixVoicing,0908,3474,Hakuna,82,0,1,0.9200,2.7664,0.5083
peakF0_fixVoicing,0908,3654,Hakuna,82,0,1,0.7892,2.8264,0.3945
peakF0_fixVoicing,0911,0542,Potter,44,0,1,0.8435,3.3406,0.3505
peakF0_fixVoicing,0911,0739,Potter,44,0,1,0.8554,2.9800,0.6228
peakF0_fixVoicing,0911,0964,StarWars,44,1,1,1.0238,1.0305,0.9658
peakF0_fixVoicing,0911,1026,StarWars,44,1,1,0.9419,0.5813,0.9772
peakF0_fixVoicing,0911,3485,Hakuna,44,0,1,0.9121,2.6330,0.6120
peakF0_fixVoicing,0911,3781,Hakuna,44,0,1,0.8212,2.6905,0.6188
peakF0_fixVoicing,0913,0123,Potter,29,0,1,0.6270,1.5797,0.6738
peakF0_fixVoicing,0913,0631,Potter,29,0,1,0.6602,1.1560,0.7648
peakF0_fixVoicing,0913,1142,StarWars,29,1,1,0.7793,1.1840,0.8159
peakF0_fixVoicing,0913,1493,StarWars,29,1,1,0.8056,1.0816,0.8522
peakF0_fixVoicing,0913,3893,Hakuna,29,0,1,0.6778,1.7156,0.4324
peakF0_fixVoicing,0913,4086,Hakuna,29,0,1,0.7075,1.6189,0.5854
peakF0_fixVoicing,0914,3332,Hakuna,6,0,1,1.0092,2.6017,0.5861
peakF0_fixVoicing,0926,0582,Potter,57,0,1,0.6429,0.7098,0.6044
peakF0_fixVoicing,0926,0801,Potter,57,0,1,0.6756,0.7463,0.6089
peakF0_fixVoicing,0926,0985,StarWars,57,1,1,0.5893,0.8239,0.3585
peakF0_fixVoicing,0926,1249,StarWars,57,1,1,0.6161,0.6337,0.6426
peakF0_fixVoicing,0926,3745,Hakuna,57,0,1,1.0417,0.9856,0.1044
peakF0_fixVoicing,0926,3802,Hakuna,57,0,1,1.0685,1.1795,0.2872
peakF0_fixVoicing,0930,0071,Potter,109,0,1,0.8095,3.3732,0.4498
peakF0_fixVoicing,0930,0388,Potter,109,0,1,0.8810,2.8686,0.6194
peakF0_fixVoicing,0930,0986,StarWars,109,1,1,0.8901,0.9931,0.9640
peakF0_fixVoicing,0930,1078,StarWars,109,1,1,0.9432,1.1101,0.9535
peakF0_fixVoicing,0930,3457,Hakuna,109,0,1,0.7637,3.5437,0.3328
peakF0_fixVoicing,0930,3837,Hakuna,109,0,1,0.7894,3.1010,0.5453
peakF0_fixVoicing,0932,0326,Potter,23,0,1,0.7888,1.6338,0.5795
peakF0_fixVoicing,0932,0682,Potter,23,0,1,0.5570,1.7846,0.3263
peakF0_fixVoicing,0932,1335,StarWars,23,1,1,0.7327,1.5275,0.4660
peakF0_fixVoicing,0932,1448,StarWars,23,1,1,0.6617,1.2999,0.6819
peakF0_fixVoicing,0936,0271,Potter,121,0,1,0.9073,2.1418,0.5733
peakF0_fixVoicing,0936,0416,Potter,121,0,1,0.7042,2.3411,0.3679
peakF0_fixVoicing,0936,0852,StarWars,121,1,1,0.9470,1.0761,0.9349
peakF0_fixVoicing,0936,1525,StarWars,121,1,1,0.7770,1.3723,0.8327
peakF0_fixVoicing,0936,3647,Hakuna,121,0,1,0.7152,2.0547,0.5913
peakF0_fixVoicing,0936,4058,Hakuna,121,0,1,0.7064,2.1531,0.5316
peakF0_fixVoicing,0939,0361,Potter,46,0,1,0.8514,3.0900,0.5558
peakF0_fixVoicing,0939,0632,Potter,46,0,1,0.7736,3.6760,0.5240
peakF0_fixVoicing,0939,0841,StarWars,46,1,1,0.8547,1.1676,0.9638
peakF0_fixVoicing,0939,1237,StarWars,46,1,1,0.8446,1.4957,0.9533
peakF0_fixVoicing,0939,3661,Hakuna,46,0,1,0.8361,3.0745,0.6032
peakF0_fixVoicing,0939,4156,Hakuna,46,0,1,0.9088,3.0630,0.5993
peakF0_fixVoicing,0943,0438,Potter,192,0,1,0.7885,1.8494,0.4295
peakF0_fixVoicing,0943,0783,Potter,192,0,1,0.8156,1.9145,0.4501
peakF0_fixVoicing,0943,0909,StarWars,192,1,1,0.8714,1.5234,0.6602
peakF0_fixVoicing,0943,1642,StarWars,192,1,1,0.7716,1.3204,0.6859
peakF0_fixVoicing,0943,3741,Hakuna,192,0,1,0.9171,1.6773,0.4777
peakF0_fixVoicing,0943,4148,Hakuna,192,0,1,0.8714,1.9396,0.3301
peakF0_fixVoicing,0945,0140,Potter,175,0,1,0.5443,2.5155,0.4147
peakF0_fixVoicing,0945,0758,Potter,175,0,1,0.7341,2.1809,0.4661
peakF0_fixVoicing,0945,1428,StarWars,175,1,1,0.7154,1.5765,0.6842
peakF0_fixVoicing,0945,1599,StarWars,175,1,1,0.6283,2.2050,0.4977
peakF0_fixVoicing,0945,3425,Hakuna,175,0,1,0.7123,1.8780,0.4147
peakF0_fixVoicing,0945,3997,Hakuna,175,0,1,0.8149,1.9508,0.4046
peakF0_fixVoicing,0948,0352,Potter,220,0,1,0.5927,2.1204,0.2303
peakF0_fixVoicing,0948,0755,Potter,220,0,1,0.2988,1.8830,0.3539
peakF0_fixVoicing,0948,1052,StarWars,220,1,1,0.2755,1.8146,0.3018
peakF0_fixVoicing,0948,1207,StarWars,220,1,1,0.5576,1.8711,0.3750
peakF0_fixVoicing,0948,3568,Hakuna,220,0,1,0.4975,1.7393,0.4499
peakF0_fixVoicing,0948,3759,Hakuna,220,0,1,0.1369,1.7216,0.4283
peakF0_fixVoicing,0951,0194,Potter,169,0,1,0.6605,2.0307,0.6101
peakF0_fixVoicing,0951,0728,Potter,169,0,1,0.7546,2.1862,0.6164
peakF0_fixVoicing,0951,0848,StarWars,169,1,1,0.6451,2.3553,0.5584
peakF0_fixVoicing,0951,1533,StarWars,169,1,1,0.6219,2.3403,0.5679
peakF0_fixVoicing,0951,3399,Hakuna,169,0,1,0.6481,2.6481,0.1382
peakF0_fixVoicing,0951,3605,Hakuna,169,0,1,0.5463,2.4536,0.4408
peakF0_fixVoicing,0963,0041,Potter,151,0,1,0.6870,2.0279,0.6117
peakF0_fixVoicing,0963,0778,Potter,151,0,1,0.7433,1.9082,0.6561
peakF0_fixVoicing,0963,1060,StarWars,151,1,1,0.8310,1.5880,0.7919
peakF0_fixVoicing,0963,1252,StarWars,151,1,1,0.8028,1.4502,0.8185
peakF0_fixVoicing,0963,3523,Hakuna,151,0,1,0.5603,1.6701,0.7168
peakF0_fixVoicing,0963,3573,Hakuna,151,0,1,0.6667,1.7152,0.6925
peakF0_fixVoicing,0969,0623,Potter,10,0,1,0.8897,1.8536,0.6388
peakF0_fixVoicing,0969,0830,Potter,10,0,1,0.8065,1.8994,0.6189
peakF0_fixVoicing,0969,1176,StarWars,10,1,1,0.9241,1.6619,0.9068
peakF0_fixVoicing,0969,1321,StarWars,10,1,1,0.8716,1.7066,0.8597
peakF0_fixVoicing,0969,3717,Hakuna,10,0,1,0.8336,2.3162,0.5043
peakF0_fixVoicing,0969,3891,Hakuna,10,0,1,0.6817,2.2209,0.5541
peakF0_fixVoicing,0970,0787,Potter,136,0,1,0.8683,3.1462,0.3567
peakF0_fixVoicing,0970,0837,Potter,136,0,1,0.9064,3.1963,0.3293
peakF0_fixVoicing,0970,1004,StarWars,136,1,1,0.8839,2.9290,0.5345
peakF0_fixVoicing,0970,1042,StarWars,136,1,1,0.7591,2.7899,0.7151
peakF0_fixVoicing,0970,3526,Hakuna,136,0,1,1.0763,3.0398,0.4761
peakF0_fixVoicing,0970,3943,Hakuna,136,0,1,1.0763,3.0372,0.4867
peakF0_fixVoicing,0971,0229,Potter,230,0,1,0.5371,3.1575,0.6416
peakF0_fixVoicing,0971,0245,Potter,230,0,1,0.3487,3.1034,0.6478
peakF0_fixVoicing,0971,1010,StarWars,230,1,1,0.4350,2.5461,0.7789
peakF0_fixVoicing,0971,1048,StarWars,230,1,1,0.3560,3.0214,0.7084
peakF0_fixVoicing,0971,3670,Hakuna,230,0,1,0.3827,3.4669,0.5236
peakF0_fixVoicing,0971,3702,Hakuna,230,0,1,0.4119,4.2600,0.2555
peakF0_fixVoicing,0977,0044,Potter,217,0,1,0.8104,2.6158,0.5597
peakF0_fixVoicing,0977,0101,Potter,217,0,1,0.8525,2.6420,0.5940
peakF0_fixVoicing,0977,1131,StarWars,217,1,1,0.6812,1.8576,0.7279
peakF0_fixVoicing,0977,1509,StarWars,217,1,1,0.7079,1.4294,0.8207
peakF0_fixVoicing,0977,3701,Hakuna,217,0,1,0.8399,3.2140,0.3670
peakF0_fixVoicing,0977,4103,Hakuna,217,0,1,0.8371,2.8534,0.4489
peakF0_fixVoicing,0979,0623,Potter,10,0,1,0.8241,1.9464,0.6154
peakF0_fixVoicing,0979,0830,Potter,10,0,1,0.7471,2.0174,0.5016
peakF0_fixVoicing,0979,1176,StarWars,10,1,1,0.8559,1.5376,0.9247
peakF0_fixVoicing,0979,1321,StarWars,10,1,1,0.8074,1.6367,0.8654
peakF0_fixVoicing,0979,3717,Hakuna,10,0,1,0.7722,2.1810,0.5227
peakF0_fixVoicing,0979,3891,Hakuna,10,0,1,0.6315,2.1561,0.4957
peakF0_fixVoicing,0980,0319,Potter,54,0,1,0.7992,3.4656,0.4925
peakF0_fixVoicing,0980,0573,Potter,54,0,1,0.8782,2.8216,0.6765
peakF0_fixVoicing,0980,0885,StarWars,54,1,1,0.9344,0.7495,0.9850
peakF0_fixVoicing,0980,1561,StarWars,54,1,1,0.8996,0.7790,0.9769
peakF0_fixVoicing,0980,3395,Hakuna,54,0,1,0.8112,2.5342,0.6712
peakF0_fixVoicing,0980,3880,Hakuna,54,0,1,0.7617,2.5044,0.6953
peakF0_fixVoicing,0984,0438,Potter,192,0,1,0.9191,1.3192,0.6703
peakF0_fixVoicing,0984,0783,Potter,192,0,1,0.9507,1.3482,0.6817
peakF0_fixVoicing,0984,0909,StarWars,192,1,1,1.0158,1.4490,0.6755
peakF0_fixVoicing,0984,1642,StarWars,192,1,1,0.8994,1.0500,0.7933
peakF0_fixVoicing,0984,3741,Hakuna,192,0,1,1.0690,1.7350,0.3422
peakF0_fixVoicing,0984,4148,Hakuna,192,0,1,1.0158,1.4727,0.4549
peakF0_fixVoicing,0987,0286,Potter,47,0,1,0.7673,2.3768,0.4282
peakF0_fixVoicing,0987,0443,Potter,47,0,1,0.7061,2.0638,0.6256
peakF0_fixVoicing,0987,1258,StarWars,47,1,1,0.8560,1.7325,0.8171
peakF0_fixVoicing,0987,1300,StarWars,47,1,1,0.6785,1.6904,0.8069
peakF0_fixVoicing,0987,4019,Hakuna,47,0,1,0.9093,2.2027,0.5407
peakF0_fixVoicing,0987,4044,Hakuna,47,0,1,0.9645,2.1909,0.5328
peakF0_fixVoicing,0991,0182,Potter,61,0,1,1.1313,1.6402,0.8084
peakF0_fixVoicing,0991,0336,Potter,61,0,1,0.9665,2.4222,0.1837
peakF0_fixVoicing,0991,1236,StarWars,61,1,1,0.9022,1.9908,0.7690
peakF0_fixVoicing,0991,1318,StarWars,61,1,1,0.9330,1.8279,0.7529
peakF0_fixVoicing,0991,3492,Hakuna,61,0,1,0.6341,2.4815,0.1221
peakF0_fixVoicing,0991,3524,Hakuna,61,0,1,0.6313,2.6440,0.1856
peakF0_fixVoicing,0995,0663,Potter,149,0,1,0.7143,1.3226,0.2715
peakF0_fixVoicing,0995,1284,StarWars,149,1,1,0.6598,1.2728,0.3828
peakF0_fixVoicing,0995,3578,Hakuna,149,0,1,0.2462,1.9120,0.0586
peakF0_fixVoicing,0996,0352,Potter,220,0,1,0.5689,2.4857,0.2271
peakF0_fixVoicing,0996,0755,Potter,220,0,1,0.2869,2.1391,0.5564
peakF0_fixVoicing,0996,1052,StarWars,220,1,1,0.2644,2.1861,0.3519
peakF0_fixVoicing,0996,1207,StarWars,220,1,1,0.5353,2.2682,0.3778
peakF0_fixVoicing,0996,3568,Hakuna,220,0,1,0.4776,2.1606,0.3615
peakF0_fixVoicing,0996,3759,Hakuna,220,0,1,0.1314,2.1373,0.4622
peakF0_fixVoicing,1001,0361,Potter,46,0,1,0.8780,2.7814,0.5966
peakF0_fixVoicing,1001,0632,Potter,46,0,1,0.7979,3.3043,0.3876
peakF0_fixVoicing,1001,0841,StarWars,46,1,1,0.8815,0.9871,0.9665
peakF0_fixVoicing,1001,1237,StarWars,46,1,1,0.8711,1.2008,0.9620
peakF0_fixVoicing,1001,3661,Hakuna,46,0,1,0.8624,2.7905,0.6210
peakF0_fixVoicing,1001,4156,Hakuna,46,0,1,0.9373,2.8611,0.6105
peakF0_fixVoicing,1002,0068,Potter,134,0,1,0.5357,2.5374,0.3362
peakF0_fixVoicing,1002,0695,Potter,134,0,1,0.3263,2.2707,0.5806
peakF0_fixVoicing,1002,1461,StarWars,134,1,1,0.2443,2.3325,0.7365
peakF0_fixVoicing,1002,1589,StarWars,134,1,1,0.3505,2.4923,0.4367
peakF0_fixVoicing,1002,3780,Hakuna,134,0,1,0.3126,2.5565,0.2715
peakF0_fixVoicing,1002,3912,Hakuna,134,0,1,0.2959,2.6465,0.0310
peakF0_fixVoicing,1009,0418,Potter,111,0,1,0.2346,2.8200,0.0516
peakF0_fixVoicing,1009,0454,Potter,111,0,1,0.1974,3.0977,0.1202
peakF0_fixVoicing,1009,1398,StarWars,111,1,1,0.2039,2.4304,0.5430
peakF0_fixVoicing,1009,4091,Hakuna,111,0,1,0.2061,2.6659,0.2306
peakF0_fixVoicing,1009,4133,Hakuna,111,0,1,0.1711,2.5659,0.2986
peakF0_fixVoicing,1020,0010,Potter,92,0,1,0.7526,2.9859,0.6087
peakF0_fixVoicing,1020,0232,Potter,92,0,1,0.6647,3.1098,0.5523
peakF0_fixVoicing,1020,0893,StarWars,92,1,1,0.5455,2.1040,0.7649
peakF0_fixVoicing,1020,0922,StarWars,92,1,1,0.5261,2.4409,0.7675
peakF0_fixVoicing,1020,4028,Hakuna,92,0,1,0.7869,2.7231,0.6926
peakF0_fixVoicing,1023,0470,Potter,91,0,1,0.8549,1.7053,0.4851
peakF0_fixVoicing,1023,0596,Potter,91,0,1,1.0308,1.7894,0.2308
peakF0_fixVoicing,1023,1006,StarWars,91,1,1,0.6989,1.2260,0.7075
peakF0_fixVoicing,1023,1366,StarWars,91,1,1,0.8923,1.2827,0.6889
peakF0_fixVoicing,1023,3411,Hakuna,91,0,1,0.7099,2.0904,0.0174
peakF0_fixVoicing,1023,3440,Hakuna,91,0,1,0.7055,2.1670,-0.0618
peakF0_fixVoicing,1032,0073,Potter,189,0,1,0.9014,2.3789,0.5194
peakF0_fixVoicing,1032,0298,Potter,189,0,1,1.0018,2.1923,0.5445
peakF0_fixVoicing,1032,1251,StarWars,189,1,1,0.9243,1.5700,0.7525
peakF0_fixVoicing,1032,1497,StarWars,189,1,1,0.9542,1.5795,0.7555
peakF0_fixVoicing,1032,3342,Hakuna,189,0,1,0.9190,2.1350,0.4791
peakF0_fixVoicing,1035,0198,Potter,67,0,1,1.0398,2.6265,0.4821
peakF0_fixVoicing,1035,0369,Potter,67,0,1,0.8831,2.1140,0.6459
peakF0_fixVoicing,1035,1298,StarWars,67,1,1,1.0771,1.7217,0.7731
peakF0_fixVoicing,1035,1326,StarWars,67,1,1,0.7562,2.5682,0.5872
peakF0_fixVoicing,1035,3412,Hakuna,67,0,1,0.6766,1.7703,0.7806
peakF0_fixVoicing,1035,3447,Hakuna,67,0,1,0.8806,1.8814,0.7491
peakF0_fixVoicing,1043,0275,Potter,33,0,1,0.7860,2.0233,0.7033
peakF0_fixVoicing,1043,0468,Potter,33,0,1,0.7843,1.9684,0.7144
peakF0_fixVoicing,1043,0888,StarWars,33,1,1,0.6455,2.0596,0.6067
peakF0_fixVoicing,1043,1174,StarWars,33,1,1,0.6087,2.0593,0.6993
peakF0_fixVoicing,1043,3868,Hakuna,33,0,1,0.7074,2.2699,0.7180
peakF0_fixVoicing,1053,0531,Potter,105,0,1,1.0441,2.3779,0.6445
peakF0_fixVoicing,1053,0583,Potter,105,0,1,1.0517,2.7570,0.5816
peakF0_fixVoicing,1053,1579,StarWars,105,1,1,0.9598,1.9745,0.9044
peakF0_fixVoicing,1053,3587,Hakuna,105,0,1,0.9004,2.7236,0.5226
peakF0_fixVoicing,1053,3906,Hakuna,105,0,1,0.9444,2.0460,0.6477
peakF0_fixVoicing,1054,0090,Potter,24,0,1,0.7121,2.3616,0.4951
peakF0_fixVoicing,1054,0320,Potter,24,0,1,0.6761,2.2030,0.5647
peakF0_fixVoicing,1054,1045,StarWars,24,1,1,0.7653,0.9346,0.9270
peakF0_fixVoicing,1054,1325,StarWars,24,1,1,0.8357,0.9165,0.9354
peakF0_fixVoicing,1054,3814,Hakuna,24,0,1,0.7027,2.2741,0.5289
peakF0_fixVoicing,1054,4118,Hakuna,24,0,1,0.6917,2.3014,0.5308
peakF0_fixVoicing,1057,0680,Potter,123,0,1,0.8653,2.9096,0.6615
peakF0_fixVoicing,1057,0835,Potter,123,0,1,0.8051,2.4386,0.7420
peakF0_fixVoicing,1057,1196,StarWars,123,1,1,0.8764,0.5517,0.9809
peakF0_fixVoicing,1057,1378,StarWars,123,1,1,0.8891,0.4546,0.9903
peakF0_fixVoicing,1057,3567,Hakuna,123,0,1,0.7639,2.9384,0.6772
peakF0_fixVoicing,1057,3787,Hakuna,123,0,1,0.7845,2.9656,0.6584
peakF0_fixVoicing,1058,0424,Potter,38,0,1,1.0595,1.5950,0.5850
peakF0_fixVoicing,1058,0829,Potter,38,0,1,1.0193,1.8104,0.5322
peakF0_fixVoicing,1058,1149,StarWars,38,1,1,0.9051,0.8286,0.9106
peakF0_fixVoicing,1058,1273,StarWars,38,1,1,0.9084,0.9024,0.8855
peakF0_fixVoicing,1058,3506,Hakuna,38,0,1,0.7846,1.2414,0.6700
peakF0_fixVoicing,1058,3732,Hakuna,38,0,1,0.8794,1.4191,0.6435
peakF0_fixVoicing,1063,0616,Potter,71,0,1,0.7113,4.1136,-0.3861
peakF0_fixVoicing,1063,0753,Potter,71,0,1,0.6362,3.0683,0.3384
peakF0_fixVoicing,1067,0060,Potter,222,0,1,1.1491,1.9346,0.6743
peakF0_fixVoicing,1067,0107,Potter,222,0,1,1.3162,1.6116,0.7479
peakF0_fixVoicing,1067,0959,StarWars,222,1,1,0.7429,1.1703,0.9225
peakF0_fixVoicing,1067,1276,StarWars,222,1,1,0.7789,1.9979,0.6737
peakF0_fixVoicing,1067,4064,Hakuna,222,0,1,1.1979,1.5555,0.8046
peakF0_fixVoicing,1067,4085,Hakuna,222,0,1,1.2751,2.5551,0.5437
peakF0_fixVoicing,1069,0445,Potter,146,0,1,0.4253,2.5068,0.3969
peakF0_fixVoicing,1069,0622,Potter,146,0,1,0.4918,3.1098,0.0496
peakF0_fixVoicing,1069,0925,StarWars,146,1,1,0.2908,2.6449,0.4999
peakF0_fixVoicing,1069,1456,StarWars,146,1,1,0.2948,2.2564,0.5728
peakF0_fixVoicing,1069,3439,Hakuna,146,0,1,0.3342,2.7328,0.4240
peakF0_fixVoicing,1069,3822,Hakuna,146,0,1,0.2690,2.8141,0.3767
peakF0_fixVoicing,1070,0187,Potter,214,0,1,0.5641,2.1669,0.6503
peakF0_fixVoicing,1070,0702,Potter,214,0,1,0.8470,2.6546,0.3739
peakF0_fixVoicing,1070,1540,StarWars,214,1,1,0.6868,2.5857,0.4160
peakF0_fixVoicing,1070,1618,StarWars,214,1,1,0.6584,2.0574,0.6588
peakF0_fixVoicing,1070,3941,Hakuna,214,0,1,0.5890,2.4617,0.4317
peakF0_fixVoicing,1070,4078,Hakuna,214,0,1,0.5445,2.3939,0.5324
peakF0_fixVoicing,1074,0279,Potter,223,0,1,0.8212,1.7691,0.7422
peakF0_fixVoicing,1074,0609,Potter,223,0,1,0.8377,1.8115,0.6745
peakF0_fixVoicing,1074,1197,StarWars,223,1,1,0.6286,1.5306,0.8125
peakF0_fixVoicing,1074,3343,Hakuna,223,0,1,0.6286,1.7448,0.6988
peakF0_fixVoicing,1074,4153,Hakuna,223,0,1,0.6245,1.7512,0.6754
peakF0_fixVoicing,1076,0111,Potter,100,0,1,0.7714,2.3014,0.2494
peakF0_fixVoicing,1076,0407,Potter,100,0,1,0.6091,2.4980,0.0898
peakF0_fixVoicing,1076,1040,StarWars,100,1,1,0.7494,2.1669,0.6146
peakF0_fixVoicing,1076,1344,StarWars,100,1,1,0.5377,1.9855,0.6521
peakF0_fixVoicing,1076,3448,Hakuna,100,0,1,0.5468,2.3746,0.2472
peakF0_fixVoicing,1076,4068,Hakuna,100,0,1,0.5883,2.3650,0.1593
peakF0_fixVoicing,1083,0236,Potter,170,0,1,0.3228,1.7229,0.0673
peakF0_fixVoicing,1083,0668,Potter,170,0,1,0.3622,1.5364,0.4638
peakF0_fixVoicing,1083,1565,StarWars,170,1,1,0.4528,1.5734,0.5296
peakF0_fixVoicing,1084,0371,Potter,52,0,1,0.6780,2.8198,0.5042
peakF0_fixVoicing,1084,0529,Potter,52,0,1,0.4659,2.3771,0.6202
peakF0_fixVoicing,1084,0954,StarWars,52,1,1,0.4735,2.1038,0.7581
peakF0_fixVoicing,1084,1331,StarWars,52,1,1,0.4223,1.8922,0.7422
peakF0_fixVoicing,1084,3349,Hakuna,52,0,1,0.5303,2.4964,0.7060
peakF0_fixVoicing,1084,3915,Hakuna,52,0,1,0.6553,2.3985,0.6796
peakF0_fixVoicing,1097,0202,Potter,164,0,1,0.8454,2.4498,0.6987
peakF0_fixVoicing,1097,0293,Potter,164,0,1,0.8436,2.4728,0.5436
peakF0_fixVoicing,1097,1315,StarWars,164,1,1,0.7990,1.8986,0.8253
peakF0_fixVoicing,1097,1482,StarWars,164,1,1,0.7405,2.1391,0.7484
peakF0_fixVoicing,1097,3746,Hakuna,164,0,1,0.7131,2.6883,0.5516
peakF0_fixVoicing,1097,3954,Hakuna,164,0,1,0.7302,2.7543,0.5611
peakF0_fixVoicing,1099,0288,Potter,208,0,1,0.7616,0.8610,0.4742
peakF0_fixVoicing,1099,0482,Potter,208,0,1,0.7903,0.8126,0.4924
peakF0_fixVoicing,1099,1399,StarWars,208,1,1,0.6147,0.8739,0.4946
peakF0_fixVoicing,1099,1436,StarWars,208,1,1,0.3943,0.8498,0.6490
peakF0_fixVoicing,1099,3519,Hakuna,208,0,1,0.6147,0.8985,0.4048
peakF0_fixVoicing,1104,0542,Potter,44,0,1,0.8628,3.2631,0.5211
peakF0_fixVoicing,1104,0739,Potter,44,0,1,0.8750,2.9732,0.6148
peakF0_fixVoicing,1104,0964,StarWars,44,1,1,1.0473,1.0467,0.9699
peakF0_fixVoicing,1104,1026,StarWars,44,1,1,0.9634,0.5562,0.9830
peakF0_fixVoicing,1104,3485,Hakuna,44,0,1,0.9329,2.6367,0.6269
peakF0_fixVoicing,1104,3781,Hakuna,44,0,1,0.8399,2.6372,0.6429
peakF0_fixVoicing,1108,0397,Potter,20,0,1,0.8491,2.2154,0.6136
peakF0_fixVoicing,1108,0513,Potter,20,0,1,0.7948,2.3567,0.4896
peakF0_fixVoicing,1108,1297,StarWars,20,1,1,0.8491,2.2424,0.5457
peakF0_fixVoicing,1108,1582,StarWars,20,1,1,0.7887,1.3721,0.8571
peakF0_fixVoicing,1108,3642,Hakuna,20,0,1,0.8431,1.6825,0.7532
peakF0_fixVoicing,1108,3992,Hakuna,20,0,1,0.7746,1.8779,0.7004
peakF0_fixVoicing,1113,3474,Hakuna,82,0,1,0.9144,3.1153,0.5296
peakF0_fixVoicing,1113,3654,Hakuna,82,0,1,0.7844,3.2941,0.3307
peakF0_fixVoicing,1114,0435,Potter,185,0,1,0.4612,2.4111,0.1981
peakF0_fixVoicing,1114,0666,Potter,185,0,1,0.5831,2.6583,0.1321
peakF0_fixVoicing,1114,1173,StarWars,185,1,1,0.5734,1.5999,0.7936
peakF0_fixVoicing,1114,1575,StarWars,185,1,1,0.2632,2.1988,0.2754
peakF0_fixVoicing,1114,3561,Hakuna,185,0,1,0.5748,2.0138,0.4502
peakF0_fixVoicing,1114,3613,Hakuna,185,0,1,0.5914,2.0455,0.4592
peakF0_fixVoicing,1116,0124,Potter,58,0,1,0.7824,2.3056,0.4546
peakF0_fixVoicing,1116,0467,Potter,58,0,1,0.8322,2.0535,0.5829
peakF0_fixVoicing,1116,1178,StarWars,58,1,1,0.6877,1.2029,0.9161
peakF0_fixVoicing,1116,1262,StarWars,58,1,1,0.7957,1.7797,0.7136
peakF0_fixVoicing,1116,3556,Hakuna,58,0,1,0.6279,2.5073,0.3361
peakF0_fixVoicing,1116,3668,Hakuna,58,0,1,0.5980,2.3320,0.4125
peakF0_fixVoicing,1118,0102,Potter,191,0,1,0.6607,1.3970,0.5723
peakF0_fixVoicing,1118,0426,Potter,191,0,1,0.6857,1.6696,0.3186
peakF0_fixVoicing,1118,0993,StarWars,191,1,1,0.7607,0.6765,0.9436
peakF0_fixVoicing,1118,1506,StarWars,191,1,1,0.7911,0.7276,0.8940
peakF0_fixVoicing,1118,3928,Hakuna,191,0,1,0.7589,1.4063,0.4965
peakF0_fixVoicing,1118,3984,Hakuna,191,0,1,0.6143,1.4200,0.5126
peakF0_fixVoicing,1119,0222,Potter,96,0,1,0.6826,2.1212,0.4911
peakF0_fixVoicing,1119,0715,Potter,96,0,1,0.6440,2.1085,0.5801
peakF0_fixVoicing,1119,1027,StarWars,96,1,1,1.0606,1.6185,0.6996
peakF0_fixVoicing,1119,1402,StarWars,96,1,1,1.0807,1.4500,0.7706
peakF0_fixVoicing,1119,3406,Hakuna,96,0,1,0.7578,2.3216,0.3143
peakF0_fixVoicing,1119,3938,Hakuna,96,0,1,0.8404,2.0945,0.3597
peakF0_fixVoicing,1123,0087,Potter,43,0,1,0.9534,2.1388,0.6872
peakF0_fixVoicing,1123,0212,Potter,43,0,1,1.0593,2.1967,0.6411
peakF0_fixVoicing,1123,1314,StarWars,43,1,1,1.0148,0.7272,0.9632
peakF0_fixVoicing,1123,1490,StarWars,43,1,1,0.9915,0.7987,0.9556
peakF0_fixVoicing,1123,3478,Hakuna,43,0,1,0.9449,2.8431,0.5451
peakF0_fixVoicing,1123,3825,Hakuna,43,0,1,0.9682,3.0516,0.4075
peakF0_fixVoicing,1128,0538,Potter,16,0,1,0.2934,2.2330,0.6227
peakF0_fixVoicing,1128,0797,Potter,16,0,1,0.3349,2.6897,0.4736
peakF0_fixVoicing,1128,1261,StarWars,16,1,1,0.2458,2.0629,0.7045
peakF0_fixVoicing,1128,1522,StarWars,16,1,1,0.1674,2.5673,0.3521
peakF0_fixVoicing,1128,3846,Hakuna,16,0,1,0.8187,2.4501,0.4276
peakF0_fixVoicing,1128,4150,Hakuna,16,0,1,0.8049,2.3666,0.5782
peakF0_fixVoicing,1130,0699,Potter,154,0,1,0.6799,1.9131,0.6534
peakF0_fixVoicing,1130,0790,Potter,154,0,1,0.7343,1.5401,0.7072
peakF0_fixVoicing,1130,1008,StarWars,154,1,1,0.5146,1.7488,0.6859
peakF0_fixVoicing,1130,1152,StarWars,154,1,1,0.6883,2.1746,0.3532
peakF0_fixVoicing,1130,3375,Hakuna,154,0,1,0.6757,1.8200,0.7132
peakF0_fixVoicing,1130,3762,Hakuna,154,0,1,0.8619,1.8476,0.6455
peakF0_fixVoicing,1134,0437,Potter,40,0,1,0.9853,2.3610,0.7089
peakF0_fixVoicing,1134,0502,Potter,40,0,1,0.8004,3.5560,0.4631
peakF0_fixVoicing,1134,0892,StarWars,40,1,1,0.7374,1.6932,0.8509
peakF0_fixVoicing,1134,1600,StarWars,40,1,1,0.7605,1.6547,0.7909
peakF0_fixVoicing,1134,3966,Hakuna,40,0,1,0.8824,2.8728,0.5398
peakF0_fixVoicing,1134,4094,Hakuna,40,0,1,0.8025,2.7849,0.5959
peakF0_fixVoicing,1135,0445,Potter,146,0,1,0.4201,2.4978,0.4265
peakF0_fixVoicing,1135,0622,Potter,146,0,1,0.4859,2.9721,0.2003
peakF0_fixVoicing,1135,0925,StarWars,146,1,1,0.2872,2.7716,0.2624
peakF0_fixVoicing,1135,1456,StarWars,146,1,1,0.2913,2.4526,0.5399
peakF0_fixVoicing,1135,3439,Hakuna,146,0,1,0.3302,2.8780,0.3535
peakF0_fixVoicing,1135,3822,Hakuna,146,0,1,0.2658,2.9261,0.2870
peakF0_fixVoicing,1145,0155,Potter,76,0,1,0.7732,1.3819,0.6567
peakF0_fixVoicing,1145,0584,Potter,76,0,1,0.7974,1.0252,0.8225
peakF0_fixVoicing,1145,1381,StarWars,76,1,1,0.7361,1.7344,0.5652
peakF0_fixVoicing,1145,1445,StarWars,76,1,1,0.7889,2.4245,-0.1029
peakF0_fixVoicing,1145,3706,Hakuna,76,0,1,0.7389,1.1290,0.7800
peakF0_fixVoicing,1145,4048,Hakuna,76,0,1,0.7504,1.1891,0.7637
peakF0_fixVoicing,1151,0384,Potter,228,0,1,0.5326,2.2367,0.5975
peakF0_fixVoicing,1153,0145,Potter,141,0,1,0.6213,1.5165,0.7079
peakF0_fixVoicing,1153,0620,Potter,141,0,1,0.3842,1.8489,0.5354
peakF0_fixVoicing,1153,1636,StarWars,141,1,1,0.6875,1.7764,0.4916
peakF0_fixVoicing,1153,1652,StarWars,141,1,1,0.5846,1.8127,0.5201
peakF0_fixVoicing,1153,3687,Hakuna,141,0,1,0.6544,2.0552,0.2685
peakF0_fixVoicing,1153,3895,Hakuna,141,0,1,0.6581,1.7373,0.5044
peakF0_fixVoicing,1155,0075,Potter,55,0,1,0.7706,1.8704,0.5199
peakF0_fixVoicing,1155,0785,Potter,55,0,1,0.7376,1.6789,0.6001
peakF0_fixVoicing,1155,1160,StarWars,55,1,1,0.6532,1.2687,0.8354
peakF0_fixVoicing,1155,1648,StarWars,55,1,1,0.9211,1.4142,0.7865
peakF0_fixVoicing,1155,3887,Hakuna,55,0,1,0.8789,1.7691,0.5904
peakF0_fixVoicing,1155,4060,Hakuna,55,0,1,0.7872,1.6252,0.7015
peakF0_fixVoicing,1161,0097,Potter,201,0,1,0.6888,1.1854,0.4094
peakF0_fixVoicing,1161,0396,Potter,201,0,1,0.7180,1.2177,0.3255
peakF0_fixVoicing,1161,0927,StarWars,201,1,1,0.6841,1.2239,0.3821
peakF0_fixVoicing,1161,1129,StarWars,201,1,1,0.6456,0.9564,0.6572
peakF0_fixVoicing,1161,3870,Hakuna,201,0,1,0.4438,1.0010,0.6191
peakF0_fixVoicing,1161,4154,Hakuna,201,0,1,0.5116,1.1359,0.4676
peakF0_fixVoicing,1162,0102,Potter,191,0,1,0.7129,1.3909,0.5912
peakF0_fixVoicing,1162,0426,Potter,191,0,1,0.7399,1.5832,0.4496
peakF0_fixVoicing,1162,0993,StarWars,191,1,1,0.8208,0.9268,0.8621
peakF0_fixVoicing,1162,1506,StarWars,191,1,1,0.8536,0.7789,0.8932
peakF0_fixVoicing,1162,3928,Hakuna,191,0,1,0.8189,1.5806,0.4941
peakF0_fixVoicing,1162,3984,Hakuna,191,0,1,0.6628,1.5936,0.4823
peakF0_fixVoicing,1172,0633,Potter,231,0,1,0.3814,3.1174,0.4870
peakF0_fixVoicing,1172,0803,Potter,231,0,1,0.4637,2.3795,0.7173
peakF0_fixVoicing,1172,1150,StarWars,231,1,1,0.4673,2.4259,0.7867
peakF0_fixVoicing,1172,1605,StarWars,231,1,1,0.4770,1.5711,0.8973
peakF0_fixVoicing,1172,4049,Hakuna,231,0,1,0.6174,2.6950,0.6257
peakF0_fixVoicing,1172,4112,Hakuna,231,0,1,0.6174,2.7580,0.6164
peakF0_fixVoicing,1175,0633,Potter,231,0,1,0.3689,3.3471,0.4087
peakF0_fixVoicing,1175,0803,Potter,231,0,1,0.4485,2.6375,0.6463
peakF0_fixVoicing,1175,1150,StarWars,231,1,1,0.4520,2.6849,0.6971
peakF0_fixVoicing,1175,1605,StarWars,231,1,1,0.4614,1.6875,0.8845
peakF0_fixVoicing,1175,4049,Hakuna,231,0,1,0.5972,2.8354,0.6194
peakF0_fixVoicing,1175,4112,Hakuna,231,0,1,0.5972,2.8102,0.6240
peakF0_fixVoicing,1181,0136,Potter,144,0,1,0.7093,2.9961,0.5687
peakF0_fixVoicing,1181,0330,Potter,144,0,1,0.6398,3.4309,0.4211
peakF0_fixVoicing,1181,1216,StarWars,144,1,1,0.5118,3.3749,0.2370
peakF0_fixVoicing,1181,1421,StarWars,144,1,1,0.5627,2.9858,0.6455
peakF0_fixVoicing,1181,3420,Hakuna,144,0,1,0.5043,3.3948,0.4828
peakF0_fixVoicing,1181,3673,Hakuna,144,0,1,0.5292,3.4647,0.2250
peakF0_fixVoicing,1182,0756,Potter,219,0,1,0.5416,2.0762,0.3135
peakF0_fixVoicing,1182,0805,Potter,219,0,1,0.7330,1.9257,0.3909
peakF0_fixVoicing,1182,0988,StarWars,219,1,1,0.6700,2.0443,0.1705
peakF0_fixVoicing,1182,1255,StarWars,219,1,1,0.7179,1.9899,0.4294
peakF0_fixVoicing,1182,3355,Hakuna,219,0,1,0.6322,2.1266,-0.0071
peakF0_fixVoicing,1182,3635,Hakuna,219,0,1,0.6524,2.1645,-0.0689
peakF0_fixVoicing,1183,0131,Potter,53,0,1,1.2833,2.3763,0.5857
peakF0_fixVoicing,1183,0689,Potter,53,0,1,1.2271,2.6482,0.4791
peakF0_fixVoicing,1183,1269,StarWars,53,1,1,0.7000,2.1462,0.6659
peakF0_fixVoicing,1183,1596,StarWars,53,1,1,0.7333,1.9713,0.6812
peakF0_fixVoicing,1183,3585,Hakuna,53,0,1,0.7104,2.9521,0.3309
peakF0_fixVoicing,1183,3856,Hakuna,53,0,1,0.7354,3.1490,0.2190
peakF0_fixVoicing,1187,0038,Potter,207,0,1,0.8393,2.5074,0.6803
peakF0_fixVoicing,1187,0672,Potter,207,0,1,1.0042,3.2229,0.5237
peakF0_fixVoicing,1187,1206,StarWars,207,1,1,0.5222,2.8089,0.6721
peakF0_fixVoicing,1187,1265,StarWars,207,1,1,0.5328,3.0522,0.5642
peakF0_fixVoicing,1187,3446,Hakuna,207,0,1,0.9704,2.4935,0.6972
peakF0_fixVoicing,1187,3565,Hakuna,207,0,1,0.9154,2.6579,0.6426
peakF0_fixVoicing,1191,0372,Potter,128,0,1,0.5117,2.9091,0.5486
peakF0_fixVoicing,1191,0440,Potter,128,0,1,0.4601,2.5737,0.4936
peakF0_fixVoicing,1191,1334,StarWars,128,1,1,0.7629,2.3457,0.6871
peakF0_fixVoicing,1191,1570,StarWars,128,1,1,0.6479,2.6359,0.4483
peakF0_fixVoicing,1191,3882,Hakuna,128,0,1,0.5469,3.0233,-0.0132
peakF0_fixVoicing,1191,4119,Hakuna,128,0,1,0.5939,2.5884,0.3050
peakF0_fixVoicing,1200,0177,Potter,14,0,1,0.8059,1.9762,0.5465
peakF0_fixVoicing,1200,0774,Potter,14,0,1,0.7681,2.1574,0.3763
peakF0_fixVoicing,1200,1435,StarWars,14,1,1,0.7928,1.7294,0.7636
peakF0_fixVoicing,1200,1519,StarWars,14,1,1,0.8668,1.4419,0.8524
peakF0_fixVoicing,1200,3682,Hakuna,14,0,1,0.6546,2.0532,0.5415
peakF0_fixVoicing,1200,3807,Hakuna,14,0,1,0.6579,2.0109,0.5685
peakF0_fixVoicing,1203,0273,Potter,172,0,1,0.6315,3.1751,0.5133
peakF0_fixVoicing,1203,1064,StarWars,172,1,1,0.6013,2.6903,0.6619
peakF0_fixVoicing,1203,1498,StarWars,172,1,1,0.6164,2.8739,0.7030
peakF0_fixVoicing,1203,3708,Hakuna,172,0,1,0.5260,3.8261,0.1313
peakF0_fixVoicing,1203,4145,Hakuna,172,0,1,0.6449,3.2501,0.5185
peakF0_fixVoicing,1204,0373,Potter,122,0,1,0.8812,2.1360,0.6240
peakF0_fixVoicing,1204,0547,Potter,122,0,1,0.8119,2.7617,0.2189
peakF0_fixVoicing,1204,1408,StarWars,122,1,1,0.7178,1.9772,0.7125
peakF0_fixVoicing,1204,1495,StarWars,122,1,1,0.6997,1.8844,0.5843
peakF0_fixVoicing,1204,3595,Hakuna,122,0,1,0.8185,1.8675,0.7409
peakF0_fixVoicing,1204,3655,Hakuna,122,0,1,0.8135,2.1055,0.6172
peakF0_fixVoicing,1205,0041,Potter,151,0,1,0.7517,2.0518,0.5913
peakF0_fixVoicing,1205,0778,Potter,151,0,1,0.8134,1.8899,0.6407
peakF0_fixVoicing,1205,1060,StarWars,151,1,1,0.9092,1.6104,0.8239
peakF0_fixVoicing,1205,1252,StarWars,151,1,1,0.8784,1.3787,0.8628
peakF0_fixVoicing,1205,3523,Hakuna,151,0,1,0.6130,1.8198,0.6674
peakF0_fixVoicing,1205,3573,Hakuna,151,0,1,0.7295,1.8761,0.6368
peakF0_fixVoicing,1208,0371,Potter,52,0,1,0.6793,2.7063,0.5162
peakF0_fixVoicing,1208,0529,Potter,52,0,1,0.4668,2.2442,0.5472
peakF0_fixVoicing,1208,0954,StarWars,52,1,1,0.4744,2.0729,0.6384
peakF0_fixVoicing,1208,1331,StarWars,52,1,1,0.4231,1.8637,0.7142
peakF0_fixVoicing,1208,3349,Hakuna,52,0,1,0.5313,2.2117,0.6786
peakF0_fixVoicing,1208,3915,Hakuna,52,0,1,0.6565,2.1248,0.6365
peakF0_fixVoicing,1209,0595,Potter,26,0,1,0.9974,1.2200,0.3594
peakF0_fixVoicing,1209,0768,Potter,26,0,1,0.9407,1.2118,0.4600
peakF0_fixVoicing,1209,1087,StarWars,26,1,1,0.6985,0.9766,0.5571
peakF0_fixVoicing,1209,1132,StarWars,26,1,1,0.6804,1.0337,0.5571
peakF0_fixVoicing,1209,3392,Hakuna,26,0,1,0.4278,1.3333,0.4403
peakF0_fixVoicing,1209,4137,Hakuna,26,0,1,0.4381,1.0865,0.5411
peakF0_fixVoicing,1210,0081,Potter,49,0,1,0.8826,2.3142,0.6491
peakF0_fixVoicing,1210,0423,Potter,49,0,1,0.9015,2.4963,0.6042
peakF0_fixVoicing,1210,1420,StarWars,49,1,1,0.9497,1.3343,0.9131
peakF0_fixVoicing,1210,3920,Hakuna,49,0,1,0.9182,1.8066,0.8279
peakF0_fixVoicing,1210,4138,Hakuna,49,0,1,0.9266,1.7701,0.8135
peakF0_fixVoicing,1213,0328,Potter,106,0,1,0.4875,2.3123,0.0133
peakF0_fixVoicing,1213,0777,Potter,106,0,1,0.5007,1.8895,0.1427
peakF0_fixVoicing,1213,1062,StarWars,106,1,1,0.1723,1.5629,0.4838
peakF0_fixVoicing,1213,3427,Hakuna,106,0,1,0.2239,1.4547,0.5504
peakF0_fixVoicing,1213,4075,Hakuna,106,0,1,0.1458,1.5352,0.2616
peakF0_fixVoicing,1214,0425,Potter,5,0,1,0.5987,2.6581,0.4512
peakF0_fixVoicing,1214,0528,Potter,5,0,1,0.7174,2.8509,0.4142
peakF0_fixVoicing,1214,0854,StarWars,5,1,1,0.7148,1.3738,0.8880
peakF0_fixVoicing,1214,1444,StarWars,5,1,1,0.7123,1.7622,0.7953
peakF0_fixVoicing,1214,3606,Hakuna,5,0,1,0.6374,2.0030,0.7056
peakF0_fixVoicing,1214,3860,Hakuna,5,0,1,0.6568,2.1693,0.6266
peakF0_fixVoicing,1222,1235,StarWars,178,1,1,0.6353,1.7468,0.4371
peakF0_fixVoicing,1222,1585,StarWars,178,1,1,0.5410,1.9432,0.2244
peakF0_fixVoicing,1222,3403,Hakuna,178,0,1,0.4286,1.8842,0.2466
peakF0_fixVoicing,1222,3665,Hakuna,178,0,1,0.4620,2.2196,-0.0534
peakF0_fixVoicing,1224,0090,Potter,24,0,1,0.7447,2.0095,0.5244
peakF0_fixVoicing,1224,0320,Potter,24,0,1,0.7070,2.0293,0.5148
peakF0_fixVoicing,1224,1045,StarWars,24,1,1,0.8003,0.7743,0.9380
peakF0_fixVoicing,1224,1325,StarWars,24,1,1,0.8740,0.6877,0.9411
peakF0_fixVoicing,1224,3814,Hakuna,24,0,1,0.7349,2.0831,0.4993
peakF0_fixVoicing,1224,4118,Hakuna,24,0,1,0.7234,2.0401,0.5041
peakF0_fixVoicing,1229,0072,Potter,15,0,1,0.9421,2.3010,0.6650
peakF0_fixVoicing,1229,0465,Potter,15,0,1,0.7579,2.5926,0.5303
peakF0_fixVoicing,1229,0877,StarWars,15,1,1,0.8930,0.8521,0.9513
peakF0_fixVoicing,1229,1633,StarWars,15,1,1,0.8158,1.8774,0.7648
peakF0_fixVoicing,1229,3996,Hakuna,15,0,1,0.7982,2.7804,0.4101
peakF0_fixVoicing,1229,4096,Hakuna,15,0,1,0.8772,2.3591,0.5486
peakF0_fixVoicing,1245,0311,Potter,218,0,1,0.7595,3.5766,0.2023
peakF0_fixVoicing,1245,0518,Potter,218,0,1,0.7491,3.2677,0.3558
peakF0_fixVoicing,1245,0994,StarWars,218,1,1,0.8694,1.2847,0.9298
peakF0_fixVoicing,1245,1220,StarWars,218,1,1,0.8093,2.0035,0.7932
peakF0_fixVoicing,1245,3475,Hakuna,218,0,1,0.9227,3.0904,0.5117
peakF0_fixVoicing,1245,3521,Hakuna,218,0,1,0.9416,2.4337,0.7051
peakF0_fixVoicing,1253,0557,Potter,195,0,1,0.8486,1.6823,0.7477
peakF0_fixVoicing,1253,3854,Hakuna,195,0,1,0.8886,1.7492,0.7615
peakF0_fixVoicing,1253,4036,Hakuna,195,0,1,0.8552,2.0743,0.5185
peakF0_fixVoicing,1254,0275,Potter,33,0,1,0.9180,2.3565,0.6054
peakF0_fixVoicing,1254,0468,Potter,33,0,1,0.9160,2.1977,0.6522
peakF0_fixVoicing,1254,0888,StarWars,33,1,1,0.7539,2.4800,0.3860
peakF0_fixVoicing,1254,1174,StarWars,33,1,1,0.7109,1.6535,0.7646
peakF0_fixVoicing,1254,3868,Hakuna,33,0,1,0.8262,1.9276,0.6683
peakF0_fixVoicing,1259,0206,Potter,84,0,1,0.6950,3.7308,-0.0793
peakF0_fixVoicing,1259,1341,StarWars,84,1,1,0.8567,1.9722,0.8787
peakF0_fixVoicing,1259,1504,StarWars,84,1,1,0.7217,2.7013,0.4835
peakF0_fixVoicing,1263,0246,Potter,190,0,1,0.6093,2.2107,0.5820
peakF0_fixVoicing,1263,0410,Potter,190,0,1,0.6578,1.9621,0.7796
peakF0_fixVoicing,1263,1077,StarWars,190,1,1,0.6477,1.8997,0.7365
peakF0_fixVoicing,1263,1085,StarWars,190,1,1,0.6344,1.7918,0.7447
peakF0_fixVoicing,1263,3625,Hakuna,190,0,1,0.5543,2.2402,0.6492
peakF0_fixVoicing,1263,3898,Hakuna,190,0,1,0.6561,2.1743,0.5874
peakF0_fixVoicing,1264,0288,Potter,208,0,1,0.9043,0.8955,0.4706
peakF0_fixVoicing,1264,0482,Potter,208,0,1,0.9383,0.8667,0.4490
peakF0_fixVoicing,1264,1399,StarWars,208,1,1,0.7298,0.8407,0.5312
peakF0_fixVoicing,1264,1436,StarWars,208,1,1,0.4681,0.7250,0.7053
peakF0_fixVoicing,1264,3519,Hakuna,208,0,1,0.7298,0.8887,0.4750
peakF0_fixVoicing,1268,0239,Potter,59,0,1,0.6047,2.5705,0.5500
peakF0_fixVoicing,1268,0798,Potter,59,0,1,0.4929,2.4374,0.5591
peakF0_fixVoicing,1268,0923,StarWars,59,1,1,0.3307,2.9792,0.1520
peakF0_fixVoicing,1268,1246,StarWars,59,1,1,0.4709,2.4901,0.4970
peakF0_fixVoicing,1268,3956,Hakuna,59,0,1,0.4409,2.6487,0.2199
peakF0_fixVoicing,1268,4124,Hakuna,59,0,1,0.4709,2.6409,0.4068
peakF0_fixVoicing,1270,0418,Potter,111,0,1,0.2597,2.4444,0.2495
peakF0_fixVoicing,1270,0454,Potter,111,0,1,0.2184,2.5322,0.1249
peakF0_fixVoicing,1270,1398,StarWars,111,1,1,0.2257,2.1424,0.5841
peakF0_fixVoicing,1270,4091,Hakuna,111,0,1,0.2282,2.4286,0.2395
peakF0_fixVoicing,1270,4133,Hakuna,111,0,1,0.1893,2.5778,0.0921
peakF0_fixVoicing,1275,0384,Potter,228,0,1,0.5150,3.1768,0.5920
peakF0_fixVoicing,1282,0477,Potter,17,0,1,1.0843,1.5606,0.8475
peakF0_fixVoicing,1282,0558,Potter,17,0,1,0.9925,2.0142,0.7355
peakF0_fixVoicing,1282,1609,StarWars,17,1,1,1.0543,1.8439,0.7668
peakF0_fixVoicing,1282,1620,StarWars,17,1,1,1.0094,1.3813,0.8671
peakF0_fixVoicing,1282,3878,Hakuna,17,0,1,1.0225,1.5300,0.8620
peakF0_fixVoicing,1282,4105,Hakuna,17,0,1,1.0861,1.7285,0.8015
peakF0_fixVoicing,1285,0181,Potter,13,0,1,0.7062,1.6840,0.6172
peakF0_fixVoicing,1285,0299,Potter,13,0,1,0.6161,1.8568,0.5599
peakF0_fixVoicing,1285,1619,StarWars,13,1,1,0.5750,1.4502,0.6560
peakF0_fixVoicing,1285,3353,Hakuna,13,0,1,0.6398,1.1177,0.6766
peakF0_fixVoicing,1285,4020,Hakuna,13,0,1,0.5924,1.3193,0.5119
peakF0_fixVoicing,1288,0504,Potter,90,0,1,0.7255,2.9567,0.2939
peakF0_fixVoicing,1288,0597,Potter,90,0,1,0.6891,2.1827,0.6221
peakF0_fixVoicing,1288,0886,StarWars,90,1,1,0.7460,1.9371,0.8597
peakF0_fixVoicing,1288,1075,StarWars,90,1,1,0.7825,2.0868,0.8108
peakF0_fixVoicing,1288,3378,Hakuna,90,0,1,0.6993,2.7513,0.4095
peakF0_fixVoicing,1288,3455,Hakuna,90,0,1,0.8380,3.1595,0.2221
peakF0_fixVoicing,1291,0186,Potter,22,0,1,0.9299,1.9995,0.4617
peakF0_fixVoicing,1291,1340,StarWars,22,1,1,0.7773,0.9690,0.8732
peakF0_fixVoicing,1291,3791,Hakuna,22,0,1,1.0165,1.4822,0.6902
peakF0_fixVoicing,1291,3834,Hakuna,22,0,1,1.0804,1.4964,0.7041
peakF0_fixVoicing,1292,0097,Potter,201,0,1,0.6632,0.9509,0.5041
peakF0_fixVoicing,1292,0396,Potter,201,0,1,0.6914,0.9684,0.4509
peakF0_fixVoicing,1292,0927,StarWars,201,1,1,0.6588,0.9665,0.5000
peakF0_fixVoicing,1292,1129,StarWars,201,1,1,0.6217,0.7741,0.6722
peakF0_fixVoicing,1292,3870,Hakuna,201,0,1,0.4273,0.8156,0.6279
peakF0_fixVoicing,1292,4154,Hakuna,201,0,1,0.4926,0.9240,0.4002
peakF0_fixVoicing,1293,0408,Potter,145,0,1,0.7151,4.2836,0.1573
peakF0_fixVoicing,1293,0619,Potter,145,0,1,0.7411,2.7176,0.6583
peakF0_fixVoicing,1293,0956,StarWars,145,1,1,0.7726,1.8666,0.7558
peakF0_fixVoicing,1293,1199,StarWars,145,1,1,0.7781,1.4430,0.8928
peakF0_fixVoicing,1293,3712,Hakuna,145,0,1,0.8041,3.3065,0.4424
peakF0_fixVoicing,1293,3793,Hakuna,145,0,1,0.8397,3.1293,0.4367
peakF0_fixVoicing,1301,0125,Potter,205,0,1,0.6778,2.7595,0.2526
peakF0_fixVoicing,1301,0359,Potter,205,0,1,0.7721,2.8004,0.2057
peakF0_fixVoicing,1301,0966,StarWars,205,1,1,0.7466,3.1470,0.0737
peakF0_fixVoicing,1301,1480,StarWars,205,1,1,0.7996,2.4537,0.5061
peakF0_fixVoicing,1301,3529,Hakuna,205,0,1,0.5501,2.2542,0.5141
peakF0_fixVoicing,1301,3581,Hakuna,205,0,1,0.6562,2.2970,0.5725
peakF0_fixVoicing,1303,0553,Potter,0,0,1,0.8114,2.0794,0.5588
peakF0_fixVoicing,1303,0590,Potter,0,0,1,0.7984,1.6531,0.6417
peakF0_fixVoicing,1303,0915,StarWars,0,1,1,0.5904,1.2178,0.8296
peakF0_fixVoicing,1303,1140,StarWars,0,1,1,0.5800,1.3963,0.7691
peakF0_fixVoicing,1303,3690,Hakuna,0,0,1,0.7776,1.9873,0.5671
peakF0_fixVoicing,1303,4031,Hakuna,0,0,1,0.7711,1.6127,0.6413
peakF0_fixVoicing,1304,0649,Potter,197,0,1,0.8893,3.6886,0.5017
peakF0_fixVoicing,1304,0688,Potter,197,0,1,0.9606,2.9445,0.6985
peakF0_fixVoicing,1304,0921,StarWars,197,1,1,0.8874,1.7198,0.8457
peakF0_fixVoicing,1304,1322,StarWars,197,1,1,0.7298,1.5903,0.8114
peakF0_fixVoicing,1304,3512,Hakuna,197,0,1,0.7692,3.4119,0.6913
peakF0_fixVoicing,1304,3851,Hakuna,197,0,1,0.7411,3.4642,0.6443
peakF0_fixVoicing,1306,0125,Potter,205,0,1,0.6956,3.7853,0.3140
peakF0_fixVoicing,1306,0359,Potter,205,0,1,0.7923,3.6971,0.3452
peakF0_fixVoicing,1306,0966,StarWars,205,1,1,0.7661,4.2914,-0.0176
peakF0_fixVoicing,1306,1480,StarWars,205,1,1,0.8206,3.7559,0.4067
peakF0_fixVoicing,1306,3529,Hakuna,205,0,1,0.5645,3.1026,0.5736
peakF0_fixVoicing,1306,3581,Hakuna,205,0,1,0.6734,3.3580,0.5139
peakF0_fixVoicing,1308,3332,Hakuna,6,0,1,0.9821,2.5774,0.6702
peakF0_fixVoicing,1311,0326,Potter,23,0,1,0.8683,2.0221,0.4257
peakF0_fixVoicing,1311,0682,Potter,23,0,1,0.6132,2.6937,-0.1480
peakF0_fixVoicing,1311,1335,StarWars,23,1,1,0.8066,2.2052,0.2321
peakF0_fixVoicing,1311,1448,StarWars,23,1,1,0.7284,2.0387,0.4572
peakF0_fixVoicing,1319,0762,Potter,69,0,1,0.4257,2.0250,0.5638
peakF0_fixVoicing,1319,0771,Potter,69,0,1,0.7245,2.0933,0.5090
peakF0_fixVoicing,1319,1323,StarWars,69,1,1,0.2167,2.0851,0.6092
peakF0_fixVoicing,1319,1496,StarWars,69,1,1,0.3189,1.9853,0.6711
peakF0_fixVoicing,1319,3410,Hakuna,69,0,1,0.3359,2.9571,0.0634
peakF0_fixVoicing,1330,0997,StarWars,135,1,1,1.0286,3.8135,-0.0733
peakF0_fixVoicing,1330,1195,StarWars,135,1,1,1.1833,3.5673,0.2690
peakF0_fixVoicing,1330,3501,Hakuna,135,0,1,0.6548,2.4872,0.6501
peakF0_fixVoicing,1330,4070,Hakuna,135,0,1,0.7500,2.7283,0.4072
peakF0_fixVoicing,1336,0386,Potter,184,0,1,1.0247,2.3300,0.6099
peakF0_fixVoicing,1336,0729,Potter,184,0,1,0.8958,2.4273,0.6647
peakF0_fixVoicing,1336,0887,StarWars,184,1,1,0.6272,2.0381,0.7610
peakF0_fixVoicing,1336,3612,Hakuna,184,0,1,0.8746,2.4786,0.6055
peakF0_fixVoicing,1336,3844,Hakuna,184,0,1,0.8816,2.4008,0.5999
peakF0_fixVoicing,1337,0613,Potter,137,0,1,0.5453,2.8275,0.5916
peakF0_fixVoicing,1337,0788,Potter,137,0,1,0.6111,3.4211,0.3999
peakF0_fixVoicing,1337,1163,StarWars,137,1,1,0.6728,1.8370,0.7711
peakF0_fixVoicing,1337,1177,StarWars,137,1,1,0.7140,1.6445,0.8765
peakF0_fixVoicing,1337,3594,Hakuna,137,0,1,0.8992,2.7390,0.6170
peakF0_fixVoicing,1337,3944,Hakuna,137,0,1,0.8642,2.6075,0.6362
peakF0_fixVoicing,1342,0254,Potter,129,0,1,1.1595,1.2856,0.8057
peakF0_fixVoicing,1342,0554,Potter,129,0,1,1.0884,1.7465,0.7357
peakF0_fixVoicing,1342,1014,StarWars,129,1,1,0.5582,0.7833,0.9205
peakF0_fixVoicing,1342,1167,StarWars,129,1,1,0.5690,0.6867,0.9177
peakF0_fixVoicing,1342,3576,Hakuna,129,0,1,0.7866,1.7025,0.6502
peakF0_fixVoicing,1342,3651,Hakuna,129,0,1,0.7565,1.5226,0.7959
peakF0_fixVoicing,1343,0008,Potter,213,0,1,0.7293,2.5747,0.6962
peakF0_fixVoicing,1343,0681,Potter,213,0,1,0.7363,2.4215,0.7019
peakF0_fixVoicing,1343,0860,StarWars,213,1,1,0.8345,0.5814,0.9776
peakF0_fixVoicing,1343,1317,StarWars,213,1,1,0.7518,1.1031,0.8519
peakF0_fixVoicing,1343,3548,Hakuna,213,0,1,0.5105,2.7610,0.6483
peakF0_fixVoicing,1343,3720,Hakuna,213,0,1,0.5666,2.7361,0.6743
peakF0_fixVoicing,1351,0177,Potter,14,0,1,0.7903,1.8766,0.5924
peakF0_fixVoicing,1351,0774,Potter,14,0,1,0.7532,1.9044,0.5087
peakF0_fixVoicing,1351,1435,StarWars,14,1,1,0.7774,1.6267,0.8005
peakF0_fixVoicing,1351,1519,StarWars,14,1,1,0.8500,1.4184,0.8693
peakF0_fixVoicing,1351,3682,Hakuna,14,0,1,0.6419,2.0482,0.3360
peakF0_fixVoicing,1351,3807,Hakuna,14,0,1,0.6452,1.9554,0.5082
peakF0_fixVoicing,1353,0508,Potter,120,0,1,1.1561,2.2498,0.7230
peakF0_fixVoicing,1353,0559,Potter,120,0,1,1.0539,2.2788,0.7138
peakF0_fixVoicing,1353,0878,StarWars,120,1,1,0.7881,2.3741,0.7414
peakF0_fixVoicing,1353,1449,StarWars,120,1,1,0.8123,2.4995,0.6982
peakF0_fixVoicing,1353,3503,Hakuna,120,0,1,0.6190,3.2581,0.4614
peakF0_fixVoicing,1353,3549,Hakuna,120,0,1,0.7361,3.4158,0.3884
peakF0_fixVoicing,1355,0477,Potter,17,0,1,0.9602,2.3303,0.7023
peakF0_fixVoicing,1355,0558,Potter,17,0,1,0.8789,3.0410,0.5714
peakF0_fixVoicing,1355,1609,StarWars,17,1,1,0.9337,2.9925,0.6369
peakF0_fixVoicing,1355,1620,StarWars,17,1,1,0.8939,2.5129,0.6939
peakF0_fixVoicing,1355,3878,Hakuna,17,0,1,0.9055,2.8464,0.5821
peakF0_fixVoicing,1355,4105,Hakuna,17,0,1,0.9619,2.6392,0.6860
peakF0_fixVoicing,1360,0044,Potter,217,0,1,0.7850,2.6029,0.5828
peakF0_fixVoicing,1360,0101,Potter,217,0,1,0.8259,2.6258,0.6061
peakF0_fixVoicing,1360,1131,StarWars,217,1,1,0.6599,1.8797,0.7214
peakF0_fixVoicing,1360,1509,StarWars,217,1,1,0.6857,1.4132,0.8159
peakF0_fixVoicing,1360,3701,Hakuna,217,0,1,0.8136,3.2313,0.3161
peakF0_fixVoicing,1360,4103,Hakuna,217,0,1,0.8109,2.8884,0.4420
peakF0_fixVoicing,1361,0424,Potter,38,0,1,1.0578,1.6438,0.5997
peakF0_fixVoicing,1361,0829,Potter,38,0,1,1.0177,1.6723,0.5864
peakF0_fixVoicing,1361,1149,StarWars,38,1,1,0.9037,0.9774,0.8728
peakF0_fixVoicing,1361,1273,StarWars,38,1,1,0.9069,0.9037,0.8786
peakF0_fixVoicing,1361,3506,Hakuna,38,0,1,0.7833,1.3565,0.6599
peakF0_fixVoicing,1361,3732,Hakuna,38,0,1,0.8780,1.3264,0.7134
peakF0_fixVoicing,1363,0680,Potter,123,0,1,0.8545,2.5638,0.7116
peakF0_fixVoicing,1363,0835,Potter,123,0,1,0.7950,2.2692,0.7604
peakF0_fixVoicing,1363,1196,StarWars,123,1,1,0.8654,0.5286,0.9814
peakF0_fixVoicing,1363,1378,StarWars,123,1,1,0.8779,0.4575,0.9902
peakF0_fixVoicing,1363,3567,Hakuna,123,0,1,0.7543,2.9196,0.6445
peakF0_fixVoicing,1363,3787,Hakuna,123,0,1,0.7746,2.9246,0.6327
peakF0_fixVoicing,1365,0808,Potter,171,0,1,0.8867,1.5651,0.5496
peakF0_fixVoicing,1365,1079,StarWars,171,1,1,0.8086,1.0329,0.8958
peakF0_fixVoicing,1365,1112,StarWars,171,1,1,0.9316,1.1608,0.8126
peakF0_fixVoicing,1368,0010,Potter,92,0,1,0.7722,3.0027,0.6118
peakF0_fixVoicing,1368,0232,Potter,92,0,1,0.6820,3.2573,0.5606
peakF0_fixVoicing,1368,0893,StarWars,92,1,1,0.5596,2.1274,0.7478
peakF0_fixVoicing,1368,0922,StarWars,92,1,1,0.5398,2.5306,0.7459
peakF0_fixVoicing,1368,4028,Hakuna,92,0,1,0.8073,2.8140,0.6603
peakF0_fixVoicing,1370,0017,Potter,70,0,1,0.8769,2.4575,0.5845
peakF0_fixVoicing,1370,0161,Potter,70,0,1,0.9068,2.0697,0.7213
peakF0_fixVoicing,1370,0929,StarWars,70,1,1,0.8869,1.9904,0.7961
peakF0_fixVoicing,1370,3334,Hakuna,70,0,1,0.9384,1.9410,0.8032
peakF0_fixVoicing,1370,3384,Hakuna,70,0,1,0.8752,2.0007,0.7699
peakF0_fixVoicing,1372,1235,StarWars,178,1,1,0.6635,1.4783,0.4767
peakF0_fixVoicing,1372,1585,StarWars,178,1,1,0.5651,1.4630,0.4886
peakF0_fixVoicing,1372,3403,Hakuna,178,0,1,0.4476,1.5430,0.4135
peakF0_fixVoicing,1372,3665,Hakuna,178,0,1,0.4825,1.7531,0.2438
peakF0_fixVoicing,1373,0222,Potter,96,0,1,0.6503,2.3775,0.4071
peakF0_fixVoicing,1373,0715,Potter,96,0,1,0.6136,2.3869,0.5275
peakF0_fixVoicing,1373,1027,StarWars,96,1,1,1.0105,1.6159,0.7458
peakF0_fixVoicing,1373,1402,StarWars,96,1,1,1.0297,1.5581,0.7708
peakF0_fixVoicing,1373,3406,Hakuna,96,0,1,0.7220,2.5641,0.2814
peakF0_fixVoicing,1373,3938,Hakuna,96,0,1,0.8007,2.2453,0.4338
peakF0_fixVoicing,1377,0394,Potter,215,0,1,0.9640,4.4998,0.2812
peakF0_fixVoicing,1377,0975,StarWars,215,1,1,0.7755,1.5636,0.8632
peakF0_fixVoicing,1377,1423,StarWars,215,1,1,0.8417,0.7958,0.8987
peakF0_fixVoicing,1377,3480,Hakuna,215,0,1,0.7237,2.7887,0.6669
peakF0_fixVoicing,1377,3858,Hakuna,215,0,1,0.7439,2.7218,0.6983
peakF0_fixVoicing,1384,0008,Potter,213,0,1,0.7283,2.5496,0.6902
peakF0_fixVoicing,1384,0681,Potter,213,0,1,0.7353,2.3847,0.7270
peakF0_fixVoicing,1384,0860,StarWars,213,1,1,0.8333,0.7884,0.9176
peakF0_fixVoicing,1384,1317,StarWars,213,1,1,0.7507,0.9732,0.9577
peakF0_fixVoicing,1384,3548,Hakuna,213,0,1,0.5098,2.5210,0.6811
peakF0_fixVoicing,1384,3720,Hakuna,213,0,1,0.5658,2.4883,0.7154
peakF0_fixVoicing,1386,0484,Potter,162,0,1,0.6887,2.2531,0.7062
peakF0_fixVoicing,1386,0599,Potter,162,0,1,0.7120,1.8622,0.7407
peakF0_fixVoicing,1386,1508,StarWars,162,1,1,0.7245,0.7942,0.9709
peakF0_fixVoicing,1386,1606,StarWars,162,1,1,0.7692,1.0257,0.9526
peakF0_fixVoicing,1389,0273,Potter,172,0,1,0.6211,3.3302,0.4867
peakF0_fixVoicing,1389,1064,StarWars,172,1,1,0.5914,2.2610,0.7100
peakF0_fixVoicing,1389,1498,StarWars,172,1,1,0.6063,2.8338,0.7051
peakF0_fixVoicing,1389,3708,Hakuna,172,0,1,0.5173,3.7714,0.1952
peakF0_fixVoicing,1389,4145,Hakuna,172,0,1,0.6343,3.1635,0.5865
peakF0_fixVoicing,1392,0787,Potter,136,0,1,0.9747,2.5122,0.3952
peakF0_fixVoicing,1392,0837,Potter,136,0,1,1.0175,2.5907,0.2991
peakF0_fixVoicing,1392,1004,StarWars,136,1,1,0.9922,2.2641,0.6781
peakF0_fixVoicing,1392,1042,StarWars,136,1,1,0.8521,2.2627,0.6417
peakF0_fixVoicing,1392,3526,Hakuna,136,0,1,1.2082,2.4864,0.4451
peakF0_fixVoicing,1392,3943,Hakuna,136,0,1,1.2082,2.4853,0.4494
peakF0_fixVoicing,1393,0435,Potter,185,0,1,0.4926,2.6758,0.4209
peakF0_fixVoicing,1393,0666,Potter,185,0,1,0.6228,3.5684,0.0693
peakF0_fixVoicing,1393,1173,StarWars,185,1,1,0.6124,2.2637,0.7196
peakF0_fixVoicing,1393,1575,StarWars,185,1,1,0.2811,2.7839,0.2722
peakF0_fixVoicing,1393,3561,Hakuna,185,0,1,0.6139,2.4998,0.4976
peakF0_fixVoicing,1393,3613,Hakuna,185,0,1,0.6317,2.4911,0.5196
peakF0_fixVoicing,1394,0328,Potter,106,0,1,0.5648,1.5884,0.2442
peakF0_fixVoicing,1394,0777,Potter,106,0,1,0.5802,1.2623,0.4630
peakF0_fixVoicing,1394,1062,StarWars,106,1,1,0.1997,1.4073,0.5117
peakF0_fixVoicing,1394,3427,Hakuna,106,0,1,0.2594,1.4580,0.1920
peakF0_fixVoicing,1394,4075,Hakuna,106,0,1,0.1689,1.3607,0.1518
peakF0_fixVoicing,1395,0145,Potter,141,0,1,0.6213,1.8142,0.5675
peakF0_fixVoicing,1395,0620,Potter,141,0,1,0.3842,2.2148,0.1938
peakF0_fixVoicing,1395,1636,StarWars,141,1,1,0.6875,1.8380,0.5523
peakF0_fixVoicing,1395,1652,StarWars,141,1,1,0.5846,1.8031,0.6475
peakF0_fixVoicing,1395,3687,Hakuna,141,0,1,0.6544,2.1535,0.2129
peakF0_fixVoicing,1395,3895,Hakuna,141,0,1,0.6581,1.8001,0.5887
peakF0_fixVoicing,1397,0186,Potter,22,0,1,0.8673,2.1929,0.4555
peakF0_fixVoicing,1397,1340,StarWars,22,1,1,0.7250,1.1733,0.8822
peakF0_fixVoicing,1397,3791,Hakuna,22,0,1,0.9481,1.7200,0.7277
peakF0_fixVoicing,1397,3834,Hakuna,22,0,1,1.0077,1.6481,0.7528
peakF0_fixVoicing,1401,1030,StarWars,212,1,1,0.4462,2.8782,0.6392
peakF0_fixVoicing,1401,1646,StarWars,212,1,1,0.6103,3.0555,0.4168
peakF0_fixVoicing,1401,3761,Hakuna,212,0,1,0.4513,3.1415,0.3677
peakF0_fixVoicing,1401,3907,Hakuna,212,0,1,0.5504,3.1112,0.4030
peakF0_fixVoicing,1407,0271,Potter,121,0,1,0.8527,1.8849,0.6887
peakF0_fixVoicing,1407,0416,Potter,121,0,1,0.6618,2.1880,0.4430
peakF0_fixVoicing,1407,0852,StarWars,121,1,1,0.8900,1.4579,0.8815
peakF0_fixVoicing,1407,1525,StarWars,121,1,1,0.7303,1.4016,0.8335
peakF0_fixVoicing,1407,3647,Hakuna,121,0,1,0.6722,2.2566,0.4800
peakF0_fixVoicing,1407,4058,Hakuna,121,0,1,0.6639,2.2359,0.4744
peakF0_fixVoicing,1414,0427,Potter,174,0,1,0.7898,2.2403,0.7483
peakF0_fixVoicing,1414,0577,Potter,174,0,1,0.7067,2.9192,0.3828
peakF0_fixVoicing,1414,1403,StarWars,174,1,1,0.6007,1.6065,0.8791
peakF0_fixVoicing,1414,1502,StarWars,174,1,1,0.7385,1.4473,0.9158
peakF0_fixVoicing,1414,3424,Hakuna,174,0,1,0.7403,1.6964,0.8276
peakF0_fixVoicing,1414,4122,Hakuna,174,0,1,0.5177,1.9911,0.7936
peakF0_fixVoicing,1416,0394,Potter,215,0,1,0.9738,4.5538,0.2274
peakF0_fixVoicing,1416,0975,StarWars,215,1,1,0.7834,1.9495,0.8110
peakF0_fixVoicing,1416,1423,StarWars,215,1,1,0.8503,0.9733,0.8851
peakF0_fixVoicing,1416,3480,Hakuna,215,0,1,0.7311,2.8255,0.6838
peakF0_fixVoicing,1416,3858,Hakuna,215,0,1,0.7515,2.7607,0.6737
peakF0_fixVoicing,1417,0073,Potter,189,0,1,0.8812,2.2693,0.5926
peakF0_fixVoicing,1417,0298,Potter,189,0,1,0.9793,2.1884,0.6543
peakF0_fixVoicing,1417,1251,StarWars,189,1,1,0.9036,1.1956,0.9177
peakF0_fixVoicing,1417,1497,StarWars,189,1,1,0.9329,0.9998,0.9466
peakF0_fixVoicing,1417,3342,Hakuna,189,0,1,0.8985,2.0179,0.5556
peakF0_fixVoicing,1419,0196,Potter,232,0,1,0.5938,1.9071,0.5183
peakF0_fixVoicing,1419,0603,Potter,232,0,1,0.6722,2.0420,0.4916
peakF0_fixVoicing,1419,0917,StarWars,232,1,1,0.8351,1.1384,0.8978
peakF0_fixVoicing,1419,1278,StarWars,232,1,1,0.6928,1.6300,0.6792
peakF0_fixVoicing,1419,3541,Hakuna,232,0,1,0.3113,1.8606,0.5632
peakF0_fixVoicing,1419,4111,Hakuna,232,0,1,0.4082,1.8778,0.5616
peakF0_fixVoicing,1422,0461,Potter,198,0,1,0.1947,1.4612,0.4961
peakF0_fixVoicing,1424,0206,Potter,84,0,1,0.6557,4.1282,-0.3183
peakF0_fixVoicing,1424,1341,StarWars,84,1,1,0.8082,2.1164,0.8413
peakF0_fixVoicing,1424,1504,StarWars,84,1,1,0.6808,2.6386,0.4872
peakF0_fixVoicing,1426,0997,StarWars,135,1,1,0.8640,1.7582,0.7684
peakF0_fixVoicing,1426,1195,StarWars,135,1,1,0.9940,1.8793,0.6170
peakF0_fixVoicing,1426,3501,Hakuna,135,0,1,0.5500,1.9312,0.4388
peakF0_fixVoicing,1426,4070,Hakuna,135,0,1,0.6300,2.0646,0.3633
peakF0_fixVoicing,1427,0484,Potter,162,0,1,0.6638,2.4354,0.6321
peakF0_fixVoicing,1427,0599,Potter,162,0,1,0.6862,2.0509,0.6738
peakF0_fixVoicing,1427,1508,StarWars,162,1,1,0.6983,1.3447,0.9296
peakF0_fixVoicing,1427,1606,StarWars,162,1,1,0.7414,0.5937,0.9789
peakF0_fixVoicing,1429,0489,Potter,87,0,1,0.9345,1.5246,0.4418
peakF0_fixVoicing,1429,0684,Potter,87,0,1,0.8224,1.4585,0.4549
peakF0_fixVoicing,1429,1090,StarWars,87,1,1,0.8086,1.1084,0.7378
peakF0_fixVoicing,1429,1460,StarWars,87,1,1,0.7966,1.1703,0.7231
peakF0_fixVoicing,1429,3341,Hakuna,87,0,1,0.7672,1.4919,0.3985
peakF0_fixVoicing,1429,3728,Hakuna,87,0,1,0.8276,1.4019,0.4527
peakF0_fixVoicing,1440,0071,Potter,109,0,1,0.7164,3.3043,0.3510
peakF0_fixVoicing,1440,0388,Potter,109,0,1,0.7796,3.0192,0.4565
peakF0_fixVoicing,1440,0986,StarWars,109,1,1,0.7877,0.7531,0.9722
peakF0_fixVoicing,1440,1078,StarWars,109,1,1,0.8347,0.6354,0.9763
peakF0_fixVoicing,1440,3457,Hakuna,109,0,1,0.6759,3.7423,0.1303
peakF0_fixVoicing,1440,3837,Hakuna,109,0,1,0.6985,3.2960,0.3253
peakF0_fixVoicing,1441,0004,Potter,160,0,1,0.6081,2.0951,0.5387
peakF0_fixVoicing,1441,0517,Potter,160,0,1,0.5561,2.0755,0.4723
peakF0_fixVoicing,1441,1390,StarWars,160,1,1,0.6634,2.3641,0.2686
peakF0_fixVoicing,1441,1641,StarWars,160,1,1,0.7366,2.0281,0.5394
peakF0_fixVoicing,1441,3786,Hakuna,160,0,1,0.7041,1.8708,0.5769
peakF0_fixVoicing,1441,3994,Hakuna,160,0,1,0.7268,1.7183,0.7444
peakF0_fixVoicing,1443,0649,Potter,197,0,1,0.8272,3.3350,0.6117
peakF0_fixVoicing,1443,0688,Potter,197,0,1,0.8935,2.7557,0.6810
peakF0_fixVoicing,1443,0921,StarWars,197,1,1,0.8255,1.4561,0.8741
peakF0_fixVoicing,1443,1322,StarWars,197,1,1,0.6789,1.4317,0.8182
peakF0_fixVoicing,1443,3512,Hakuna,197,0,1,0.7155,3.0471,0.7080
peakF0_fixVoicing,1443,3851,Hakuna,197,0,1,0.6894,3.1396,0.6270
peakF0_fixVoicing,1447,0508,Potter,120,0,1,1.0560,2.3766,0.7422
peakF0_fixVoicing,1447,0559,Potter,120,0,1,0.9626,2.5379,0.7150
peakF0_fixVoicing,1447,0878,StarWars,120,1,1,0.7199,2.5519,0.6690
peakF0_fixVoicing,1447,1449,StarWars,120,1,1,0.7419,2.7138,0.6162
peakF0_fixVoicing,1447,3503,Hakuna,120,0,1,0.5654,3.6461,0.3713
peakF0_fixVoicing,1447,3549,Hakuna,120,0,1,0.6723,3.9198,0.2519
peakF0_fixVoicing,1453,0136,Potter,144,0,1,0.8181,2.8272,0.6160
peakF0_fixVoicing,1453,0330,Potter,144,0,1,0.7378,3.3484,0.3882
peakF0_fixVoicing,1453,1216,StarWars,144,1,1,0.5903,3.3550,0.2354
peakF0_fixVoicing,1453,1421,StarWars,144,1,1,0.6490,2.9298,0.6696
peakF0_fixVoicing,1453,3420,Hakuna,144,0,1,0.5817,3.3748,0.2619
peakF0_fixVoicing,1453,3673,Hakuna,144,0,1,0.6103,3.4343,0.1860
peakF0_fixVoicing,1455,0140,Potter,175,0,1,0.5240,2.5317,0.4039
peakF0_fixVoicing,1455,0758,Potter,175,0,1,0.7066,2.3165,0.3795
peakF0_fixVoicing,1455,1428,StarWars,175,1,1,0.6886,1.5403,0.6741
peakF0_fixVoicing,1455,1599,StarWars,175,1,1,0.6048,2.1852,0.4786
peakF0_fixVoicing,1455,3425,Hakuna,175,0,1,0.6856,1.9526,0.3533
peakF0_fixVoicing,1455,3997,Hakuna,175,0,1,0.7844,1.9345,0.3402
peakF0_fixVoicing,1458,0076,Potter,30,0,1,0.5393,2.8148,0.5468
peakF0_fixVoicing,1458,0151,Potter,30,0,1,0.6431,2.6672,0.6021
peakF0_fixVoicing,1458,1101,StarWars,30,1,1,0.7297,1.4408,0.9096
peakF0_fixVoicing,1458,1369,StarWars,30,1,1,0.6165,1.5538,0.8405
peakF0_fixVoicing,1458,3443,Hakuna,30,0,1,0.5393,2.9443,0.5247
peakF0_fixVoicing,1458,3694,Hakuna,30,0,1,0.2983,3.0529,0.5498
peakF0_fixVoicing,1466,3474,Hakuna,82,0,1,0.8730,2.9907,0.5254
peakF0_fixVoicing,1466,3654,Hakuna,82,0,1,0.7489,3.1361,0.2400
peakF0_fixVoicing,1467,0254,Potter,129,0,1,1.1423,1.2602,0.8141
peakF0_fixVoicing,1467,0554,Potter,129,0,1,1.0722,1.7232,0.7139
peakF0_fixVoicing,1467,1014,StarWars,129,1,1,0.5499,0.8682,0.9277
peakF0_fixVoicing,1467,1167,StarWars,129,1,1,0.5605,0.6956,0.9347
peakF0_fixVoicing,1467,3576,Hakuna,129,0,1,0.7749,1.4946,0.7510
peakF0_fixVoicing,1467,3651,Hakuna,129,0,1,0.7452,1.3000,0.8358
peakF0_fixVoicing,1469,0408,Potter,145,0,1,0.6762,4.8725,-0.0297
peakF0_fixVoicing,1469,0619,Potter,145,0,1,0.7008,3.1915,0.5042
peakF0_fixVoicing,1469,0956,StarWars,145,1,1,0.7306,1.9737,0.8121
peakF0_fixVoicing,1469,1199,StarWars,145,1,1,0.7358,1.6952,0.8880
peakF0_fixVoicing,1469,3712,Hakuna,145,0,1,0.7604,3.4829,0.4196
peakF0_fixVoicing,1469,3793,Hakuna,145,0,1,0.7940,3.3970,0.3959
peakF0_fixVoicing,1470,0762,Potter,69,0,1,0.4338,1.9735,0.5848
peakF0_fixVoicing,1470,0771,Potter,69,0,1,0.7382,2.1006,0.3846
peakF0_fixVoicing,1470,1323,StarWars,69,1,1,0.2208,1.9811,0.6841
peakF0_fixVoicing,1470,1496,StarWars,69,1,1,0.3249,1.8997,0.7192
peakF0_fixVoicing,1470,3410,Hakuna,69,0,1,0.3423,2.9122,0.0506
peakF0_fixVoicing,1474,0194,Potter,169,0,1,0.7712,2.3805,0.5044
peakF0_fixVoicing,1474,0728,Potter,169,0,1,0.8811,2.3311,0.5985
peakF0_fixVoicing,1474,0848,StarWars,169,1,1,0.7532,2.5498,0.5819
peakF0_fixVoicing,1474,1533,StarWars,169,1,1,0.7261,2.6545,0.4887
peakF0_fixVoicing,1474,3399,Hakuna,169,0,1,0.7568,2.7360,0.2757
peakF0_fixVoicing,1474,3605,Hakuna,169,0,1,0.6378,2.6623,0.3530
peakF0_fixVoicing,1479,0489,Potter,87,0,1,0.9713,1.4704,0.3915
peakF0_fixVoicing,1479,0684,Potter,87,0,1,0.8548,1.6087,0.2622
peakF0_fixVoicing,1479,1090,StarWars,87,1,1,0.8405,1.2557,0.6519
peakF0_fixVoicing,1479,1460,StarWars,87,1,1,0.8280,1.3067,0.6234
peakF0_fixVoicing,1479,3341,Hakuna,87,0,1,0.7975,1.5134,0.3138
peakF0_fixVoicing,1479,3728,Hakuna,87,0,1,0.8602,1.5481,0.3825
peakF0_fixVoicing,1484,0756,Potter,219,0,1,0.5429,2.7622,0.1289
peakF0_fixVoicing,1484,0805,Potter,219,0,1,0.7348,2.5618,0.3743
peakF0_fixVoicing,1484,0988,StarWars,219,1,1,0.6717,2.7583,0.3931
peakF0_fixVoicing,1484,1255,StarWars,219,1,1,0.7197,2.6686,0.5158
peakF0_fixVoicing,1484,3355,Hakuna,219,0,1,0.6338,2.7873,0.2717
peakF0_fixVoicing,1484,3635,Hakuna,219,0,1,0.6540,2.9128,0.0284
peakF0_fixVoicing,1485,0377,Potter,234,0,1,0.8713,2.9191,0.6065
peakF0_fixVoicing,1485,0406,Potter,234,0,1,0.9545,2.6753,0.6812
peakF0_fixVoicing,1485,0906,StarWars,234,1,1,0.9941,1.4014,0.9069
peakF0_fixVoicing,1485,3484,Hakuna,234,0,1,0.8911,2.3726,0.7124
peakF0_fixVoicing,1485,3975,Hakuna,234,0,1,0.8911,2.4931,0.7395
peakF0_fixVoicing,1486,0311,Potter,218,0,1,0.7978,3.5942,0.4322
peakF0_fixVoicing,1486,0518,Potter,218,0,1,0.7870,2.6531,0.7389
peakF0_fixVoicing,1486,0994,StarWars,218,1,1,0.9134,1.6230,0.8963
peakF0_fixVoicing,1486,1220,StarWars,218,1,1,0.8502,2.4373,0.7556
peakF0_fixVoicing,1486,3475,Hakuna,218,0,1,0.9693,2.7293,0.6429
peakF0_fixVoicing,1486,3521,Hakuna,218,0,1,0.9892,2.5194,0.6974
peakF0_fixVoicing,1488,0651,Potter,97,0,1,0.8856,3.0984,0.5528
peakF0_fixVoicing,1488,0706,Potter,97,0,1,0.9757,2.5375,0.6253
peakF0_fixVoicing,1488,1313,StarWars,97,1,1,0.8232,2.2113,0.7747
peakF0_fixVoicing,1488,1418,StarWars,97,1,1,0.8284,1.9256,0.8195
peakF0_fixVoicing,1488,3631,Hakuna,97,0,1,0.8163,3.0832,0.6477
peakF0_fixVoicing,1488,3919,Hakuna,97,0,1,0.8856,3.3982,0.5879
peakF0_fixVoicing,1489,0019,Potter,73,0,1,0.6986,3.5786,0.4484
peakF0_fixVoicing,1489,0078,Potter,73,0,1,0.7767,3.0739,0.4523
peakF0_fixVoicing,1489,1154,StarWars,73,1,1,0.6188,3.2535,0.3761
peakF0_fixVoicing,1489,1359,StarWars,73,1,1,0.7161,3.0605,0.4996
peakF0_fixVoicing,1489,3857,Hakuna,73,0,1,0.6172,3.3168,0.4921
peakF0_fixVoicing,1492,0124,Potter,58,0,1,0.7721,1.7819,0.5545
peakF0_fixVoicing,1492,0467,Potter,58,0,1,0.8213,1.5373,0.6199
peakF0_fixVoicing,1492,1178,StarWars,58,1,1,0.6787,1.1028,0.8321
peakF0_fixVoicing,1492,1262,StarWars,58,1,1,0.7852,1.0668,0.8424
peakF0_fixVoicing,1492,3556,Hakuna,58,0,1,0.6197,1.5041,0.5668
peakF0_fixVoicing,1492,3668,Hakuna,58,0,1,0.5902,1.5486,0.5527
peakF0_fixVoicing,1500,0182,Potter,61,0,1,1.1096,1.8753,0.7017
peakF0_fixVoicing,1500,0336,Potter,61,0,1,0.9479,2.5726,0.2160
peakF0_fixVoicing,1500,1236,StarWars,61,1,1,0.8849,1.8337,0.7658
peakF0_fixVoicing,1500,1318,StarWars,61,1,1,0.9151,1.7693,0.7652
peakF0_fixVoicing,1500,3492,Hakuna,61,0,1,0.6219,2.3329,0.2044
peakF0_fixVoicing,1500,3524,Hakuna,61,0,1,0.6192,2.5920,0.2381
peakF0_fixVoicing,1503,0282,Potter,8,0,1,1.0952,1.6240,0.5422
peakF0_fixVoicing,1503,0802,Potter,8,0,1,1.0018,1.4876,0.5254
peakF0_fixVoicing,1503,1046,StarWars,8,1,1,0.7985,1.5415,0.6355
peakF0_fixVoicing,1503,1667,StarWars,8,1,1,0.8260,1.5320,0.6856
peakF0_fixVoicing,1503,3795,Hakuna,8,0,1,0.7674,1.5388,0.5918
peakF0_fixVoicing,1503,4144,Hakuna,8,0,1,0.7527,1.5893,0.5901
peakF0_fixVoicing,1505,0397,Potter,20,0,1,0.8847,2.6628,0.5056
peakF0_fixVoicing,1505,0513,Potter,20,0,1,0.8281,2.5049,0.6418
peakF0_fixVoicing,1505,1297,StarWars,20,1,1,0.8847,2.7218,0.3282
peakF0_fixVoicing,1505,1582,StarWars,20,1,1,0.8218,1.5572,0.8268
peakF0_fixVoicing,1505,3642,Hakuna,20,0,1,0.8784,2.0305,0.7513
peakF0_fixVoicing,1505,3992,Hakuna,20,0,1,0.8071,1.9100,0.7831
peakF0_fixVoicing,1511,0198,Potter,67,0,1,0.9952,2.5885,0.4812
peakF0_fixVoicing,1511,0369,Potter,67,0,1,0.8452,1.9016,0.6950
peakF0_fixVoicing,1511,1298,StarWars,67,1,1,1.0310,1.4403,0.8223
peakF0_fixVoicing,1511,1326,StarWars,67,1,1,0.7238,2.6197,0.5941
peakF0_fixVoicing,1511,3412,Hakuna,67,0,1,0.6476,1.5510,0.8357
peakF0_fixVoicing,1511,3447,Hakuna,67,0,1,0.8429,1.7597,0.7833
peakF0_fixVoicing,1513,3474,Hakuna,82,0,1,0.9061,2.8754,0.4883
peakF0_fixVoicing,1513,3654,Hakuna,82,0,1,0.7773,3.0662,0.2866
peakF0_fixVoicing,1514,0155,Potter,76,0,1,0.7246,1.2984,0.7157
peakF0_fixVoicing,1514,0584,Potter,76,0,1,0.7473,1.2007,0.7665
peakF0_fixVoicing,1514,1381,StarWars,76,1,1,0.6898,1.6542,0.6362
peakF0_fixVoicing,1514,1445,StarWars,76,1,1,0.7393,2.0111,0.4569
peakF0_fixVoicing,1514,3706,Hakuna,76,0,1,0.6925,1.1766,0.7710
peakF0_fixVoicing,1514,4048,Hakuna,76,0,1,0.7032,1.3280,0.7352
peakF0_fixVoicing,1515,0236,Potter,170,0,1,0.2898,2.2313,-0.1226
peakF0_fixVoicing,1515,0668,Potter,170,0,1,0.3251,1.8750,0.3395
peakF0_fixVoicing,1515,1565,StarWars,170,1,1,0.4064,1.8870,0.5129
peakF0_fixVoicing,1517,0732,Potter,150,0,1,0.7658,2.7151,0.4499
peakF0_fixVoicing,1517,0825,Potter,150,0,1,0.7949,2.9424,0.4627
peakF0_fixVoicing,1517,0844,StarWars,150,1,1,0.9436,0.7847,0.9491
peakF0_fixVoicing,1517,1510,StarWars,150,1,1,0.8957,1.1203,0.8469
peakF0_fixVoicing,1517,3493,Hakuna,150,0,1,0.9453,2.5441,0.5967
peakF0_fixVoicing,1517,3767,Hakuna,150,0,1,0.8034,2.6221,0.5495
peakF0_fixVoicing,1521,0713,Potter,3,0,1,0.3565,2.5076,0.6240
peakF0_fixVoicing,1521,0748,Potter,3,0,1,0.3656,2.8367,0.5183
peakF0_fixVoicing,1521,0974,StarWars,3,1,1,0.5015,2.3996,0.6290
peakF0_fixVoicing,1524,0613,Potter,137,0,1,0.5711,3.0186,0.4090
peakF0_fixVoicing,1524,0788,Potter,137,0,1,0.6401,3.6642,0.4171
peakF0_fixVoicing,1524,1163,StarWars,137,1,1,0.7047,1.7559,0.7954
peakF0_fixVoicing,1524,1177,StarWars,137,1,1,0.7478,1.7334,0.8585
peakF0_fixVoicing,1524,3594,Hakuna,137,0,1,0.9418,2.7804,0.5952
peakF0_fixVoicing,1524,3944,Hakuna,137,0,1,0.9052,2.9504,0.5668
peakF0_fixVoicing,1531,0808,Potter,171,0,1,1.0682,1.6307,0.5180
peakF0_fixVoicing,1531,1079,StarWars,171,1,1,0.9741,1.2892,0.7285
peakF0_fixVoicing,1531,1112,StarWars,171,1,1,1.1224,1.6904,0.6594
peakF0_fixVoicing,1532,0038,Potter,207,0,1,0.8152,3.1214,0.5065
peakF0_fixVoicing,1532,0672,Potter,207,0,1,0.9754,3.4641,0.4456
peakF0_fixVoicing,1532,1206,StarWars,207,1,1,0.5072,3.0435,0.5289
peakF0_fixVoicing,1532,1265,StarWars,207,1,1,0.5175,3.4340,0.3826
peakF0_fixVoicing,1532,3446,Hakuna,207,0,1,0.9425,2.6902,0.6739
peakF0_fixVoicing,1532,3565,Hakuna,207,0,1,0.8891,2.6812,0.6674
peakF0_fixVoicing,1534,0295,Potter,83,0,1,0.9089,3.1794,0.4270
peakF0_fixVoicing,1534,0648,Potter,83,0,1,1.1564,3.1136,0.5124
peakF0_fixVoicing,1534,1165,StarWars,83,1,1,1.1525,1.9644,0.7928
peakF0_fixVoicing,1534,1491,StarWars,83,1,1,0.9901,1.5455,0.8610
peakF0_fixVoicing,1534,3452,Hakuna,83,0,1,1.0515,3.0569,0.6764
peakF0_fixVoicing,1534,4101,Hakuna,83,0,1,1.0119,3.0529,0.6443
peakF0_fixVoicing,1538,0076,Potter,30,0,1,0.5336,3.1781,0.5972
peakF0_fixVoicing,1538,0151,Potter,30,0,1,0.6364,3.0341,0.5691
peakF0_fixVoicing,1538,1101,StarWars,30,1,1,0.7220,1.9037,0.8500
peakF0_fixVoicing,1538,1369,StarWars,30,1,1,0.6100,2.3152,0.7844
peakF0_fixVoicing,1538,3443,Hakuna,30,0,1,0.5336,3.2110,0.4702
peakF0_fixVoicing,1538,3694,Hakuna,30,0,1,0.2951,3.6144,0.1787
peakF0_fixVoicing,1539,0470,Potter,91,0,1,0.9898,1.3418,0.4287
peakF0_fixVoicing,1539,0596,Potter,91,0,1,1.1934,1.2401,0.4064
peakF0_fixVoicing,1539,1006,StarWars,91,1,1,0.8092,0.9264,0.5956
peakF0_fixVoicing,1539,1366,StarWars,91,1,1,1.0331,0.9832,0.5875
peakF0_fixVoicing,1539,3411,Hakuna,91,0,1,0.8219,1.3236,0.3283
peakF0_fixVoicing,1539,3440,Hakuna,91,0,1,0.8168,1.4244,0.2316
peakF0_fixVoicing,1542,0356,Potter,196,0,1,0.7339,2.9592,0.6550
peakF0_fixVoicing,1542,0686,Potter,196,0,1,0.6408,2.8181,0.6487
peakF0_fixVoicing,1542,0907,StarWars,196,1,1,0.6475,1.4148,0.8474
peakF0_fixVoicing,1542,1611,StarWars,196,1,1,0.5809,2.9652,0.6434
peakF0_fixVoicing,1542,4056,Hakuna,196,0,1,0.7384,3.7587,0.4232
peakF0_fixVoicing,1542,4082,Hakuna,196,0,1,0.7849,3.9583,0.3477
peakF0_fixVoicing,1544,0239,Potter,59,0,1,0.6713,2.5954,0.5436
peakF0_fixVoicing,1544,0798,Potter,59,0,1,0.5472,2.4688,0.5647
peakF0_fixVoicing,1544,0923,StarWars,59,1,1,0.3671,3.0646,0.1663
peakF0_fixVoicing,1544,1246,StarWars,59,1,1,0.5227,2.5766,0.5143
peakF0_fixVoicing,1544,3956,Hakuna,59,0,1,0.4895,2.7179,0.2395
peakF0_fixVoicing,1544,4124,Hakuna,59,0,1,0.5227,2.7191,0.4326
peakF0_fixVoicing,1545,0699,Potter,154,0,1,0.5372,1.5515,0.6038
peakF0_fixVoicing,1545,0790,Potter,154,0,1,0.5802,1.5340,0.6603
peakF0_fixVoicing,1545,1008,StarWars,154,1,1,0.4066,1.3530,0.6616
peakF0_fixVoicing,1545,1152,StarWars,154,1,1,0.5438,0.9772,0.8135
peakF0_fixVoicing,1545,3375,Hakuna,154,0,1,0.5339,1.8714,0.4866
peakF0_fixVoicing,1545,3762,Hakuna,154,0,1,0.6810,1.6949,0.5695
peakF0_fixVoicing,1546,0282,Potter,8,0,1,1.1220,1.5117,0.6315
peakF0_fixVoicing,1546,0802,Potter,8,0,1,1.0263,1.5636,0.5804
peakF0_fixVoicing,1546,1046,StarWars,8,1,1,0.8180,1.6385,0.5486
peakF0_fixVoicing,1546,1667,StarWars,8,1,1,0.8462,1.6054,0.5362
peakF0_fixVoicing,1546,3795,Hakuna,8,0,1,0.7861,1.5332,0.6199
peakF0_fixVoicing,1546,4144,Hakuna,8,0,1,0.7711,1.6913,0.4178
peakF0_fixVoicing,1550,0019,Potter,73,0,1,0.7204,3.5299,0.5387
peakF0_fixVoicing,1550,0078,Potter,73,0,1,0.8010,3.2722,0.4457
peakF0_fixVoicing,1550,1154,StarWars,73,1,1,0.6382,3.4567,0.3080
peakF0_fixVoicing,1550,1359,StarWars,73,1,1,0.7385,3.2210,0.4272
peakF0_fixVoicing,1550,3857,Hakuna,73,0,1,0.6365,3.4571,0.4672
peakF0_fixVoicing,1552,0004,Potter,160,0,1,0.5420,1.5797,0.6544
peakF0_fixVoicing,1552,0517,Potter,160,0,1,0.4957,1.6486,0.4292
peakF0_fixVoicing,1552,1390,StarWars,160,1,1,0.5913,1.7280,0.5265
peakF0_fixVoicing,1552,1641,StarWars,160,1,1,0.6565,1.6234,0.6158
peakF0_fixVoicing,1552,3786,Hakuna,160,0,1,0.6275,1.5739,0.5182
peakF0_fixVoicing,1552,3994,Hakuna,160,0,1,0.6478,1.4643,0.6434
peakF0_fixVoicing,1554,0373,Potter,122,0,1,0.8558,2.5353,0.4983
peakF0_fixVoicing,1554,0547,Potter,122,0,1,0.7885,2.8180,0.3853
peakF0_fixVoicing,1554,1408,StarWars,122,1,1,0.6971,2.1245,0.6644
peakF0_fixVoicing,1554,1495,StarWars,122,1,1,0.6795,2.1849,0.6213
peakF0_fixVoicing,1554,3595,Hakuna,122,0,1,0.7949,2.0372,0.7563
peakF0_fixVoicing,1554,3655,Hakuna,122,0,1,0.7901,1.8244,0.6813
peakF0_fixVoicing,1555,0295,Potter,83,0,1,0.9053,3.0613,0.3955
peakF0_fixVoicing,1555,0648,Potter,83,0,1,1.1519,2.7841,0.5714
peakF0_fixVoicing,1555,1165,StarWars,83,1,1,1.1479,1.8065,0.8006
peakF0_fixVoicing,1555,1491,StarWars,83,1,1,0.9862,1.5194,0.8224
peakF0_fixVoicing,1555,3452,Hakuna,83,0,1,1.0473,3.7533,0.4108
peakF0_fixVoicing,1555,4101,Hakuna,83,0,1,1.0079,3.4650,0.4154
peakF0_fixVoicing,1557,0595,Potter,26,0,1,0.8199,1.3257,0.3983
peakF0_fixVoicing,1557,0768,Potter,26,0,1,0.7733,1.3423,0.2061
peakF0_fixVoicing,1557,1087,StarWars,26,1,1,0.5742,1.1987,0.5095
peakF0_fixVoicing,1557,1132,StarWars,26,1,1,0.5593,1.2213,0.3358
peakF0_fixVoicing,1557,3392,Hakuna,26,0,1,0.3517,1.3223,0.5185
peakF0_fixVoicing,1557,4137,Hakuna,26,0,1,0.3602,1.2895,0.3855
peakF0_fixVoicing,1563,0005,Potter,216,0,1,0.5788,3.0420,0.4942
peakF0_fixVoicing,1563,0036,Potter,216,0,1,0.6902,3.3107,0.2314
peakF0_fixVoicing,1563,3704,Hakuna,216,0,1,0.5232,3.2010,0.4872
peakF0_fixVoicing,1563,3876,Hakuna,216,0,1,0.5770,3.3997,0.2605
peakF0_fixVoicing,1566,0286,Potter,47,0,1,0.7703,2.0824,0.5881
peakF0_fixVoicing,1566,0443,Potter,47,0,1,0.7089,1.7702,0.6562
peakF0_fixVoicing,1566,1258,StarWars,47,1,1,0.8594,1.4365,0.8096
peakF0_fixVoicing,1566,1300,StarWars,47,1,1,0.6812,1.6401,0.7506
peakF0_fixVoicing,1566,4019,Hakuna,47,0,1,0.9129,1.8656,0.6062
peakF0_fixVoicing,1566,4044,Hakuna,47,0,1,0.9683,1.8440,0.5750
peakF0_fixVoicing,1567,0187,Potter,214,0,1,0.4160,2.4042,0.2567
peakF0_fixVoicing,1567,0702,Potter,214,0,1,0.6247,2.2740,0.3341
peakF0_fixVoicing,1567,1540,StarWars,214,1,1,0.5066,2.1753,0.5678
peakF0_fixVoicing,1567,1618,StarWars,214,1,1,0.4856,1.8777,0.5680
peakF0_fixVoicing,1567,3941,Hakuna,214,0,1,0.4344,2.5728,-0.0002
peakF0_fixVoicing,1567,4078,Hakuna,214,0,1,0.4016,2.1623,0.5209
peakF0_fixVoicing,1568,0553,Potter,0,0,1,1.0523,2.0265,0.6950
peakF0_fixVoicing,1568,0590,Potter,0,0,1,1.0354,1.7021,0.7317
peakF0_fixVoicing,1568,0915,StarWars,0,1,1,0.7656,0.8883,0.9331
peakF0_fixVoicing,1568,1140,StarWars,0,1,1,0.7521,0.6532,0.9505
peakF0_fixVoicing,1568,3690,Hakuna,0,0,1,1.0084,2.4297,0.2919
peakF0_fixVoicing,1568,4031,Hakuna,0,0,1,1.0000,1.9244,0.5665
peakF0_fixVoicing,1573,0386,Potter,184,0,1,0.9651,2.6885,0.5682
peakF0_fixVoicing,1573,0729,Potter,184,0,1,0.8436,2.5000,0.6498
peakF0_fixVoicing,1573,0887,StarWars,184,1,1,0.5907,1.8843,0.8383
peakF0_fixVoicing,1573,3612,Hakuna,184,0,1,0.8236,2.9065,0.4864
peakF0_fixVoicing,1573,3844,Hakuna,184,0,1,0.8303,2.7882,0.5000
peakF0_fixVoicing,1576,1030,StarWars,212,1,1,0.4523,2.2342,0.5495
peakF0_fixVoicing,1576,1646,StarWars,212,1,1,0.6187,2.4596,0.4040
peakF0_fixVoicing,1576,3761,Hakuna,212,0,1,0.4575,2.3598,0.2983
peakF0_fixVoicing,1576,3907,Hakuna,212,0,1,0.5581,2.3340,0.2876
peakF0_fixVoicing,1580,0557,Potter,195,0,1,0.8620,1.5463,0.7133
peakF0_fixVoicing,1580,3854,Hakuna,195,0,1,0.9027,1.5898,0.7781
peakF0_fixVoicing,1580,4036,Hakuna,195,0,1,0.8688,1.9290,0.5506
peakF0_fixVoicing,1583,0319,Potter,54,0,1,0.7586,3.2799,0.5834
peakF0_fixVoicing,1583,0573,Potter,54,0,1,0.8335,2.9612,0.6520
peakF0_fixVoicing,1583,0885,StarWars,54,1,1,0.8869,0.5218,0.9875
peakF0_fixVoicing,1583,1561,StarWars,54,1,1,0.8539,1.2009,0.9696
peakF0_fixVoicing,1583,3395,Hakuna,54,0,1,0.7700,2.6457,0.6482
peakF0_fixVoicing,1583,3880,Hakuna,54,0,1,0.7230,2.6886,0.6846
peakF0_fixVoicing,1584,0057,Potter,60,0,1,0.8176,2.0361,0.5969
peakF0_fixVoicing,1584,0348,Potter,60,0,1,0.7960,2.0482,0.6944
peakF0_fixVoicing,1587,0370,Potter,153,0,1,0.7762,1.3684,0.4798
peakF0_fixVoicing,1587,0710,Potter,153,0,1,0.8333,1.3835,0.5384
peakF0_fixVoicing,1587,0882,StarWars,153,1,1,0.8079,0.7680,0.8530
peakF0_fixVoicing,1587,1138,StarWars,153,1,1,0.6889,0.9555,0.7605
peakF0_fixVoicing,1587,3534,Hakuna,153,0,1,0.9460,1.0711,0.6902
peakF0_fixVoicing,1587,3689,Hakuna,153,0,1,0.8571,1.1616,0.6171
peakF0_fixVoicing,1591,0713,Potter,3,0,1,0.3305,3.3197,0.6288
peakF0_fixVoicing,1591,0748,Potter,3,0,1,0.3389,3.5706,0.4951
peakF0_fixVoicing,1591,0974,StarWars,3,1,1,0.4650,2.9400,0.7548
peakF0_fixVoicing,1593,0075,Potter,55,0,1,0.7664,1.5897,0.6479
peakF0_fixVoicing,1593,0785,Potter,55,0,1,0.7336,1.6018,0.6111
peakF0_fixVoicing,1593,1160,StarWars,55,1,1,0.6496,1.2872,0.7604
peakF0_fixVoicing,1593,1648,StarWars,55,1,1,0.9161,1.2058,0.7403
peakF0_fixVoicing,1593,3887,Hakuna,55,0,1,0.8741,1.5823,0.6017
peakF0_fixVoicing,1593,4060,Hakuna,55,0,1,0.7828,1.5949,0.6056
peakF0_fixVoicing,1602,0372,Potter,128,0,1,0.5070,1.7511,0.7228
peakF0_fixVoicing,1602,0440,Potter,128,0,1,0.4558,2.1354,0.6316
peakF0_fixVoicing,1602,1334,StarWars,128,1,1,0.7558,1.6683,0.7411
peakF0_fixVoicing,1602,1570,StarWars,128,1,1,0.6419,1.3764,0.8523
peakF0_fixVoicing,1602,3882,Hakuna,128,0,1,0.5419,2.6792,0.3808
peakF0_fixVoicing,1602,4119,Hakuna,128,0,1,0.5884,2.2477,0.5855
peakF0_fixVoicing,1608,0437,Potter,40,0,1,0.9072,2.7551,0.6826
peakF0_fixVoicing,1608,0502,Potter,40,0,1,0.7369,4.0708,0.2774
peakF0_fixVoicing,1608,0892,StarWars,40,1,1,0.6789,1.6852,0.8826
peakF0_fixVoicing,1608,1600,StarWars,40,1,1,0.7002,1.5072,0.8641
peakF0_fixVoicing,1608,3966,Hakuna,40,0,1,0.8124,3.1515,0.5873
peakF0_fixVoicing,1608,4094,Hakuna,40,0,1,0.7389,3.1070,0.5995
peakF0_fixVoicing,1615,0246,Potter,190,0,1,0.6506,1.6728,0.7006
peakF0_fixVoicing,1615,0410,Potter,190,0,1,0.7023,1.7766,0.5322
peakF0_fixVoicing,1615,1077,StarWars,190,1,1,0.6916,1.6305,0.6985
peakF0_fixVoicing,1615,1085,StarWars,190,1,1,0.6774,1.5370,0.6958
peakF0_fixVoicing,1615,3625,Hakuna,190,0,1,0.5918,1.7901,0.7180
peakF0_fixVoicing,1615,3898,Hakuna,190,0,1,0.7005,1.7589,0.6979
peakF0_fixVoicing,1616,0582,Potter,57,0,1,0.7176,0.7535,0.6222
peakF0_fixVoicing,1616,0801,Potter,57,0,1,0.7542,0.6675,0.7336
peakF0_fixVoicing,1616,0985,StarWars,57,1,1,0.6578,1.0570,0.2053
peakF0_fixVoicing,1616,1249,StarWars,57,1,1,0.6877,0.8478,0.5198
peakF0_fixVoicing,1616,3745,Hakuna,57,0,1,1.1628,1.0612,0.1121
peakF0_fixVoicing,1616,3802,Hakuna,57,0,1,1.1927,1.1336,0.1382
peakF0_fixVoicing,1623,0350,Potter,72,0,1,0.3899,2.6814,0.5683
peakF0_fixVoicing,1623,0506,Potter,72,0,1,0.3724,2.9843,0.4787
peakF0_fixVoicing,1623,1215,StarWars,72,1,1,0.5626,2.2306,0.7561
peakF0_fixVoicing,1623,1478,StarWars,72,1,1,0.7068,4.0329,0.2236
peakF0_fixVoicing,1623,3666,Hakuna,72,0,1,0.5705,2.8830,0.4543
peakF0_fixVoicing,1623,4069,Hakuna,72,0,1,0.5372,2.9304,0.4493
peakF0_fixVoicing,1625,0057,Potter,60,0,1,0.8244,1.8758,0.4659
peakF0_fixVoicing,1625,0348,Potter,60,0,1,0.8027,1.6763,0.7059
peakF0_fixVoicing,1627,0732,Potter,150,0,1,0.7778,3.2579,0.4000
peakF0_fixVoicing,1627,0825,Potter,150,0,1,0.8073,2.9465,0.5002
peakF0_fixVoicing,1627,0844,StarWars,150,1,1,0.9583,0.7688,0.9615
peakF0_fixVoicing,1627,1510,StarWars,150,1,1,0.9097,1.5319,0.7556
peakF0_fixVoicing,1627,3493,Hakuna,150,0,1,0.9601,3.0099,0.4301
peakF0_fixVoicing,1627,3767,Hakuna,150,0,1,0.8160,3.2032,0.3594
peakF0_fixVoicing,1628,0055,Potter,200,0,1,0.7127,2.8349,0.7306
peakF0_fixVoicing,1628,0417,Potter,200,0,1,0.6932,2.3977,0.7130
peakF0_fixVoicing,1628,1015,StarWars,200,1,1,0.7280,2.6284,0.7099
peakF0_fixVoicing,1628,1626,StarWars,200,1,1,0.7029,2.7937,0.6668
peakF0_fixVoicing,1628,3586,Hakuna,200,0,1,0.5732,3.2271,0.4551
peakF0_fixVoicing,1628,3862,Hakuna,200,0,1,0.5955,3.0619,0.5475
peakF0_fixVoicing,1630,0538,Potter,16,0,1,0.3351,2.2300,0.6108
peakF0_fixVoicing,1630,0797,Potter,16,0,1,0.3825,2.7878,0.4689
peakF0_fixVoicing,1630,1261,StarWars,16,1,1,0.2807,1.8732,0.7964
peakF0_fixVoicing,1630,1522,StarWars,16,1,1,0.1912,2.8346,0.3404
peakF0_fixVoicing,1630,3846,Hakuna,16,0,1,0.9351,2.7704,0.4138
peakF0_fixVoicing,1630,4150,Hakuna,16,0,1,0.9193,2.6565,0.5664
peakF0_fixVoicing,1634,0713,Potter,3,0,1,0.3415,2.7154,0.5670
peakF0_fixVoicing,1634,0748,Potter,3,0,1,0.3502,2.9921,0.4139
peakF0_fixVoicing,1634,0974,StarWars,3,1,1,0.4805,2.3754,0.7283
peakF0_fixVoicing,1635,0425,Potter,5,0,1,0.6097,2.7250,0.4680
peakF0_fixVoicing,1635,0528,Potter,5,0,1,0.7306,2.9291,0.3679
peakF0_fixVoicing,1635,0854,StarWars,5,1,1,0.7280,1.1929,0.8935
peakF0_fixVoicing,1635,1444,StarWars,5,1,1,0.7254,1.6674,0.8124
peakF0_fixVoicing,1635,3606,Hakuna,5,0,1,0.6491,2.0871,0.7225
peakF0_fixVoicing,1635,3860,Hakuna,5,0,1,0.6689,2.4556,0.5882
peakF0_fixVoicing,1643,0087,Potter,43,0,1,0.9109,2.2819,0.6421
peakF0_fixVoicing,1643,0212,Potter,43,0,1,1.0121,2.4273,0.6057
peakF0_fixVoicing,1643,1314,StarWars,43,1,1,0.9696,0.7901,0.9624
peakF0_fixVoicing,1643,1490,StarWars,43,1,1,0.9474,0.8179,0.9583
peakF0_fixVoicing,1643,3478,Hakuna,43,0,1,0.9028,2.6552,0.5664
peakF0_fixVoicing,1643,3825,Hakuna,43,0,1,0.9251,2.7553,0.5063
peakF0_fixVoicing,1645,0356,Potter,196,0,1,0.7013,2.4920,0.6838
peakF0_fixVoicing,1645,0686,Potter,196,0,1,0.6123,2.5692,0.6680
peakF0_fixVoicing,1645,0907,StarWars,196,1,1,0.6186,1.8278,0.8554
peakF0_fixVoicing,1645,1611,StarWars,196,1,1,0.5551,1.7662,0.8017
peakF0_fixVoicing,1645,4056,Hakuna,196,0,1,0.7055,2.9898,0.5541
peakF0_fixVoicing,1645,4082,Hakuna,196,0,1,0.7500,3.1261,0.4694
peakF0_fixVoicing,1647,0229,Potter,230,0,1,0.5484,3.0390,0.6640
peakF0_fixVoicing,1647,0245,Potter,230,0,1,0.3561,3.0336,0.6485
peakF0_fixVoicing,1647,1010,StarWars,230,1,1,0.4442,2.4937,0.7847
peakF0_fixVoicing,1647,1048,StarWars,230,1,1,0.3635,2.9381,0.7407
peakF0_fixVoicing,1647,3670,Hakuna,230,0,1,0.3908,3.4345,0.5075
peakF0_fixVoicing,1647,3702,Hakuna,230,0,1,0.4206,4.1869,0.2662
peakF0_fixVoicing,1650,0189,Potter,203,0,1,0.9678,2.0468,0.4640
peakF0_fixVoicing,1650,0302,Potter,203,0,1,0.8505,1.7942,0.5489
peakF0_fixVoicing,1650,0934,StarWars,203,1,1,0.7251,1.9321,0.5230
peakF0_fixVoicing,1650,1603,StarWars,203,1,1,0.4791,1.9130,0.5768
peakF0_fixVoicing,1650,3497,Hakuna,203,0,1,1.5064,1.9415,0.5563
peakF0_fixVoicing,1650,3926,Hakuna,203,0,1,1.4775,1.6086,0.6285
fixF0_peakVoicing_tonal_db6,0838,0370,Potter,153,0,1,0.8503,1.5841,0.5414
fixF0_peakVoicing_tonal_db6,0838,0710,Potter,153,0,1,0.8898,1.7267,0.4990
fixF0_peakVoicing_tonal_db6,0838,0882,StarWars,153,1,1,0.9260,1.0805,0.8336
fixF0_peakVoicing_tonal_db6,0838,1138,StarWars,153,1,1,0.7944,1.4090,0.6149
fixF0_peakVoicing_tonal_db6,0838,3534,Hakuna,153,0,1,0.9688,1.4324,0.6361
fixF0_peakVoicing_tonal_db6,0838,3689,Hakuna,153,0,1,0.8750,1.4474,0.6366
fixF0_peakVoicing_tonal_db6,0840,0131,Potter,53,0,1,1.6099,2.8113,0.4518
fixF0_peakVoicing_tonal_db6,0840,0689,Potter,53,0,1,1.5628,2.9558,0.3740
fixF0_peakVoicing_tonal_db6,0840,1269,StarWars,53,1,1,1.1278,2.8160,0.4156
fixF0_peakVoicing_tonal_db6,0840,1596,StarWars,53,1,1,1.1368,2.8079,0.3966
fixF0_peakVoicing_tonal_db6,0840,3585,Hakuna,53,0,1,1.0157,2.8554,0.4245
fixF0_peakVoicing_tonal_db6,0840,3856,Hakuna,53,0,1,0.9305,2.8895,0.3999
fixF0_peakVoicing_tonal_db6,0845,0616,Potter,71,0,1,0.7613,3.7833,-0.2728
fixF0_peakVoicing_tonal_db6,0845,0753,Potter,71,0,1,0.8166,3.1234,0.2343
fixF0_peakVoicing_tonal_db6,0845,1170,StarWars,71,1,1,0.3065,2.3160,0.1402
fixF0_peakVoicing_tonal_db6,0845,1327,StarWars,71,1,1,0.2739,2.4861,0.1854
fixF0_peakVoicing_tonal_db6,0845,3542,Hakuna,71,0,1,0.4045,3.2352,0.2987
fixF0_peakVoicing_tonal_db6,0845,3755,Hakuna,71,0,1,0.4146,2.9269,-0.1149
fixF0_peakVoicing_tonal_db6,0849,0060,Potter,222,0,1,1.0494,1.5501,0.7081
fixF0_peakVoicing_tonal_db6,0849,0107,Potter,222,0,1,1.1910,1.4453,0.7091
fixF0_peakVoicing_tonal_db6,0849,0959,StarWars,222,1,1,0.9596,0.7617,0.8203
fixF0_peakVoicing_tonal_db6,0849,1276,StarWars,222,1,1,0.9281,1.4436,0.7203
fixF0_peakVoicing_tonal_db6,0849,4064,Hakuna,222,0,1,1.0854,1.3871,0.6692
fixF0_peakVoicing_tonal_db6,0849,4085,Hakuna,222,0,1,1.0719,2.0409,0.6136
fixF0_peakVoicing_tonal_db6,0855,0202,Potter,164,0,1,0.9890,2.4255,0.5382
fixF0_peakVoicing_tonal_db6,0855,0293,Potter,164,0,1,0.9725,2.1969,0.6341
fixF0_peakVoicing_tonal_db6,0855,1315,StarWars,164,1,1,1.0514,1.6799,0.7826
fixF0_peakVoicing_tonal_db6,0855,1482,StarWars,164,1,1,0.9725,1.9307,0.6681
fixF0_peakVoicing_tonal_db6,0855,3746,Hakuna,164,0,1,0.8312,2.3013,0.4746
fixF0_peakVoicing_tonal_db6,0855,3954,Hakuna,164,0,1,0.8294,2.4146,0.4564
fixF0_peakVoicing_tonal_db6,0856,0673,Potter,89,0,1,0.7004,2.2931,0.4577
fixF0_peakVoicing_tonal_db6,0856,3769,Hakuna,89,0,1,1.1336,3.7696,0.2725
fixF0_peakVoicing_tonal_db6,0856,4107,Hakuna,89,0,1,0.9332,2.7321,0.5512
fixF0_peakVoicing_tonal_db6,0857,0651,Potter,97,0,1,1.0867,3.3374,0.4927
fixF0_peakVoicing_tonal_db6,0857,0706,Potter,97,0,1,1.0333,2.7013,0.6092
fixF0_peakVoicing_tonal_db6,0857,1313,StarWars,97,1,1,0.9450,2.1917,0.7953
fixF0_peakVoicing_tonal_db6,0857,1418,StarWars,97,1,1,0.9267,1.7557,0.8216
fixF0_peakVoicing_tonal_db6,0857,3631,Hakuna,97,0,1,0.9050,3.2073,0.6892
fixF0_peakVoicing_tonal_db6,0857,3919,Hakuna,97,0,1,0.9667,3.5196,0.5963
fixF0_peakVoicing_tonal_db6,0858,0123,Potter,29,0,1,0.7138,2.0713,0.4124
fixF0_peakVoicing_tonal_db6,0858,0631,Potter,29,0,1,0.7379,1.2427,0.7742
fixF0_peakVoicing_tonal_db6,0858,1142,StarWars,29,1,1,0.7955,1.2359,0.8569
fixF0_peakVoicing_tonal_db6,0858,1493,StarWars,29,1,1,0.9257,1.0573,0.8725
fixF0_peakVoicing_tonal_db6,0858,3893,Hakuna,29,0,1,0.7305,1.6929,0.6216
fixF0_peakVoicing_tonal_db6,0858,4086,Hakuna,29,0,1,0.6822,1.5651,0.6679
fixF0_peakVoicing_tonal_db6,0859,0673,Potter,89,0,1,0.6325,2.1774,0.4571
fixF0_peakVoicing_tonal_db6,0859,3769,Hakuna,89,0,1,1.0238,3.9853,0.5669
fixF0_peakVoicing_tonal_db6,0859,4107,Hakuna,89,0,1,0.8428,2.5725,0.5126
fixF0_peakVoicing_tonal_db6,0863,0350,Potter,72,0,1,0.8807,3.0188,0.2706
fixF0_peakVoicing_tonal_db6,0863,0506,Potter,72,0,1,0.8550,2.7894,0.4653
fixF0_peakVoicing_tonal_db6,0863,1215,StarWars,72,1,1,0.8385,1.3204,0.8416
fixF0_peakVoicing_tonal_db6,0863,1478,StarWars,72,1,1,1.0202,3.3512,0.2826
fixF0_peakVoicing_tonal_db6,0863,3666,Hakuna,72,0,1,0.7450,2.1346,0.6270
fixF0_peakVoicing_tonal_db6,0863,4069,Hakuna,72,0,1,0.6844,2.0739,0.6656
fixF0_peakVoicing_tonal_db6,0864,0196,Potter,232,0,1,0.9669,3.0315,0.5031
fixF0_peakVoicing_tonal_db6,0864,0603,Potter,232,0,1,1.1095,3.3015,0.3755
fixF0_peakVoicing_tonal_db6,0864,0917,StarWars,232,1,1,1.2149,3.4667,0.2479
fixF0_peakVoicing_tonal_db6,0864,1278,StarWars,232,1,1,1.0620,3.2474,0.3520
fixF0_peakVoicing_tonal_db6,0864,3541,Hakuna,232,0,1,1.0124,2.9972,0.6107
fixF0_peakVoicing_tonal_db6,0864,4111,Hakuna,232,0,1,1.0475,4.1915,0.4132
fixF0_peakVoicing_tonal_db6,0871,0055,Potter,200,0,1,0.8326,2.6358,0.7176
fixF0_peakVoicing_tonal_db6,0871,0417,Potter,200,0,1,0.7903,2.2180,0.7358
fixF0_peakVoicing_tonal_db6,0871,1015,StarWars,200,1,1,0.8513,2.2155,0.8168
fixF0_peakVoicing_tonal_db6,0871,1626,StarWars,200,1,1,0.8013,2.7624,0.7025
fixF0_peakVoicing_tonal_db6,0871,3586,Hakuna,200,0,1,0.6322,3.3261,0.4378
fixF0_peakVoicing_tonal_db6,0871,3862,Hakuna,200,0,1,0.6917,3.1240,0.5318
fixF0_peakVoicing_tonal_db6,0873,0427,Potter,174,0,1,0.8448,2.6732,0.5357
fixF0_peakVoicing_tonal_db6,0873,0577,Potter,174,0,1,0.9224,3.7534,-0.2036
fixF0_peakVoicing_tonal_db6,0873,1403,StarWars,174,1,1,0.7491,1.8488,0.8506
fixF0_peakVoicing_tonal_db6,0873,1502,StarWars,174,1,1,0.9838,1.5708,0.8888
fixF0_peakVoicing_tonal_db6,0873,3424,Hakuna,174,0,1,0.7816,2.1194,0.7129
fixF0_peakVoicing_tonal_db6,0873,4122,Hakuna,174,0,1,0.6155,3.0539,0.2563
fixF0_peakVoicing_tonal_db6,0876,0168,Potter,198,0,1,0.2580,1.2728,0.3521
fixF0_peakVoicing_tonal_db6,0876,0461,Potter,198,0,1,0.8263,1.2720,0.2745
fixF0_peakVoicing_tonal_db6,0876,1354,StarWars,198,1,1,0.1636,1.4770,0.4445
fixF0_peakVoicing_tonal_db6,0876,1535,StarWars,198,1,1,0.2293,1.6088,0.3733
fixF0_peakVoicing_tonal_db6,0876,3607,Hakuna,198,0,1,0.5363,1.8219,0.2060
fixF0_peakVoicing_tonal_db6,0876,4013,Hakuna,198,0,1,0.3322,1.6723,0.3975
fixF0_peakVoicing_tonal_db6,0879,0189,Potter,203,0,1,0.9401,1.4307,0.2338
fixF0_peakVoicing_tonal_db6,0879,0302,Potter,203,0,1,0.8219,1.3980,0.4048
fixF0_peakVoicing_tonal_db6,0879,0934,StarWars,203,1,1,0.6617,1.2407,0.5944
fixF0_peakVoicing_tonal_db6,0879,1603,StarWars,203,1,1,0.4012,1.3173,0.3025
fixF0_peakVoicing_tonal_db6,0879,3497,Hakuna,203,0,1,1.4192,1.3439,0.5946
fixF0_peakVoicing_tonal_db6,0879,3926,Hakuna,203,0,1,1.4237,1.1983,0.4666
fixF0_peakVoicing_tonal_db6,0884,0111,Potter,100,0,1,0.8165,2.0852,0.3291
fixF0_peakVoicing_tonal_db6,0884,0407,Potter,100,0,1,0.6244,2.3906,0.0158
fixF0_peakVoicing_tonal_db6,0884,1040,StarWars,100,1,1,0.8337,2.0159,0.5823
fixF0_peakVoicing_tonal_db6,0884,1344,StarWars,100,1,1,0.4692,1.9424,0.6298
fixF0_peakVoicing_tonal_db6,0884,3448,Hakuna,100,0,1,0.5690,2.2251,0.1975
fixF0_peakVoicing_tonal_db6,0884,4068,Hakuna,100,0,1,0.6429,2.0937,0.3288
fixF0_peakVoicing_tonal_db6,0894,0504,Potter,90,0,1,0.8385,2.8766,0.3843
fixF0_peakVoicing_tonal_db6,0894,0597,Potter,90,0,1,0.8955,2.6278,0.3521
fixF0_peakVoicing_tonal_db6,0894,0886,StarWars,90,1,1,0.9498,2.0238,0.6730
fixF0_peakVoicing_tonal_db6,0894,1075,StarWars,90,1,1,1.0149,2.0641,0.6259
fixF0_peakVoicing_tonal_db6,0894,3378,Hakuna,90,0,1,0.7137,2.7474,0.4160
fixF0_peakVoicing_tonal_db6,0894,3455,Hakuna,90,0,1,0.9159,3.1473,0.1827
fixF0_peakVoicing_tonal_db6,0903,0072,Potter,15,0,1,1.0333,1.7330,0.7746
fixF0_peakVoicing_tonal_db6,0903,0465,Potter,15,0,1,1.0298,2.2378,0.5642
fixF0_peakVoicing_tonal_db6,0903,0877,StarWars,15,1,1,1.0456,1.5059,0.8900
fixF0_peakVoicing_tonal_db6,0903,1633,StarWars,15,1,1,1.0123,1.6730,0.8178
fixF0_peakVoicing_tonal_db6,0903,3996,Hakuna,15,0,1,0.9053,2.6755,0.4902
fixF0_peakVoicing_tonal_db6,0903,4096,Hakuna,15,0,1,0.9702,2.5453,0.5198
fixF0_peakVoicing_tonal_db6,0908,3474,Hakuna,82,0,1,0.8169,2.7822,0.4580
fixF0_peakVoicing_tonal_db6,0908,3654,Hakuna,82,0,1,0.8769,2.8595,0.2733
fixF0_peakVoicing_tonal_db6,0911,0542,Potter,44,0,1,0.9553,3.3098,0.4533
fixF0_peakVoicing_tonal_db6,0911,0739,Potter,44,0,1,1.0238,3.0651,0.6051
fixF0_peakVoicing_tonal_db6,0911,0964,StarWars,44,1,1,1.0164,0.9568,0.9610
fixF0_peakVoicing_tonal_db6,0911,1026,StarWars,44,1,1,0.9776,0.6566,0.9433
fixF0_peakVoicing_tonal_db6,0911,3485,Hakuna,44,0,1,0.9225,2.6797,0.6030
fixF0_peakVoicing_tonal_db6,0911,3781,Hakuna,44,0,1,0.8554,2.5616,0.6225
fixF0_peakVoicing_tonal_db6,0913,0123,Potter,29,0,1,0.6725,1.9172,0.4202
fixF0_peakVoicing_tonal_db6,0913,0631,Potter,29,0,1,0.6953,1.1281,0.7678
fixF0_peakVoicing_tonal_db6,0913,1142,StarWars,29,1,1,0.7496,1.1439,0.8466
fixF0_peakVoicing_tonal_db6,0913,1493,StarWars,29,1,1,0.8722,1.0600,0.8497
fixF0_peakVoicing_tonal_db6,0913,3893,Hakuna,29,0,1,0.6883,1.6284,0.5987
fixF0_peakVoicing_tonal_db6,0913,4086,Hakuna,29,0,1,0.6427,1.4516,0.6541
fixF0_peakVoicing_tonal_db6,0914,3332,Hakuna,6,0,1,0.9755,2.7072,0.5599
fixF0_peakVoicing_tonal_db6,0926,0582,Potter,57,0,1,0.6964,0.6500,0.6771
fixF0_peakVoicing_tonal_db6,0926,0801,Potter,57,0,1,0.7188,0.7071,0.6265
fixF0_peakVoicing_tonal_db6,0926,0985,StarWars,57,1,1,0.7307,0.6029,0.6722
fixF0_peakVoicing_tonal_db6,0926,1249,StarWars,57,1,1,0.6815,0.7157,0.5607
fixF0_peakVoicing_tonal_db6,0926,3745,Hakuna,57,0,1,1.1071,0.7256,0.4087
fixF0_peakVoicing_tonal_db6,0926,3802,Hakuna,57,0,1,1.1042,0.7495,0.3993
fixF0_peakVoicing_tonal_db6,0930,0071,Potter,109,0,1,1.0293,2.4897,0.6206
fixF0_peakVoicing_tonal_db6,0930,0388,Potter,109,0,1,1.1044,2.5645,0.6396
fixF0_peakVoicing_tonal_db6,0930,0986,StarWars,109,1,1,0.9963,0.9079,0.9666
fixF0_peakVoicing_tonal_db6,0930,1078,StarWars,109,1,1,1.0641,1.0531,0.9567
fixF0_peakVoicing_tonal_db6,0930,3457,Hakuna,109,0,1,0.8187,3.0971,0.4950
fixF0_peakVoicing_tonal_db6,0930,3837,Hakuna,109,0,1,0.7564,3.1324,0.5108
fixF0_peakVoicing_tonal_db6,0932,0326,Potter,23,0,1,0.9757,1.8007,0.5340
fixF0_peakVoicing_tonal_db6,0932,0682,Potter,23,0,1,0.7364,2.2170,0.2283
fixF0_peakVoicing_tonal_db6,0932,1335,StarWars,23,1,1,0.8673,1.3356,0.6124
fixF0_peakVoicing_tonal_db6,0932,1448,StarWars,23,1,1,0.7925,1.5551,0.4981
fixF0_peakVoicing_tonal_db6,0936,0271,Potter,121,0,1,0.9757,2.4786,0.4176
fixF0_peakVoicing_tonal_db6,0936,0416,Potter,121,0,1,0.7947,2.3812,0.4007
fixF0_peakVoicing_tonal_db6,0936,0852,StarWars,121,1,1,0.9868,1.1145,0.9262
fixF0_peakVoicing_tonal_db6,0936,1525,StarWars,121,1,1,0.9426,1.5249,0.7285
fixF0_peakVoicing_tonal_db6,0936,3647,Hakuna,121,0,1,0.9227,2.0933,0.5641
fixF0_peakVoicing_tonal_db6,0936,4058,Hakuna,121,0,1,0.9426,2.0563,0.5749
fixF0_peakVoicing_tonal_db6,0939,0361,Potter,46,0,1,1.0405,3.3731,0.4664
fixF0_peakVoicing_tonal_db6,0939,0632,Potter,46,0,1,0.9713,3.9057,0.4666
fixF0_peakVoicing_tonal_db6,0939,0841,StarWars,46,1,1,0.8902,1.3497,0.9599
fixF0_peakVoicing_tonal_db6,0939,1237,StarWars,46,1,1,0.9595,1.5757,0.9404
fixF0_peakVoicing_tonal_db6,0939,3661,Hakuna,46,0,1,0.8193,3.0742,0.5952
fixF0_peakVoicing_tonal_db6,0939,4156,Hakuna,46,0,1,0.8480,3.1294,0.5882
fixF0_peakVoicing_tonal_db6,0943,0438,Potter,192,0,1,0.8037,1.9045,0.3848
fixF0_peakVoicing_tonal_db6,0943,0783,Potter,192,0,1,0.8291,1.9041,0.4278
fixF0_peakVoicing_tonal_db6,0943,0909,StarWars,192,1,1,0.9019,1.5788,0.4660
fixF0_peakVoicing_tonal_db6,0943,1642,StarWars,192,1,1,0.8951,1.3015,0.6909
fixF0_peakVoicing_tonal_db6,0943,3741,Hakuna,192,0,1,0.8393,1.6636,0.6149
fixF0_peakVoicing_tonal_db6,0943,4148,Hakuna,192,0,1,0.8765,1.9886,0.3014
fixF0_peakVoicing_tonal_db6,0945,0140,Potter,175,0,1,0.6983,2.3403,0.5705
fixF0_peakVoicing_tonal_db6,0945,0758,Potter,175,0,1,0.8351,2.7260,0.2650
fixF0_peakVoicing_tonal_db6,0945,1428,StarWars,175,1,1,0.7309,2.6207,0.3950
fixF0_peakVoicing_tonal_db6,0945,1599,StarWars,175,1,1,0.7698,2.3227,0.5009
fixF0_peakVoicing_tonal_db6,0948,0352,Potter,220,0,1,0.9082,2.4856,0.3421
fixF0_peakVoicing_tonal_db6,0948,0755,Potter,220,0,1,0.9733,2.9071,0.2720
fixF0_peakVoicing_tonal_db6,0948,1052,StarWars,220,1,1,0.5392,1.9440,0.0907
fixF0_peakVoicing_tonal_db6,0948,1207,StarWars,220,1,1,0.8831,1.5418,0.5863
fixF0_peakVoicing_tonal_db6,0948,3568,Hakuna,220,0,1,0.6711,1.6271,0.5308
fixF0_peakVoicing_tonal_db6,0948,3759,Hakuna,220,0,1,0.3589,1.8725,0.2856
fixF0_peakVoicing_tonal_db6,0951,0194,Potter,169,0,1,0.6497,2.2132,0.5851
fixF0_peakVoicing_tonal_db6,0951,0728,Potter,169,0,1,0.6852,2.0923,0.4699
fixF0_peakVoicing_tonal_db6,0951,0848,StarWars,169,1,1,0.7145,2.3572,0.4650
fixF0_peakVoicing_tonal_db6,0951,1533,StarWars,169,1,1,0.6759,2.3589,0.5154
fixF0_peakVoicing_tonal_db6,0951,3399,Hakuna,169,0,1,0.7176,2.4607,0.3216
fixF0_peakVoicing_tonal_db6,0951,3605,Hakuna,169,0,1,0.6512,2.4984,0.3814
fixF0_peakVoicing_tonal_db6,0963,0041,Potter,151,0,1,0.7778,1.9126,0.6423
fixF0_peakVoicing_tonal_db6,0963,0778,Potter,151,0,1,0.7293,2.0236,0.6195
fixF0_peakVoicing_tonal_db6,0963,1060,StarWars,151,1,1,0.9844,1.4111,0.7221
fixF0_peakVoicing_tonal_db6,0963,1252,StarWars,151,1,1,0.9499,1.2469,0.8602
fixF0_peakVoicing_tonal_db6,0963,3523,Hakuna,151,0,1,0.6698,1.9031,0.5018
fixF0_peakVoicing_tonal_db6,0963,3573,Hakuna,151,0,1,0.6776,2.0026,0.4767
fixF0_peakVoicing_tonal_db6,0969,0623,Potter,10,0,1,0.8879,1.9040,0.6313
fixF0_peakVoicing_tonal_db6,0969,0830,Potter,10,0,1,0.8156,2.0124,0.5278
fixF0_peakVoicing_tonal_db6,0969,1176,StarWars,10,1,1,0.8915,1.6481,0.9178
fixF0_peakVoicing_tonal_db6,0969,1321,StarWars,10,1,1,0.8481,1.8113,0.8512
fixF0_peakVoicing_tonal_db6,0969,3717,Hakuna,10,0,1,0.8264,2.2938,0.5326
fixF0_peakVoicing_tonal_db6,0969,3891,Hakuna,10,0,1,0.6600,2.1471,0.6718
fixF0_peakVoicing_tonal_db6,0970,0787,Potter,136,0,1,1.0416,3.1478,0.3344
fixF0_peakVoicing_tonal_db6,0970,0837,Potter,136,0,1,1.0381,3.1843,0.1924
fixF0_peakVoicing_tonal_db6,0970,1004,StarWars,136,1,1,0.9549,2.9820,0.5162
fixF0_peakVoicing_tonal_db6,0970,1042,StarWars,136,1,1,1.1282,2.7180,0.6337
fixF0_peakVoicing_tonal_db6,0970,3526,Hakuna,136,0,1,1.1196,3.0183,0.5140
fixF0_peakVoicing_tonal_db6,0970,3943,Hakuna,136,0,1,1.1196,3.0193,0.5130
fixF0_peakVoicing_tonal_db6,0971,0229,Potter,230,0,1,0.8068,3.7063,0.4089
fixF0_peakVoicing_tonal_db6,0971,0245,Potter,230,0,1,0.6634,4.3393,0.2350
fixF0_peakVoicing_tonal_db6,0971,1010,StarWars,230,1,1,0.7485,2.9689,0.6266
fixF0_peakVoicing_tonal_db6,0971,1048,StarWars,230,1,1,0.7898,3.4429,0.5337
fixF0_peakVoicing_tonal_db6,0971,3670,Hakuna,230,0,1,0.6245,3.3289,0.5331
fixF0_peakVoicing_tonal_db6,0971,3702,Hakuna,230,0,1,0.6173,3.1095,0.6296
fixF0_peakVoicing_tonal_db6,0977,0044,Potter,217,0,1,0.9410,2.8643,0.5216
fixF0_peakVoicing_tonal_db6,0977,0101,Potter,217,0,1,0.9551,2.7680,0.5571
fixF0_peakVoicing_tonal_db6,0977,1131,StarWars,217,1,1,0.9480,2.8630,0.4892
fixF0_peakVoicing_tonal_db6,0977,1509,StarWars,217,1,1,1.0520,2.9264,0.5034
fixF0_peakVoicing_tonal_db6,0977,3701,Hakuna,217,0,1,0.8230,3.4116,0.2751
fixF0_peakVoicing_tonal_db6,0977,4103,Hakuna,217,0,1,0.7963,2.8121,0.4709
fixF0_peakVoicing_tonal_db6,0979,0623,Potter,10,0,1,0.8224,1.9743,0.6097
fixF0_peakVoicing_tonal_db6,0979,0830,Potter,10,0,1,0.7554,2.1078,0.4073
fixF0_peakVoicing_tonal_db6,0979,1176,StarWars,10,1,1,0.8258,1.5216,0.9264
fixF0_peakVoicing_tonal_db6,0979,1321,StarWars,10,1,1,0.7856,1.7334,0.8448
fixF0_peakVoicing_tonal_db6,0979,3717,Hakuna,10,0,1,0.7655,2.1941,0.5293
fixF0_peakVoicing_tonal_db6,0979,3891,Hakuna,10,0,1,0.6114,2.1318,0.6253
fixF0_peakVoicing_tonal_db6,0980,0319,Potter,54,0,1,0.9103,3.4595,0.4759
fixF0_peakVoicing_tonal_db6,0980,0573,Potter,54,0,1,0.9237,3.0550,0.6373
fixF0_peakVoicing_tonal_db6,0980,0885,StarWars,54,1,1,0.9224,0.7736,0.9511
fixF0_peakVoicing_tonal_db6,0980,1561,StarWars,54,1,1,0.7858,1.8008,0.8676
fixF0_peakVoicing_tonal_db6,0980,3395,Hakuna,54,0,1,0.8179,2.5970,0.6470
fixF0_peakVoicing_tonal_db6,0980,3880,Hakuna,54,0,1,0.7684,2.5946,0.6701
fixF0_peakVoicing_tonal_db6,0984,0438,Potter,192,0,1,0.9369,1.2632,0.7140
fixF0_peakVoicing_tonal_db6,0984,0783,Potter,192,0,1,0.9665,1.3342,0.6640
fixF0_peakVoicing_tonal_db6,0984,0909,StarWars,192,1,1,1.0513,1.4412,0.4303
fixF0_peakVoicing_tonal_db6,0984,1642,StarWars,192,1,1,1.0434,1.0667,0.7967
fixF0_peakVoicing_tonal_db6,0984,3741,Hakuna,192,0,1,0.9783,1.8979,0.2401
fixF0_peakVoicing_tonal_db6,0984,4148,Hakuna,192,0,1,1.0217,1.6449,0.3667
fixF0_peakVoicing_tonal_db6,0987,0286,Potter,47,0,1,0.6726,2.4317,0.4134
fixF0_peakVoicing_tonal_db6,0987,0443,Potter,47,0,1,0.5680,2.0900,0.4893
fixF0_peakVoicing_tonal_db6,0987,1258,StarWars,47,1,1,0.7850,1.7055,0.8285
fixF0_peakVoicing_tonal_db6,0987,1300,StarWars,47,1,1,0.5602,1.6136,0.8263
fixF0_peakVoicing_tonal_db6,0987,4019,Hakuna,47,0,1,0.8304,2.2342,0.5671
fixF0_peakVoicing_tonal_db6,0987,4044,Hakuna,47,0,1,0.8876,2.2421,0.4811
fixF0_peakVoicing_tonal_db6,0991,0182,Potter,61,0,1,1.0894,1.6448,0.8078
fixF0_peakVoicing_tonal_db6,0991,0336,Potter,61,0,1,0.8184,2.8260,0.1359
fixF0_peakVoicing_tonal_db6,0991,1236,StarWars,61,1,1,0.5000,2.0438,0.6199
fixF0_peakVoicing_tonal_db6,0991,1318,StarWars,61,1,1,0.8324,1.7855,0.7673
fixF0_peakVoicing_tonal_db6,0991,3492,Hakuna,61,0,1,0.5196,1.7681,0.7172
fixF0_peakVoicing_tonal_db6,0991,3524,Hakuna,61,0,1,0.4162,3.0736,-0.0493
fixF0_peakVoicing_tonal_db6,0995,0663,Potter,149,0,1,0.8064,1.2293,0.4331
fixF0_peakVoicing_tonal_db6,0995,1284,StarWars,149,1,1,0.6541,1.2409,0.5863
fixF0_peakVoicing_tonal_db6,0995,3578,Hakuna,149,0,1,0.1767,1.3274,0.4541
fixF0_peakVoicing_tonal_db6,0996,0352,Potter,220,0,1,0.8718,2.6864,0.4171
fixF0_peakVoicing_tonal_db6,0996,0755,Potter,220,0,1,0.9343,3.0290,0.3400
fixF0_peakVoicing_tonal_db6,0996,1052,StarWars,220,1,1,0.5176,2.3290,0.1924
fixF0_peakVoicing_tonal_db6,0996,1207,StarWars,220,1,1,0.8478,1.8852,0.5654
fixF0_peakVoicing_tonal_db6,0996,3568,Hakuna,220,0,1,0.6442,2.0166,0.5212
fixF0_peakVoicing_tonal_db6,0996,3759,Hakuna,220,0,1,0.3446,2.2027,0.3842
fixF0_peakVoicing_tonal_db6,1001,0361,Potter,46,0,1,1.0732,3.1132,0.4702
fixF0_peakVoicing_tonal_db6,1001,0632,Potter,46,0,1,1.0017,3.5967,0.5821
fixF0_peakVoicing_tonal_db6,1001,0841,StarWars,46,1,1,0.9181,0.9798,0.9667
fixF0_peakVoicing_tonal_db6,1001,1237,StarWars,46,1,1,0.9895,1.2660,0.9439
fixF0_peakVoicing_tonal_db6,1001,3661,Hakuna,46,0,1,0.8449,2.8256,0.6181
fixF0_peakVoicing_tonal_db6,1001,4156,Hakuna,46,0,1,0.8746,2.9045,0.6031
fixF0_peakVoicing_tonal_db6,1002,0068,Potter,134,0,1,1.0622,2.3473,0.3804
fixF0_peakVoicing_tonal_db6,1002,0695,Potter,134,0,1,0.7162,2.3228,0.4240
fixF0_peakVoicing_tonal_db6,1002,1461,StarWars,134,1,1,0.6813,2.3462,0.3790
fixF0_peakVoicing_tonal_db6,1002,1589,StarWars,134,1,1,0.6646,2.6694,0.2262
fixF0_peakVoicing_tonal_db6,1002,3780,Hakuna,134,0,1,0.6889,2.3014,0.4153
fixF0_peakVoicing_tonal_db6,1002,3912,Hakuna,134,0,1,0.6844,2.5160,0.2904
fixF0_peakVoicing_tonal_db6,1009,0418,Potter,111,0,1,1.2456,3.1133,0.5019
fixF0_peakVoicing_tonal_db6,1009,0454,Potter,111,0,1,0.8728,2.9503,0.6330
fixF0_peakVoicing_tonal_db6,1009,0940,StarWars,111,1,1,0.6996,2.4632,0.4724
fixF0_peakVoicing_tonal_db6,1009,1398,StarWars,111,1,1,0.6952,2.5548,0.5386
fixF0_peakVoicing_tonal_db6,1009,4091,Hakuna,111,0,1,0.9715,2.5556,0.5174
fixF0_peakVoicing_tonal_db6,1009,4133,Hakuna,111,0,1,0.7895,2.4887,0.6853
fixF0_peakVoicing_tonal_db6,1020,0010,Potter,92,0,1,0.8942,2.7555,0.6760
fixF0_peakVoicing_tonal_db6,1020,0232,Potter,92,0,1,0.8361,3.4256,0.4759
fixF0_peakVoicing_tonal_db6,1020,0893,StarWars,92,1,1,0.7943,3.0171,0.5988
fixF0_peakVoicing_tonal_db6,1020,0922,StarWars,92,1,1,0.8614,3.2080,0.6161
fixF0_peakVoicing_tonal_db6,1020,4028,Hakuna,92,0,1,0.8212,2.7097,0.6543
fixF0_peakVoicing_tonal_db6,1023,0470,Potter,91,0,1,1.0308,1.5411,0.5492
fixF0_peakVoicing_tonal_db6,1023,0596,Potter,91,0,1,1.1473,1.9393,0.0835
fixF0_peakVoicing_tonal_db6,1023,1006,StarWars,91,1,1,0.9670,1.3236,0.3159
fixF0_peakVoicing_tonal_db6,1023,1366,StarWars,91,1,1,1.1758,1.2987,0.6816
fixF0_peakVoicing_tonal_db6,1023,3411,Hakuna,91,0,1,0.8923,1.8347,0.2564
fixF0_peakVoicing_tonal_db6,1023,3440,Hakuna,91,0,1,0.8703,2.5012,-0.2381
fixF0_peakVoicing_tonal_db6,1025,0365,Potter,80,0,1,0.1592,5.8235,0.3863
fixF0_peakVoicing_tonal_db6,1025,0514,Potter,80,0,1,0.0931,3.2570,0.1909
fixF0_peakVoicing_tonal_db6,1032,0073,Potter,189,0,1,0.6989,2.2979,0.5957
fixF0_peakVoicing_tonal_db6,1032,0298,Potter,189,0,1,0.8116,2.1184,0.6013
fixF0_peakVoicing_tonal_db6,1032,1251,StarWars,189,1,1,0.8592,1.6685,0.7153
fixF0_peakVoicing_tonal_db6,1032,1497,StarWars,189,1,1,0.8961,1.5861,0.7545
fixF0_peakVoicing_tonal_db6,1032,3342,Hakuna,189,0,1,0.8574,2.1237,0.4894
fixF0_peakVoicing_tonal_db6,1035,0198,Potter,67,0,1,1.4502,2.8997,0.5110
fixF0_peakVoicing_tonal_db6,1035,0369,Potter,67,0,1,1.2562,2.2208,0.6616
fixF0_peakVoicing_tonal_db6,1035,1298,StarWars,67,1,1,1.3383,1.7153,0.7940
fixF0_peakVoicing_tonal_db6,1035,1326,StarWars,67,1,1,1.2488,2.3802,0.6404
fixF0_peakVoicing_tonal_db6,1035,3412,Hakuna,67,0,1,0.9478,1.8830,0.7332
fixF0_peakVoicing_tonal_db6,1035,3447,Hakuna,67,0,1,0.9801,1.7606,0.7922
fixF0_peakVoicing_tonal_db6,1043,0275,Potter,33,0,1,0.9214,1.9696,0.7023
fixF0_peakVoicing_tonal_db6,1043,0468,Potter,33,0,1,0.9666,2.1199,0.6535
fixF0_peakVoicing_tonal_db6,1043,0888,StarWars,33,1,1,0.9866,2.3573,0.5255
fixF0_peakVoicing_tonal_db6,1043,1174,StarWars,33,1,1,0.9565,2.3958,0.4414
fixF0_peakVoicing_tonal_db6,1043,3868,Hakuna,33,0,1,0.7910,2.3225,0.6869
fixF0_peakVoicing_tonal_db6,1053,0531,Potter,105,0,1,0.9789,2.0822,0.7101
fixF0_peakVoicing_tonal_db6,1053,0583,Potter,105,0,1,0.9866,2.2711,0.7242
fixF0_peakVoicing_tonal_db6,1053,1579,StarWars,105,1,1,0.9119,1.8213,0.9081
fixF0_peakVoicing_tonal_db6,1053,3587,Hakuna,105,0,1,0.8602,2.6782,0.5350
fixF0_peakVoicing_tonal_db6,1053,3906,Hakuna,105,0,1,0.9119,2.0192,0.6266
fixF0_peakVoicing_tonal_db6,1054,0090,Potter,24,0,1,0.7543,2.0648,0.5946
fixF0_peakVoicing_tonal_db6,1054,0320,Potter,24,0,1,0.7058,1.8929,0.6728
fixF0_peakVoicing_tonal_db6,1054,1045,StarWars,24,1,1,0.8153,0.9529,0.9278
fixF0_peakVoicing_tonal_db6,1054,1325,StarWars,24,1,1,0.7355,1.0029,0.9232
fixF0_peakVoicing_tonal_db6,1054,3814,Hakuna,24,0,1,0.7559,2.4041,0.4563
fixF0_peakVoicing_tonal_db6,1054,4118,Hakuna,24,0,1,0.6808,2.2768,0.5036
fixF0_peakVoicing_tonal_db6,1057,0680,Potter,123,0,1,0.9556,2.8586,0.6738
fixF0_peakVoicing_tonal_db6,1057,0835,Potter,123,0,1,0.9556,3.0609,0.5239
fixF0_peakVoicing_tonal_db6,1057,1196,StarWars,123,1,1,0.8463,0.9039,0.9717
fixF0_peakVoicing_tonal_db6,1057,1378,StarWars,123,1,1,0.8922,0.4216,0.9910
fixF0_peakVoicing_tonal_db6,1057,3567,Hakuna,123,0,1,0.6529,2.8955,0.6677
fixF0_peakVoicing_tonal_db6,1057,3787,Hakuna,123,0,1,0.7322,2.9230,0.6772
fixF0_peakVoicing_tonal_db6,1058,0424,Potter,38,0,1,1.0836,1.5873,0.5596
fixF0_peakVoicing_tonal_db6,1058,0829,Potter,38,0,1,1.0788,1.7091,0.5764
fixF0_peakVoicing_tonal_db6,1058,1149,StarWars,38,1,1,0.9293,0.8382,0.9105
fixF0_peakVoicing_tonal_db6,1058,1273,StarWars,38,1,1,0.9228,0.9150,0.8822
fixF0_peakVoicing_tonal_db6,1058,3506,Hakuna,38,0,1,0.8248,1.2407,0.6778
fixF0_peakVoicing_tonal_db6,1058,3732,Hakuna,38,0,1,0.9019,1.3696,0.6452
fixF0_peakVoicing_tonal_db6,1063,0616,Potter,71,0,1,0.7113,3.6343,-0.1542
fixF0_peakVoicing_tonal_db6,1063,0753,Potter,71,0,1,0.7629,2.8861,0.3545
fixF0_peakVoicing_tonal_db6,1063,1170,StarWars,71,1,1,0.2864,2.5462,0.1651
fixF0_peakVoicing_tonal_db6,1063,1327,StarWars,71,1,1,0.2559,2.7191,0.2486
fixF0_peakVoicing_tonal_db6,1063,3542,Hakuna,71,0,1,0.3779,2.8070,0.2383
fixF0_peakVoicing_tonal_db6,1063,3755,Hakuna,71,0,1,0.3873,3.1195,-0.0834
fixF0_peakVoicing_tonal_db6,1067,0060,Potter,222,0,1,1.2005,1.9105,0.6937
fixF0_peakVoicing_tonal_db6,1067,0107,Potter,222,0,1,1.3625,1.6301,0.6731
fixF0_peakVoicing_tonal_db6,1067,0959,StarWars,222,1,1,1.0977,1.0506,0.8002
fixF0_peakVoicing_tonal_db6,1067,1276,StarWars,222,1,1,1.0617,1.9798,0.6659
fixF0_peakVoicing_tonal_db6,1067,4064,Hakuna,222,0,1,1.2416,1.7512,0.6571
fixF0_peakVoicing_tonal_db6,1067,4085,Hakuna,222,0,1,1.2262,2.2982,0.7011
fixF0_peakVoicing_tonal_db6,1069,0445,Potter,146,0,1,0.6359,2.4875,0.5256
fixF0_peakVoicing_tonal_db6,1069,0622,Potter,146,0,1,0.7160,3.2633,0.5720
fixF0_peakVoicing_tonal_db6,1069,0925,StarWars,146,1,1,0.4932,2.9744,0.3409
fixF0_peakVoicing_tonal_db6,1069,1456,StarWars,146,1,1,0.5639,3.3035,0.2824
fixF0_peakVoicing_tonal_db6,1069,3439,Hakuna,146,0,1,0.4565,2.6314,0.4750
fixF0_peakVoicing_tonal_db6,1069,3822,Hakuna,146,0,1,0.4796,2.9797,0.4730
fixF0_peakVoicing_tonal_db6,1070,0187,Potter,214,0,1,0.9466,3.2496,0.4078
fixF0_peakVoicing_tonal_db6,1070,0702,Potter,214,0,1,1.1174,3.1518,0.4008
fixF0_peakVoicing_tonal_db6,1070,1540,StarWars,214,1,1,0.8950,2.5740,0.4226
fixF0_peakVoicing_tonal_db6,1070,1618,StarWars,214,1,1,1.0605,3.6587,0.1683
fixF0_peakVoicing_tonal_db6,1070,3941,Hakuna,214,0,1,1.0196,3.4988,0.4649
fixF0_peakVoicing_tonal_db6,1070,4078,Hakuna,214,0,1,1.0125,3.0733,0.3789
fixF0_peakVoicing_tonal_db6,1074,0279,Potter,223,0,1,0.8226,1.7359,0.7491
fixF0_peakVoicing_tonal_db6,1074,0609,Potter,223,0,1,0.8212,1.8617,0.6676
fixF0_peakVoicing_tonal_db6,1074,1197,StarWars,223,1,1,0.6630,1.4553,0.8221
fixF0_peakVoicing_tonal_db6,1074,3343,Hakuna,223,0,1,0.6341,1.7545,0.7089
fixF0_peakVoicing_tonal_db6,1074,4153,Hakuna,223,0,1,0.6355,1.7363,0.6904
fixF0_peakVoicing_tonal_db6,1076,0111,Potter,100,0,1,0.8610,2.2978,0.1997
fixF0_peakVoicing_tonal_db6,1076,0407,Potter,100,0,1,0.6584,2.5703,-0.0215
fixF0_peakVoicing_tonal_db6,1076,1040,StarWars,100,1,1,0.8792,2.1762,0.5653
fixF0_peakVoicing_tonal_db6,1076,1344,StarWars,100,1,1,0.4948,2.0933,0.6536
fixF0_peakVoicing_tonal_db6,1076,3448,Hakuna,100,0,1,0.6000,2.3732,0.2088
fixF0_peakVoicing_tonal_db6,1076,4068,Hakuna,100,0,1,0.6779,2.2197,0.4934
fixF0_peakVoicing_tonal_db6,1083,0236,Potter,170,0,1,0.7441,1.5291,0.4511
fixF0_peakVoicing_tonal_db6,1083,0668,Potter,170,0,1,1.0965,1.5469,0.5265
fixF0_peakVoicing_tonal_db6,1083,1565,StarWars,170,1,1,1.1181,1.7022,0.6101
fixF0_peakVoicing_tonal_db6,1083,3482,Hakuna,170,0,1,0.6673,2.0738,0.2158
fixF0_peakVoicing_tonal_db6,1083,4088,Hakuna,170,0,1,0.6673,2.2433,0.3379
fixF0_peakVoicing_tonal_db6,1084,0371,Potter,52,0,1,0.9867,2.4775,0.6042
fixF0_peakVoicing_tonal_db6,1084,0529,Potter,52,0,1,0.8011,2.7547,0.3212
fixF0_peakVoicing_tonal_db6,1084,0954,StarWars,52,1,1,0.8598,1.3233,0.8063
fixF0_peakVoicing_tonal_db6,1084,1331,StarWars,52,1,1,0.8277,1.4040,0.8100
fixF0_peakVoicing_tonal_db6,1084,3349,Hakuna,52,0,1,0.7386,2.4377,0.7179
fixF0_peakVoicing_tonal_db6,1084,3915,Hakuna,52,0,1,0.7879,2.4463,0.6985
fixF0_peakVoicing_tonal_db6,1097,0202,Potter,164,0,1,0.9261,2.4184,0.7121
fixF0_peakVoicing_tonal_db6,1097,0293,Potter,164,0,1,0.9107,2.4147,0.5945
fixF0_peakVoicing_tonal_db6,1097,1315,StarWars,164,1,1,0.9845,1.9285,0.8038
fixF0_peakVoicing_tonal_db6,1097,1482,StarWars,164,1,1,0.9107,2.1471,0.7412
fixF0_peakVoicing_tonal_db6,1097,3746,Hakuna,164,0,1,0.7784,2.6588,0.5562
fixF0_peakVoicing_tonal_db6,1097,3954,Hakuna,164,0,1,0.7766,2.7046,0.4830
fixF0_peakVoicing_tonal_db6,1099,0288,Potter,208,0,1,0.8925,0.9016,0.1661
fixF0_peakVoicing_tonal_db6,1099,0482,Potter,208,0,1,0.8710,0.9444,0.0834
fixF0_peakVoicing_tonal_db6,1099,1399,StarWars,208,1,1,0.4964,1.7356,0.0497
fixF0_peakVoicing_tonal_db6,1099,1436,StarWars,208,1,1,0.2330,1.0000,0.3157
fixF0_peakVoicing_tonal_db6,1099,3519,Hakuna,208,0,1,0.5842,0.8072,0.5552
fixF0_peakVoicing_tonal_db6,1104,0542,Potter,44,0,1,0.9771,3.4642,0.3719
fixF0_peakVoicing_tonal_db6,1104,0739,Potter,44,0,1,1.0473,3.2076,0.5377
fixF0_peakVoicing_tonal_db6,1104,0964,StarWars,44,1,1,1.0396,0.9504,0.9666
fixF0_peakVoicing_tonal_db6,1104,1026,StarWars,44,1,1,1.0000,0.6028,0.9537
fixF0_peakVoicing_tonal_db6,1104,3485,Hakuna,44,0,1,0.9436,2.7086,0.6632
fixF0_peakVoicing_tonal_db6,1104,3781,Hakuna,44,0,1,0.8750,2.6549,0.6243
fixF0_peakVoicing_tonal_db6,1108,0397,Potter,20,0,1,0.7787,2.2641,0.5884
fixF0_peakVoicing_tonal_db6,1108,0513,Potter,20,0,1,0.6519,1.9929,0.6483
fixF0_peakVoicing_tonal_db6,1108,1297,StarWars,20,1,1,0.7525,2.2711,0.5377
fixF0_peakVoicing_tonal_db6,1108,1582,StarWars,20,1,1,0.6922,1.3249,0.8793
fixF0_peakVoicing_tonal_db6,1108,3642,Hakuna,20,0,1,0.8229,1.7514,0.7398
fixF0_peakVoicing_tonal_db6,1108,3992,Hakuna,20,0,1,0.7767,1.9312,0.7088
fixF0_peakVoicing_tonal_db6,1113,3474,Hakuna,82,0,1,0.8119,3.1039,0.5745
fixF0_peakVoicing_tonal_db6,1113,3654,Hakuna,82,0,1,0.8716,3.3275,0.1692
fixF0_peakVoicing_tonal_db6,1114,0435,Potter,185,0,1,0.5083,2.3919,0.2370
fixF0_peakVoicing_tonal_db6,1114,0666,Potter,185,0,1,0.8504,3.0442,0.2643
fixF0_peakVoicing_tonal_db6,1114,1173,StarWars,185,1,1,0.8518,1.1816,0.8530
fixF0_peakVoicing_tonal_db6,1114,1575,StarWars,185,1,1,0.5000,1.7693,0.6165
fixF0_peakVoicing_tonal_db6,1114,3561,Hakuna,185,0,1,0.8019,2.0501,0.3817
fixF0_peakVoicing_tonal_db6,1114,3613,Hakuna,185,0,1,0.6537,2.1415,0.3838
fixF0_peakVoicing_tonal_db6,1116,0124,Potter,58,0,1,0.9618,2.3056,0.4828
fixF0_peakVoicing_tonal_db6,1116,0467,Potter,58,0,1,0.9801,2.0018,0.5641
fixF0_peakVoicing_tonal_db6,1116,1178,StarWars,58,1,1,0.8970,1.0389,0.9156
fixF0_peakVoicing_tonal_db6,1116,1262,StarWars,58,1,1,0.9053,1.8012,0.7106
fixF0_peakVoicing_tonal_db6,1116,3556,Hakuna,58,0,1,0.6993,2.4806,0.3027
fixF0_peakVoicing_tonal_db6,1116,3668,Hakuna,58,0,1,0.7126,2.0503,0.6274
fixF0_peakVoicing_tonal_db6,1118,0102,Potter,191,0,1,0.7643,1.3447,0.5072
fixF0_peakVoicing_tonal_db6,1118,0426,Potter,191,0,1,0.8179,1.4487,0.4435
fixF0_peakVoicing_tonal_db6,1118,0993,StarWars,191,1,1,0.8214,0.6684,0.9276
fixF0_peakVoicing_tonal_db6,1118,1506,StarWars,191,1,1,0.7857,0.7213,0.9108
fixF0_peakVoicing_tonal_db6,1118,3928,Hakuna,191,0,1,0.9071,1.4372,0.4387
fixF0_peakVoicing_tonal_db6,1118,3984,Hakuna,191,0,1,0.6964,1.3803,0.5572
fixF0_peakVoicing_tonal_db6,1119,0222,Potter,96,0,1,0.8679,2.2565,0.3480
fixF0_peakVoicing_tonal_db6,1119,0715,Potter,96,0,1,0.7908,2.5002,0.3235
fixF0_peakVoicing_tonal_db6,1119,1027,StarWars,96,1,1,0.9413,1.5310,0.7304
fixF0_peakVoicing_tonal_db6,1119,1402,StarWars,96,1,1,0.9670,1.5155,0.7284
fixF0_peakVoicing_tonal_db6,1119,3406,Hakuna,96,0,1,0.8165,2.3488,0.2232
fixF0_peakVoicing_tonal_db6,1119,3938,Hakuna,96,0,1,0.8257,2.1077,0.3638
fixF0_peakVoicing_tonal_db6,1123,0087,Potter,43,0,1,0.9068,2.1012,0.6495
fixF0_peakVoicing_tonal_db6,1123,0212,Potter,43,0,1,0.9322,1.9692,0.6628
fixF0_peakVoicing_tonal_db6,1123,1314,StarWars,43,1,1,1.0339,0.6744,0.9675
fixF0_peakVoicing_tonal_db6,1123,1490,StarWars,43,1,1,1.0021,0.8203,0.9295
fixF0_peakVoicing_tonal_db6,1123,3478,Hakuna,43,0,1,0.8898,2.8590,0.5279
fixF0_peakVoicing_tonal_db6,1123,3825,Hakuna,43,0,1,0.8475,3.0433,0.4089
fixF0_peakVoicing_tonal_db6,1128,0538,Potter,16,0,1,0.1705,2.2874,0.6958
fixF0_peakVoicing_tonal_db6,1128,0797,Potter,16,0,1,0.1444,2.5338,0.4436
fixF0_peakVoicing_tonal_db6,1128,1261,StarWars,16,1,1,0.1382,3.3393,0.4429
fixF0_peakVoicing_tonal_db6,1128,1522,StarWars,16,1,1,0.0829,2.8396,0.0518
fixF0_peakVoicing_tonal_db6,1128,3846,Hakuna,16,0,1,0.7834,2.5106,0.2947
fixF0_peakVoicing_tonal_db6,1128,4150,Hakuna,16,0,1,0.7742,2.3916,0.5869
fixF0_peakVoicing_tonal_db6,1130,0699,Potter,154,0,1,0.5669,1.9997,0.5776
fixF0_peakVoicing_tonal_db6,1130,0790,Potter,154,0,1,0.6527,1.8208,0.5460
fixF0_peakVoicing_tonal_db6,1130,1008,StarWars,154,1,1,0.3389,1.8260,0.5887
fixF0_peakVoicing_tonal_db6,1130,1152,StarWars,154,1,1,0.4686,2.0332,0.5903
fixF0_peakVoicing_tonal_db6,1130,3375,Hakuna,154,0,1,0.5732,2.0031,0.6479
fixF0_peakVoicing_tonal_db6,1130,3762,Hakuna,154,0,1,0.8180,1.8312,0.6224
fixF0_peakVoicing_tonal_db6,1134,0437,Potter,40,0,1,1.0546,2.6907,0.6715
fixF0_peakVoicing_tonal_db6,1134,0502,Potter,40,0,1,0.8235,3.7959,0.2972
fixF0_peakVoicing_tonal_db6,1134,0892,StarWars,40,1,1,0.8487,1.8586,0.7528
fixF0_peakVoicing_tonal_db6,1134,1600,StarWars,40,1,1,0.8214,1.6874,0.7521
fixF0_peakVoicing_tonal_db6,1134,3966,Hakuna,40,0,1,0.8697,2.6545,0.6214
fixF0_peakVoicing_tonal_db6,1134,4094,Hakuna,40,0,1,0.7899,2.8049,0.5523
fixF0_peakVoicing_tonal_db6,1135,0445,Potter,146,0,1,0.6282,2.7708,0.5378
fixF0_peakVoicing_tonal_db6,1135,0622,Potter,146,0,1,0.7074,3.1445,0.5498
fixF0_peakVoicing_tonal_db6,1135,0925,StarWars,146,1,1,0.4872,2.9744,0.3127
fixF0_peakVoicing_tonal_db6,1135,1456,StarWars,146,1,1,0.5570,3.4156,0.3156
fixF0_peakVoicing_tonal_db6,1135,3439,Hakuna,146,0,1,0.4510,2.7422,0.4605
fixF0_peakVoicing_tonal_db6,1135,3822,Hakuna,146,0,1,0.4738,3.0936,0.4217
fixF0_peakVoicing_tonal_db6,1145,0155,Potter,76,0,1,0.7418,1.4003,0.6537
fixF0_peakVoicing_tonal_db6,1145,0584,Potter,76,0,1,0.6976,0.9632,0.8373
fixF0_peakVoicing_tonal_db6,1145,1381,StarWars,76,1,1,0.6676,1.5429,0.6043
fixF0_peakVoicing_tonal_db6,1145,1445,StarWars,76,1,1,0.7461,2.1289,0.0834
fixF0_peakVoicing_tonal_db6,1145,3706,Hakuna,76,0,1,0.7418,1.1138,0.7792
fixF0_peakVoicing_tonal_db6,1145,4048,Hakuna,76,0,1,0.7903,1.2013,0.7704
fixF0_peakVoicing_tonal_db6,1151,0384,Potter,228,0,1,0.4003,2.2147,0.6655
fixF0_peakVoicing_tonal_db6,1151,0820,Potter,228,0,1,0.1151,2.8562,0.1777
fixF0_peakVoicing_tonal_db6,1151,1339,StarWars,228,1,1,0.0859,2.9530,0.2439
fixF0_peakVoicing_tonal_db6,1151,3896,Hakuna,228,0,1,0.1082,2.3628,0.5371
fixF0_peakVoicing_tonal_db6,1153,0145,Potter,141,0,1,0.7316,1.9939,0.4542
fixF0_peakVoicing_tonal_db6,1153,0620,Potter,141,0,1,0.4467,1.9459,0.4578
fixF0_peakVoicing_tonal_db6,1153,1636,StarWars,141,1,1,0.7776,2.0831,0.0612
fixF0_peakVoicing_tonal_db6,1153,1652,StarWars,141,1,1,0.7261,1.7038,0.4570
fixF0_peakVoicing_tonal_db6,1153,3687,Hakuna,141,0,1,0.7169,1.8904,0.3282
fixF0_peakVoicing_tonal_db6,1153,3895,Hakuna,141,0,1,0.7132,1.7181,0.5166
fixF0_peakVoicing_tonal_db6,1155,0075,Potter,55,0,1,0.8147,1.8882,0.4800
fixF0_peakVoicing_tonal_db6,1155,0785,Potter,55,0,1,0.7615,1.6638,0.6653
fixF0_peakVoicing_tonal_db6,1155,1160,StarWars,55,1,1,0.6844,1.3152,0.8076
fixF0_peakVoicing_tonal_db6,1155,1648,StarWars,55,1,1,0.9945,1.3548,0.7941
fixF0_peakVoicing_tonal_db6,1155,3887,Hakuna,55,0,1,0.9083,1.6614,0.6210
fixF0_peakVoicing_tonal_db6,1155,4060,Hakuna,55,0,1,0.8128,1.7285,0.5202
fixF0_peakVoicing_tonal_db6,1161,0097,Potter,201,0,1,0.5809,1.2320,0.3100
fixF0_peakVoicing_tonal_db6,1161,0396,Potter,201,0,1,0.6703,1.2036,0.3625
fixF0_peakVoicing_tonal_db6,1161,0927,StarWars,201,1,1,0.6518,1.2418,0.3654
fixF0_peakVoicing_tonal_db6,1161,1129,StarWars,201,1,1,0.6348,0.9846,0.6392
fixF0_peakVoicing_tonal_db6,1161,3870,Hakuna,201,0,1,0.4792,1.0015,0.6059
fixF0_peakVoicing_tonal_db6,1161,4154,Hakuna,201,0,1,0.5239,1.1804,0.3764
fixF0_peakVoicing_tonal_db6,1162,0102,Potter,191,0,1,0.8247,1.3376,0.6016
fixF0_peakVoicing_tonal_db6,1162,0426,Potter,191,0,1,0.8825,1.5235,0.4512
fixF0_peakVoicing_tonal_db6,1162,0993,StarWars,191,1,1,0.8863,0.8896,0.8626
fixF0_peakVoicing_tonal_db6,1162,1506,StarWars,191,1,1,0.8478,0.7693,0.9086
fixF0_peakVoicing_tonal_db6,1162,3928,Hakuna,191,0,1,0.9788,1.6023,0.4625
fixF0_peakVoicing_tonal_db6,1162,3984,Hakuna,191,0,1,0.7514,1.5944,0.4771
fixF0_peakVoicing_tonal_db6,1172,0633,Potter,231,0,1,0.4298,3.0266,0.4911
fixF0_peakVoicing_tonal_db6,1172,0803,Potter,231,0,1,0.5533,2.4969,0.7150
fixF0_peakVoicing_tonal_db6,1172,1150,StarWars,231,1,1,0.5884,2.6504,0.5461
fixF0_peakVoicing_tonal_db6,1172,1605,StarWars,231,1,1,0.6295,1.5064,0.8385
fixF0_peakVoicing_tonal_db6,1172,4049,Hakuna,231,0,1,0.6344,2.6838,0.6254
fixF0_peakVoicing_tonal_db6,1172,4112,Hakuna,231,0,1,0.6501,2.6841,0.6301
fixF0_peakVoicing_tonal_db6,1175,0633,Potter,231,0,1,0.4157,3.2635,0.4277
fixF0_peakVoicing_tonal_db6,1175,0803,Potter,231,0,1,0.5351,2.7048,0.6203
fixF0_peakVoicing_tonal_db6,1175,1150,StarWars,231,1,1,0.5691,2.5866,0.6013
fixF0_peakVoicing_tonal_db6,1175,1605,StarWars,231,1,1,0.6089,1.4952,0.8556
fixF0_peakVoicing_tonal_db6,1175,4049,Hakuna,231,0,1,0.6136,2.8911,0.5997
fixF0_peakVoicing_tonal_db6,1175,4112,Hakuna,231,0,1,0.6288,2.7793,0.6201
fixF0_peakVoicing_tonal_db6,1181,0136,Potter,144,0,1,0.5143,2.8713,0.5946
fixF0_peakVoicing_tonal_db6,1181,0330,Potter,144,0,1,0.5093,3.3571,0.4857
fixF0_peakVoicing_tonal_db6,1181,1216,StarWars,144,1,1,0.4944,3.2914,0.2885
fixF0_peakVoicing_tonal_db6,1181,1421,StarWars,144,1,1,0.5193,3.0611,0.6004
fixF0_peakVoicing_tonal_db6,1181,3420,Hakuna,144,0,1,0.4720,3.4603,0.4272
fixF0_peakVoicing_tonal_db6,1181,3673,Hakuna,144,0,1,0.4683,3.5453,0.1803
fixF0_peakVoicing_tonal_db6,1182,0756,Potter,219,0,1,0.6826,1.9822,0.3163
fixF0_peakVoicing_tonal_db6,1182,0805,Potter,219,0,1,0.9118,1.9930,0.2909
fixF0_peakVoicing_tonal_db6,1182,0988,StarWars,219,1,1,0.9748,1.8503,0.3691
fixF0_peakVoicing_tonal_db6,1182,1255,StarWars,219,1,1,0.8942,1.8906,0.5051
fixF0_peakVoicing_tonal_db6,1182,3355,Hakuna,219,0,1,0.8463,2.2873,-0.0011
fixF0_peakVoicing_tonal_db6,1182,3635,Hakuna,219,0,1,1.0050,2.0569,0.0220
fixF0_peakVoicing_tonal_db6,1183,0131,Potter,53,0,1,1.4958,2.8045,0.3747
fixF0_peakVoicing_tonal_db6,1183,0689,Potter,53,0,1,1.4521,2.8304,0.4223
fixF0_peakVoicing_tonal_db6,1183,1269,StarWars,53,1,1,1.0479,2.8313,0.4347
fixF0_peakVoicing_tonal_db6,1183,1596,StarWars,53,1,1,1.0562,2.7143,0.4934
fixF0_peakVoicing_tonal_db6,1183,3585,Hakuna,53,0,1,0.9437,2.7366,0.4704
fixF0_peakVoicing_tonal_db6,1183,3856,Hakuna,53,0,1,0.8646,2.9092,0.3838
fixF0_peakVoicing_tonal_db6,1187,0038,Potter,207,0,1,1.2875,3.4976,0.4577
fixF0_peakVoicing_tonal_db6,1187,0672,Potter,207,0,1,1.2727,2.7783,0.5773
fixF0_peakVoicing_tonal_db6,1187,1206,StarWars,207,1,1,1.0634,4.3781,0.1972
fixF0_peakVoicing_tonal_db6,1187,1265,StarWars,207,1,1,1.0169,4.6153,0.1454
fixF0_peakVoicing_tonal_db6,1187,3446,Hakuna,207,0,1,1.1057,2.6638,0.6333
fixF0_peakVoicing_tonal_db6,1187,3565,Hakuna,207,0,1,1.0613,2.7713,0.6353
fixF0_peakVoicing_tonal_db6,1191,0372,Potter,128,0,1,0.6690,2.7565,0.5758
fixF0_peakVoicing_tonal_db6,1191,0440,Potter,128,0,1,0.7207,2.4066,0.5759
fixF0_peakVoicing_tonal_db6,1191,1334,StarWars,128,1,1,0.8662,2.5259,0.6601
fixF0_peakVoicing_tonal_db6,1191,1570,StarWars,128,1,1,0.6338,2.6486,0.4169
fixF0_peakVoicing_tonal_db6,1191,3882,Hakuna,128,0,1,0.7958,2.8364,0.2250
fixF0_peakVoicing_tonal_db6,1191,4119,Hakuna,128,0,1,0.7934,2.6641,0.2843
fixF0_peakVoicing_tonal_db6,1200,0177,Potter,14,0,1,0.8750,2.0020,0.4643
fixF0_peakVoicing_tonal_db6,1200,0774,Potter,14,0,1,0.8750,2.2776,0.3237
fixF0_peakVoicing_tonal_db6,1200,1435,StarWars,14,1,1,0.7697,1.7232,0.7693
fixF0_peakVoicing_tonal_db6,1200,1519,StarWars,14,1,1,0.7155,1.5774,0.8129
fixF0_peakVoicing_tonal_db6,1200,3682,Hakuna,14,0,1,0.6135,2.0311,0.5643
fixF0_peakVoicing_tonal_db6,1200,3807,Hakuna,14,0,1,0.6382,2.0403,0.5191
fixF0_peakVoicing_tonal_db6,1203,0273,Potter,172,0,1,0.8107,3.4992,0.4474
fixF0_peakVoicing_tonal_db6,1203,1064,StarWars,172,1,1,0.8157,2.9694,0.6524
fixF0_peakVoicing_tonal_db6,1203,1498,StarWars,172,1,1,0.6884,2.4951,0.7389
fixF0_peakVoicing_tonal_db6,1203,3708,Hakuna,172,0,1,0.8023,4.2385,0.2160
fixF0_peakVoicing_tonal_db6,1203,4145,Hakuna,172,0,1,0.8174,3.2136,0.4629
fixF0_peakVoicing_tonal_db6,1204,0373,Potter,122,0,1,0.9571,2.2127,0.5985
fixF0_peakVoicing_tonal_db6,1204,0547,Potter,122,0,1,0.8960,2.3783,0.5225
fixF0_peakVoicing_tonal_db6,1204,1408,StarWars,122,1,1,0.8185,2.0571,0.6792
fixF0_peakVoicing_tonal_db6,1204,1495,StarWars,122,1,1,0.7294,1.7685,0.7749
fixF0_peakVoicing_tonal_db6,1204,3595,Hakuna,122,0,1,0.8366,2.0635,0.7025
fixF0_peakVoicing_tonal_db6,1204,3655,Hakuna,122,0,1,0.7855,2.3043,0.6017
fixF0_peakVoicing_tonal_db6,1205,0041,Potter,151,0,1,0.8510,2.0577,0.5901
fixF0_peakVoicing_tonal_db6,1205,0778,Potter,151,0,1,0.7979,1.9902,0.6147
fixF0_peakVoicing_tonal_db6,1205,1060,StarWars,151,1,1,1.0771,1.5354,0.8244
fixF0_peakVoicing_tonal_db6,1205,1252,StarWars,151,1,1,1.0394,1.2281,0.8955
fixF0_peakVoicing_tonal_db6,1205,3523,Hakuna,151,0,1,0.7329,2.1044,0.4318
fixF0_peakVoicing_tonal_db6,1205,3573,Hakuna,151,0,1,0.7414,2.1722,0.3658
fixF0_peakVoicing_tonal_db6,1208,0371,Potter,52,0,1,0.9886,2.3941,0.6067
fixF0_peakVoicing_tonal_db6,1208,0529,Potter,52,0,1,0.8027,2.5458,0.3772
fixF0_peakVoicing_tonal_db6,1208,0954,StarWars,52,1,1,0.8615,1.1100,0.8011
fixF0_peakVoicing_tonal_db6,1208,1331,StarWars,52,1,1,0.8292,1.3459,0.8014
fixF0_peakVoicing_tonal_db6,1208,3349,Hakuna,52,0,1,0.7400,2.1367,0.7102
fixF0_peakVoicing_tonal_db6,1208,3915,Hakuna,52,0,1,0.7894,2.1460,0.6654
fixF0_peakVoicing_tonal_db6,1209,0595,Potter,26,0,1,0.9175,1.2060,0.4301
fixF0_peakVoicing_tonal_db6,1209,0768,Potter,26,0,1,0.8660,1.2700,0.4031
fixF0_peakVoicing_tonal_db6,1209,1087,StarWars,26,1,1,0.6675,0.9986,0.5551
fixF0_peakVoicing_tonal_db6,1209,1132,StarWars,26,1,1,0.5309,1.0299,0.5434
fixF0_peakVoicing_tonal_db6,1209,3392,Hakuna,26,0,1,0.3325,1.2058,0.4573
fixF0_peakVoicing_tonal_db6,1209,4137,Hakuna,26,0,1,0.4433,1.0672,0.5512
fixF0_peakVoicing_tonal_db6,1210,0081,Potter,49,0,1,0.9057,2.4980,0.6161
fixF0_peakVoicing_tonal_db6,1210,0423,Potter,49,0,1,1.0210,2.6633,0.5132
fixF0_peakVoicing_tonal_db6,1210,1420,StarWars,49,1,1,1.0545,1.3911,0.9122
fixF0_peakVoicing_tonal_db6,1210,3920,Hakuna,49,0,1,1.0063,1.7439,0.8319
fixF0_peakVoicing_tonal_db6,1210,4138,Hakuna,49,0,1,0.9937,1.8069,0.8111
fixF0_peakVoicing_tonal_db6,1213,0328,Potter,106,0,1,0.5331,2.2659,0.2143
fixF0_peakVoicing_tonal_db6,1213,0777,Potter,106,0,1,0.5979,2.1241,0.2215
fixF0_peakVoicing_tonal_db6,1213,1062,StarWars,106,1,1,0.5906,2.4325,0.4244
fixF0_peakVoicing_tonal_db6,1213,1581,StarWars,106,1,1,0.3402,2.4750,0.4831
fixF0_peakVoicing_tonal_db6,1213,3427,Hakuna,106,0,1,0.5626,3.8734,0.2999
fixF0_peakVoicing_tonal_db6,1213,4075,Hakuna,106,0,1,0.5125,3.0787,0.4229
fixF0_peakVoicing_tonal_db6,1214,0425,Potter,5,0,1,0.8245,2.9465,0.4241
fixF0_peakVoicing_tonal_db6,1214,0528,Potter,5,0,1,0.8632,2.9517,0.3443
fixF0_peakVoicing_tonal_db6,1214,0854,StarWars,5,1,1,0.8606,1.7233,0.7824
fixF0_peakVoicing_tonal_db6,1214,1444,StarWars,5,1,1,0.9226,1.7298,0.6129
fixF0_peakVoicing_tonal_db6,1214,3606,Hakuna,5,0,1,0.6735,1.9137,0.7282
fixF0_peakVoicing_tonal_db6,1214,3860,Hakuna,5,0,1,0.7187,2.0672,0.6479
fixF0_peakVoicing_tonal_db6,1222,1235,StarWars,178,1,1,0.7173,1.7265,0.4267
fixF0_peakVoicing_tonal_db6,1222,1585,StarWars,178,1,1,0.5912,1.9290,0.2638
fixF0_peakVoicing_tonal_db6,1222,3403,Hakuna,178,0,1,0.5334,1.8086,0.3835
fixF0_peakVoicing_tonal_db6,1222,3665,Hakuna,178,0,1,0.5441,2.1623,0.0916
fixF0_peakVoicing_tonal_db6,1224,0090,Potter,24,0,1,0.7889,1.9610,0.5594
fixF0_peakVoicing_tonal_db6,1224,0320,Potter,24,0,1,0.7381,1.6946,0.6593
fixF0_peakVoicing_tonal_db6,1224,1045,StarWars,24,1,1,0.8527,0.8014,0.9288
fixF0_peakVoicing_tonal_db6,1224,1325,StarWars,24,1,1,0.7692,0.7732,0.9287
fixF0_peakVoicing_tonal_db6,1224,3814,Hakuna,24,0,1,0.7905,2.1707,0.4250
fixF0_peakVoicing_tonal_db6,1224,4118,Hakuna,24,0,1,0.7119,2.0113,0.4911
fixF0_peakVoicing_tonal_db6,1229,0072,Potter,15,0,1,1.0333,2.2866,0.6621
fixF0_peakVoicing_tonal_db6,1229,0465,Potter,15,0,1,1.0298,2.5988,0.5742
fixF0_peakVoicing_tonal_db6,1229,0877,StarWars,15,1,1,1.0456,0.8503,0.9452
fixF0_peakVoicing_tonal_db6,1229,1633,StarWars,15,1,1,1.0123,1.7537,0.7954
fixF0_peakVoicing_tonal_db6,1229,3996,Hakuna,15,0,1,0.9053,2.3807,0.5656
fixF0_peakVoicing_tonal_db6,1229,4096,Hakuna,15,0,1,0.9702,2.4067,0.5355
fixF0_peakVoicing_tonal_db6,1245,0311,Potter,218,0,1,0.8436,3.2936,0.4651
fixF0_peakVoicing_tonal_db6,1245,0518,Potter,218,0,1,0.7474,2.9834,0.5379
fixF0_peakVoicing_tonal_db6,1245,0994,StarWars,218,1,1,0.9038,1.2971,0.9291
fixF0_peakVoicing_tonal_db6,1245,1220,StarWars,218,1,1,0.7887,1.8622,0.8159
fixF0_peakVoicing_tonal_db6,1245,3475,Hakuna,218,0,1,0.9124,2.8785,0.5631
fixF0_peakVoicing_tonal_db6,1245,3521,Hakuna,218,0,1,0.9347,2.4598,0.7023
fixF0_peakVoicing_tonal_db6,1253,0557,Potter,195,0,1,1.0802,1.7821,0.7079
fixF0_peakVoicing_tonal_db6,1253,3854,Hakuna,195,0,1,1.0401,1.8191,0.7295
fixF0_peakVoicing_tonal_db6,1253,4036,Hakuna,195,0,1,1.0601,1.9099,0.5424
fixF0_peakVoicing_tonal_db6,1254,0275,Potter,33,0,1,1.0762,2.2792,0.6144
fixF0_peakVoicing_tonal_db6,1254,0468,Potter,33,0,1,1.1289,2.3201,0.6418
fixF0_peakVoicing_tonal_db6,1254,0888,StarWars,33,1,1,1.1523,2.5762,0.3851
fixF0_peakVoicing_tonal_db6,1254,1174,StarWars,33,1,1,1.1172,1.9754,0.5102
fixF0_peakVoicing_tonal_db6,1254,3868,Hakuna,33,0,1,0.9238,1.9834,0.6220
fixF0_peakVoicing_tonal_db6,1259,0206,Potter,84,0,1,0.8433,3.5836,0.0529
fixF0_peakVoicing_tonal_db6,1259,1341,StarWars,84,1,1,0.9117,2.0001,0.8766
fixF0_peakVoicing_tonal_db6,1259,1504,StarWars,84,1,1,0.8200,2.7386,0.4740
fixF0_peakVoicing_tonal_db6,1263,0246,Potter,190,0,1,0.7145,2.1550,0.6568
fixF0_peakVoicing_tonal_db6,1263,0410,Potter,190,0,1,0.7713,1.9852,0.6652
fixF0_peakVoicing_tonal_db6,1263,1077,StarWars,190,1,1,0.6861,1.9993,0.6711
fixF0_peakVoicing_tonal_db6,1263,1085,StarWars,190,1,1,0.6093,1.9109,0.7565
fixF0_peakVoicing_tonal_db6,1263,3625,Hakuna,190,0,1,0.6845,2.3200,0.6106
fixF0_peakVoicing_tonal_db6,1263,3898,Hakuna,190,0,1,0.7346,2.1438,0.5249
fixF0_peakVoicing_tonal_db6,1264,0288,Potter,208,0,1,1.0596,0.9092,0.1920
fixF0_peakVoicing_tonal_db6,1264,0482,Potter,208,0,1,1.0340,0.9781,0.0819
fixF0_peakVoicing_tonal_db6,1264,1399,StarWars,208,1,1,0.5894,1.7447,0.2037
fixF0_peakVoicing_tonal_db6,1264,1436,StarWars,208,1,1,0.2766,1.0185,0.2848
fixF0_peakVoicing_tonal_db6,1264,3519,Hakuna,208,0,1,0.6936,0.8444,0.4913
fixF0_peakVoicing_tonal_db6,1268,0239,Potter,59,0,1,0.5937,2.6048,0.4898
fixF0_peakVoicing_tonal_db6,1268,0798,Potter,59,0,1,0.4362,2.4292,0.6019
fixF0_peakVoicing_tonal_db6,1268,0923,StarWars,59,1,1,0.2835,2.6670,0.3874
fixF0_peakVoicing_tonal_db6,1268,1246,StarWars,59,1,1,0.4252,2.5352,0.5187
fixF0_peakVoicing_tonal_db6,1268,3956,Hakuna,59,0,1,0.3496,2.6671,0.2566
fixF0_peakVoicing_tonal_db6,1268,4124,Hakuna,59,0,1,0.3780,2.6705,0.3737
fixF0_peakVoicing_tonal_db6,1270,0418,Potter,111,0,1,1.3786,2.9304,0.5107
fixF0_peakVoicing_tonal_db6,1270,0454,Potter,111,0,1,0.9660,3.0739,0.6011
fixF0_peakVoicing_tonal_db6,1270,0940,StarWars,111,1,1,0.7743,2.3417,0.4194
fixF0_peakVoicing_tonal_db6,1270,1398,StarWars,111,1,1,0.7694,2.7719,0.6099
fixF0_peakVoicing_tonal_db6,1270,4091,Hakuna,111,0,1,1.0752,2.4809,0.4573
fixF0_peakVoicing_tonal_db6,1270,4133,Hakuna,111,0,1,0.8738,2.8654,0.6165
fixF0_peakVoicing_tonal_db6,1275,0384,Potter,228,0,1,0.3870,2.9424,0.6477
fixF0_peakVoicing_tonal_db6,1275,0820,Potter,228,0,1,0.1113,3.3665,0.2581
fixF0_peakVoicing_tonal_db6,1275,1339,StarWars,228,1,1,0.0831,3.5805,0.2768
fixF0_peakVoicing_tonal_db6,1275,3896,Hakuna,228,0,1,0.1047,2.8906,0.6478
fixF0_peakVoicing_tonal_db6,1282,0477,Potter,17,0,1,1.1479,1.6573,0.8121
fixF0_peakVoicing_tonal_db6,1282,0558,Potter,17,0,1,1.0899,2.2708,0.6086
fixF0_peakVoicing_tonal_db6,1282,1609,StarWars,17,1,1,1.0824,1.8230,0.8081
fixF0_peakVoicing_tonal_db6,1282,1620,StarWars,17,1,1,1.0075,1.3233,0.8781
fixF0_peakVoicing_tonal_db6,1282,3878,Hakuna,17,0,1,1.0150,1.5052,0.8228
fixF0_peakVoicing_tonal_db6,1282,4105,Hakuna,17,0,1,0.9457,1.6263,0.8162
fixF0_peakVoicing_tonal_db6,1285,0181,Potter,13,0,1,0.7504,1.6911,0.6532
fixF0_peakVoicing_tonal_db6,1285,0299,Potter,13,0,1,0.6493,2.0568,0.5050
fixF0_peakVoicing_tonal_db6,1285,1619,StarWars,13,1,1,0.5071,1.2608,0.7113
fixF0_peakVoicing_tonal_db6,1285,3353,Hakuna,13,0,1,0.6477,1.2309,0.6188
fixF0_peakVoicing_tonal_db6,1285,4020,Hakuna,13,0,1,0.6066,1.5095,0.4283
fixF0_peakVoicing_tonal_db6,1288,0504,Potter,90,0,1,0.9022,2.7156,0.4909
fixF0_peakVoicing_tonal_db6,1288,0597,Potter,90,0,1,0.9635,2.5676,0.3227
fixF0_peakVoicing_tonal_db6,1288,0886,StarWars,90,1,1,1.0219,2.1799,0.6182
fixF0_peakVoicing_tonal_db6,1288,1075,StarWars,90,1,1,1.0920,2.1729,0.5868
fixF0_peakVoicing_tonal_db6,1288,3378,Hakuna,90,0,1,0.7679,2.7727,0.3512
fixF0_peakVoicing_tonal_db6,1288,3455,Hakuna,90,0,1,0.9854,3.1514,0.1465
fixF0_peakVoicing_tonal_db6,1291,0186,Potter,22,0,1,1.0969,1.8124,0.6025
fixF0_peakVoicing_tonal_db6,1291,1340,StarWars,22,1,1,1.0742,1.0788,0.8699
fixF0_peakVoicing_tonal_db6,1291,3791,Hakuna,22,0,1,1.1175,1.6374,0.6368
fixF0_peakVoicing_tonal_db6,1291,3834,Hakuna,22,0,1,1.1216,1.5319,0.6973
fixF0_peakVoicing_tonal_db6,1292,0097,Potter,201,0,1,0.5593,0.9752,0.4409
fixF0_peakVoicing_tonal_db6,1292,0396,Potter,201,0,1,0.6454,0.9693,0.4251
fixF0_peakVoicing_tonal_db6,1292,0927,StarWars,201,1,1,0.6276,0.9895,0.4735
fixF0_peakVoicing_tonal_db6,1292,1129,StarWars,201,1,1,0.6113,0.7569,0.6932
fixF0_peakVoicing_tonal_db6,1292,3870,Hakuna,201,0,1,0.4614,0.7766,0.6555
fixF0_peakVoicing_tonal_db6,1292,4154,Hakuna,201,0,1,0.5045,0.9101,0.4277
fixF0_peakVoicing_tonal_db6,1293,0408,Potter,145,0,1,0.8151,3.8922,0.2294
fixF0_peakVoicing_tonal_db6,1293,0619,Potter,145,0,1,0.8712,2.7696,0.6768
fixF0_peakVoicing_tonal_db6,1293,0956,StarWars,145,1,1,0.9849,1.9198,0.7119
fixF0_peakVoicing_tonal_db6,1293,1199,StarWars,145,1,1,0.9959,1.8831,0.7278
fixF0_peakVoicing_tonal_db6,1293,3712,Hakuna,145,0,1,0.8411,3.2146,0.4075
fixF0_peakVoicing_tonal_db6,1293,3793,Hakuna,145,0,1,0.8986,3.0139,0.4605
fixF0_peakVoicing_tonal_db6,1299,0708,Potter,9,0,1,0.7833,2.3276,0.4657
fixF0_peakVoicing_tonal_db6,1299,0757,Potter,9,0,1,0.9396,2.3777,0.3732
fixF0_peakVoicing_tonal_db6,1299,1280,StarWars,9,1,1,0.6104,2.5087,0.5628
fixF0_peakVoicing_tonal_db6,1299,1463,StarWars,9,1,1,0.6625,2.6564,0.4692
fixF0_peakVoicing_tonal_db6,1299,3431,Hakuna,9,0,1,0.3500,2.5619,0.4069
fixF0_peakVoicing_tonal_db6,1299,3525,Hakuna,9,0,1,0.4083,2.2019,0.5013
fixF0_peakVoicing_tonal_db6,1301,0125,Potter,205,0,1,0.6464,2.8760,0.1039
fixF0_peakVoicing_tonal_db6,1301,0359,Potter,205,0,1,0.6640,2.6089,0.3160
fixF0_peakVoicing_tonal_db6,1301,0966,StarWars,205,1,1,0.6719,3.0886,0.1275
fixF0_peakVoicing_tonal_db6,1301,1480,StarWars,205,1,1,0.6503,2.5157,0.5069
fixF0_peakVoicing_tonal_db6,1301,3529,Hakuna,205,0,1,0.5108,2.2073,0.6401
fixF0_peakVoicing_tonal_db6,1301,3581,Hakuna,205,0,1,0.5874,2.4721,0.4794
fixF0_peakVoicing_tonal_db6,1303,0553,Potter,0,0,1,0.7906,2.0765,0.5749
fixF0_peakVoicing_tonal_db6,1303,0590,Potter,0,0,1,0.8596,1.7088,0.6118
fixF0_peakVoicing_tonal_db6,1303,0915,StarWars,0,1,1,0.5579,1.4619,0.6880
fixF0_peakVoicing_tonal_db6,1303,1140,StarWars,0,1,1,0.5215,1.5054,0.7662
fixF0_peakVoicing_tonal_db6,1303,3690,Hakuna,0,0,1,0.7373,2.1056,0.5249
fixF0_peakVoicing_tonal_db6,1303,4031,Hakuna,0,0,1,0.7425,1.6855,0.6003
fixF0_peakVoicing_tonal_db6,1304,0649,Potter,197,0,1,0.8780,3.6084,0.5213
fixF0_peakVoicing_tonal_db6,1304,0688,Potter,197,0,1,0.9831,3.1032,0.6422
fixF0_peakVoicing_tonal_db6,1304,0921,StarWars,197,1,1,0.9325,1.7622,0.8433
fixF0_peakVoicing_tonal_db6,1304,1322,StarWars,197,1,1,0.7261,1.6658,0.8147
fixF0_peakVoicing_tonal_db6,1304,3512,Hakuna,197,0,1,0.8462,3.3984,0.6846
fixF0_peakVoicing_tonal_db6,1304,3851,Hakuna,197,0,1,0.8593,3.3737,0.6893
fixF0_peakVoicing_tonal_db6,1306,0125,Potter,205,0,1,0.6633,4.0225,0.1127
fixF0_peakVoicing_tonal_db6,1306,0359,Potter,205,0,1,0.6815,3.4766,0.5120
fixF0_peakVoicing_tonal_db6,1306,0966,StarWars,205,1,1,0.6895,4.2198,0.0684
fixF0_peakVoicing_tonal_db6,1306,1480,StarWars,205,1,1,0.6673,3.6655,0.4520
fixF0_peakVoicing_tonal_db6,1306,3529,Hakuna,205,0,1,0.5242,3.2471,0.5961
fixF0_peakVoicing_tonal_db6,1306,3581,Hakuna,205,0,1,0.6028,3.5889,0.4675
fixF0_peakVoicing_tonal_db6,1308,3332,Hakuna,6,0,1,0.9494,2.6422,0.6559
fixF0_peakVoicing_tonal_db6,1311,0326,Potter,23,0,1,1.0741,2.1289,0.4333
fixF0_peakVoicing_tonal_db6,1311,0682,Potter,23,0,1,0.8107,2.9555,-0.0240
fixF0_peakVoicing_tonal_db6,1311,1335,StarWars,23,1,1,0.9547,2.0111,0.4270
fixF0_peakVoicing_tonal_db6,1311,1448,StarWars,23,1,1,0.8724,2.0831,0.4726
fixF0_peakVoicing_tonal_db6,1319,0762,Potter,69,0,1,0.5650,1.9854,0.4985
fixF0_peakVoicing_tonal_db6,1319,0771,Potter,69,0,1,0.9985,2.1187,0.1639
fixF0_peakVoicing_tonal_db6,1319,1323,StarWars,69,1,1,0.7183,3.8848,0.1902
fixF0_peakVoicing_tonal_db6,1319,1496,StarWars,69,1,1,0.5542,2.6225,0.2341
fixF0_peakVoicing_tonal_db6,1319,3410,Hakuna,69,0,1,0.6920,3.6741,0.4917
fixF0_peakVoicing_tonal_db6,1319,3782,Hakuna,69,0,1,0.6161,6.7645,0.3457
fixF0_peakVoicing_tonal_db6,1330,0997,StarWars,135,1,1,1.0714,3.9360,-0.1235
fixF0_peakVoicing_tonal_db6,1330,1195,StarWars,135,1,1,1.2881,3.6880,0.0762
fixF0_peakVoicing_tonal_db6,1330,3501,Hakuna,135,0,1,0.7810,2.5168,0.6598
fixF0_peakVoicing_tonal_db6,1330,4070,Hakuna,135,0,1,1.0310,2.7354,0.3788
fixF0_peakVoicing_tonal_db6,1336,0386,Potter,184,0,1,1.0371,2.1927,0.6313
fixF0_peakVoicing_tonal_db6,1336,0729,Potter,184,0,1,1.0742,2.5496,0.6168
fixF0_peakVoicing_tonal_db6,1336,0887,StarWars,184,1,1,0.8233,1.8095,0.7237
fixF0_peakVoicing_tonal_db6,1336,3612,Hakuna,184,0,1,0.8039,2.4339,0.6201
fixF0_peakVoicing_tonal_db6,1336,3844,Hakuna,184,0,1,0.8216,2.4235,0.6011
fixF0_peakVoicing_tonal_db6,1337,0613,Potter,137,0,1,0.9033,2.5718,0.6118
fixF0_peakVoicing_tonal_db6,1337,0788,Potter,137,0,1,0.8333,3.3418,0.3395
fixF0_peakVoicing_tonal_db6,1337,1163,StarWars,137,1,1,0.9444,2.0742,0.7155
fixF0_peakVoicing_tonal_db6,1337,1177,StarWars,137,1,1,0.9918,1.6009,0.8606
fixF0_peakVoicing_tonal_db6,1337,3594,Hakuna,137,0,1,1.0823,2.7272,0.5717
fixF0_peakVoicing_tonal_db6,1337,3944,Hakuna,137,0,1,0.9877,2.6373,0.6341
fixF0_peakVoicing_tonal_db6,1342,0254,Potter,129,0,1,1.5409,1.8352,0.5498
fixF0_peakVoicing_tonal_db6,1342,0554,Potter,129,0,1,1.5431,1.9799,0.5588
fixF0_peakVoicing_tonal_db6,1342,1014,StarWars,129,1,1,0.8728,1.7600,0.5351
fixF0_peakVoicing_tonal_db6,1342,1167,StarWars,129,1,1,0.8082,1.0518,0.5728
fixF0_peakVoicing_tonal_db6,1342,3576,Hakuna,129,0,1,0.8017,1.6831,0.6615
fixF0_peakVoicing_tonal_db6,1342,3651,Hakuna,129,0,1,0.7780,1.9011,0.3692
fixF0_peakVoicing_tonal_db6,1343,0008,Potter,213,0,1,0.7518,2.6389,0.6548
fixF0_peakVoicing_tonal_db6,1343,0681,Potter,213,0,1,0.7237,2.4319,0.6977
fixF0_peakVoicing_tonal_db6,1343,0860,StarWars,213,1,1,0.7321,1.9540,0.8682
fixF0_peakVoicing_tonal_db6,1343,1317,StarWars,213,1,1,0.6971,1.6836,0.8632
fixF0_peakVoicing_tonal_db6,1343,3548,Hakuna,213,0,1,0.5596,2.7869,0.6544
fixF0_peakVoicing_tonal_db6,1343,3720,Hakuna,213,0,1,0.6045,2.7554,0.6616
fixF0_peakVoicing_tonal_db6,1351,0177,Potter,14,0,1,0.8581,1.9657,0.5527
fixF0_peakVoicing_tonal_db6,1351,0774,Potter,14,0,1,0.8581,1.9745,0.4796
fixF0_peakVoicing_tonal_db6,1351,1435,StarWars,14,1,1,0.7548,1.6273,0.7880
fixF0_peakVoicing_tonal_db6,1351,1519,StarWars,14,1,1,0.7016,1.5296,0.8175
fixF0_peakVoicing_tonal_db6,1351,3682,Hakuna,14,0,1,0.6016,1.9488,0.5829
fixF0_peakVoicing_tonal_db6,1351,3807,Hakuna,14,0,1,0.6258,1.9895,0.5084
fixF0_peakVoicing_tonal_db6,1353,0508,Potter,120,0,1,1.2361,2.4604,0.6295
fixF0_peakVoicing_tonal_db6,1353,0559,Potter,120,0,1,1.1859,2.2483,0.7149
fixF0_peakVoicing_tonal_db6,1353,0878,StarWars,120,1,1,1.0093,2.8126,0.6088
fixF0_peakVoicing_tonal_db6,1353,1449,StarWars,120,1,1,1.0204,2.3934,0.7261
fixF0_peakVoicing_tonal_db6,1353,3503,Hakuna,120,0,1,0.6989,3.3124,0.4297
fixF0_peakVoicing_tonal_db6,1353,3549,Hakuna,120,0,1,0.7695,3.5699,0.3153
fixF0_peakVoicing_tonal_db6,1355,0477,Potter,17,0,1,1.0166,2.4576,0.6625
fixF0_peakVoicing_tonal_db6,1355,0558,Potter,17,0,1,0.9652,2.9680,0.5701
fixF0_peakVoicing_tonal_db6,1355,1609,StarWars,17,1,1,0.9585,2.9633,0.6643
fixF0_peakVoicing_tonal_db6,1355,1620,StarWars,17,1,1,0.8922,2.2364,0.7106
fixF0_peakVoicing_tonal_db6,1355,3878,Hakuna,17,0,1,0.8988,2.5805,0.6376
fixF0_peakVoicing_tonal_db6,1355,4105,Hakuna,17,0,1,0.8375,2.6109,0.6791
fixF0_peakVoicing_tonal_db6,1360,0044,Potter,217,0,1,0.9116,2.8379,0.5282
fixF0_peakVoicing_tonal_db6,1360,0101,Potter,217,0,1,0.9252,2.7320,0.5613
fixF0_peakVoicing_tonal_db6,1360,1131,StarWars,217,1,1,0.9184,2.9059,0.4969
fixF0_peakVoicing_tonal_db6,1360,1509,StarWars,217,1,1,1.0190,2.9433,0.4937
fixF0_peakVoicing_tonal_db6,1360,3701,Hakuna,217,0,1,0.7973,3.3890,0.2339
fixF0_peakVoicing_tonal_db6,1360,4103,Hakuna,217,0,1,0.7714,2.8237,0.4619
fixF0_peakVoicing_tonal_db6,1361,0424,Potter,38,0,1,1.0819,1.6396,0.5860
fixF0_peakVoicing_tonal_db6,1361,0829,Potter,38,0,1,1.0770,1.6598,0.5193
fixF0_peakVoicing_tonal_db6,1361,1149,StarWars,38,1,1,0.9278,0.8990,0.8988
fixF0_peakVoicing_tonal_db6,1361,1273,StarWars,38,1,1,0.9213,0.9140,0.8817
fixF0_peakVoicing_tonal_db6,1361,3506,Hakuna,38,0,1,0.8234,1.3507,0.6991
fixF0_peakVoicing_tonal_db6,1361,3732,Hakuna,38,0,1,0.9005,1.2784,0.7192
fixF0_peakVoicing_tonal_db6,1363,0680,Potter,123,0,1,0.9437,2.5897,0.7029
fixF0_peakVoicing_tonal_db6,1363,0835,Potter,123,0,1,0.9437,2.8421,0.5261
fixF0_peakVoicing_tonal_db6,1363,1196,StarWars,123,1,1,0.8357,0.9183,0.9645
fixF0_peakVoicing_tonal_db6,1363,1378,StarWars,123,1,1,0.8811,0.4468,0.9897
fixF0_peakVoicing_tonal_db6,1363,3567,Hakuna,123,0,1,0.6448,2.8267,0.6571
fixF0_peakVoicing_tonal_db6,1363,3787,Hakuna,123,0,1,0.7230,2.9331,0.6287
fixF0_peakVoicing_tonal_db6,1365,0808,Potter,171,0,1,1.1328,1.6962,0.5220
fixF0_peakVoicing_tonal_db6,1365,1079,StarWars,171,1,1,1.1387,0.9782,0.8608
fixF0_peakVoicing_tonal_db6,1365,1112,StarWars,171,1,1,1.0215,1.0974,0.8245
fixF0_peakVoicing_tonal_db6,1368,0010,Potter,92,0,1,0.9174,2.8999,0.6864
fixF0_peakVoicing_tonal_db6,1368,0232,Potter,92,0,1,0.8578,3.5865,0.4650
fixF0_peakVoicing_tonal_db6,1368,0893,StarWars,92,1,1,0.8150,3.2369,0.5697
fixF0_peakVoicing_tonal_db6,1368,0922,StarWars,92,1,1,0.8838,3.3868,0.5965
fixF0_peakVoicing_tonal_db6,1368,4028,Hakuna,92,0,1,0.8425,2.7556,0.6414
fixF0_peakVoicing_tonal_db6,1370,0017,Potter,70,0,1,0.9517,2.3958,0.6149
fixF0_peakVoicing_tonal_db6,1370,0161,Potter,70,0,1,0.9584,2.1623,0.6905
fixF0_peakVoicing_tonal_db6,1370,0929,StarWars,70,1,1,0.9601,1.9542,0.8339
fixF0_peakVoicing_tonal_db6,1370,3334,Hakuna,70,0,1,0.8852,2.0779,0.8074
fixF0_peakVoicing_tonal_db6,1370,3384,Hakuna,70,0,1,0.8935,1.9553,0.7782
fixF0_peakVoicing_tonal_db6,1372,1235,StarWars,178,1,1,0.7492,1.4689,0.4213
fixF0_peakVoicing_tonal_db6,1372,1585,StarWars,178,1,1,0.6175,1.4498,0.5152
fixF0_peakVoicing_tonal_db6,1372,3403,Hakuna,178,0,1,0.5571,1.5224,0.4246
fixF0_peakVoicing_tonal_db6,1372,3665,Hakuna,178,0,1,0.5683,1.7083,0.2196
fixF0_peakVoicing_tonal_db6,1373,0222,Potter,96,0,1,0.8269,2.5533,0.3594
fixF0_peakVoicing_tonal_db6,1373,0715,Potter,96,0,1,0.7535,2.3807,0.5428
fixF0_peakVoicing_tonal_db6,1373,1027,StarWars,96,1,1,0.8969,1.6605,0.7378
fixF0_peakVoicing_tonal_db6,1373,1402,StarWars,96,1,1,0.9213,1.6513,0.7360
fixF0_peakVoicing_tonal_db6,1373,3406,Hakuna,96,0,1,0.7780,2.4858,0.3425
fixF0_peakVoicing_tonal_db6,1373,3938,Hakuna,96,0,1,0.7867,2.2450,0.4768
fixF0_peakVoicing_tonal_db6,1377,0394,Potter,215,0,1,0.9827,4.2065,0.2645
fixF0_peakVoicing_tonal_db6,1377,0975,StarWars,215,1,1,0.8072,1.3744,0.9017
fixF0_peakVoicing_tonal_db6,1377,1423,StarWars,215,1,1,0.9108,0.9278,0.9795
fixF0_peakVoicing_tonal_db6,1377,3480,Hakuna,215,0,1,0.8173,2.7832,0.6717
fixF0_peakVoicing_tonal_db6,1377,3858,Hakuna,215,0,1,0.8633,2.8400,0.6642
fixF0_peakVoicing_tonal_db6,1384,0008,Potter,213,0,1,0.7507,2.5689,0.6809
fixF0_peakVoicing_tonal_db6,1384,0681,Potter,213,0,1,0.7227,2.4073,0.7242
fixF0_peakVoicing_tonal_db6,1384,0860,StarWars,213,1,1,0.7311,2.1595,0.9025
fixF0_peakVoicing_tonal_db6,1384,1317,StarWars,213,1,1,0.6961,1.7514,0.9129
fixF0_peakVoicing_tonal_db6,1384,3548,Hakuna,213,0,1,0.5588,2.6011,0.7037
fixF0_peakVoicing_tonal_db6,1384,3720,Hakuna,213,0,1,0.6036,2.5721,0.7099
fixF0_peakVoicing_tonal_db6,1386,0484,Potter,162,0,1,0.7782,2.3094,0.7084
fixF0_peakVoicing_tonal_db6,1386,0599,Potter,162,0,1,0.8569,1.9228,0.7046
fixF0_peakVoicing_tonal_db6,1386,1508,StarWars,162,1,1,0.8032,1.0977,0.9568
fixF0_peakVoicing_tonal_db6,1386,1606,StarWars,162,1,1,0.8462,0.9849,0.9570
fixF0_peakVoicing_tonal_db6,1389,0273,Potter,172,0,1,0.7974,3.6861,0.3360
fixF0_peakVoicing_tonal_db6,1389,1064,StarWars,172,1,1,0.8023,3.1173,0.6380
fixF0_peakVoicing_tonal_db6,1389,1498,StarWars,172,1,1,0.6771,2.1198,0.7347
fixF0_peakVoicing_tonal_db6,1389,3708,Hakuna,172,0,1,0.7891,4.2978,0.2575
fixF0_peakVoicing_tonal_db6,1389,4145,Hakuna,172,0,1,0.8040,3.2208,0.4658
fixF0_peakVoicing_tonal_db6,1392,0787,Potter,136,0,1,1.1693,2.4917,0.4228
fixF0_peakVoicing_tonal_db6,1392,0837,Potter,136,0,1,1.1654,2.5288,0.2529
fixF0_peakVoicing_tonal_db6,1392,1004,StarWars,136,1,1,1.0720,2.2921,0.6508
fixF0_peakVoicing_tonal_db6,1392,1042,StarWars,136,1,1,1.2665,2.0667,0.6993
fixF0_peakVoicing_tonal_db6,1392,3526,Hakuna,136,0,1,1.2568,2.4897,0.4428
fixF0_peakVoicing_tonal_db6,1392,3943,Hakuna,136,0,1,1.2568,2.4877,0.4433
fixF0_peakVoicing_tonal_db6,1393,0435,Potter,185,0,1,0.5429,2.7656,0.3307
fixF0_peakVoicing_tonal_db6,1393,0666,Potter,185,0,1,0.9083,3.7524,0.1575
fixF0_peakVoicing_tonal_db6,1393,1173,StarWars,185,1,1,0.9098,1.7161,0.7682
fixF0_peakVoicing_tonal_db6,1393,1575,StarWars,185,1,1,0.5340,2.2005,0.6824
fixF0_peakVoicing_tonal_db6,1393,3561,Hakuna,185,0,1,0.8565,2.6109,0.4206
fixF0_peakVoicing_tonal_db6,1393,3613,Hakuna,185,0,1,0.6982,2.5323,0.4887
fixF0_peakVoicing_tonal_db6,1394,0328,Potter,106,0,1,0.6177,1.7262,0.3574
fixF0_peakVoicing_tonal_db6,1394,0777,Potter,106,0,1,0.6928,1.4135,0.4992
fixF0_peakVoicing_tonal_db6,1394,1062,StarWars,106,1,1,0.6843,2.5853,0.2435
fixF0_peakVoicing_tonal_db6,1394,1581,StarWars,106,1,1,0.3942,2.4087,0.2489
fixF0_peakVoicing_tonal_db6,1394,3427,Hakuna,106,0,1,0.6519,3.1795,0.2920
fixF0_peakVoicing_tonal_db6,1394,4075,Hakuna,106,0,1,0.5939,2.7984,0.3561
fixF0_peakVoicing_tonal_db6,1395,0145,Potter,141,0,1,0.7316,2.2974,0.3539
fixF0_peakVoicing_tonal_db6,1395,0620,Potter,141,0,1,0.4467,2.1371,0.3912
fixF0_peakVoicing_tonal_db6,1395,1636,StarWars,141,1,1,0.7776,2.0479,0.1615
fixF0_peakVoicing_tonal_db6,1395,1652,StarWars,141,1,1,0.7261,1.8130,0.4380
fixF0_peakVoicing_tonal_db6,1395,3687,Hakuna,141,0,1,0.7169,2.0298,0.2852
fixF0_peakVoicing_tonal_db6,1395,3895,Hakuna,141,0,1,0.7132,1.7587,0.6572
fixF0_peakVoicing_tonal_db6,1397,0186,Potter,22,0,1,1.0231,2.0700,0.5451
fixF0_peakVoicing_tonal_db6,1397,1340,StarWars,22,1,1,1.0019,1.2474,0.8822
fixF0_peakVoicing_tonal_db6,1397,3791,Hakuna,22,0,1,1.0423,1.8112,0.7040
fixF0_peakVoicing_tonal_db6,1397,3834,Hakuna,22,0,1,1.0462,1.6902,0.7440
fixF0_peakVoicing_tonal_db6,1401,1030,StarWars,212,1,1,0.7231,3.6686,0.3338
fixF0_peakVoicing_tonal_db6,1401,1646,StarWars,212,1,1,0.8376,2.8347,0.4130
fixF0_peakVoicing_tonal_db6,1401,3761,Hakuna,212,0,1,0.7350,3.2638,0.3407
fixF0_peakVoicing_tonal_db6,1401,3907,Hakuna,212,0,1,0.8000,3.0871,0.4371
fixF0_peakVoicing_tonal_db6,1407,0271,Potter,121,0,1,0.9170,2.2081,0.4878
fixF0_peakVoicing_tonal_db6,1407,0416,Potter,121,0,1,0.7469,2.1523,0.4332
fixF0_peakVoicing_tonal_db6,1407,0852,StarWars,121,1,1,0.9274,1.4595,0.8899
fixF0_peakVoicing_tonal_db6,1407,1525,StarWars,121,1,1,0.8859,1.5055,0.7695
fixF0_peakVoicing_tonal_db6,1407,3647,Hakuna,121,0,1,0.8672,2.2699,0.4581
fixF0_peakVoicing_tonal_db6,1407,4058,Hakuna,121,0,1,0.8859,2.1877,0.5013
fixF0_peakVoicing_tonal_db6,1414,0427,Potter,174,0,1,0.8269,2.1614,0.7452
fixF0_peakVoicing_tonal_db6,1414,0577,Potter,174,0,1,0.9028,2.9261,0.3872
fixF0_peakVoicing_tonal_db6,1414,1403,StarWars,174,1,1,0.7332,1.5380,0.8775
fixF0_peakVoicing_tonal_db6,1414,1502,StarWars,174,1,1,0.9629,1.4753,0.9158
fixF0_peakVoicing_tonal_db6,1414,3424,Hakuna,174,0,1,0.7650,1.5188,0.8591
fixF0_peakVoicing_tonal_db6,1414,4122,Hakuna,174,0,1,0.6025,2.1470,0.6442
fixF0_peakVoicing_tonal_db6,1416,0394,Potter,215,0,1,0.9927,4.2502,0.2190
fixF0_peakVoicing_tonal_db6,1416,0975,StarWars,215,1,1,0.8154,1.4076,0.8750
fixF0_peakVoicing_tonal_db6,1416,1423,StarWars,215,1,1,0.9201,0.6783,0.9832
fixF0_peakVoicing_tonal_db6,1416,3480,Hakuna,215,0,1,0.8256,2.8368,0.6543
fixF0_peakVoicing_tonal_db6,1416,3858,Hakuna,215,0,1,0.8721,2.9093,0.6272
fixF0_peakVoicing_tonal_db6,1417,0073,Potter,189,0,1,0.6833,2.4810,0.5825
fixF0_peakVoicing_tonal_db6,1417,0298,Potter,189,0,1,0.7935,2.0507,0.6802
fixF0_peakVoicing_tonal_db6,1417,1251,StarWars,189,1,1,0.8399,1.2566,0.9061
fixF0_peakVoicing_tonal_db6,1417,1497,StarWars,189,1,1,0.8761,1.0522,0.9314
fixF0_peakVoicing_tonal_db6,1417,3342,Hakuna,189,0,1,0.8382,2.0883,0.5310
fixF0_peakVoicing_tonal_db6,1419,0196,Potter,232,0,1,0.9649,2.5913,0.5910
fixF0_peakVoicing_tonal_db6,1419,0603,Potter,232,0,1,1.1072,2.9146,0.4979
fixF0_peakVoicing_tonal_db6,1419,0917,StarWars,232,1,1,1.2124,3.0994,0.1650
fixF0_peakVoicing_tonal_db6,1419,1278,StarWars,232,1,1,1.0598,2.9444,0.3222
fixF0_peakVoicing_tonal_db6,1419,3541,Hakuna,232,0,1,1.0103,3.5134,0.5551
fixF0_peakVoicing_tonal_db6,1419,4111,Hakuna,232,0,1,1.0454,3.7267,0.4186
fixF0_peakVoicing_tonal_db6,1422,0168,Potter,198,0,1,0.2546,1.4360,0.4139
fixF0_peakVoicing_tonal_db6,1422,0461,Potter,198,0,1,0.8153,1.4220,0.3389
fixF0_peakVoicing_tonal_db6,1422,1354,StarWars,198,1,1,0.1614,1.3540,0.6030
fixF0_peakVoicing_tonal_db6,1422,1535,StarWars,198,1,1,0.2263,1.9076,0.3053
fixF0_peakVoicing_tonal_db6,1422,3607,Hakuna,198,0,1,0.5291,1.9964,0.3674
fixF0_peakVoicing_tonal_db6,1422,4013,Hakuna,198,0,1,0.3278,1.6530,0.4324
fixF0_peakVoicing_tonal_db6,1424,0206,Potter,84,0,1,0.7956,4.1540,-0.1608
fixF0_peakVoicing_tonal_db6,1424,1341,StarWars,84,1,1,0.8601,2.1753,0.8329
fixF0_peakVoicing_tonal_db6,1424,1504,StarWars,84,1,1,0.7736,2.6840,0.4838
fixF0_peakVoicing_tonal_db6,1426,0997,StarWars,135,1,1,0.9000,1.8464,0.6488
fixF0_peakVoicing_tonal_db6,1426,1195,StarWars,135,1,1,1.0820,1.9883,0.5851
fixF0_peakVoicing_tonal_db6,1426,3501,Hakuna,135,0,1,0.6560,1.9917,0.3350
fixF0_peakVoicing_tonal_db6,1426,4070,Hakuna,135,0,1,0.8660,2.0681,0.3310
fixF0_peakVoicing_tonal_db6,1427,0484,Potter,162,0,1,0.7500,2.5838,0.6110
fixF0_peakVoicing_tonal_db6,1427,0599,Potter,162,0,1,0.8259,2.1342,0.6495
fixF0_peakVoicing_tonal_db6,1427,1508,StarWars,162,1,1,0.7741,1.1987,0.9287
fixF0_peakVoicing_tonal_db6,1427,1606,StarWars,162,1,1,0.8155,0.5457,0.9801
fixF0_peakVoicing_tonal_db6,1429,0489,Potter,87,0,1,0.9034,1.5233,0.4612
fixF0_peakVoicing_tonal_db6,1429,0684,Potter,87,0,1,0.7983,1.6095,0.4861
fixF0_peakVoicing_tonal_db6,1429,1090,StarWars,87,1,1,0.8103,1.1432,0.7359
fixF0_peakVoicing_tonal_db6,1429,1460,StarWars,87,1,1,0.8500,1.2092,0.6855
fixF0_peakVoicing_tonal_db6,1429,3341,Hakuna,87,0,1,0.8000,1.4156,0.4416
fixF0_peakVoicing_tonal_db6,1429,3728,Hakuna,87,0,1,0.7724,1.4049,0.4487
fixF0_peakVoicing_tonal_db6,1440,0071,Potter,109,0,1,0.9109,2.6926,0.5096
fixF0_peakVoicing_tonal_db6,1440,0388,Potter,109,0,1,0.9773,3.3023,0.3524
fixF0_peakVoicing_tonal_db6,1440,0986,StarWars,109,1,1,0.8817,0.9340,0.9655
fixF0_peakVoicing_tonal_db6,1440,1078,StarWars,109,1,1,0.9417,0.6490,0.9747
fixF0_peakVoicing_tonal_db6,1440,3457,Hakuna,109,0,1,0.7245,3.2708,0.3244
fixF0_peakVoicing_tonal_db6,1440,3837,Hakuna,109,0,1,0.6694,3.2666,0.3067
fixF0_peakVoicing_tonal_db6,1441,0004,Potter,160,0,1,0.6472,2.0372,0.5821
fixF0_peakVoicing_tonal_db6,1441,0517,Potter,160,0,1,0.5415,2.2032,0.4192
fixF0_peakVoicing_tonal_db6,1441,1390,StarWars,160,1,1,0.7317,2.3004,0.2314
fixF0_peakVoicing_tonal_db6,1441,1641,StarWars,160,1,1,0.7154,2.2332,0.2911
fixF0_peakVoicing_tonal_db6,1441,3786,Hakuna,160,0,1,0.5967,1.8783,0.6001
fixF0_peakVoicing_tonal_db6,1441,3994,Hakuna,160,0,1,0.5886,1.8570,0.6954
fixF0_peakVoicing_tonal_db6,1443,0649,Potter,197,0,1,0.8168,3.4152,0.5148
fixF0_peakVoicing_tonal_db6,1443,0688,Potter,197,0,1,0.9145,2.8713,0.6698
fixF0_peakVoicing_tonal_db6,1443,0921,StarWars,197,1,1,0.8674,1.4427,0.8843
fixF0_peakVoicing_tonal_db6,1443,1322,StarWars,197,1,1,0.6754,1.4739,0.8275
fixF0_peakVoicing_tonal_db6,1443,3512,Hakuna,197,0,1,0.7871,3.0736,0.6519
fixF0_peakVoicing_tonal_db6,1443,3851,Hakuna,197,0,1,0.7993,3.0334,0.6911
fixF0_peakVoicing_tonal_db6,1447,0508,Potter,120,0,1,1.1290,2.6320,0.6543
fixF0_peakVoicing_tonal_db6,1447,0559,Potter,120,0,1,1.0832,2.4351,0.7215
fixF0_peakVoicing_tonal_db6,1447,0878,StarWars,120,1,1,0.9219,2.8985,0.5563
fixF0_peakVoicing_tonal_db6,1447,1449,StarWars,120,1,1,0.9321,2.5046,0.6624
fixF0_peakVoicing_tonal_db6,1447,3503,Hakuna,120,0,1,0.6384,3.7771,0.3142
fixF0_peakVoicing_tonal_db6,1447,3549,Hakuna,120,0,1,0.7029,4.1631,0.1542
fixF0_peakVoicing_tonal_db6,1453,0136,Potter,144,0,1,0.5931,2.6586,0.6582
fixF0_peakVoicing_tonal_db6,1453,0330,Potter,144,0,1,0.5874,3.4527,0.2568
fixF0_peakVoicing_tonal_db6,1453,1216,StarWars,144,1,1,0.5702,3.2039,0.3067
fixF0_peakVoicing_tonal_db6,1453,1421,StarWars,144,1,1,0.5989,2.9303,0.6577
fixF0_peakVoicing_tonal_db6,1453,3420,Hakuna,144,0,1,0.5444,3.5544,0.0835
fixF0_peakVoicing_tonal_db6,1453,3673,Hakuna,144,0,1,0.5401,3.5702,0.1341
fixF0_peakVoicing_tonal_db6,1455,0140,Potter,175,0,1,0.6722,2.3240,0.5596
fixF0_peakVoicing_tonal_db6,1455,0758,Potter,175,0,1,0.8039,2.6560,0.2217
fixF0_peakVoicing_tonal_db6,1455,1428,StarWars,175,1,1,0.7036,2.6467,0.3790
fixF0_peakVoicing_tonal_db6,1455,1599,StarWars,175,1,1,0.7410,2.2130,0.5313
fixF0_peakVoicing_tonal_db6,1458,0076,Potter,30,0,1,0.5526,2.8791,0.5268
fixF0_peakVoicing_tonal_db6,1458,0151,Potter,30,0,1,0.6205,2.7955,0.5517
fixF0_peakVoicing_tonal_db6,1458,1101,StarWars,30,1,1,0.7403,1.4013,0.9175
fixF0_peakVoicing_tonal_db6,1458,1369,StarWars,30,1,1,0.6871,1.2854,0.7679
fixF0_peakVoicing_tonal_db6,1458,3443,Hakuna,30,0,1,0.5792,2.9073,0.4812
fixF0_peakVoicing_tonal_db6,1458,3694,Hakuna,30,0,1,0.5379,3.4268,0.4306
fixF0_peakVoicing_tonal_db6,1466,3474,Hakuna,82,0,1,0.7752,2.9681,0.5406
fixF0_peakVoicing_tonal_db6,1466,3654,Hakuna,82,0,1,0.8321,3.1573,0.1717
fixF0_peakVoicing_tonal_db6,1467,0254,Potter,129,0,1,1.5180,1.8185,0.5201
fixF0_peakVoicing_tonal_db6,1467,0554,Potter,129,0,1,1.5202,1.9193,0.5266
fixF0_peakVoicing_tonal_db6,1467,1014,StarWars,129,1,1,0.8599,1.8672,0.5447
fixF0_peakVoicing_tonal_db6,1467,1167,StarWars,129,1,1,0.7962,1.1197,0.5763
fixF0_peakVoicing_tonal_db6,1467,3576,Hakuna,129,0,1,0.7898,1.5892,0.7522
fixF0_peakVoicing_tonal_db6,1467,3651,Hakuna,129,0,1,0.7665,1.6288,0.4298
fixF0_peakVoicing_tonal_db6,1469,0408,Potter,145,0,1,0.7707,4.6722,0.0486
fixF0_peakVoicing_tonal_db6,1469,0619,Potter,145,0,1,0.8238,3.2219,0.5136
fixF0_peakVoicing_tonal_db6,1469,0956,StarWars,145,1,1,0.9313,2.1588,0.7395
fixF0_peakVoicing_tonal_db6,1469,1199,StarWars,145,1,1,0.9417,2.0802,0.7364
fixF0_peakVoicing_tonal_db6,1469,3712,Hakuna,145,0,1,0.7953,3.3204,0.3679
fixF0_peakVoicing_tonal_db6,1469,3793,Hakuna,145,0,1,0.8497,3.3430,0.3767
fixF0_peakVoicing_tonal_db6,1470,0762,Potter,69,0,1,0.5757,1.8902,0.5277
fixF0_peakVoicing_tonal_db6,1470,0771,Potter,69,0,1,1.0174,2.0474,0.1971
fixF0_peakVoicing_tonal_db6,1470,1323,StarWars,69,1,1,0.7319,3.7957,0.2067
fixF0_peakVoicing_tonal_db6,1470,1496,StarWars,69,1,1,0.5647,2.5093,0.2795
fixF0_peakVoicing_tonal_db6,1470,3410,Hakuna,69,0,1,0.7050,3.8065,0.4720
fixF0_peakVoicing_tonal_db6,1470,3782,Hakuna,69,0,1,0.6278,7.0085,0.1913
fixF0_peakVoicing_tonal_db6,1474,0194,Potter,169,0,1,0.7586,2.4550,0.5613
fixF0_peakVoicing_tonal_db6,1474,0728,Potter,169,0,1,0.8000,2.2911,0.4926
fixF0_peakVoicing_tonal_db6,1474,0848,StarWars,169,1,1,0.8342,2.5005,0.5291
fixF0_peakVoicing_tonal_db6,1474,1533,StarWars,169,1,1,0.7892,2.7219,0.4408
fixF0_peakVoicing_tonal_db6,1474,3399,Hakuna,169,0,1,0.8378,2.5796,0.4662
fixF0_peakVoicing_tonal_db6,1474,3605,Hakuna,169,0,1,0.7604,2.6756,0.3444
fixF0_peakVoicing_tonal_db6,1479,0489,Potter,87,0,1,0.9391,1.4639,0.4374
fixF0_peakVoicing_tonal_db6,1479,0684,Potter,87,0,1,0.8297,1.6821,0.3205
fixF0_peakVoicing_tonal_db6,1479,1090,StarWars,87,1,1,0.8423,1.2634,0.6451
fixF0_peakVoicing_tonal_db6,1479,1460,StarWars,87,1,1,0.8835,1.2496,0.5921
fixF0_peakVoicing_tonal_db6,1479,3341,Hakuna,87,0,1,0.8315,1.4650,0.3568
fixF0_peakVoicing_tonal_db6,1479,3728,Hakuna,87,0,1,0.8029,1.5523,0.3534
fixF0_peakVoicing_tonal_db6,1484,0756,Potter,219,0,1,0.6843,2.4203,0.4436
fixF0_peakVoicing_tonal_db6,1484,0805,Potter,219,0,1,0.9141,2.5330,0.3633
fixF0_peakVoicing_tonal_db6,1484,0988,StarWars,219,1,1,0.9773,2.6622,0.2741
fixF0_peakVoicing_tonal_db6,1484,1255,StarWars,219,1,1,0.8965,2.5907,0.5514
fixF0_peakVoicing_tonal_db6,1484,3355,Hakuna,219,0,1,0.8485,2.8777,0.2196
fixF0_peakVoicing_tonal_db6,1484,3635,Hakuna,219,0,1,1.0076,2.8397,0.1517
fixF0_peakVoicing_tonal_db6,1485,0377,Potter,234,0,1,0.8931,2.8920,0.6173
fixF0_peakVoicing_tonal_db6,1485,0406,Potter,234,0,1,0.9881,2.7480,0.6587
fixF0_peakVoicing_tonal_db6,1485,0906,StarWars,234,1,1,0.9941,1.3213,0.9157
fixF0_peakVoicing_tonal_db6,1485,3484,Hakuna,234,0,1,0.8535,2.3776,0.7107
fixF0_peakVoicing_tonal_db6,1485,3975,Hakuna,234,0,1,0.9129,2.5970,0.6911
fixF0_peakVoicing_tonal_db6,1486,0311,Potter,218,0,1,0.8863,3.4751,0.4363
fixF0_peakVoicing_tonal_db6,1486,0518,Potter,218,0,1,0.7852,2.5393,0.7466
fixF0_peakVoicing_tonal_db6,1486,0994,StarWars,218,1,1,0.9495,1.7621,0.8708
fixF0_peakVoicing_tonal_db6,1486,1220,StarWars,218,1,1,0.8285,2.2861,0.7813
fixF0_peakVoicing_tonal_db6,1486,3475,Hakuna,218,0,1,0.9585,2.8253,0.6193
fixF0_peakVoicing_tonal_db6,1486,3521,Hakuna,218,0,1,0.9819,2.5919,0.6716
fixF0_peakVoicing_tonal_db6,1488,0651,Potter,97,0,1,1.1300,3.1720,0.5034
fixF0_peakVoicing_tonal_db6,1488,0706,Potter,97,0,1,1.0745,2.5515,0.6097
fixF0_peakVoicing_tonal_db6,1488,1313,StarWars,97,1,1,0.9827,2.1104,0.7961
fixF0_peakVoicing_tonal_db6,1488,1418,StarWars,97,1,1,0.9636,1.6750,0.8107
fixF0_peakVoicing_tonal_db6,1488,3631,Hakuna,97,0,1,0.9411,3.1483,0.6099
fixF0_peakVoicing_tonal_db6,1488,3919,Hakuna,97,0,1,1.0052,3.3560,0.5701
fixF0_peakVoicing_tonal_db6,1489,0019,Potter,73,0,1,0.5024,2.9861,0.4087
fixF0_peakVoicing_tonal_db6,1489,0078,Potter,73,0,1,0.7305,2.9876,0.5952
fixF0_peakVoicing_tonal_db6,1489,1154,StarWars,73,1,1,0.5598,2.8320,0.7438
fixF0_peakVoicing_tonal_db6,1489,1359,StarWars,73,1,1,0.6603,3.0387,0.6524
fixF0_peakVoicing_tonal_db6,1489,3857,Hakuna,73,0,1,0.5933,3.3173,0.5113
fixF0_peakVoicing_tonal_db6,1492,0124,Potter,58,0,1,0.9492,1.7677,0.5535
fixF0_peakVoicing_tonal_db6,1492,0467,Potter,58,0,1,0.9672,1.6840,0.5590
fixF0_peakVoicing_tonal_db6,1492,1178,StarWars,58,1,1,0.8852,1.1277,0.8217
fixF0_peakVoicing_tonal_db6,1492,1262,StarWars,58,1,1,0.8934,1.1337,0.8293
fixF0_peakVoicing_tonal_db6,1492,3556,Hakuna,58,0,1,0.6902,1.4826,0.6096
fixF0_peakVoicing_tonal_db6,1492,3668,Hakuna,58,0,1,0.7033,1.4070,0.6499
fixF0_peakVoicing_tonal_db6,1500,0182,Potter,61,0,1,1.0685,1.9029,0.6848
fixF0_peakVoicing_tonal_db6,1500,0336,Potter,61,0,1,0.8027,2.8413,0.1298
fixF0_peakVoicing_tonal_db6,1500,1236,StarWars,61,1,1,0.4904,2.0853,0.6204
fixF0_peakVoicing_tonal_db6,1500,1318,StarWars,61,1,1,0.8164,1.8343,0.7676
fixF0_peakVoicing_tonal_db6,1500,3492,Hakuna,61,0,1,0.5096,1.9423,0.6032
fixF0_peakVoicing_tonal_db6,1500,3524,Hakuna,61,0,1,0.4082,2.6306,0.2021
fixF0_peakVoicing_tonal_db6,1503,0282,Potter,8,0,1,1.1722,1.6077,0.5324
fixF0_peakVoicing_tonal_db6,1503,0802,Potter,8,0,1,1.0147,1.5417,0.5090
fixF0_peakVoicing_tonal_db6,1503,1046,StarWars,8,1,1,0.8956,1.6815,0.3012
fixF0_peakVoicing_tonal_db6,1503,1667,StarWars,8,1,1,0.9139,1.4924,0.6804
fixF0_peakVoicing_tonal_db6,1503,3795,Hakuna,8,0,1,0.8040,1.4748,0.6208
fixF0_peakVoicing_tonal_db6,1503,4144,Hakuna,8,0,1,0.8059,1.5840,0.5793
fixF0_peakVoicing_tonal_db6,1505,0397,Potter,20,0,1,0.8113,2.7179,0.4919
fixF0_peakVoicing_tonal_db6,1505,0513,Potter,20,0,1,0.6792,2.1917,0.6496
fixF0_peakVoicing_tonal_db6,1505,1297,StarWars,20,1,1,0.7841,2.9000,0.3588
fixF0_peakVoicing_tonal_db6,1505,1582,StarWars,20,1,1,0.7212,1.5479,0.8384
fixF0_peakVoicing_tonal_db6,1505,3642,Hakuna,20,0,1,0.8574,2.0654,0.7567
fixF0_peakVoicing_tonal_db6,1505,3992,Hakuna,20,0,1,0.8092,2.0279,0.7667
fixF0_peakVoicing_tonal_db6,1511,0198,Potter,67,0,1,1.3881,2.8402,0.5811
fixF0_peakVoicing_tonal_db6,1511,0369,Potter,67,0,1,1.2024,2.1780,0.6826
fixF0_peakVoicing_tonal_db6,1511,1298,StarWars,67,1,1,1.2810,1.4403,0.8148
fixF0_peakVoicing_tonal_db6,1511,1326,StarWars,67,1,1,1.1952,2.1482,0.6970
fixF0_peakVoicing_tonal_db6,1511,3412,Hakuna,67,0,1,0.9071,1.7571,0.7515
fixF0_peakVoicing_tonal_db6,1511,3447,Hakuna,67,0,1,0.9381,1.6102,0.8292
fixF0_peakVoicing_tonal_db6,1513,3474,Hakuna,82,0,1,0.8045,2.8863,0.4501
fixF0_peakVoicing_tonal_db6,1513,3654,Hakuna,82,0,1,0.8636,3.0882,0.2513
fixF0_peakVoicing_tonal_db6,1514,0155,Potter,76,0,1,0.6952,1.4500,0.6425
fixF0_peakVoicing_tonal_db6,1514,0584,Potter,76,0,1,0.6537,1.1196,0.7881
fixF0_peakVoicing_tonal_db6,1514,1381,StarWars,76,1,1,0.6257,1.3476,0.7168
fixF0_peakVoicing_tonal_db6,1514,1445,StarWars,76,1,1,0.6992,1.8733,0.4545
fixF0_peakVoicing_tonal_db6,1514,3706,Hakuna,76,0,1,0.6952,1.2033,0.7826
fixF0_peakVoicing_tonal_db6,1514,4048,Hakuna,76,0,1,0.7406,1.3675,0.7321
fixF0_peakVoicing_tonal_db6,1515,0236,Potter,170,0,1,0.6678,2.0335,0.2729
fixF0_peakVoicing_tonal_db6,1515,0668,Potter,170,0,1,0.9841,1.8099,0.6018
fixF0_peakVoicing_tonal_db6,1515,1565,StarWars,170,1,1,1.0035,2.1780,0.5361
fixF0_peakVoicing_tonal_db6,1515,3482,Hakuna,170,0,1,0.5989,1.8840,0.5447
fixF0_peakVoicing_tonal_db6,1515,4088,Hakuna,170,0,1,0.5989,2.2199,0.4874
fixF0_peakVoicing_tonal_db6,1517,0732,Potter,150,0,1,0.8923,3.3725,0.2604
fixF0_peakVoicing_tonal_db6,1517,0825,Potter,150,0,1,1.1607,2.9521,0.4764
fixF0_peakVoicing_tonal_db6,1517,0844,StarWars,150,1,1,1.0667,0.8374,0.9563
fixF0_peakVoicing_tonal_db6,1517,1510,StarWars,150,1,1,1.0188,1.1055,0.8345
fixF0_peakVoicing_tonal_db6,1517,3493,Hakuna,150,0,1,0.9641,2.5314,0.6505
fixF0_peakVoicing_tonal_db6,1517,3767,Hakuna,150,0,1,0.9094,2.5796,0.5624
fixF0_peakVoicing_tonal_db6,1520,0158,Potter,98,0,1,0.7973,2.6592,0.3748
fixF0_peakVoicing_tonal_db6,1520,0450,Potter,98,0,1,0.7856,3.0657,0.5896
fixF0_peakVoicing_tonal_db6,1520,0904,StarWars,98,1,1,0.4188,3.9446,0.4833
fixF0_peakVoicing_tonal_db6,1520,1654,StarWars,98,1,1,0.6750,2.9593,0.3718
fixF0_peakVoicing_tonal_db6,1520,3835,Hakuna,98,0,1,0.5611,2.7430,0.3963
fixF0_peakVoicing_tonal_db6,1520,3993,Hakuna,98,0,1,0.4305,3.5194,0.5574
fixF0_peakVoicing_tonal_db6,1521,0713,Potter,3,0,1,0.4139,2.8264,0.4236
fixF0_peakVoicing_tonal_db6,1521,0748,Potter,3,0,1,0.3656,3.1799,0.4321
fixF0_peakVoicing_tonal_db6,1521,0974,StarWars,3,1,1,0.4819,2.1768,0.6962
fixF0_peakVoicing_tonal_db6,1524,0613,Potter,137,0,1,0.9461,2.6704,0.6423
fixF0_peakVoicing_tonal_db6,1524,0788,Potter,137,0,1,0.8728,3.5367,0.3083
fixF0_peakVoicing_tonal_db6,1524,1163,StarWars,137,1,1,0.9892,2.0673,0.6165
fixF0_peakVoicing_tonal_db6,1524,1177,StarWars,137,1,1,1.0388,1.5411,0.8704
fixF0_peakVoicing_tonal_db6,1524,3594,Hakuna,137,0,1,1.1336,2.8383,0.5541
fixF0_peakVoicing_tonal_db6,1524,3944,Hakuna,137,0,1,1.0345,2.9428,0.5721
fixF0_peakVoicing_tonal_db6,1531,0808,Potter,171,0,1,1.3647,1.6323,0.6005
fixF0_peakVoicing_tonal_db6,1531,1079,StarWars,171,1,1,1.3718,1.2494,0.7176
fixF0_peakVoicing_tonal_db6,1531,1112,StarWars,171,1,1,1.2306,1.6072,0.6699
fixF0_peakVoicing_tonal_db6,1532,0038,Potter,207,0,1,1.2505,3.4924,0.3728
fixF0_peakVoicing_tonal_db6,1532,0672,Potter,207,0,1,1.2361,2.9045,0.6297
fixF0_peakVoicing_tonal_db6,1532,1206,StarWars,207,1,1,1.0329,4.2665,0.3979
fixF0_peakVoicing_tonal_db6,1532,1265,StarWars,207,1,1,0.9877,4.1935,0.5177
fixF0_peakVoicing_tonal_db6,1532,3446,Hakuna,207,0,1,1.0739,2.7274,0.6720
fixF0_peakVoicing_tonal_db6,1532,3565,Hakuna,207,0,1,1.0308,2.7578,0.6554
fixF0_peakVoicing_tonal_db6,1534,0295,Potter,83,0,1,1.2198,2.4375,0.6518
fixF0_peakVoicing_tonal_db6,1534,0648,Potter,83,0,1,1.3327,2.8205,0.5456
fixF0_peakVoicing_tonal_db6,1534,1165,StarWars,83,1,1,1.2535,2.1875,0.7398
fixF0_peakVoicing_tonal_db6,1534,1491,StarWars,83,1,1,1.2515,1.7815,0.8074
fixF0_peakVoicing_tonal_db6,1534,3452,Hakuna,83,0,1,1.0594,3.2030,0.6765
fixF0_peakVoicing_tonal_db6,1534,4101,Hakuna,83,0,1,1.0238,3.1467,0.6383
fixF0_peakVoicing_tonal_db6,1538,0076,Potter,30,0,1,0.5468,3.2159,0.5597
fixF0_peakVoicing_tonal_db6,1538,0151,Potter,30,0,1,0.6140,3.1802,0.5337
fixF0_peakVoicing_tonal_db6,1538,1101,StarWars,30,1,1,0.7325,1.8581,0.8557
fixF0_peakVoicing_tonal_db6,1538,1369,StarWars,30,1,1,0.6798,2.0618,0.6593
fixF0_peakVoicing_tonal_db6,1538,3443,Hakuna,30,0,1,0.5731,3.1025,0.5156
fixF0_peakVoicing_tonal_db6,1538,3694,Hakuna,30,0,1,0.5323,3.8168,0.3763
fixF0_peakVoicing_tonal_db6,1539,0470,Potter,91,0,1,1.1934,1.4569,0.3502
fixF0_peakVoicing_tonal_db6,1539,0596,Potter,91,0,1,1.3282,1.2464,0.2312
fixF0_peakVoicing_tonal_db6,1539,1006,StarWars,91,1,1,1.1196,1.0909,0.1392
fixF0_peakVoicing_tonal_db6,1539,1366,StarWars,91,1,1,1.3613,1.0515,0.5407
fixF0_peakVoicing_tonal_db6,1539,3411,Hakuna,91,0,1,1.0331,1.3042,0.3288
fixF0_peakVoicing_tonal_db6,1539,3440,Hakuna,91,0,1,1.0076,1.6496,-0.0469
fixF0_peakVoicing_tonal_db6,1542,0356,Potter,196,0,1,0.9135,2.9274,0.6535
fixF0_peakVoicing_tonal_db6,1542,0686,Potter,196,0,1,0.8381,2.7937,0.7032
fixF0_peakVoicing_tonal_db6,1542,0907,StarWars,196,1,1,0.8115,1.9194,0.7528
fixF0_peakVoicing_tonal_db6,1542,1611,StarWars,196,1,1,0.7894,2.4724,0.6911
fixF0_peakVoicing_tonal_db6,1542,4056,Hakuna,196,0,1,0.8381,3.6874,0.4570
fixF0_peakVoicing_tonal_db6,1542,4082,Hakuna,196,0,1,0.8825,3.5421,0.5161
fixF0_peakVoicing_tonal_db6,1544,0239,Potter,59,0,1,0.6591,2.6440,0.5252
fixF0_peakVoicing_tonal_db6,1544,0798,Potter,59,0,1,0.4843,2.4829,0.5545
fixF0_peakVoicing_tonal_db6,1544,0923,StarWars,59,1,1,0.3147,2.6715,0.4671
fixF0_peakVoicing_tonal_db6,1544,1246,StarWars,59,1,1,0.4720,2.6075,0.5084
fixF0_peakVoicing_tonal_db6,1544,3956,Hakuna,59,0,1,0.3881,2.7349,0.4170
fixF0_peakVoicing_tonal_db6,1544,4124,Hakuna,59,0,1,0.4196,2.7392,0.3830
fixF0_peakVoicing_tonal_db6,1545,0699,Potter,154,0,1,0.4479,1.6928,0.5588
fixF0_peakVoicing_tonal_db6,1545,0790,Potter,154,0,1,0.5157,1.6836,0.5416
fixF0_peakVoicing_tonal_db6,1545,1008,StarWars,154,1,1,0.2678,1.3956,0.6856
fixF0_peakVoicing_tonal_db6,1545,1152,StarWars,154,1,1,0.3702,1.0140,0.7811
fixF0_peakVoicing_tonal_db6,1545,3375,Hakuna,154,0,1,0.4529,2.2026,0.3289
fixF0_peakVoicing_tonal_db6,1545,3762,Hakuna,154,0,1,0.6463,1.6417,0.5773
fixF0_peakVoicing_tonal_db6,1546,0282,Potter,8,0,1,1.2008,1.5187,0.5990
fixF0_peakVoicing_tonal_db6,1546,0802,Potter,8,0,1,1.0394,1.5848,0.5749
fixF0_peakVoicing_tonal_db6,1546,1046,StarWars,8,1,1,0.9174,1.8775,0.0878
fixF0_peakVoicing_tonal_db6,1546,1667,StarWars,8,1,1,0.9362,1.5489,0.6166
fixF0_peakVoicing_tonal_db6,1546,3795,Hakuna,8,0,1,0.8236,1.5222,0.5821
fixF0_peakVoicing_tonal_db6,1546,4144,Hakuna,8,0,1,0.8255,1.6083,0.5034
fixF0_peakVoicing_tonal_db6,1550,0019,Potter,73,0,1,0.5181,2.9832,0.5869
fixF0_peakVoicing_tonal_db6,1550,0078,Potter,73,0,1,0.7533,3.2151,0.5883
fixF0_peakVoicing_tonal_db6,1550,1154,StarWars,73,1,1,0.5773,3.0161,0.6686
fixF0_peakVoicing_tonal_db6,1550,1359,StarWars,73,1,1,0.6809,3.1740,0.6060
fixF0_peakVoicing_tonal_db6,1550,3857,Hakuna,73,0,1,0.6118,3.4876,0.6307
fixF0_peakVoicing_tonal_db6,1552,0004,Potter,160,0,1,0.5768,1.5753,0.6367
fixF0_peakVoicing_tonal_db6,1552,0517,Potter,160,0,1,0.4826,1.6149,0.4615
fixF0_peakVoicing_tonal_db6,1552,1390,StarWars,160,1,1,0.6522,1.7635,0.5110
fixF0_peakVoicing_tonal_db6,1552,1641,StarWars,160,1,1,0.6377,1.7092,0.5774
fixF0_peakVoicing_tonal_db6,1552,3786,Hakuna,160,0,1,0.5319,1.5204,0.5795
fixF0_peakVoicing_tonal_db6,1552,3994,Hakuna,160,0,1,0.5246,1.5131,0.6050
fixF0_peakVoicing_tonal_db6,1554,0373,Potter,122,0,1,0.9295,2.4062,0.5711
fixF0_peakVoicing_tonal_db6,1554,0547,Potter,122,0,1,0.8702,2.3505,0.5457
fixF0_peakVoicing_tonal_db6,1554,1408,StarWars,122,1,1,0.7949,2.1356,0.6859
fixF0_peakVoicing_tonal_db6,1554,1495,StarWars,122,1,1,0.7083,1.9876,0.7461
fixF0_peakVoicing_tonal_db6,1554,3595,Hakuna,122,0,1,0.8125,1.9465,0.7417
fixF0_peakVoicing_tonal_db6,1554,3655,Hakuna,122,0,1,0.7628,1.7797,0.7549
fixF0_peakVoicing_tonal_db6,1555,0295,Potter,83,0,1,1.2150,2.5413,0.6163
fixF0_peakVoicing_tonal_db6,1555,0648,Potter,83,0,1,1.3274,2.6899,0.5809
fixF0_peakVoicing_tonal_db6,1555,1165,StarWars,83,1,1,1.2485,1.7698,0.8108
fixF0_peakVoicing_tonal_db6,1555,1491,StarWars,83,1,1,1.2465,1.6608,0.7748
fixF0_peakVoicing_tonal_db6,1555,3452,Hakuna,83,0,1,1.0552,3.6408,0.3507
fixF0_peakVoicing_tonal_db6,1555,4101,Hakuna,83,0,1,1.0197,3.7459,0.3524
fixF0_peakVoicing_tonal_db6,1557,0595,Potter,26,0,1,0.7542,1.2642,0.4794
fixF0_peakVoicing_tonal_db6,1557,0768,Potter,26,0,1,0.7119,1.3617,0.1999
fixF0_peakVoicing_tonal_db6,1557,1087,StarWars,26,1,1,0.5487,1.1574,0.5511
fixF0_peakVoicing_tonal_db6,1557,1132,StarWars,26,1,1,0.4364,1.2991,0.2186
fixF0_peakVoicing_tonal_db6,1557,3392,Hakuna,26,0,1,0.2733,1.2882,0.5252
fixF0_peakVoicing_tonal_db6,1557,4137,Hakuna,26,0,1,0.3644,1.1517,0.4936
fixF0_peakVoicing_tonal_db6,1563,0005,Potter,216,0,1,0.7718,2.6576,0.6179
fixF0_peakVoicing_tonal_db6,1563,0036,Potter,216,0,1,0.9091,3.2131,0.5113
fixF0_peakVoicing_tonal_db6,1563,3704,Hakuna,216,0,1,0.6178,2.9814,0.5291
fixF0_peakVoicing_tonal_db6,1563,3876,Hakuna,216,0,1,0.7347,3.3430,0.3726
fixF0_peakVoicing_tonal_db6,1566,0286,Potter,47,0,1,0.6752,2.0601,0.5721
fixF0_peakVoicing_tonal_db6,1566,0443,Potter,47,0,1,0.5703,1.8556,0.6066
fixF0_peakVoicing_tonal_db6,1566,1258,StarWars,47,1,1,0.7881,1.4602,0.8193
fixF0_peakVoicing_tonal_db6,1566,1300,StarWars,47,1,1,0.5624,1.5975,0.7681
fixF0_peakVoicing_tonal_db6,1566,4019,Hakuna,47,0,1,0.8337,1.8967,0.6108
fixF0_peakVoicing_tonal_db6,1566,4044,Hakuna,47,0,1,0.8911,1.8080,0.5941
fixF0_peakVoicing_tonal_db6,1567,0187,Potter,214,0,1,0.6982,3.3700,0.1984
fixF0_peakVoicing_tonal_db6,1567,0702,Potter,214,0,1,0.8241,2.6964,0.4950
fixF0_peakVoicing_tonal_db6,1567,1540,StarWars,214,1,1,0.6601,2.0962,0.5274
fixF0_peakVoicing_tonal_db6,1567,1618,StarWars,214,1,1,0.7822,2.7832,0.3620
fixF0_peakVoicing_tonal_db6,1567,3941,Hakuna,214,0,1,0.7520,3.2687,0.4242
fixF0_peakVoicing_tonal_db6,1567,4078,Hakuna,214,0,1,0.7467,2.8257,0.4074
fixF0_peakVoicing_tonal_db6,1568,0553,Potter,0,0,1,1.0253,2.0030,0.7251
fixF0_peakVoicing_tonal_db6,1568,0590,Potter,0,0,1,1.1147,1.7356,0.7332
fixF0_peakVoicing_tonal_db6,1568,0915,StarWars,0,1,1,0.7234,0.9325,0.9307
fixF0_peakVoicing_tonal_db6,1568,1140,StarWars,0,1,1,0.6762,0.8013,0.9115
fixF0_peakVoicing_tonal_db6,1568,3690,Hakuna,0,0,1,0.9562,2.4966,0.4151
fixF0_peakVoicing_tonal_db6,1568,4031,Hakuna,0,0,1,0.9629,2.0191,0.5442
fixF0_peakVoicing_tonal_db6,1571,0708,Potter,9,0,1,0.6319,2.2142,0.5542
fixF0_peakVoicing_tonal_db6,1571,0757,Potter,9,0,1,0.7580,2.3453,0.4628
fixF0_peakVoicing_tonal_db6,1571,1280,StarWars,9,1,1,0.4924,2.6887,0.4516
fixF0_peakVoicing_tonal_db6,1571,1463,StarWars,9,1,1,0.5345,2.5721,0.4359
fixF0_peakVoicing_tonal_db6,1571,3431,Hakuna,9,0,1,0.2824,2.5799,0.4524
fixF0_peakVoicing_tonal_db6,1571,3525,Hakuna,9,0,1,0.3294,2.3831,0.4938
fixF0_peakVoicing_tonal_db6,1573,0386,Potter,184,0,1,0.9767,2.6325,0.5828
fixF0_peakVoicing_tonal_db6,1573,0729,Potter,184,0,1,1.0116,2.6595,0.5986
fixF0_peakVoicing_tonal_db6,1573,0887,StarWars,184,1,1,0.7754,1.6981,0.7605
fixF0_peakVoicing_tonal_db6,1573,3612,Hakuna,184,0,1,0.7571,2.8006,0.5107
fixF0_peakVoicing_tonal_db6,1573,3844,Hakuna,184,0,1,0.7737,2.8059,0.4539
fixF0_peakVoicing_tonal_db6,1576,1030,StarWars,212,1,1,0.7331,2.9980,0.3640
fixF0_peakVoicing_tonal_db6,1576,1646,StarWars,212,1,1,0.8492,2.2050,0.3860
fixF0_peakVoicing_tonal_db6,1576,3761,Hakuna,212,0,1,0.7452,2.3989,0.3454
fixF0_peakVoicing_tonal_db6,1576,3907,Hakuna,212,0,1,0.8111,2.4487,0.3629
fixF0_peakVoicing_tonal_db6,1580,0557,Potter,195,0,1,1.0973,1.6863,0.6772
fixF0_peakVoicing_tonal_db6,1580,3854,Hakuna,195,0,1,1.0566,1.7460,0.7162
fixF0_peakVoicing_tonal_db6,1580,4036,Hakuna,195,0,1,1.0769,1.9614,0.5053
fixF0_peakVoicing_tonal_db6,1583,0319,Potter,54,0,1,0.8640,3.7002,0.4253
fixF0_peakVoicing_tonal_db6,1583,0573,Potter,54,0,1,0.8767,3.1564,0.6176
fixF0_peakVoicing_tonal_db6,1583,0885,StarWars,54,1,1,0.8755,1.1735,0.9320
fixF0_peakVoicing_tonal_db6,1583,1561,StarWars,54,1,1,0.7459,2.2954,0.8453
fixF0_peakVoicing_tonal_db6,1583,3395,Hakuna,54,0,1,0.7764,2.6943,0.6371
fixF0_peakVoicing_tonal_db6,1583,3880,Hakuna,54,0,1,0.7294,2.7303,0.6603
fixF0_peakVoicing_tonal_db6,1584,0057,Potter,60,0,1,0.7595,2.0172,0.5845
fixF0_peakVoicing_tonal_db6,1584,0348,Potter,60,0,1,0.7347,2.0490,0.7118
fixF0_peakVoicing_tonal_db6,1587,0370,Potter,153,0,1,0.8206,1.2724,0.5467
fixF0_peakVoicing_tonal_db6,1587,0710,Potter,153,0,1,0.8587,1.4080,0.5479
fixF0_peakVoicing_tonal_db6,1587,0882,StarWars,153,1,1,0.8937,0.7491,0.8522
fixF0_peakVoicing_tonal_db6,1587,1138,StarWars,153,1,1,0.7667,0.9993,0.7188
fixF0_peakVoicing_tonal_db6,1587,3534,Hakuna,153,0,1,0.9349,1.0853,0.7065
fixF0_peakVoicing_tonal_db6,1587,3689,Hakuna,153,0,1,0.8444,1.1196,0.6318
fixF0_peakVoicing_tonal_db6,1591,0713,Potter,3,0,1,0.3838,3.5695,0.5106
fixF0_peakVoicing_tonal_db6,1591,0748,Potter,3,0,1,0.3389,4.1231,0.3178
fixF0_peakVoicing_tonal_db6,1591,0974,StarWars,3,1,1,0.4468,2.9560,0.6891
fixF0_peakVoicing_tonal_db6,1593,0075,Potter,55,0,1,0.8102,1.5555,0.6754
fixF0_peakVoicing_tonal_db6,1593,0785,Potter,55,0,1,0.7573,1.5294,0.6567
fixF0_peakVoicing_tonal_db6,1593,1160,StarWars,55,1,1,0.6807,1.2821,0.7374
fixF0_peakVoicing_tonal_db6,1593,1648,StarWars,55,1,1,0.9891,1.2234,0.7284
fixF0_peakVoicing_tonal_db6,1593,3887,Hakuna,55,0,1,0.9033,1.4507,0.6771
fixF0_peakVoicing_tonal_db6,1593,4060,Hakuna,55,0,1,0.8084,1.7173,0.4961
fixF0_peakVoicing_tonal_db6,1602,0372,Potter,128,0,1,0.6628,1.6615,0.8176
fixF0_peakVoicing_tonal_db6,1602,0440,Potter,128,0,1,0.7140,2.0286,0.6994
fixF0_peakVoicing_tonal_db6,1602,1334,StarWars,128,1,1,0.8581,1.5761,0.7980
fixF0_peakVoicing_tonal_db6,1602,1570,StarWars,128,1,1,0.6279,1.6023,0.7318
fixF0_peakVoicing_tonal_db6,1602,3882,Hakuna,128,0,1,0.7884,2.4707,0.4819
fixF0_peakVoicing_tonal_db6,1602,4119,Hakuna,128,0,1,0.7860,2.3482,0.5088
fixF0_peakVoicing_tonal_db6,1608,0437,Potter,40,0,1,0.9710,3.0485,0.6352
fixF0_peakVoicing_tonal_db6,1608,0502,Potter,40,0,1,0.7582,4.1471,0.3049
fixF0_peakVoicing_tonal_db6,1608,0892,StarWars,40,1,1,0.7814,1.7733,0.8070
fixF0_peakVoicing_tonal_db6,1608,1600,StarWars,40,1,1,0.7563,1.5404,0.8160
fixF0_peakVoicing_tonal_db6,1608,3966,Hakuna,40,0,1,0.8008,3.0337,0.6341
fixF0_peakVoicing_tonal_db6,1608,4094,Hakuna,40,0,1,0.7273,3.1597,0.5470
fixF0_peakVoicing_tonal_db6,1615,0246,Potter,190,0,1,0.7629,1.7496,0.6851
fixF0_peakVoicing_tonal_db6,1615,0410,Potter,190,0,1,0.8235,1.7301,0.5083
fixF0_peakVoicing_tonal_db6,1615,1077,StarWars,190,1,1,0.7326,1.6901,0.6025
fixF0_peakVoicing_tonal_db6,1615,1085,StarWars,190,1,1,0.6506,1.6041,0.6987
fixF0_peakVoicing_tonal_db6,1615,3625,Hakuna,190,0,1,0.7308,1.8207,0.6895
fixF0_peakVoicing_tonal_db6,1615,3898,Hakuna,190,0,1,0.7843,1.7523,0.4893
fixF0_peakVoicing_tonal_db6,1616,0582,Potter,57,0,1,0.7774,0.7443,0.6361
fixF0_peakVoicing_tonal_db6,1616,0801,Potter,57,0,1,0.8023,0.6468,0.7363
fixF0_peakVoicing_tonal_db6,1616,0985,StarWars,57,1,1,0.8156,0.7882,0.6054
fixF0_peakVoicing_tonal_db6,1616,1249,StarWars,57,1,1,0.7608,0.9050,0.4408
fixF0_peakVoicing_tonal_db6,1616,3745,Hakuna,57,0,1,1.2359,0.8725,0.3711
fixF0_peakVoicing_tonal_db6,1616,3802,Hakuna,57,0,1,1.2326,0.7187,0.3953
fixF0_peakVoicing_tonal_db6,1617,0158,Potter,98,0,1,0.8336,4.0257,0.4380
fixF0_peakVoicing_tonal_db6,1617,0450,Potter,98,0,1,0.8214,3.0782,0.7081
fixF0_peakVoicing_tonal_db6,1617,0904,StarWars,98,1,1,0.4378,3.2249,0.6161
fixF0_peakVoicing_tonal_db6,1617,1654,StarWars,98,1,1,0.7058,4.2518,0.3963
fixF0_peakVoicing_tonal_db6,1617,3835,Hakuna,98,0,1,0.5867,2.7624,0.6456
fixF0_peakVoicing_tonal_db6,1617,3993,Hakuna,98,0,1,0.4501,3.4656,0.7577
fixF0_peakVoicing_tonal_db6,1623,0350,Potter,72,0,1,0.7607,2.8245,0.3843
fixF0_peakVoicing_tonal_db6,1623,0506,Potter,72,0,1,0.7385,2.8324,0.4661
fixF0_peakVoicing_tonal_db6,1623,1215,StarWars,72,1,1,0.7242,1.3327,0.8242
fixF0_peakVoicing_tonal_db6,1623,1478,StarWars,72,1,1,0.8811,3.5802,0.2958
fixF0_peakVoicing_tonal_db6,1623,3666,Hakuna,72,0,1,0.6434,2.2812,0.5972
fixF0_peakVoicing_tonal_db6,1623,4069,Hakuna,72,0,1,0.5911,2.1972,0.6230
fixF0_peakVoicing_tonal_db6,1625,0057,Potter,60,0,1,0.7659,1.8468,0.4360
fixF0_peakVoicing_tonal_db6,1625,0348,Potter,60,0,1,0.7408,1.6996,0.6956
fixF0_peakVoicing_tonal_db6,1627,0732,Potter,150,0,1,0.9062,3.2915,0.4293
fixF0_peakVoicing_tonal_db6,1627,0825,Potter,150,0,1,1.1788,2.8456,0.4956
fixF0_peakVoicing_tonal_db6,1627,0844,StarWars,150,1,1,1.0833,0.8214,0.9522
fixF0_peakVoicing_tonal_db6,1627,1510,StarWars,150,1,1,1.0347,1.5588,0.7410
fixF0_peakVoicing_tonal_db6,1627,3493,Hakuna,150,0,1,0.9792,2.9352,0.5500
fixF0_peakVoicing_tonal_db6,1627,3767,Hakuna,150,0,1,0.9236,2.9487,0.5096
fixF0_peakVoicing_tonal_db6,1628,0055,Potter,200,0,1,0.7420,2.7994,0.6888
fixF0_peakVoicing_tonal_db6,1628,0417,Potter,200,0,1,0.7043,2.3183,0.7300
fixF0_peakVoicing_tonal_db6,1628,1015,StarWars,200,1,1,0.7587,2.4646,0.7654
fixF0_peakVoicing_tonal_db6,1628,1626,StarWars,200,1,1,0.7141,2.9777,0.6730
fixF0_peakVoicing_tonal_db6,1628,3586,Hakuna,200,0,1,0.5635,3.2649,0.4451
fixF0_peakVoicing_tonal_db6,1628,3862,Hakuna,200,0,1,0.6165,3.0619,0.5630
fixF0_peakVoicing_tonal_db6,1630,0538,Potter,16,0,1,0.1947,2.2587,0.7469
fixF0_peakVoicing_tonal_db6,1630,0797,Potter,16,0,1,0.1649,2.8192,0.4731
fixF0_peakVoicing_tonal_db6,1630,1261,StarWars,16,1,1,0.1579,3.6604,0.5455
fixF0_peakVoicing_tonal_db6,1630,1522,StarWars,16,1,1,0.0947,3.0262,0.1082
fixF0_peakVoicing_tonal_db6,1630,3846,Hakuna,16,0,1,0.8947,2.8738,0.2871
fixF0_peakVoicing_tonal_db6,1630,4150,Hakuna,16,0,1,0.8842,2.6770,0.5390
fixF0_peakVoicing_tonal_db6,1634,0713,Potter,3,0,1,0.3965,2.9377,0.5195
fixF0_peakVoicing_tonal_db6,1634,0748,Potter,3,0,1,0.3502,3.3085,0.3699
fixF0_peakVoicing_tonal_db6,1634,0974,StarWars,3,1,1,0.4616,2.2077,0.7568
fixF0_peakVoicing_tonal_db6,1635,0425,Potter,5,0,1,0.8397,2.8803,0.4796
fixF0_peakVoicing_tonal_db6,1635,0528,Potter,5,0,1,0.8791,2.9566,0.3775
fixF0_peakVoicing_tonal_db6,1635,0854,StarWars,5,1,1,0.8765,1.5416,0.8087
fixF0_peakVoicing_tonal_db6,1635,1444,StarWars,5,1,1,0.9396,1.8196,0.6197
fixF0_peakVoicing_tonal_db6,1635,3606,Hakuna,5,0,1,0.6859,2.0764,0.7271
fixF0_peakVoicing_tonal_db6,1635,3860,Hakuna,5,0,1,0.7319,2.3620,0.6255
fixF0_peakVoicing_tonal_db6,1643,0087,Potter,43,0,1,0.8664,2.1198,0.6392
fixF0_peakVoicing_tonal_db6,1643,0212,Potter,43,0,1,0.8907,2.1730,0.6110
fixF0_peakVoicing_tonal_db6,1643,1314,StarWars,43,1,1,0.9879,0.7575,0.9622
fixF0_peakVoicing_tonal_db6,1643,1490,StarWars,43,1,1,0.9575,0.8150,0.9391
fixF0_peakVoicing_tonal_db6,1643,3478,Hakuna,43,0,1,0.8502,2.6347,0.5851
fixF0_peakVoicing_tonal_db6,1643,3825,Hakuna,43,0,1,0.8097,2.7821,0.4395
fixF0_peakVoicing_tonal_db6,1645,0356,Potter,196,0,1,0.8729,2.5923,0.6817
fixF0_peakVoicing_tonal_db6,1645,0686,Potter,196,0,1,0.8008,2.4938,0.7050
fixF0_peakVoicing_tonal_db6,1645,0907,StarWars,196,1,1,0.7754,1.6121,0.7622
fixF0_peakVoicing_tonal_db6,1645,1611,StarWars,196,1,1,0.7542,1.7405,0.7280
fixF0_peakVoicing_tonal_db6,1645,4056,Hakuna,196,0,1,0.8008,3.0930,0.5002
fixF0_peakVoicing_tonal_db6,1645,4082,Hakuna,196,0,1,0.8432,2.9506,0.5645
fixF0_peakVoicing_tonal_db6,1647,0229,Potter,230,0,1,0.8238,3.6148,0.4392
fixF0_peakVoicing_tonal_db6,1647,0245,Potter,230,0,1,0.6774,4.1131,0.2845
fixF0_peakVoicing_tonal_db6,1647,1010,StarWars,230,1,1,0.7643,2.8531,0.6518
fixF0_peakVoicing_tonal_db6,1647,1048,StarWars,230,1,1,0.8065,3.2061,0.5766
fixF0_peakVoicing_tonal_db6,1647,3670,Hakuna,230,0,1,0.6377,3.3099,0.5363
fixF0_peakVoicing_tonal_db6,1647,3702,Hakuna,230,0,1,0.6303,2.9910,0.6321
fixF0_peakVoicing_tonal_db6,1650,0189,Potter,203,0,1,1.0096,2.0246,0.5120
fixF0_peakVoicing_tonal_db6,1650,0302,Potter,203,0,1,0.8826,1.8866,0.4804
fixF0_peakVoicing_tonal_db6,1650,0934,StarWars,203,1,1,0.7106,2.0539,0.3940
fixF0_peakVoicing_tonal_db6,1650,1603,StarWars,203,1,1,0.4309,1.8825,0.5977
fixF0_peakVoicing_tonal_db6,1650,3497,Hakuna,203,0,1,1.5241,1.9321,0.4582
fixF0_peakVoicing_tonal_db6,1650,3926,Hakuna,203,0,1,1.5289,1.8041,0.3706
fixF0_peakVoicing_tonal_db6,1663,0365,Potter,80,0,1,0.1638,6.0727,0.1916
fixF0_peakVoicing_tonal_db6,1663,0514,Potter,80,0,1,0.0958,4.0662,0.0755
