method,hum,whistle,song,interpreter,same_song,aligned,length_ratio,mae,r
rmvpe_fix,0000,0005,Potter,216,1,1,0.4937,3.1170,0.5848
rmvpe_fix,0000,0036,Potter,216,1,1,0.5886,2.6037,0.8245
rmvpe_fix,0000,3704,Hakuna,216,0,1,0.4462,3.1403,0.6768
rmvpe_fix,0000,3876,Hakuna,216,0,1,0.4921,3.4032,0.5490
rmvpe_fix,0001,0111,Potter,100,1,1,0.8710,1.3637,0.8809
rmvpe_fix,0001,0407,Potter,100,1,1,0.6877,1.4645,0.7724
rmvpe_fix,0001,1040,StarWars,100,0,1,0.8460,1.9938,0.5522
rmvpe_fix,0001,1344,StarWars,100,0,1,0.6070,1.9663,0.4363
rmvpe_fix,0001,3448,Hakuna,100,0,1,0.6173,2.0441,0.4486
rmvpe_fix,0001,4068,Hakuna,100,0,1,0.6642,2.0775,0.4633
rmvpe_fix,0007,0019,Potter,73,1,1,0.6557,1.5309,0.8556
rmvpe_fix,0007,0078,Potter,73,1,1,0.7290,1.6831,0.8455
rmvpe_fix,0007,1154,StarWars,73,0,1,0.5808,2.1399,0.7250
rmvpe_fix,0007,1359,StarWars,73,0,1,0.6722,2.3449,0.5672
rmvpe_fix,0007,3857,Hakuna,73,0,1,0.5793,2.4449,0.5727
rmvpe_fix,0011,0081,Potter,49,1,1,0.6758,0.9710,0.9219
rmvpe_fix,0011,0423,Potter,49,1,1,0.6902,0.8797,0.9456
rmvpe_fix,0011,1420,StarWars,49,0,1,0.7271,2.1464,0.6088
rmvpe_fix,0011,3920,Hakuna,49,0,1,0.7030,2.2329,0.6066
rmvpe_fix,0011,4138,Hakuna,49,0,1,0.7095,1.7419,0.7833
rmvpe_fix,0021,0461,Potter,198,1,1,0.1696,2.2602,0.5587
rmvpe_fix,0024,0397,Potter,20,1,1,0.7263,0.9875,0.9368
rmvpe_fix,0024,0513,Potter,20,1,1,0.6799,1.3966,0.8592
rmvpe_fix,0024,1297,StarWars,20,0,1,0.7263,2.7759,0.4737
rmvpe_fix,0024,1582,StarWars,20,0,1,0.6747,1.8888,0.7596
rmvpe_fix,0024,3642,Hakuna,20,0,1,0.7212,1.6353,0.7904
rmvpe_fix,0024,3992,Hakuna,20,0,1,0.6627,1.7033,0.7890
rmvpe_fix,0025,3474,Hakuna,82,0,1,1.1703,3.3499,0.6717
rmvpe_fix,0025,3654,Hakuna,82,0,1,1.0039,3.4886,0.4211
rmvpe_fix,0026,0319,Potter,54,1,1,0.8315,1.0028,0.9303
rmvpe_fix,0026,0573,Potter,54,1,1,0.9136,0.7688,0.9682
rmvpe_fix,0026,0885,StarWars,54,0,1,0.9721,2.5721,0.7459
rmvpe_fix,0026,1561,StarWars,54,0,1,0.9359,2.6698,0.7192
rmvpe_fix,0026,3395,Hakuna,54,0,1,0.8440,1.9665,0.8295
rmvpe_fix,0026,3880,Hakuna,54,0,1,0.7925,1.8745,0.8455
rmvpe_fix,0027,0102,Potter,191,1,1,0.6839,1.0967,0.9102
rmvpe_fix,0027,0426,Potter,191,1,1,0.7098,1.1087,0.9110
rmvpe_fix,0027,0993,StarWars,191,0,1,0.7874,2.1025,0.4999
rmvpe_fix,0027,1506,StarWars,191,0,1,0.8189,2.1036,0.4164
rmvpe_fix,0027,3928,Hakuna,191,0,1,0.7856,2.0736,0.6568
rmvpe_fix,0027,3984,Hakuna,191,0,1,0.6359,1.8064,0.7095
rmvpe_fix,0028,0408,Potter,145,1,1,0.8286,3.4186,0.4905
rmvpe_fix,0028,0619,Potter,145,1,1,0.8587,0.7324,0.9830
rmvpe_fix,0028,0956,StarWars,145,0,1,0.8952,2.8387,0.5975
rmvpe_fix,0028,1199,StarWars,145,0,1,0.9016,3.0888,0.5419
rmvpe_fix,0028,3712,Hakuna,145,0,1,0.9317,2.0341,0.7727
rmvpe_fix,0028,3793,Hakuna,145,0,1,0.9730,1.9699,0.8088
rmvpe_fix,0030,0196,Potter,232,1,1,0.5171,1.9935,0.7123
rmvpe_fix,0030,0603,Potter,232,1,1,0.5853,2.2083,0.6585
rmvpe_fix,0030,0917,StarWars,232,0,1,0.7271,2.5011,0.5658
rmvpe_fix,0030,1278,StarWars,232,0,1,0.6032,2.9021,0.3181
rmvpe_fix,0030,3541,Hakuna,232,0,1,0.2711,2.3137,0.6816
rmvpe_fix,0030,4111,Hakuna,232,0,1,0.3555,2.9039,0.3470
rmvpe_fix,0032,0140,Potter,175,1,1,0.5710,2.5084,0.7479
rmvpe_fix,0032,0758,Potter,175,1,1,0.7700,3.8078,0.1696
rmvpe_fix,0032,1428,StarWars,175,0,1,0.7504,1.9777,0.7864
rmvpe_fix,0032,1599,StarWars,175,0,1,0.6591,2.2590,0.7705
rmvpe_fix,0032,3425,Hakuna,175,0,1,0.7471,2.5160,0.6192
rmvpe_fix,0032,3997,Hakuna,175,0,1,0.8548,2.5584,0.5729
rmvpe_fix,0033,0186,Potter,22,1,1,0.8367,1.3394,0.8054
rmvpe_fix,0033,1340,StarWars,22,0,1,0.6994,1.7266,0.7134
rmvpe_fix,0033,3791,Hakuna,22,0,1,0.9147,1.7970,0.7227
rmvpe_fix,0033,3834,Hakuna,22,0,1,0.9722,1.9651,0.6271
rmvpe_fix,0048,0663,Potter,149,1,1,0.6250,2.3537,0.6611
rmvpe_fix,0048,1284,StarWars,149,0,1,0.5773,2.5709,0.3762
rmvpe_fix,0048,3578,Hakuna,149,0,1,0.2155,2.3929,0.5611
rmvpe_fix,0050,0254,Potter,129,1,1,0.7251,1.3874,0.8615
rmvpe_fix,0050,0554,Potter,129,1,1,0.6806,1.1955,0.9049
rmvpe_fix,0050,1014,StarWars,129,0,1,0.3491,2.2756,0.7986
rmvpe_fix,0050,1167,StarWars,129,0,1,0.3558,2.6115,0.6777
rmvpe_fix,0050,3576,Hakuna,129,0,1,0.4919,3.0846,0.4784
rmvpe_fix,0050,3651,Hakuna,129,0,1,0.4730,3.3682,0.3590
rmvpe_fix,0054,0370,Potter,153,1,1,0.8373,1.2894,0.6868
rmvpe_fix,0054,0710,Potter,153,1,1,0.8990,1.3820,0.6604
rmvpe_fix,0054,0882,StarWars,153,0,1,0.8716,1.5324,0.5442
rmvpe_fix,0054,1138,StarWars,153,0,1,0.7432,1.4093,0.5645
rmvpe_fix,0054,3534,Hakuna,153,0,1,1.0205,1.6813,0.3632
rmvpe_fix,0054,3689,Hakuna,153,0,1,0.9247,1.6197,0.3700
rmvpe_fix,0056,0073,Potter,189,1,1,0.8435,1.1619,0.9040
rmvpe_fix,0056,0298,Potter,189,1,1,0.9374,1.0644,0.9309
rmvpe_fix,0056,1251,StarWars,189,0,1,0.8649,2.1045,0.7145
rmvpe_fix,0056,1497,StarWars,189,0,1,0.8929,2.2892,0.5670
rmvpe_fix,0056,3342,Hakuna,189,0,1,0.8600,2.1076,0.7083
rmvpe_fix,0063,0206,Potter,84,1,1,1.0399,1.7773,0.9623
rmvpe_fix,0063,1341,StarWars,84,0,1,1.2818,3.8187,0.0079
rmvpe_fix,0063,1504,StarWars,84,0,1,1.0798,3.0254,0.5924
rmvpe_fix,0065,0010,Potter,92,1,1,0.7394,1.0983,0.9362
rmvpe_fix,0065,0232,Potter,92,1,1,0.6530,1.2166,0.8870
rmvpe_fix,0065,0893,StarWars,92,0,1,0.5359,2.2916,0.7788
rmvpe_fix,0065,0922,StarWars,92,0,1,0.5168,2.4937,0.6777
rmvpe_fix,0065,4028,Hakuna,92,0,1,0.7731,2.0724,0.7949
rmvpe_fix,0066,0038,Potter,207,1,1,0.6752,1.4513,0.8897
rmvpe_fix,0066,0672,Potter,207,1,1,0.8078,1.0504,0.9536
rmvpe_fix,0066,1206,StarWars,207,0,1,0.4201,2.7208,0.7166
rmvpe_fix,0066,1265,StarWars,207,0,1,0.4286,2.7007,0.7053
rmvpe_fix,0066,3446,Hakuna,207,0,1,0.7806,2.0158,0.7874
rmvpe_fix,0066,3565,Hakuna,207,0,1,0.7364,2.1755,0.7507
rmvpe_fix,0070,0504,Potter,90,1,1,0.7519,1.4605,0.8835
rmvpe_fix,0070,0597,Potter,90,1,1,0.7141,1.8150,0.8700
rmvpe_fix,0070,0886,StarWars,90,0,1,0.7731,2.6809,0.4998
rmvpe_fix,0070,1075,StarWars,90,0,1,0.8109,2.9377,0.4246
rmvpe_fix,0070,3378,Hakuna,90,0,1,0.7247,2.2220,0.7170
rmvpe_fix,0070,3455,Hakuna,90,0,1,0.8684,3.0643,0.2201
rmvpe_fix,0079,0445,Potter,146,1,1,0.5341,2.2101,0.5799
rmvpe_fix,0079,0622,Potter,146,1,1,0.6177,2.1174,0.7687
rmvpe_fix,0079,0925,StarWars,146,0,1,0.3652,2.8061,0.4785
rmvpe_fix,0079,1456,StarWars,146,0,1,0.3703,2.7933,0.2139
rmvpe_fix,0079,3439,Hakuna,146,0,1,0.4198,2.9721,0.1706
rmvpe_fix,0079,3822,Hakuna,146,0,1,0.3379,3.0240,0.2357
rmvpe_fix,0080,0292,Potter,166,1,1,0.9497,1.6805,0.6874
rmvpe_fix,0080,0353,Potter,166,1,1,1.4214,1.8195,0.6575
rmvpe_fix,0080,1233,StarWars,166,0,1,0.8973,3.1925,0.0765
rmvpe_fix,0080,1267,StarWars,166,0,1,0.8553,2.0827,0.7145
rmvpe_fix,0084,3332,Hakuna,6,0,1,0.9865,2.1369,0.8379
rmvpe_fix,0088,0239,Potter,59,1,1,0.6520,2.7767,0.5081
rmvpe_fix,0088,0798,Potter,59,1,1,0.5314,2.9706,0.4287
rmvpe_fix,0088,0923,StarWars,59,0,1,0.3565,2.6419,0.6469
rmvpe_fix,0088,1246,StarWars,59,0,1,0.5076,3.0044,0.2542
rmvpe_fix,0088,3956,Hakuna,59,0,1,0.4754,2.9457,0.4758
rmvpe_fix,0088,4124,Hakuna,59,0,1,0.5076,2.8295,0.5297
rmvpe_fix,0091,0008,Potter,213,1,1,0.8307,0.4230,0.9900
rmvpe_fix,0091,0681,Potter,213,1,1,0.8387,0.4279,0.9858
rmvpe_fix,0091,0860,StarWars,213,0,1,0.9505,2.4324,0.7701
rmvpe_fix,0091,1317,StarWars,213,0,1,0.8562,2.3744,0.7567
rmvpe_fix,0091,3548,Hakuna,213,0,1,0.5815,1.6710,0.8559
rmvpe_fix,0091,3720,Hakuna,213,0,1,0.6454,1.8608,0.8097
rmvpe_fix,0093,0271,Potter,121,1,1,0.9195,0.9868,0.9334
rmvpe_fix,0093,0416,Potter,121,1,1,0.7136,1.7910,0.8457
rmvpe_fix,0093,0852,StarWars,121,0,1,0.9597,2.3330,0.6492
rmvpe_fix,0093,1525,StarWars,121,0,1,0.7875,2.3464,0.6599
rmvpe_fix,0093,3647,Hakuna,121,0,1,0.7248,2.7313,0.4945
rmvpe_fix,0093,4058,Hakuna,121,0,1,0.7159,2.6927,0.5234
rmvpe_fix,0098,0616,Potter,71,1,1,0.6704,2.9585,0.5383
rmvpe_fix,0098,0753,Potter,71,1,1,0.5996,2.1047,0.7327
rmvpe_fix,0099,3332,Hakuna,6,0,1,0.9677,2.0211,0.8305
rmvpe_fix,0100,0090,Potter,24,1,1,0.6613,1.2228,0.9596
rmvpe_fix,0100,0320,Potter,24,1,1,0.6279,1.3594,0.9556
rmvpe_fix,0100,1045,StarWars,24,0,1,0.7108,2.9896,0.6028
rmvpe_fix,0100,1325,StarWars,24,0,1,0.7762,3.0762,0.5353
rmvpe_fix,0100,3814,Hakuna,24,0,1,0.6526,3.0009,0.6460
rmvpe_fix,0100,4118,Hakuna,24,0,1,0.6424,3.0392,0.6193
rmvpe_fix,0105,0057,Potter,60,1,1,0.8835,2.6397,0.7510
rmvpe_fix,0105,0348,Potter,60,1,1,0.8602,2.8086,0.6026
rmvpe_fix,0112,0484,Potter,162,1,1,0.6160,0.8523,0.9668
rmvpe_fix,0112,0599,Potter,162,1,1,0.6368,0.8090,0.9720
rmvpe_fix,0112,1508,StarWars,162,0,1,0.6480,2.3227,0.7670
rmvpe_fix,0112,1606,StarWars,162,0,1,0.6880,2.3078,0.7837
rmvpe_fix,0113,0651,Potter,97,1,1,0.7910,1.3982,0.8806
rmvpe_fix,0113,0706,Potter,97,1,1,0.8715,0.8805,0.9124
rmvpe_fix,0113,1313,StarWars,97,0,1,0.7353,2.8834,0.5896
rmvpe_fix,0113,1418,StarWars,97,0,1,0.7399,2.5203,0.6906
rmvpe_fix,0113,3631,Hakuna,97,0,1,0.7291,2.5200,0.6965
rmvpe_fix,0113,3919,Hakuna,97,0,1,0.7910,2.8072,0.5916
rmvpe_fix,0115,0438,Potter,192,1,1,0.6883,1.6426,0.8054
rmvpe_fix,0115,0783,Potter,192,1,1,0.7120,1.7878,0.8143
rmvpe_fix,0115,0909,StarWars,192,0,1,0.7607,2.5255,0.3060
rmvpe_fix,0115,1642,StarWars,192,0,1,0.6736,2.4164,0.4255
rmvpe_fix,0115,3741,Hakuna,192,0,1,0.8006,2.3191,0.4743
rmvpe_fix,0115,4148,Hakuna,192,0,1,0.7607,2.2786,0.5788
rmvpe_fix,0116,0356,Potter,196,1,1,0.6620,1.6488,0.8438
rmvpe_fix,0116,0686,Potter,196,1,1,0.5780,1.5677,0.8675
rmvpe_fix,0116,0907,StarWars,196,0,1,0.5840,2.4629,0.7345
rmvpe_fix,0116,1611,StarWars,196,0,1,0.5240,2.3930,0.7205
rmvpe_fix,0116,4056,Hakuna,196,0,1,0.6660,2.3987,0.7250
rmvpe_fix,0116,4082,Hakuna,196,0,1,0.7080,2.2856,0.7327
rmvpe_fix,0118,0004,Potter,160,1,1,0.6448,1.2346,0.6146
rmvpe_fix,0118,0517,Potter,160,1,1,0.5897,1.1314,0.6254
rmvpe_fix,0118,1390,StarWars,160,0,1,0.7034,1.6592,0.2901
rmvpe_fix,0118,1641,StarWars,160,0,1,0.7810,1.3599,0.4884
rmvpe_fix,0118,3786,Hakuna,160,0,1,0.7466,1.0629,0.7701
rmvpe_fix,0118,3994,Hakuna,160,0,1,0.7707,1.1666,0.6768
rmvpe_fix,0121,0222,Potter,96,1,1,0.5307,1.3473,0.8423
rmvpe_fix,0121,0715,Potter,96,1,1,0.5007,1.7525,0.7095
rmvpe_fix,0121,1027,StarWars,96,0,1,0.8245,2.1425,0.5823
rmvpe_fix,0121,1402,StarWars,96,0,1,0.8402,2.1893,0.5339
rmvpe_fix,0121,3406,Hakuna,96,0,1,0.5892,2.0025,0.6913
rmvpe_fix,0121,3938,Hakuna,96,0,1,0.6534,1.9747,0.6383
rmvpe_fix,0122,0582,Potter,57,1,1,0.7397,3.0352,0.5798
rmvpe_fix,0122,0801,Potter,57,1,1,0.7774,2.7034,0.7552
rmvpe_fix,0122,0985,StarWars,57,0,1,0.6781,3.9497,-0.0318
rmvpe_fix,0122,1249,StarWars,57,0,1,0.7089,3.3579,0.5023
rmvpe_fix,0122,3745,Hakuna,57,0,1,1.1986,3.6535,0.2140
rmvpe_fix,0122,3802,Hakuna,57,0,1,1.2295,3.7225,0.1572
rmvpe_fix,0127,0384,Potter,228,1,1,0.7949,1.2610,0.7374
rmvpe_fix,0133,0538,Potter,16,1,1,0.3194,2.5834,0.6643
rmvpe_fix,0133,0797,Potter,16,1,1,0.3645,2.6661,0.6538
rmvpe_fix,0133,1261,StarWars,16,0,1,0.2676,2.5153,0.7037
rmvpe_fix,0133,1522,StarWars,16,0,1,0.1823,2.8606,0.6956
rmvpe_fix,0133,3846,Hakuna,16,0,1,0.8913,3.1347,0.5281
rmvpe_fix,0133,4150,Hakuna,16,0,1,0.8763,3.2501,0.4121
rmvpe_fix,0135,0279,Potter,223,1,1,0.8068,1.5560,0.8756
rmvpe_fix,0135,0609,Potter,223,1,1,0.8230,1.4839,0.8760
rmvpe_fix,0135,1197,StarWars,223,0,1,0.6176,2.7092,0.4665
rmvpe_fix,0135,3343,Hakuna,223,0,1,0.6176,2.1744,0.6850
rmvpe_fix,0135,4153,Hakuna,223,0,1,0.6135,2.2078,0.6241
rmvpe_fix,0138,0397,Potter,20,1,1,0.7469,1.2790,0.8905
rmvpe_fix,0138,0513,Potter,20,1,1,0.6991,1.3724,0.8774
rmvpe_fix,0138,1297,StarWars,20,0,1,0.7469,3.2439,0.1765
rmvpe_fix,0138,1582,StarWars,20,0,1,0.6938,1.8578,0.7628
rmvpe_fix,0138,3642,Hakuna,20,0,1,0.7416,1.5882,0.8162
rmvpe_fix,0138,3992,Hakuna,20,0,1,0.6814,1.7478,0.7520
rmvpe_fix,0139,0068,Potter,134,1,1,0.5825,2.3972,0.5066
rmvpe_fix,0139,0695,Potter,134,1,1,0.3548,2.5466,0.3060
rmvpe_fix,0139,1461,StarWars,134,0,1,0.2657,2.6254,0.4713
rmvpe_fix,0139,1589,StarWars,134,0,1,0.3812,2.3786,0.4139
rmvpe_fix,0139,3780,Hakuna,134,0,1,0.3399,2.2757,0.5576
rmvpe_fix,0139,3912,Hakuna,134,0,1,0.3218,2.3717,0.2382
rmvpe_fix,0142,0542,Potter,44,1,1,0.7497,1.4557,0.8356
rmvpe_fix,0142,0739,Potter,44,1,1,0.7603,1.2435,0.9097
rmvpe_fix,0142,0964,StarWars,44,0,1,0.9099,2.3298,0.7613
rmvpe_fix,0142,1026,StarWars,44,0,1,0.8371,2.4289,0.7206
rmvpe_fix,0142,3485,Hakuna,44,0,1,0.8106,1.7511,0.8583
rmvpe_fix,0142,3781,Hakuna,44,0,1,0.7298,1.9056,0.8213
rmvpe_fix,0147,0145,Potter,141,1,1,0.6563,1.8113,0.7265
rmvpe_fix,0147,0620,Potter,141,1,1,0.4058,1.5989,0.8151
rmvpe_fix,0147,1636,StarWars,141,0,1,0.7262,1.9842,0.5327
rmvpe_fix,0147,1652,StarWars,141,0,1,0.6175,2.6468,-0.3182
rmvpe_fix,0147,3687,Hakuna,141,0,1,0.6913,1.9425,0.5567
rmvpe_fix,0147,3895,Hakuna,141,0,1,0.6951,1.9208,0.6973
rmvpe_fix,0149,0123,Potter,29,1,1,0.7682,1.4313,0.8042
rmvpe_fix,0149,0631,Potter,29,1,1,0.8090,0.9997,0.8625
rmvpe_fix,0149,1142,StarWars,29,0,1,0.9549,1.9500,0.5479
rmvpe_fix,0149,1493,StarWars,29,0,1,0.9871,1.8804,0.5206
rmvpe_fix,0149,3893,Hakuna,29,0,1,0.8305,1.9991,0.5183
rmvpe_fix,0149,4086,Hakuna,29,0,1,0.8670,1.9648,0.5105
rmvpe_fix,0150,0787,Potter,136,1,1,0.8579,2.9133,0.2591
rmvpe_fix,0150,0837,Potter,136,1,1,0.8955,2.8221,0.4821
rmvpe_fix,0150,1004,StarWars,136,0,1,0.8733,2.9887,0.0912
rmvpe_fix,0150,1042,StarWars,136,0,1,0.7500,2.9543,0.1463
rmvpe_fix,0150,3526,Hakuna,136,0,1,1.0634,2.9450,0.1519
rmvpe_fix,0150,3943,Hakuna,136,0,1,1.0634,2.9483,0.1500
rmvpe_fix,0157,0613,Potter,137,1,1,0.7982,1.2812,0.9196
rmvpe_fix,0157,0788,Potter,137,1,1,0.8946,1.9236,0.7788
rmvpe_fix,0157,1163,StarWars,137,0,1,0.9849,2.1041,0.6949
rmvpe_fix,0157,1177,StarWars,137,0,1,1.0452,1.9814,0.7327
rmvpe_fix,0157,3594,Hakuna,137,0,1,1.3163,2.0498,0.7042
rmvpe_fix,0157,3944,Hakuna,137,0,1,1.2651,1.7604,0.7822
rmvpe_fix,0159,0181,Potter,13,1,1,0.8069,1.2175,0.8099
rmvpe_fix,0159,0299,Potter,13,1,1,0.7040,1.3130,0.7807
rmvpe_fix,0159,1619,StarWars,13,0,1,0.6570,1.1328,0.6225
rmvpe_fix,0159,3353,Hakuna,13,0,1,0.7310,1.2096,0.6754
rmvpe_fix,0159,4020,Hakuna,13,0,1,0.6769,0.9419,0.7857
rmvpe_fix,0162,0553,Potter,0,1,1,0.6265,2.7544,0.8240
rmvpe_fix,0162,0590,Potter,0,1,1,0.6165,2.9795,0.7961
rmvpe_fix,0162,0915,StarWars,0,0,1,0.4558,4.0959,0.6078
rmvpe_fix,0162,1140,StarWars,0,0,1,0.4478,4.4853,0.5276
rmvpe_fix,0162,3690,Hakuna,0,0,1,0.6004,4.2246,0.4700
rmvpe_fix,0162,4031,Hakuna,0,0,1,0.5954,3.6635,0.6381
rmvpe_fix,0165,0377,Potter,234,1,1,0.8088,2.1085,0.8826
rmvpe_fix,0165,0406,Potter,234,1,1,0.8860,1.7969,0.9018
rmvpe_fix,0165,0906,StarWars,234,0,1,0.9228,2.5529,0.7557
rmvpe_fix,0165,3484,Hakuna,234,0,1,0.8272,2.6440,0.7958
rmvpe_fix,0165,3975,Hakuna,234,0,1,0.8272,3.0065,0.7133
rmvpe_fix,0166,0424,Potter,38,1,1,1.0494,0.8162,0.9483
rmvpe_fix,0166,0829,Potter,38,1,1,1.0096,0.6974,0.9509
rmvpe_fix,0166,1149,StarWars,38,0,1,0.8965,1.8291,0.6916
rmvpe_fix,0166,1273,StarWars,38,0,1,0.8997,1.8744,0.7176
rmvpe_fix,0166,3506,Hakuna,38,0,1,0.7771,1.9098,0.5890
rmvpe_fix,0166,3732,Hakuna,38,0,1,0.8710,2.0990,0.4631
rmvpe_fix,0167,0075,Potter,55,1,1,0.7836,1.8785,0.7812
rmvpe_fix,0167,0785,Potter,55,1,1,0.7500,1.7248,0.7883
rmvpe_fix,0167,1160,StarWars,55,0,1,0.6642,2.2397,0.5074
rmvpe_fix,0167,1648,StarWars,55,0,1,0.9366,2.1115,0.5655
rmvpe_fix,0167,3887,Hakuna,55,0,1,0.8937,1.8582,0.7146
rmvpe_fix,0167,4060,Hakuna,55,0,1,0.8004,1.8857,0.6238
rmvpe_fix,0173,0090,Potter,24,1,1,0.6364,1.1415,0.9599
rmvpe_fix,0173,0320,Potter,24,1,1,0.6042,1.2372,0.9608
rmvpe_fix,0173,1045,StarWars,24,0,1,0.6839,2.9124,0.6213
rmvpe_fix,0173,1325,StarWars,24,0,1,0.7469,3.0528,0.5274
rmvpe_fix,0173,3814,Hakuna,24,0,1,0.6280,2.9576,0.6711
rmvpe_fix,0173,4118,Hakuna,24,0,1,0.6182,2.9828,0.6221
rmvpe_fix,0174,0361,Potter,46,1,1,0.8169,1.0496,0.9104
rmvpe_fix,0174,0632,Potter,46,1,1,0.7423,1.0550,0.9146
rmvpe_fix,0174,0841,StarWars,46,0,1,0.8201,2.1508,0.6325
rmvpe_fix,0174,1237,StarWars,46,0,1,0.8104,1.9205,0.6285
rmvpe_fix,0174,3661,Hakuna,46,0,1,0.8023,1.5403,0.8266
rmvpe_fix,0174,4156,Hakuna,46,0,1,0.8720,1.6094,0.8073
rmvpe_fix,0179,0288,Potter,208,1,1,0.6223,2.4415,0.6528
rmvpe_fix,0179,0482,Potter,208,1,1,0.6457,2.4194,0.6327
rmvpe_fix,0179,1399,StarWars,208,0,1,0.5022,2.4088,0.4396
rmvpe_fix,0179,1436,StarWars,208,0,1,0.3221,2.3334,0.5282
rmvpe_fix,0179,3519,Hakuna,208,0,1,0.5022,2.4662,0.4307
rmvpe_fix,0180,0386,Potter,184,1,1,0.7806,1.8917,0.8292
rmvpe_fix,0180,0729,Potter,184,1,1,0.6824,1.3031,0.9030
rmvpe_fix,0180,0887,StarWars,184,0,1,0.4778,2.3691,0.8265
rmvpe_fix,0180,3612,Hakuna,184,0,1,0.6662,2.7761,0.6028
rmvpe_fix,0180,3844,Hakuna,184,0,1,0.6716,2.4261,0.6989
rmvpe_fix,0183,0437,Potter,40,1,1,0.6346,1.2878,0.9419
rmvpe_fix,0183,0502,Potter,40,1,1,0.5156,2.0439,0.8072
rmvpe_fix,0183,0892,StarWars,40,0,1,0.4750,2.3662,0.6903
rmvpe_fix,0183,1600,StarWars,40,0,1,0.4899,2.8476,0.5708
rmvpe_fix,0183,3966,Hakuna,40,0,1,0.5683,3.1440,0.4740
rmvpe_fix,0183,4094,Hakuna,40,0,1,0.5169,2.8626,0.6275
rmvpe_fix,0188,0198,Potter,67,1,1,0.5822,2.4281,0.6875
rmvpe_fix,0188,0369,Potter,67,1,1,0.4944,2.1756,0.8290
rmvpe_fix,0188,1298,StarWars,67,0,1,0.6031,2.9963,0.5273
rmvpe_fix,0188,1326,StarWars,67,0,1,0.4234,3.7268,0.4501
rmvpe_fix,0188,3412,Hakuna,67,0,1,0.3788,2.4563,0.7410
rmvpe_fix,0188,3447,Hakuna,67,0,1,0.4930,2.6136,0.6873
rmvpe_fix,0190,0732,Potter,150,1,1,0.7454,0.8358,0.9513
rmvpe_fix,0190,0825,Potter,150,1,1,0.7737,0.6933,0.9698
rmvpe_fix,0190,0844,StarWars,150,0,1,0.9185,2.7289,0.5272
rmvpe_fix,0190,1510,StarWars,150,0,1,0.8719,2.9160,0.5248
rmvpe_fix,0190,3493,Hakuna,150,0,1,0.9201,1.9767,0.7943
rmvpe_fix,0190,3767,Hakuna,150,0,1,0.7820,1.7570,0.8556
rmvpe_fix,0195,0370,Potter,153,1,1,0.6936,1.6528,0.7183
rmvpe_fix,0195,0710,Potter,153,1,1,0.7447,1.6003,0.7727
rmvpe_fix,0195,0882,StarWars,153,0,1,0.7220,2.0249,0.4998
rmvpe_fix,0195,1138,StarWars,153,0,1,0.6156,2.1647,0.3799
rmvpe_fix,0195,3534,Hakuna,153,0,1,0.8454,2.1811,0.3889
rmvpe_fix,0195,3689,Hakuna,153,0,1,0.7660,2.1680,0.5319
rmvpe_fix,0197,0060,Potter,222,1,1,0.7801,1.0527,0.9007
rmvpe_fix,0197,0107,Potter,222,1,1,0.8935,1.0415,0.9187
rmvpe_fix,0197,0959,StarWars,222,0,1,0.5044,2.0800,0.6904
rmvpe_fix,0197,1276,StarWars,222,0,1,0.5288,2.5415,0.3819
rmvpe_fix,0197,4064,Hakuna,222,0,1,0.8133,1.8741,0.6764
rmvpe_fix,0197,4085,Hakuna,222,0,1,0.8656,1.9412,0.6062
rmvpe_fix,0204,0102,Potter,191,1,1,0.7327,1.1007,0.9067
rmvpe_fix,0204,0426,Potter,191,1,1,0.7604,1.0747,0.9208
rmvpe_fix,0204,0993,StarWars,191,0,1,0.8436,1.9688,0.5489
rmvpe_fix,0204,1506,StarWars,191,0,1,0.8772,2.0750,0.3309
rmvpe_fix,0204,3928,Hakuna,191,0,1,0.8416,2.0239,0.6584
rmvpe_fix,0204,3984,Hakuna,191,0,1,0.6812,1.7922,0.7158
rmvpe_fix,0210,0055,Potter,200,1,1,1.0000,1.4360,0.8446
rmvpe_fix,0210,0417,Potter,200,1,1,0.9726,1.3411,0.8625
rmvpe_fix,0210,1015,StarWars,200,0,1,1.0215,2.7537,0.4421
rmvpe_fix,0210,1626,StarWars,200,0,1,0.9863,3.3138,0.2306
rmvpe_fix,0210,3586,Hakuna,200,0,1,0.8043,2.2806,0.4450
rmvpe_fix,0210,3862,Hakuna,200,0,1,0.8356,2.2423,0.5545
rmvpe_fix,0215,0229,Potter,230,1,1,0.6234,1.4486,0.8212
rmvpe_fix,0215,0245,Potter,230,1,1,0.4048,1.3882,0.8709
rmvpe_fix,0215,1010,StarWars,230,0,1,0.5049,2.6859,0.6055
rmvpe_fix,0215,1048,StarWars,230,0,1,0.4133,2.8359,0.5721
rmvpe_fix,0215,3670,Hakuna,230,0,1,0.4443,1.7902,0.8550
rmvpe_fix,0215,3702,Hakuna,230,0,1,0.4781,2.3917,0.6944
rmvpe_fix,0219,0076,Potter,30,1,1,0.6728,2.1371,0.8120
rmvpe_fix,0219,0151,Potter,30,1,1,0.8023,1.7687,0.8475
rmvpe_fix,0219,1101,StarWars,30,0,1,0.9103,2.8520,0.5742
rmvpe_fix,0219,1369,StarWars,30,0,1,0.7691,2.6272,0.6617
rmvpe_fix,0219,3443,Hakuna,30,0,1,0.6728,2.1930,0.8032
rmvpe_fix,0219,3694,Hakuna,30,0,1,0.3721,2.9762,0.3515
rmvpe_fix,0220,0997,StarWars,135,0,1,0.7448,2.6536,0.5933
rmvpe_fix,0220,1195,StarWars,135,0,1,0.8569,2.6925,0.5158
rmvpe_fix,0220,3501,Hakuna,135,0,1,0.4741,2.2869,0.5843
rmvpe_fix,0220,4070,Hakuna,135,0,1,0.5431,2.3622,0.4497
rmvpe_fix,0224,0445,Potter,146,1,1,0.5123,2.0483,0.4499
rmvpe_fix,0224,0622,Potter,146,1,1,0.5925,1.8872,0.7821
rmvpe_fix,0224,0925,StarWars,146,0,1,0.3502,2.5401,0.4543
rmvpe_fix,0224,1456,StarWars,146,0,1,0.3552,2.6278,0.1691
rmvpe_fix,0224,3439,Hakuna,146,0,1,0.4026,2.7731,0.1035
rmvpe_fix,0224,3822,Hakuna,146,0,1,0.3241,2.8631,0.1642
rmvpe_fix,0225,0680,Potter,123,1,1,0.7669,0.9628,0.9590
rmvpe_fix,0225,0835,Potter,123,1,1,0.7135,1.5352,0.8205
rmvpe_fix,0225,1196,StarWars,123,0,1,0.7767,2.8446,0.6796
rmvpe_fix,0225,1378,StarWars,123,0,1,0.7879,3.0363,0.6938
rmvpe_fix,0225,3567,Hakuna,123,0,1,0.6770,2.5568,0.5456
rmvpe_fix,0225,3787,Hakuna,123,0,1,0.6952,2.6080,0.5267
rmvpe_fix,0228,0124,Potter,58,1,1,0.7684,1.3629,0.9234
rmvpe_fix,0228,0467,Potter,58,1,1,0.8173,1.5479,0.8738
rmvpe_fix,0228,1178,StarWars,58,0,1,0.6754,2.7932,0.5888
rmvpe_fix,0228,1262,StarWars,58,0,1,0.7814,2.4139,0.6835
rmvpe_fix,0228,3556,Hakuna,58,0,1,0.6166,2.3759,0.7669
rmvpe_fix,0228,3668,Hakuna,58,0,1,0.5873,2.7970,0.5909
rmvpe_fix,0230,0010,Potter,92,1,1,0.7225,1.0917,0.9187
rmvpe_fix,0230,0232,Potter,92,1,1,0.6381,1.3501,0.8639
rmvpe_fix,0230,0893,StarWars,92,0,1,0.5236,1.9536,0.8088
rmvpe_fix,0230,0922,StarWars,92,0,1,0.5050,2.5041,0.6390
rmvpe_fix,0230,4028,Hakuna,92,0,1,0.7554,1.9038,0.8203
rmvpe_fix,0231,0595,Potter,26,1,1,0.7694,1.0399,0.7938
rmvpe_fix,0231,0768,Potter,26,1,1,0.7256,1.4153,0.6499
rmvpe_fix,0231,1087,StarWars,26,0,1,0.5388,1.4949,0.5249
rmvpe_fix,0231,1132,StarWars,26,0,1,0.5249,1.2624,0.6611
rmvpe_fix,0231,3392,Hakuna,26,0,1,0.3300,1.4707,0.5796
rmvpe_fix,0231,4137,Hakuna,26,0,1,0.3380,1.3969,0.6537
rmvpe_fix,0233,0633,Potter,231,1,1,0.4240,0.5867,0.9827
rmvpe_fix,0233,0803,Potter,231,1,1,0.5155,0.9849,0.9803
rmvpe_fix,0233,1150,StarWars,231,0,1,0.5195,2.6592,0.5306
rmvpe_fix,0233,1605,StarWars,231,0,1,0.5303,2.1680,0.6779
rmvpe_fix,0233,4049,Hakuna,231,0,1,0.6864,1.5931,0.8357
rmvpe_fix,0233,4112,Hakuna,231,0,1,0.6864,1.6180,0.8370
rmvpe_fix,0237,0542,Potter,44,1,1,0.7229,1.4149,0.8799
rmvpe_fix,0237,0739,Potter,44,1,1,0.7331,1.2345,0.9111
rmvpe_fix,0237,0964,StarWars,44,0,1,0.8774,2.2784,0.7840
rmvpe_fix,0237,1026,StarWars,44,0,1,0.8072,2.3754,0.7645
rmvpe_fix,0237,3485,Hakuna,44,0,1,0.7816,1.8846,0.8599
rmvpe_fix,0237,3781,Hakuna,44,0,1,0.7037,2.0011,0.8364
rmvpe_fix,0238,0243,Potter,139,1,1,0.7990,1.0511,0.9437
rmvpe_fix,0238,0824,Potter,139,1,1,0.7669,1.1608,0.9505
rmvpe_fix,0238,0999,StarWars,139,0,1,0.6892,2.1384,0.7076
rmvpe_fix,0238,1240,StarWars,139,0,1,0.6216,2.9769,0.4478
rmvpe_fix,0238,3969,Hakuna,139,0,1,0.6622,2.0258,0.7854
rmvpe_fix,0238,4035,Hakuna,139,0,1,0.7686,2.7619,0.5374
rmvpe_fix,0242,0762,Potter,69,1,1,0.3686,2.2314,0.5315
rmvpe_fix,0242,0771,Potter,69,1,1,0.6273,2.4359,0.1835
rmvpe_fix,0242,1323,StarWars,69,0,1,0.1877,2.2659,0.5208
rmvpe_fix,0242,1496,StarWars,69,0,1,0.2761,2.2658,0.3774
rmvpe_fix,0242,3410,Hakuna,69,0,1,0.2909,4.2122,-0.0395
rmvpe_fix,0253,0177,Potter,14,1,1,0.8419,1.7995,0.8349
rmvpe_fix,0253,0774,Potter,14,1,1,0.8024,1.4769,0.9243
rmvpe_fix,0253,1435,StarWars,14,0,1,0.8282,2.5139,0.6827
rmvpe_fix,0253,1519,StarWars,14,0,1,0.9055,2.8398,0.5008
rmvpe_fix,0253,3682,Hakuna,14,0,1,0.6838,2.6483,0.6276
rmvpe_fix,0253,3807,Hakuna,14,0,1,0.6873,2.6378,0.7013
rmvpe_fix,0258,0155,Potter,76,1,1,0.8351,1.0889,0.9072
rmvpe_fix,0258,0584,Potter,76,1,1,0.8613,1.0266,0.9118
rmvpe_fix,0258,1381,StarWars,76,0,1,0.7951,2.9171,0.0574
rmvpe_fix,0258,1445,StarWars,76,0,1,0.8521,2.1983,0.4124
rmvpe_fix,0258,3706,Hakuna,76,0,1,0.7982,1.8850,0.6104
rmvpe_fix,0258,4048,Hakuna,76,0,1,0.8105,1.6504,0.6912
rmvpe_fix,0259,0311,Potter,218,1,1,0.7492,2.2505,0.6331
rmvpe_fix,0259,0518,Potter,218,1,1,0.7390,1.7975,0.8202
rmvpe_fix,0259,0994,StarWars,218,0,1,0.8576,3.7462,0.2959
rmvpe_fix,0259,1220,StarWars,218,0,1,0.7983,3.4206,0.4752
rmvpe_fix,0259,3475,Hakuna,218,0,1,0.9102,2.2441,0.7500
rmvpe_fix,0259,3521,Hakuna,218,0,1,0.9288,2.2625,0.7565
rmvpe_fix,0262,0328,Potter,106,1,1,0.5417,1.4538,0.7912
rmvpe_fix,0262,0777,Potter,106,1,1,0.5565,1.8554,0.5862
rmvpe_fix,0262,1062,StarWars,106,0,1,0.1915,3.1752,0.3763
rmvpe_fix,0262,3427,Hakuna,106,0,1,0.2488,2.3128,0.3859
rmvpe_fix,0262,4075,Hakuna,106,0,1,0.1620,2.4393,0.2206
rmvpe_fix,0263,0038,Potter,207,1,1,0.6941,1.7906,0.8110
rmvpe_fix,0263,0672,Potter,207,1,1,0.8304,1.2140,0.9302
rmvpe_fix,0263,1206,StarWars,207,0,1,0.4318,2.6634,0.7029
rmvpe_fix,0263,1265,StarWars,207,0,1,0.4406,2.6426,0.7008
rmvpe_fix,0263,3446,Hakuna,207,0,1,0.8024,1.9665,0.8009
rmvpe_fix,0263,3565,Hakuna,207,0,1,0.7570,2.0320,0.7845
rmvpe_fix,0270,0111,Potter,100,1,1,0.8826,1.3952,0.7818
rmvpe_fix,0270,0407,Potter,100,1,1,0.6969,1.5522,0.6232
rmvpe_fix,0270,1040,StarWars,100,0,1,0.8574,2.0537,0.4417
rmvpe_fix,0270,1344,StarWars,100,0,1,0.6152,2.1912,0.3147
rmvpe_fix,0270,3448,Hakuna,100,0,1,0.6256,2.0503,0.4757
rmvpe_fix,0270,4068,Hakuna,100,0,1,0.6731,2.1577,0.3380
rmvpe_fix,0272,0756,Potter,219,1,1,0.5181,2.3078,0.7546
rmvpe_fix,0272,0805,Potter,219,1,1,0.7012,2.2964,0.6600
rmvpe_fix,0272,0988,StarWars,219,0,1,0.6410,2.6213,0.4701
rmvpe_fix,0272,1255,StarWars,219,0,1,0.6867,2.6539,0.3321
rmvpe_fix,0272,3355,Hakuna,219,0,1,0.6048,2.6373,0.4814
rmvpe_fix,0272,3635,Hakuna,219,0,1,0.6241,2.6211,0.4479
rmvpe_fix,0276,0680,Potter,123,1,1,0.7329,1.1156,0.9399
rmvpe_fix,0276,0835,Potter,123,1,1,0.6819,1.5865,0.8229
rmvpe_fix,0276,1196,StarWars,123,0,1,0.7423,3.0258,0.6367
rmvpe_fix,0276,1378,StarWars,123,0,1,0.7530,3.2761,0.6280
rmvpe_fix,0276,3567,Hakuna,123,0,1,0.6470,2.5341,0.5559
rmvpe_fix,0276,3787,Hakuna,123,0,1,0.6644,2.5546,0.5528
rmvpe_fix,0277,0087,Potter,43,1,1,0.9375,1.1092,0.9452
rmvpe_fix,0277,0212,Potter,43,1,1,1.0417,1.2113,0.9317
rmvpe_fix,0277,1314,StarWars,43,0,1,0.9979,1.9231,0.7619
rmvpe_fix,0277,1490,StarWars,43,0,1,0.9750,2.1573,0.6647
rmvpe_fix,0277,3478,Hakuna,43,0,1,0.9292,2.2133,0.6821
rmvpe_fix,0277,3825,Hakuna,43,0,1,0.9521,2.2204,0.6728
rmvpe_fix,0278,3474,Hakuna,82,0,1,1.0328,3.5690,0.5507
rmvpe_fix,0278,3654,Hakuna,82,0,1,0.8860,3.5861,0.4313
rmvpe_fix,0281,0057,Potter,60,1,1,0.8176,1.8154,0.7354
rmvpe_fix,0281,0348,Potter,60,1,1,0.7960,1.9117,0.6587
rmvpe_fix,0284,0196,Potter,232,1,1,0.5161,1.9146,0.8110
rmvpe_fix,0284,0603,Potter,232,1,1,0.5842,2.2382,0.7289
rmvpe_fix,0284,0917,StarWars,232,0,1,0.7258,2.8637,0.5580
rmvpe_fix,0284,1278,StarWars,232,0,1,0.6022,3.1081,0.3772
rmvpe_fix,0284,3541,Hakuna,232,0,1,0.2706,2.2209,0.7399
rmvpe_fix,0284,4111,Hakuna,232,0,1,0.3548,2.8360,0.5788
rmvpe_fix,0287,0131,Potter,53,1,1,0.9419,1.5938,0.7800
rmvpe_fix,0287,0689,Potter,53,1,1,0.9006,1.5373,0.7894
rmvpe_fix,0287,1269,StarWars,53,0,1,0.5138,3.3323,0.3140
rmvpe_fix,0287,1596,StarWars,53,0,1,0.5382,3.1997,0.4144
rmvpe_fix,0287,3585,Hakuna,53,0,1,0.5214,2.7345,0.5117
rmvpe_fix,0287,3856,Hakuna,53,0,1,0.5398,2.4476,0.6042
rmvpe_fix,0290,0477,Potter,17,1,1,0.7921,1.0407,0.8739
rmvpe_fix,0290,0558,Potter,17,1,1,0.7250,1.0440,0.8600
rmvpe_fix,0290,1609,StarWars,17,0,1,0.7702,2.0669,0.5815
rmvpe_fix,0290,1620,StarWars,17,0,1,0.7373,1.9586,0.6339
rmvpe_fix,0290,3878,Hakuna,17,0,1,0.7469,1.2841,0.7857
rmvpe_fix,0290,4105,Hakuna,17,0,1,0.7934,1.0851,0.8463
rmvpe_fix,0296,0427,Potter,174,1,1,0.6132,1.3858,0.9309
rmvpe_fix,0296,0577,Potter,174,1,1,0.5487,2.3183,0.9008
rmvpe_fix,0296,1403,StarWars,174,0,1,0.4664,2.8384,0.7020
rmvpe_fix,0296,1502,StarWars,174,0,1,0.5734,3.1159,0.5677
rmvpe_fix,0296,3424,Hakuna,174,0,1,0.5748,2.4305,0.7083
rmvpe_fix,0296,4122,Hakuna,174,0,1,0.4019,2.2453,0.7586
rmvpe_fix,0309,0198,Potter,67,1,1,0.6382,2.2985,0.7219
rmvpe_fix,0309,0369,Potter,67,1,1,0.5420,2.0097,0.8298
rmvpe_fix,0309,1298,StarWars,67,0,1,0.6611,3.0143,0.4667
rmvpe_fix,0309,1326,StarWars,67,0,1,0.4641,3.9123,0.4175
rmvpe_fix,0309,3412,Hakuna,67,0,1,0.4153,2.4126,0.7352
rmvpe_fix,0309,3447,Hakuna,67,0,1,0.5405,2.5703,0.6621
rmvpe_fix,0310,0504,Potter,90,1,1,0.7224,1.5192,0.8916
rmvpe_fix,0310,0597,Potter,90,1,1,0.6860,1.9468,0.8474
rmvpe_fix,0310,0886,StarWars,90,0,1,0.7427,2.9379,0.4373
rmvpe_fix,0310,1075,StarWars,90,0,1,0.7791,3.3058,0.1756
rmvpe_fix,0310,3378,Hakuna,90,0,1,0.6962,2.3304,0.6816
rmvpe_fix,0310,3455,Hakuna,90,0,1,0.8343,3.4278,0.0613
rmvpe_fix,0314,0352,Potter,220,1,1,0.6048,3.0923,0.3295
rmvpe_fix,0314,0755,Potter,220,1,1,0.3049,3.9789,0.5286
rmvpe_fix,0314,1052,StarWars,220,0,1,0.2811,2.0860,0.7163
rmvpe_fix,0314,1207,StarWars,220,0,1,0.5690,2.6972,-0.1091
rmvpe_fix,0314,3568,Hakuna,220,0,1,0.5077,2.1557,0.5067
rmvpe_fix,0314,3759,Hakuna,220,0,1,0.1397,2.1104,0.6378
rmvpe_fix,0317,0239,Potter,59,1,1,0.6244,2.8406,0.6111
rmvpe_fix,0317,0798,Potter,59,1,1,0.5089,3.0478,0.5104
rmvpe_fix,0317,0923,StarWars,59,0,1,0.3415,2.6855,0.6903
rmvpe_fix,0317,1246,StarWars,59,0,1,0.4862,3.1604,0.3512
rmvpe_fix,0317,3956,Hakuna,59,0,1,0.4553,3.1163,0.4395
rmvpe_fix,0317,4124,Hakuna,59,0,1,0.4862,2.8771,0.6068
rmvpe_fix,0321,0425,Potter,5,1,1,0.8593,1.8583,0.8065
rmvpe_fix,0321,0528,Potter,5,1,1,1.0296,1.2976,0.9156
rmvpe_fix,0321,0854,StarWars,5,0,1,1.0259,2.5493,0.6090
rmvpe_fix,0321,1444,StarWars,5,0,1,1.0222,2.7628,0.4392
rmvpe_fix,0321,3606,Hakuna,5,0,1,0.9148,2.0302,0.7005
rmvpe_fix,0321,3860,Hakuna,5,0,1,0.9426,2.4005,0.5994
rmvpe_fix,0324,0081,Potter,49,1,1,0.6790,1.1788,0.9033
rmvpe_fix,0324,0423,Potter,49,1,1,0.6935,1.0011,0.9410
rmvpe_fix,0324,1420,StarWars,49,0,1,0.7306,2.3979,0.6601
rmvpe_fix,0324,3920,Hakuna,49,0,1,0.7065,2.2824,0.6514
rmvpe_fix,0324,4138,Hakuna,49,0,1,0.7129,1.8462,0.7856
rmvpe_fix,0329,0222,Potter,96,1,1,0.5544,1.0181,0.8948
rmvpe_fix,0329,0715,Potter,96,1,1,0.5231,1.2928,0.8745
rmvpe_fix,0329,1027,StarWars,96,0,1,0.8614,1.9513,0.6584
rmvpe_fix,0329,1402,StarWars,96,0,1,0.8778,2.1351,0.5040
rmvpe_fix,0329,3406,Hakuna,96,0,1,0.6155,1.7219,0.7573
rmvpe_fix,0329,3938,Hakuna,96,0,1,0.6826,1.8672,0.6881
rmvpe_fix,0331,0004,Potter,160,1,1,0.5667,1.4464,0.4909
rmvpe_fix,0331,0517,Potter,160,1,1,0.5182,1.5180,0.5103
rmvpe_fix,0331,1390,StarWars,160,0,1,0.6182,1.7617,0.2676
rmvpe_fix,0331,1641,StarWars,160,0,1,0.6864,1.4345,0.5108
rmvpe_fix,0331,3786,Hakuna,160,0,1,0.6561,1.3257,0.5501
rmvpe_fix,0331,3994,Hakuna,160,0,1,0.6773,1.2791,0.6427
rmvpe_fix,0333,3474,Hakuna,82,0,1,0.9934,3.1145,0.4719
rmvpe_fix,0333,3654,Hakuna,82,0,1,0.8522,3.0740,0.4521
rmvpe_fix,0337,0538,Potter,16,1,1,0.2966,2.7080,0.6109
rmvpe_fix,0337,0797,Potter,16,1,1,0.3385,2.7905,0.6950
rmvpe_fix,0337,1261,StarWars,16,0,1,0.2484,2.3061,0.7865
rmvpe_fix,0337,1522,StarWars,16,0,1,0.1693,2.9413,0.6531
rmvpe_fix,0337,3846,Hakuna,16,0,1,0.8276,3.1163,0.5757
rmvpe_fix,0337,4150,Hakuna,16,0,1,0.8137,3.3024,0.3991
rmvpe_fix,0340,0435,Potter,185,1,1,0.4562,2.1428,0.8809
rmvpe_fix,0340,0666,Potter,185,1,1,0.5767,1.4414,0.9249
rmvpe_fix,0340,1173,StarWars,185,0,1,0.5671,3.2680,0.2578
rmvpe_fix,0340,1575,StarWars,185,0,1,0.2603,3.0672,0.5409
rmvpe_fix,0340,3561,Hakuna,185,0,1,0.5685,2.5395,0.7363
rmvpe_fix,0340,3613,Hakuna,185,0,1,0.5849,2.7109,0.5808
rmvpe_fix,0345,0616,Potter,71,1,1,0.5918,2.8620,0.5348
rmvpe_fix,0345,0753,Potter,71,1,1,0.5293,2.2524,0.7336
rmvpe_fix,0346,0372,Potter,128,1,1,0.5105,1.5109,0.8377
rmvpe_fix,0346,0440,Potter,128,1,1,0.4590,2.1653,0.7187
rmvpe_fix,0346,1334,StarWars,128,0,1,0.7611,2.7029,0.5436
rmvpe_fix,0346,1570,StarWars,128,0,1,0.6464,2.3713,0.7128
rmvpe_fix,0346,3882,Hakuna,128,0,1,0.5457,3.0930,0.1574
rmvpe_fix,0346,4119,Hakuna,128,0,1,0.5925,2.6080,0.5793
rmvpe_fix,0349,0651,Potter,97,1,1,0.7427,1.3826,0.8745
rmvpe_fix,0349,0706,Potter,97,1,1,0.8183,0.5291,0.9756
rmvpe_fix,0349,1313,StarWars,97,0,1,0.6904,2.2095,0.6699
rmvpe_fix,0349,1418,StarWars,97,0,1,0.6948,2.2966,0.6833
rmvpe_fix,0349,3631,Hakuna,97,0,1,0.6846,1.6526,0.8467
rmvpe_fix,0349,3919,Hakuna,97,0,1,0.7427,1.9763,0.7938
rmvpe_fix,0358,0076,Potter,30,1,1,0.6672,2.1921,0.8262
rmvpe_fix,0358,0151,Potter,30,1,1,0.7957,1.7032,0.8549
rmvpe_fix,0358,1101,StarWars,30,0,1,0.9028,2.9130,0.6289
rmvpe_fix,0358,1369,StarWars,30,0,1,0.7628,2.8147,0.6680
rmvpe_fix,0358,3443,Hakuna,30,0,1,0.6672,2.3033,0.8133
rmvpe_fix,0358,3694,Hakuna,30,0,1,0.3690,3.3215,0.3387
rmvpe_fix,0363,0155,Potter,76,1,1,0.8686,1.1208,0.9033
rmvpe_fix,0363,0584,Potter,76,1,1,0.8958,1.0750,0.9050
rmvpe_fix,0363,1381,StarWars,76,0,1,0.8269,2.8189,0.1104
rmvpe_fix,0363,1445,StarWars,76,0,1,0.8862,2.4101,0.2733
rmvpe_fix,0363,3706,Hakuna,76,0,1,0.8301,2.0129,0.5946
rmvpe_fix,0363,4048,Hakuna,76,0,1,0.8429,1.7058,0.6597
rmvpe_fix,0364,0044,Potter,217,1,1,0.8350,1.0547,0.9143
rmvpe_fix,0364,0101,Potter,217,1,1,0.8784,0.9757,0.9219
rmvpe_fix,0364,1131,StarWars,217,0,1,0.7019,2.1658,0.5784
rmvpe_fix,0364,1509,StarWars,217,0,1,0.7294,2.1577,0.5902
rmvpe_fix,0364,3701,Hakuna,217,0,1,0.8654,1.8027,0.7195
rmvpe_fix,0364,4103,Hakuna,217,0,1,0.8625,1.7158,0.7197
rmvpe_fix,0366,0424,Potter,38,1,1,1.0138,0.8970,0.9419
rmvpe_fix,0366,0829,Potter,38,1,1,0.9754,0.5788,0.9744
rmvpe_fix,0366,1149,StarWars,38,0,1,0.8662,1.8050,0.7219
rmvpe_fix,0366,1273,StarWars,38,0,1,0.8692,1.8092,0.7564
rmvpe_fix,0366,3506,Hakuna,38,0,1,0.7508,2.0319,0.5852
rmvpe_fix,0366,3732,Hakuna,38,0,1,0.8415,2.1075,0.4980
rmvpe_fix,0375,0408,Potter,145,1,1,0.8043,3.3684,0.5385
rmvpe_fix,0375,0619,Potter,145,1,1,0.8336,0.6786,0.9829
rmvpe_fix,0375,0956,StarWars,145,0,1,0.8690,3.1620,0.5568
rmvpe_fix,0375,1199,StarWars,145,0,1,0.8752,3.5518,0.4948
rmvpe_fix,0375,3712,Hakuna,145,0,1,0.9045,2.1522,0.7965
rmvpe_fix,0375,3793,Hakuna,145,0,1,0.9445,2.2093,0.7934
rmvpe_fix,0376,0311,Potter,218,1,1,0.8533,2.5412,0.5477
rmvpe_fix,0376,0518,Potter,218,1,1,0.8417,2.1908,0.6353
rmvpe_fix,0376,0994,StarWars,218,0,1,0.9768,2.4539,0.7373
rmvpe_fix,0376,1220,StarWars,218,0,1,0.9093,1.9672,0.7848
rmvpe_fix,0376,3475,Hakuna,218,0,1,1.0367,3.3442,0.3996
rmvpe_fix,0376,3521,Hakuna,218,0,1,1.0579,3.7285,0.0983
rmvpe_fix,0378,0295,Potter,83,1,1,0.7766,2.2498,0.7586
rmvpe_fix,0378,0648,Potter,83,1,1,0.9882,1.9690,0.7403
rmvpe_fix,0378,1165,StarWars,83,0,1,0.9848,2.7475,0.5839
rmvpe_fix,0378,1491,StarWars,83,0,1,0.8460,2.6571,0.5943
rmvpe_fix,0378,3452,Hakuna,83,0,1,0.8985,3.8065,0.3506
rmvpe_fix,0378,4101,Hakuna,83,0,1,0.8646,3.3817,0.4075
rmvpe_fix,0382,1030,StarWars,212,0,1,0.4022,2.2692,0.5008
rmvpe_fix,0382,1646,StarWars,212,0,1,0.5501,2.4382,0.3385
rmvpe_fix,0382,3761,Hakuna,212,0,1,0.4068,2.1654,0.7334
rmvpe_fix,0382,3907,Hakuna,212,0,1,0.4961,2.2250,0.5952
rmvpe_fix,0383,0041,Potter,151,1,1,0.7453,1.1672,0.9512
rmvpe_fix,0383,0778,Potter,151,1,1,0.8065,1.3160,0.9238
rmvpe_fix,0383,1060,StarWars,151,0,1,0.9015,2.8027,0.5428
rmvpe_fix,0383,1252,StarWars,151,0,1,0.8710,2.4836,0.6344
rmvpe_fix,0383,3523,Hakuna,151,0,1,0.6078,2.0624,0.7562
rmvpe_fix,0383,3573,Hakuna,151,0,1,0.7233,2.1483,0.7479
rmvpe_fix,0392,0713,Potter,3,1,1,0.2882,2.3619,0.6986
rmvpe_fix,0392,0748,Potter,3,1,1,0.2955,2.2561,0.7378
rmvpe_fix,0392,0974,StarWars,3,0,1,0.4054,2.7928,0.6330
rmvpe_fix,0393,0075,Potter,55,1,1,0.7356,2.2592,0.8090
rmvpe_fix,0393,0785,Potter,55,1,1,0.7040,2.1289,0.7243
rmvpe_fix,0393,1160,StarWars,55,0,1,0.6235,2.5737,0.5082
rmvpe_fix,0393,1648,StarWars,55,0,1,0.8792,2.2725,0.6135
rmvpe_fix,0393,3887,Hakuna,55,0,1,0.8389,2.3554,0.5432
rmvpe_fix,0393,4060,Hakuna,55,0,1,0.7513,2.3569,0.4834
rmvpe_fix,0398,0699,Potter,154,1,1,0.6132,1.2964,0.6837
rmvpe_fix,0398,0790,Potter,154,1,1,0.6623,1.2696,0.7460
rmvpe_fix,0398,1008,StarWars,154,0,1,0.4642,1.4939,0.6721
rmvpe_fix,0398,1152,StarWars,154,0,1,0.6208,1.4787,0.6488
rmvpe_fix,0398,3375,Hakuna,154,0,1,0.6094,1.8181,0.4428
rmvpe_fix,0398,3762,Hakuna,154,0,1,0.7774,1.9782,0.4860
rmvpe_fix,0399,0292,Potter,166,1,1,0.6147,1.4959,0.8312
rmvpe_fix,0399,0353,Potter,166,1,1,0.9199,1.7511,0.7145
rmvpe_fix,0399,1233,StarWars,166,0,1,0.5807,1.6597,0.7171
rmvpe_fix,0399,1267,StarWars,166,0,1,0.5536,1.7268,0.6329
rmvpe_fix,0401,0477,Potter,17,1,1,0.7921,1.1640,0.8589
rmvpe_fix,0401,0558,Potter,17,1,1,0.7250,1.0787,0.8789
rmvpe_fix,0401,1609,StarWars,17,0,1,0.7702,1.9491,0.6579
rmvpe_fix,0401,1620,StarWars,17,0,1,0.7373,1.8987,0.6827
rmvpe_fix,0401,3878,Hakuna,17,0,1,0.7469,1.3949,0.8075
rmvpe_fix,0401,4105,Hakuna,17,0,1,0.7934,1.3093,0.8256
rmvpe_fix,0402,0438,Potter,192,1,1,0.6323,1.5947,0.7535
rmvpe_fix,0402,0783,Potter,192,1,1,0.6540,1.7371,0.7218
rmvpe_fix,0402,0909,StarWars,192,0,1,0.6988,2.4120,0.2441
rmvpe_fix,0402,1642,StarWars,192,0,1,0.6187,2.2607,0.3967
rmvpe_fix,0402,3741,Hakuna,192,0,1,0.7354,2.1481,0.4679
rmvpe_fix,0402,4148,Hakuna,192,0,1,0.6988,2.2058,0.5262
rmvpe_fix,0405,0328,Potter,106,1,1,0.5444,1.9121,0.6986
rmvpe_fix,0405,0777,Potter,106,1,1,0.5592,1.8867,0.6453
rmvpe_fix,0405,1062,StarWars,106,0,1,0.1924,2.9393,0.4612
rmvpe_fix,0405,3427,Hakuna,106,0,1,0.2500,2.4303,0.4306
rmvpe_fix,0405,4075,Hakuna,106,0,1,0.1628,2.5756,0.3186
rmvpe_fix,0413,0125,Potter,205,1,1,0.6284,1.8764,0.7988
rmvpe_fix,0413,0359,Potter,205,1,1,0.7158,1.5608,0.8057
rmvpe_fix,0413,0966,StarWars,205,0,1,0.6922,1.6208,0.7980
rmvpe_fix,0413,1480,StarWars,205,0,1,0.7413,2.2854,0.5557
rmvpe_fix,0413,3529,Hakuna,205,0,1,0.5100,2.5330,0.3902
rmvpe_fix,0413,3581,Hakuna,205,0,1,0.6084,2.4475,0.5105
rmvpe_fix,0414,0243,Potter,139,1,1,0.8141,0.9247,0.9035
rmvpe_fix,0414,0824,Potter,139,1,1,0.7814,1.0624,0.9073
rmvpe_fix,0414,0999,StarWars,139,0,1,0.7022,2.3620,0.5752
rmvpe_fix,0414,1240,StarWars,139,0,1,0.6334,2.1275,0.5576
rmvpe_fix,0414,3969,Hakuna,139,0,1,0.6747,2.0074,0.5261
rmvpe_fix,0414,4035,Hakuna,139,0,1,0.7831,2.2782,0.5106
rmvpe_fix,0415,0246,Potter,190,1,1,0.6565,0.8348,0.7953
rmvpe_fix,0415,0410,Potter,190,1,1,0.7086,0.8055,0.8531
rmvpe_fix,0415,1077,StarWars,190,0,1,0.6978,1.0881,0.7625
rmvpe_fix,0415,1085,StarWars,190,0,1,0.6835,1.3752,0.5111
rmvpe_fix,0415,3625,Hakuna,190,0,1,0.5971,1.4909,0.4991
rmvpe_fix,0415,3898,Hakuna,190,0,1,0.7068,1.0725,0.8186
rmvpe_fix,0419,0582,Potter,57,1,1,0.8229,1.7868,0.7814
rmvpe_fix,0419,0801,Potter,57,1,1,0.8648,1.5326,0.8631
rmvpe_fix,0419,0985,StarWars,57,0,1,0.7543,2.6827,0.1420
rmvpe_fix,0419,1249,StarWars,57,0,1,0.7886,2.0927,0.6510
rmvpe_fix,0419,3745,Hakuna,57,0,1,1.3333,2.5774,0.2046
rmvpe_fix,0419,3802,Hakuna,57,0,1,1.3676,2.6872,0.2037
rmvpe_fix,0420,0489,Potter,87,1,1,0.8562,1.1482,0.8759
rmvpe_fix,0420,0684,Potter,87,1,1,0.7536,1.4223,0.7349
rmvpe_fix,0420,1090,StarWars,87,0,1,0.7409,1.8025,0.6389
rmvpe_fix,0420,1460,StarWars,87,0,1,0.7299,2.1447,0.5061
rmvpe_fix,0420,3341,Hakuna,87,0,1,0.7030,2.2041,0.4394
rmvpe_fix,0420,3728,Hakuna,87,0,1,0.7583,2.1385,0.4692
rmvpe_fix,0429,0418,Potter,111,1,1,0.1729,3.9843,0.6114
rmvpe_fix,0429,0454,Potter,111,1,1,0.1454,4.4959,0.1450
rmvpe_fix,0429,1398,StarWars,111,0,1,0.1502,2.5500,0.6646
rmvpe_fix,0429,4091,Hakuna,111,0,1,0.1519,2.9336,0.0999
rmvpe_fix,0429,4133,Hakuna,111,0,1,0.1260,2.6724,0.3931
rmvpe_fix,0430,0286,Potter,47,1,1,0.7553,1.7216,0.7008
rmvpe_fix,0430,0443,Potter,47,1,1,0.6951,1.6874,0.7605
rmvpe_fix,0430,1258,StarWars,47,0,1,0.8427,2.1811,0.6109
rmvpe_fix,0430,1300,StarWars,47,0,1,0.6680,2.2776,0.5692
rmvpe_fix,0430,4019,Hakuna,47,0,1,0.8951,2.1070,0.5254
rmvpe_fix,0430,4044,Hakuna,47,0,1,0.9495,1.8033,0.6751
rmvpe_fix,0431,0187,Potter,214,1,1,0.4724,1.8081,0.5410
rmvpe_fix,0431,0702,Potter,214,1,1,0.7094,1.9413,0.4133
rmvpe_fix,0431,1540,StarWars,214,0,1,0.5753,1.8964,0.4983
rmvpe_fix,0431,1618,StarWars,214,0,1,0.5514,1.9052,0.4589
rmvpe_fix,0431,3941,Hakuna,214,0,1,0.4933,2.1404,0.5454
rmvpe_fix,0431,4078,Hakuna,214,0,1,0.4560,1.9470,0.4978
rmvpe_fix,0444,0194,Potter,169,1,1,0.6708,1.8499,0.8082
rmvpe_fix,0444,0728,Potter,169,1,1,0.7665,1.7873,0.8487
rmvpe_fix,0444,0848,StarWars,169,0,1,0.6552,2.2947,0.5700
rmvpe_fix,0444,1533,StarWars,169,0,1,0.6317,2.4227,0.4721
rmvpe_fix,0444,3399,Hakuna,169,0,1,0.6583,2.4661,0.3294
rmvpe_fix,0444,3605,Hakuna,169,0,1,0.5549,2.2846,0.5792
rmvpe_fix,0446,0131,Potter,53,1,1,0.9872,1.0827,0.8637
rmvpe_fix,0446,0689,Potter,53,1,1,0.9439,1.0059,0.8976
rmvpe_fix,0446,1269,StarWars,53,0,1,0.5385,3.0689,0.2581
rmvpe_fix,0446,1596,StarWars,53,0,1,0.5641,3.0386,0.2792
rmvpe_fix,0446,3585,Hakuna,53,0,1,0.5465,2.5663,0.4835
rmvpe_fix,0446,3856,Hakuna,53,0,1,0.5657,2.0305,0.7047
rmvpe_fix,0447,0384,Potter,228,1,1,0.7452,1.4460,0.7151
rmvpe_fix,0448,0202,Potter,164,1,1,0.8601,1.1369,0.9022
rmvpe_fix,0448,0293,Potter,164,1,1,0.8584,1.0577,0.9193
rmvpe_fix,0448,1315,StarWars,164,0,1,0.8129,2.1473,0.6233
rmvpe_fix,0448,1482,StarWars,164,0,1,0.7535,1.9855,0.6744
rmvpe_fix,0448,3746,Hakuna,164,0,1,0.7255,1.9398,0.6989
rmvpe_fix,0448,3954,Hakuna,164,0,1,0.7430,1.8798,0.7009
rmvpe_fix,0452,0484,Potter,162,1,1,0.6101,0.9623,0.9603
rmvpe_fix,0452,0599,Potter,162,1,1,0.6307,0.6655,0.9805
rmvpe_fix,0452,1508,StarWars,162,0,1,0.6418,2.7075,0.6955
rmvpe_fix,0452,1606,StarWars,162,0,1,0.6815,2.3028,0.7493
rmvpe_fix,0453,0377,Potter,234,1,1,0.8748,2.3388,0.7990
rmvpe_fix,0453,0406,Potter,234,1,1,0.9583,2.0240,0.8283
rmvpe_fix,0453,0906,StarWars,234,0,1,0.9980,3.0616,0.6487
rmvpe_fix,0453,3484,Hakuna,234,0,1,0.8946,2.7170,0.8229
rmvpe_fix,0453,3975,Hakuna,234,0,1,0.8946,2.9826,0.7210
rmvpe_fix,0455,0140,Potter,175,1,1,0.5087,1.8461,0.8593
rmvpe_fix,0455,0758,Potter,175,1,1,0.6860,3.8518,0.2946
rmvpe_fix,0455,1428,StarWars,175,0,1,0.6686,2.1413,0.7906
rmvpe_fix,0455,1599,StarWars,175,0,1,0.5872,2.0117,0.8609
rmvpe_fix,0455,3425,Hakuna,175,0,1,0.6657,3.1235,0.5791
rmvpe_fix,0455,3997,Hakuna,175,0,1,0.7616,3.1624,0.5527
rmvpe_fix,0463,0286,Potter,47,1,1,0.8761,1.3708,0.8583
rmvpe_fix,0463,0443,Potter,47,1,1,0.8063,1.5807,0.8062
rmvpe_fix,0463,1258,StarWars,47,0,1,0.9775,2.3395,0.2717
rmvpe_fix,0463,1300,StarWars,47,0,1,0.7748,2.1237,0.5410
rmvpe_fix,0463,4019,Hakuna,47,0,1,1.0383,1.9209,0.5883
rmvpe_fix,0463,4044,Hakuna,47,0,1,1.1014,1.6172,0.7675
rmvpe_fix,0466,0181,Potter,13,1,1,0.8646,1.5685,0.7931
rmvpe_fix,0466,0299,Potter,13,1,1,0.7544,1.5698,0.7720
rmvpe_fix,0466,1619,StarWars,13,0,1,0.7041,1.4388,0.8296
rmvpe_fix,0466,3353,Hakuna,13,0,1,0.7834,1.9990,0.5444
rmvpe_fix,0466,4020,Hakuna,13,0,1,0.7253,1.6901,0.6557
rmvpe_fix,0472,0275,Potter,33,1,1,0.7165,1.4950,0.8642
rmvpe_fix,0472,0468,Potter,33,1,1,0.7149,1.5468,0.8619
rmvpe_fix,0472,0888,StarWars,33,0,1,0.5884,3.4189,0.2887
rmvpe_fix,0472,1174,StarWars,33,0,1,0.5549,3.2866,0.3245
rmvpe_fix,0472,3868,Hakuna,33,0,1,0.6448,3.5407,0.2551
rmvpe_fix,0474,0182,Potter,61,1,1,0.8766,2.1532,0.5784
rmvpe_fix,0474,0336,Potter,61,1,1,0.7489,1.8306,0.6493
rmvpe_fix,0474,1236,StarWars,61,0,1,0.6991,2.2972,0.4926
rmvpe_fix,0474,1318,StarWars,61,0,1,0.7229,2.4434,0.3554
rmvpe_fix,0474,3492,Hakuna,61,0,1,0.4913,1.2088,0.8208
rmvpe_fix,0474,3524,Hakuna,61,0,1,0.4892,1.7791,0.6703
rmvpe_fix,0478,0145,Potter,141,1,1,0.6912,1.8295,0.7530
rmvpe_fix,0478,0620,Potter,141,1,1,0.4274,1.6913,0.8228
rmvpe_fix,0478,1636,StarWars,141,0,1,0.7648,2.2598,0.4177
rmvpe_fix,0478,1652,StarWars,141,0,1,0.6503,2.8802,-0.3462
rmvpe_fix,0478,3687,Hakuna,141,0,1,0.7280,2.2393,0.5984
rmvpe_fix,0478,3895,Hakuna,141,0,1,0.7321,2.2330,0.5851
rmvpe_fix,0485,0649,Potter,197,1,1,0.7128,0.9850,0.9417
rmvpe_fix,0485,0688,Potter,197,1,1,0.7699,1.0614,0.8896
rmvpe_fix,0485,0921,StarWars,197,0,1,0.7113,2.6319,0.6235
rmvpe_fix,0485,1322,StarWars,197,0,1,0.5850,2.4882,0.6641
rmvpe_fix,0485,3512,Hakuna,197,0,1,0.6165,1.7168,0.8620
rmvpe_fix,0485,3851,Hakuna,197,0,1,0.5940,1.6595,0.8638
rmvpe_fix,0491,0008,Potter,213,1,1,0.8347,0.4281,0.9923
rmvpe_fix,0491,0681,Potter,213,1,1,0.8427,0.4792,0.9871
rmvpe_fix,0491,0860,StarWars,213,0,1,0.9551,2.5574,0.7522
rmvpe_fix,0491,1317,StarWars,213,0,1,0.8604,2.3937,0.7662
rmvpe_fix,0491,3548,Hakuna,213,0,1,0.5843,1.6676,0.8706
rmvpe_fix,0491,3720,Hakuna,213,0,1,0.6485,1.8732,0.8120
rmvpe_fix,0493,0282,Potter,8,1,1,0.9917,1.8586,0.7923
rmvpe_fix,0493,0802,Potter,8,1,1,0.9071,1.1890,0.8895
rmvpe_fix,0493,1046,StarWars,8,0,1,0.7231,2.2241,0.5453
rmvpe_fix,0493,1667,StarWars,8,0,1,0.7479,2.1174,0.6262
rmvpe_fix,0493,3795,Hakuna,8,0,1,0.6949,1.9455,0.7301
rmvpe_fix,0493,4144,Hakuna,8,0,1,0.6816,2.1507,0.4972
rmvpe_fix,0494,0808,Potter,171,1,1,0.8021,1.1627,0.8997
rmvpe_fix,0494,1079,StarWars,171,0,1,0.7314,2.0198,0.4949
rmvpe_fix,0494,1112,StarWars,171,0,1,0.8428,2.1707,0.5282
rmvpe_fix,0495,0125,Potter,205,1,1,0.5721,1.9152,0.6823
rmvpe_fix,0495,0359,Potter,205,1,1,0.6517,1.6831,0.7019
rmvpe_fix,0495,0966,StarWars,205,0,1,0.6302,1.8588,0.6063
rmvpe_fix,0495,1480,StarWars,205,0,1,0.6750,2.1664,0.4659
rmvpe_fix,0495,3529,Hakuna,205,0,1,0.4643,2.4135,0.4919
rmvpe_fix,0495,3581,Hakuna,205,0,1,0.5539,2.2326,0.5548
rmvpe_fix,0496,1030,StarWars,212,0,1,0.4123,1.9854,0.5420
rmvpe_fix,0496,1646,StarWars,212,0,1,0.5640,2.1970,0.2822
rmvpe_fix,0496,3761,Hakuna,212,0,1,0.4171,1.9982,0.6173
rmvpe_fix,0496,3907,Hakuna,212,0,1,0.5087,2.0190,0.5396
rmvpe_fix,0498,0613,Potter,137,1,1,0.8055,1.1236,0.9209
rmvpe_fix,0498,0788,Potter,137,1,1,0.9027,1.6742,0.7734
rmvpe_fix,0498,1163,StarWars,137,0,1,0.9939,1.9066,0.7362
rmvpe_fix,0498,1177,StarWars,137,0,1,1.0547,1.9239,0.6555
rmvpe_fix,0498,3594,Hakuna,137,0,1,1.3283,1.8467,0.7490
rmvpe_fix,0498,3944,Hakuna,137,0,1,1.2766,1.5292,0.8165
rmvpe_fix,0499,0177,Potter,14,1,1,0.7206,1.9121,0.8135
rmvpe_fix,0499,0774,Potter,14,1,1,0.6868,1.7070,0.8158
rmvpe_fix,0499,1435,StarWars,14,0,1,0.7088,2.5405,0.6516
rmvpe_fix,0499,1519,StarWars,14,0,1,0.7750,2.5095,0.5633
rmvpe_fix,0499,3682,Hakuna,14,0,1,0.5853,2.5214,0.6011
rmvpe_fix,0499,3807,Hakuna,14,0,1,0.5882,2.4910,0.6920
rmvpe_fix,0507,0699,Potter,154,1,1,0.6190,1.0604,0.7888
rmvpe_fix,0507,0790,Potter,154,1,1,0.6686,1.1141,0.7978
rmvpe_fix,0507,1008,StarWars,154,0,1,0.4686,1.2909,0.7467
rmvpe_fix,0507,1152,StarWars,154,0,1,0.6267,1.4241,0.7072
rmvpe_fix,0507,3375,Hakuna,154,0,1,0.6152,1.7468,0.5095
rmvpe_fix,0507,3762,Hakuna,154,0,1,0.7848,1.9865,0.5228
rmvpe_fix,0510,0437,Potter,40,1,1,0.6228,1.1946,0.9466
rmvpe_fix,0510,0502,Potter,40,1,1,0.5060,2.3704,0.7521
rmvpe_fix,0510,0892,StarWars,40,0,1,0.4661,2.4504,0.7004
rmvpe_fix,0510,1600,StarWars,40,0,1,0.4807,2.8416,0.5896
rmvpe_fix,0510,3966,Hakuna,40,0,1,0.5578,3.3669,0.4283
rmvpe_fix,0510,4094,Hakuna,40,0,1,0.5073,2.9526,0.6309
rmvpe_fix,0512,0356,Potter,196,1,1,0.7323,1.6138,0.8989
rmvpe_fix,0512,0686,Potter,196,1,1,0.6394,1.5386,0.8885
rmvpe_fix,0512,0907,StarWars,196,0,1,0.6460,2.3451,0.7378
rmvpe_fix,0512,1611,StarWars,196,0,1,0.5796,2.4551,0.7508
rmvpe_fix,0512,4056,Hakuna,196,0,1,0.7367,2.2300,0.7639
rmvpe_fix,0512,4082,Hakuna,196,0,1,0.7832,1.9842,0.8217
rmvpe_fix,0515,0273,Potter,172,1,1,0.5827,2.5226,0.6810
rmvpe_fix,0515,1064,StarWars,172,0,1,0.5549,2.4666,0.7608
rmvpe_fix,0515,1498,StarWars,172,0,1,0.5688,2.7027,0.6842
rmvpe_fix,0515,3708,Hakuna,172,0,1,0.4853,3.0523,0.4913
rmvpe_fix,0515,4145,Hakuna,172,0,1,0.5951,2.8283,0.7353
rmvpe_fix,0526,0732,Potter,150,1,1,0.8116,1.1137,0.9135
rmvpe_fix,0526,0825,Potter,150,1,1,0.8424,0.8308,0.9542
rmvpe_fix,0526,0844,StarWars,150,0,1,1.0000,2.7823,0.5331
rmvpe_fix,0526,1510,StarWars,150,0,1,0.9493,2.7821,0.5455
rmvpe_fix,0526,3493,Hakuna,150,0,1,1.0018,2.0367,0.7466
rmvpe_fix,0526,3767,Hakuna,150,0,1,0.8514,1.8514,0.7952
rmvpe_fix,0527,0326,Potter,23,1,1,0.8356,1.5067,0.7430
rmvpe_fix,0527,0682,Potter,23,1,1,0.5901,1.1990,0.8971
rmvpe_fix,0527,1335,StarWars,23,0,1,0.7762,2.2521,0.5904
rmvpe_fix,0527,1448,StarWars,23,0,1,0.7010,2.1563,0.4348
rmvpe_fix,0530,0071,Potter,109,1,1,0.7379,3.0644,0.4506
rmvpe_fix,0530,0388,Potter,109,1,1,0.8030,2.4129,0.5861
rmvpe_fix,0530,0986,StarWars,109,0,1,0.8114,2.7437,0.5121
rmvpe_fix,0530,1078,StarWars,109,0,1,0.8598,2.9649,0.4444
rmvpe_fix,0530,3457,Hakuna,109,0,1,0.6962,2.2933,0.6825
rmvpe_fix,0530,3837,Hakuna,109,0,1,0.7195,2.4428,0.6273
rmvpe_fix,0540,0319,Potter,54,1,1,0.8590,0.9005,0.9337
rmvpe_fix,0540,0573,Potter,54,1,1,0.9439,0.6409,0.9760
rmvpe_fix,0540,0885,StarWars,54,0,1,1.0043,2.5376,0.7356
rmvpe_fix,0540,1561,StarWars,54,0,1,0.9669,2.6831,0.7250
rmvpe_fix,0540,3395,Hakuna,54,0,1,0.8719,1.8394,0.8084
rmvpe_fix,0540,3880,Hakuna,54,0,1,0.8187,1.7975,0.8217
rmvpe_fix,0543,0418,Potter,111,1,1,0.1595,4.0623,0.6171
rmvpe_fix,0543,0454,Potter,111,1,1,0.1341,4.9574,0.0552
rmvpe_fix,0543,1398,StarWars,111,0,1,0.1386,2.6925,0.6704
rmvpe_fix,0543,4091,Hakuna,111,0,1,0.1401,3.6158,0.4001
rmvpe_fix,0543,4133,Hakuna,111,0,1,0.1162,2.8082,0.5783
rmvpe_fix,0545,0005,Potter,216,1,1,0.4749,3.0021,0.5485
rmvpe_fix,0545,0036,Potter,216,1,1,0.5662,2.4094,0.8361
rmvpe_fix,0545,3704,Hakuna,216,0,1,0.4292,2.9178,0.7346
rmvpe_fix,0545,3876,Hakuna,216,0,1,0.4734,3.1587,0.6131
rmvpe_fix,0549,0361,Potter,46,1,1,0.9000,1.1681,0.8795
rmvpe_fix,0549,0632,Potter,46,1,1,0.8179,1.1207,0.8953
rmvpe_fix,0549,0841,StarWars,46,0,1,0.9036,1.9448,0.6999
rmvpe_fix,0549,1237,StarWars,46,0,1,0.8929,1.8881,0.6972
rmvpe_fix,0549,3661,Hakuna,46,0,1,0.8839,1.3988,0.8532
rmvpe_fix,0549,4156,Hakuna,46,0,1,0.9607,1.3962,0.8213
rmvpe_fix,0555,0295,Potter,83,1,1,0.7688,2.3947,0.7647
rmvpe_fix,0555,0648,Potter,83,1,1,0.9782,2.1873,0.7893
rmvpe_fix,0555,1165,StarWars,83,0,1,0.9749,2.8956,0.6837
rmvpe_fix,0555,1491,StarWars,83,0,1,0.8375,2.8351,0.6033
rmvpe_fix,0555,3452,Hakuna,83,0,1,0.8894,3.7291,0.4139
rmvpe_fix,0555,4101,Hakuna,83,0,1,0.8559,3.2859,0.4936
rmvpe_fix,0561,0372,Potter,128,1,1,0.4955,1.5635,0.8703
rmvpe_fix,0561,0440,Potter,128,1,1,0.4455,2.1255,0.7157
rmvpe_fix,0561,1334,StarWars,128,0,1,0.7386,2.5904,0.6240
rmvpe_fix,0561,1570,StarWars,128,0,1,0.6273,2.2140,0.7666
rmvpe_fix,0561,3882,Hakuna,128,0,1,0.5295,2.7509,0.4240
rmvpe_fix,0561,4119,Hakuna,128,0,1,0.5750,2.5834,0.5550
rmvpe_fix,0579,0275,Potter,33,1,1,0.7642,1.1941,0.9232
rmvpe_fix,0579,0468,Potter,33,1,1,0.7626,1.4653,0.8700
rmvpe_fix,0579,0888,StarWars,33,0,1,0.6276,3.4735,0.2734
rmvpe_fix,0579,1174,StarWars,33,0,1,0.5919,3.4163,0.3210
rmvpe_fix,0579,3868,Hakuna,33,0,1,0.6878,3.4627,0.3279
rmvpe_fix,0580,0060,Potter,222,1,1,0.7602,1.3039,0.8989
rmvpe_fix,0580,0107,Potter,222,1,1,0.8707,1.1034,0.9183
rmvpe_fix,0580,0959,StarWars,222,0,1,0.4915,2.2746,0.7460
rmvpe_fix,0580,1276,StarWars,222,0,1,0.5153,2.6522,0.4889
rmvpe_fix,0580,4064,Hakuna,222,0,1,0.7925,2.2146,0.7232
rmvpe_fix,0580,4085,Hakuna,222,0,1,0.8435,2.2506,0.6662
rmvpe_fix,0581,0352,Potter,220,1,1,0.5763,3.3355,0.2290
rmvpe_fix,0581,0755,Potter,220,1,1,0.2906,3.8324,0.5208
rmvpe_fix,0581,1052,StarWars,220,0,1,0.2679,1.8458,0.7297
rmvpe_fix,0581,1207,StarWars,220,0,1,0.5422,2.5898,-0.1190
rmvpe_fix,0581,3568,Hakuna,220,0,1,0.4838,1.8791,0.5707
rmvpe_fix,0581,3759,Hakuna,220,0,1,0.1331,2.0444,0.5895
rmvpe_fix,0586,0386,Potter,184,1,1,0.8135,2.1543,0.8085
rmvpe_fix,0586,0729,Potter,184,1,1,0.7111,1.5442,0.8893
rmvpe_fix,0586,0887,StarWars,184,0,1,0.4979,2.3508,0.8352
rmvpe_fix,0586,3612,Hakuna,184,0,1,0.6942,2.7521,0.5593
rmvpe_fix,0586,3844,Hakuna,184,0,1,0.6999,2.6787,0.5618
rmvpe_fix,0588,1030,StarWars,212,0,1,0.3620,3.4072,0.2839
rmvpe_fix,0588,1646,StarWars,212,0,1,0.4951,3.4670,0.1263
rmvpe_fix,0588,3761,Hakuna,212,0,1,0.3662,3.2582,0.2379
rmvpe_fix,0588,3907,Hakuna,212,0,1,0.4466,2.9929,0.6145
rmvpe_fix,0592,0182,Potter,61,1,1,0.9060,1.8693,0.7375
rmvpe_fix,0592,0336,Potter,61,1,1,0.7740,2.6649,0.4612
rmvpe_fix,0592,1236,StarWars,61,0,1,0.7226,2.3827,0.6306
rmvpe_fix,0592,1318,StarWars,61,0,1,0.7472,2.3917,0.6927
rmvpe_fix,0592,3492,Hakuna,61,0,1,0.5078,2.0200,0.6289
rmvpe_fix,0592,3524,Hakuna,61,0,1,0.5056,2.7017,0.3866
rmvpe_fix,0594,0425,Potter,5,1,1,0.6245,2.0534,0.5570
rmvpe_fix,0594,0528,Potter,5,1,1,0.7483,1.9213,0.5859
rmvpe_fix,0594,0854,StarWars,5,0,1,0.7456,2.4664,0.6069
rmvpe_fix,0594,1444,StarWars,5,0,1,0.7429,2.6661,0.4933
rmvpe_fix,0594,3606,Hakuna,5,0,1,0.6649,2.3391,0.6201
rmvpe_fix,0594,3860,Hakuna,5,0,1,0.6851,2.7010,0.4430
rmvpe_fix,0601,0187,Potter,214,1,1,0.5000,2.6338,0.2447
rmvpe_fix,0601,0702,Potter,214,1,1,0.7508,2.5524,0.3756
rmvpe_fix,0601,1540,StarWars,214,0,1,0.6088,2.4840,0.3903
rmvpe_fix,0601,1618,StarWars,214,0,1,0.5836,2.5761,0.3749
rmvpe_fix,0601,3941,Hakuna,214,0,1,0.5221,2.7251,0.4064
rmvpe_fix,0601,4078,Hakuna,214,0,1,0.4826,2.4309,0.3679
rmvpe_fix,0602,0787,Potter,136,1,1,0.8774,2.3595,0.4520
rmvpe_fix,0602,0837,Potter,136,1,1,0.9159,2.3789,0.5114
rmvpe_fix,0602,1004,StarWars,136,0,1,0.8932,2.5167,0.2523
rmvpe_fix,0602,1042,StarWars,136,0,1,0.7671,2.3605,0.3876
rmvpe_fix,0602,3526,Hakuna,136,0,1,1.0876,2.4185,0.3671
rmvpe_fix,0602,3943,Hakuna,136,0,1,1.0876,2.4214,0.3705
rmvpe_fix,0604,0713,Potter,3,1,1,0.2957,2.0644,0.7361
rmvpe_fix,0604,0748,Potter,3,1,1,0.3033,2.1449,0.7210
rmvpe_fix,0604,0974,StarWars,3,0,1,0.4160,2.6827,0.5922
rmvpe_fix,0611,0124,Potter,58,1,1,0.7863,0.9175,0.9386
rmvpe_fix,0611,0467,Potter,58,1,1,0.8364,1.1770,0.9030
rmvpe_fix,0611,1178,StarWars,58,0,1,0.6912,2.5575,0.5827
rmvpe_fix,0611,1262,StarWars,58,0,1,0.7997,2.0406,0.6914
rmvpe_fix,0611,3556,Hakuna,58,0,1,0.6311,1.9407,0.7781
rmvpe_fix,0611,3668,Hakuna,58,0,1,0.6010,2.2210,0.6801
rmvpe_fix,0615,0623,Potter,10,1,1,0.9480,1.3188,0.8924
rmvpe_fix,0615,0830,Potter,10,1,1,0.8593,1.3863,0.8573
rmvpe_fix,0615,1176,StarWars,10,0,1,0.9846,1.9103,0.6048
rmvpe_fix,0615,1321,StarWars,10,0,1,0.9287,2.0675,0.4410
rmvpe_fix,0615,3717,Hakuna,10,0,1,0.8882,1.9226,0.7124
rmvpe_fix,0615,3891,Hakuna,10,0,1,0.7264,2.0228,0.4938
rmvpe_fix,0624,0326,Potter,23,1,1,0.9336,1.9893,0.7791
rmvpe_fix,0624,0682,Potter,23,1,1,0.6593,2.2931,0.6289
rmvpe_fix,0624,1335,StarWars,23,0,1,0.8673,2.8005,0.3495
rmvpe_fix,0624,1448,StarWars,23,0,1,0.7832,2.6676,0.5423
rmvpe_fix,0626,0254,Potter,129,1,1,0.7330,1.2207,0.8811
rmvpe_fix,0626,0554,Potter,129,1,1,0.6880,1.0327,0.9137
rmvpe_fix,0626,1014,StarWars,129,0,1,0.3529,2.0902,0.8038
rmvpe_fix,0626,1167,StarWars,129,0,1,0.3597,2.4581,0.6886
rmvpe_fix,0626,3576,Hakuna,129,0,1,0.4973,2.9582,0.4706
rmvpe_fix,0626,3651,Hakuna,129,0,1,0.4782,2.9246,0.5527
rmvpe_fix,0628,0055,Potter,200,1,1,0.9125,1.3045,0.8861
rmvpe_fix,0628,0417,Potter,200,1,1,0.8875,1.2649,0.8950
rmvpe_fix,0628,1015,StarWars,200,0,1,0.9321,2.5687,0.5329
rmvpe_fix,0628,1626,StarWars,200,0,1,0.9000,3.0144,0.4171
rmvpe_fix,0628,3586,Hakuna,200,0,1,0.7339,2.4197,0.3867
rmvpe_fix,0628,3862,Hakuna,200,0,1,0.7625,2.3558,0.4739
rmvpe_fix,0630,0435,Potter,185,1,1,0.4631,2.3020,0.8562
rmvpe_fix,0630,0666,Potter,185,1,1,0.5855,1.6005,0.9132
rmvpe_fix,0630,1173,StarWars,185,0,1,0.5758,3.3016,0.3119
rmvpe_fix,0630,1575,StarWars,185,0,1,0.2643,3.1044,0.5679
rmvpe_fix,0630,3561,Hakuna,185,0,1,0.5772,2.7964,0.6937
rmvpe_fix,0630,3613,Hakuna,185,0,1,0.5939,2.9411,0.5790
rmvpe_fix,0640,0236,Potter,170,1,1,0.2408,3.0324,-0.0155
rmvpe_fix,0640,0668,Potter,170,1,1,0.2702,2.7858,0.4727
rmvpe_fix,0640,1565,StarWars,170,0,1,0.3377,2.4070,0.6458
rmvpe_fix,0641,0282,Potter,8,1,1,1.0794,2.6779,0.6990
rmvpe_fix,0641,0802,Potter,8,1,1,0.9874,2.1104,0.8222
rmvpe_fix,0641,1046,StarWars,8,0,1,0.7870,2.8989,0.4635
rmvpe_fix,0641,1667,StarWars,8,0,1,0.8141,2.7817,0.5778
rmvpe_fix,0641,3795,Hakuna,8,0,1,0.7563,2.7958,0.5473
rmvpe_fix,0641,4144,Hakuna,8,0,1,0.7419,2.8093,0.4302
rmvpe_fix,0643,0649,Potter,197,1,1,0.6981,1.1099,0.9363
rmvpe_fix,0643,0688,Potter,197,1,1,0.7541,1.1829,0.8699
rmvpe_fix,0643,0921,StarWars,197,0,1,0.6966,2.8037,0.6245
rmvpe_fix,0643,1322,StarWars,197,0,1,0.5729,2.7957,0.6349
rmvpe_fix,0643,3512,Hakuna,197,0,1,0.6038,1.8567,0.8537
rmvpe_fix,0643,3851,Hakuna,197,0,1,0.5817,1.8513,0.8554
rmvpe_fix,0644,0350,Potter,72,1,1,0.3981,1.4079,0.8390
rmvpe_fix,0644,0506,Potter,72,1,1,0.3803,1.5154,0.8353
rmvpe_fix,0644,1215,StarWars,72,0,1,0.5744,2.0686,0.7273
rmvpe_fix,0644,1478,StarWars,72,0,1,0.7217,2.9284,0.5888
rmvpe_fix,0644,3666,Hakuna,72,0,1,0.5825,1.5158,0.8436
rmvpe_fix,0644,4069,Hakuna,72,0,1,0.5485,1.5431,0.8368
rmvpe_fix,0653,0623,Potter,10,1,1,0.9939,1.3540,0.8960
rmvpe_fix,0653,0830,Potter,10,1,1,0.9010,1.3592,0.8389
rmvpe_fix,0653,1176,StarWars,10,0,1,1.0323,2.1370,0.5412
rmvpe_fix,0653,1321,StarWars,10,0,1,0.9737,2.0820,0.5159
rmvpe_fix,0653,3717,Hakuna,10,0,1,0.9313,1.9707,0.6840
rmvpe_fix,0653,3891,Hakuna,10,0,1,0.7616,1.9171,0.5940
rmvpe_fix,0655,0470,Potter,91,1,1,0.7495,1.5620,0.8053
rmvpe_fix,0655,0596,Potter,91,1,1,0.9037,1.2558,0.8863
rmvpe_fix,0655,1006,StarWars,91,0,1,0.6127,2.2954,0.4665
rmvpe_fix,0655,1366,StarWars,91,0,1,0.7823,2.2228,0.4475
rmvpe_fix,0655,3411,Hakuna,91,0,1,0.6224,2.3452,0.4016
rmvpe_fix,0655,3440,Hakuna,91,0,1,0.6185,2.4365,0.4002
rmvpe_fix,0656,0288,Potter,208,1,1,0.6599,2.4210,0.4216
rmvpe_fix,0656,0482,Potter,208,1,1,0.6848,2.4440,0.3462
rmvpe_fix,0656,1399,StarWars,208,0,1,0.5326,2.4382,0.3474
rmvpe_fix,0656,1436,StarWars,208,0,1,0.3416,2.3316,0.4340
rmvpe_fix,0656,3519,Hakuna,208,0,1,0.5326,2.3969,0.4907
rmvpe_fix,0657,0279,Potter,223,1,1,0.8541,1.8237,0.9329
rmvpe_fix,0657,0609,Potter,223,1,1,0.8712,1.8110,0.8960
rmvpe_fix,0657,1197,StarWars,223,0,1,0.6538,2.7013,0.5362
rmvpe_fix,0657,3343,Hakuna,223,0,1,0.6538,2.5575,0.6745
rmvpe_fix,0657,4153,Hakuna,223,0,1,0.6495,2.4077,0.7194
rmvpe_fix,0664,0271,Potter,121,1,1,0.9928,1.0434,0.9182
rmvpe_fix,0664,0416,Potter,121,1,1,0.7705,1.6921,0.8301
rmvpe_fix,0664,0852,StarWars,121,0,1,1.0362,2.2782,0.6341
rmvpe_fix,0664,1525,StarWars,121,0,1,0.8502,2.4062,0.5410
rmvpe_fix,0664,3647,Hakuna,121,0,1,0.7826,3.0361,0.1525
rmvpe_fix,0664,4058,Hakuna,121,0,1,0.7729,2.3332,0.5570
rmvpe_fix,0676,0531,Potter,105,1,1,0.8692,1.2426,0.8423
rmvpe_fix,0676,0583,Potter,105,1,1,0.8756,1.0162,0.8358
rmvpe_fix,0676,1579,StarWars,105,0,1,0.7990,2.3702,0.7476
rmvpe_fix,0676,3587,Hakuna,105,0,1,0.7496,2.0928,0.7691
rmvpe_fix,0676,3906,Hakuna,105,0,1,0.7863,2.0016,0.8021
rmvpe_fix,0677,0044,Potter,217,1,1,0.8498,0.8448,0.9312
rmvpe_fix,0677,0101,Potter,217,1,1,0.8940,0.9129,0.9226
rmvpe_fix,0677,1131,StarWars,217,0,1,0.7143,2.4018,0.5940
rmvpe_fix,0677,1509,StarWars,217,0,1,0.7423,2.2791,0.5592
rmvpe_fix,0677,3701,Hakuna,217,0,1,0.8807,1.5858,0.7843
rmvpe_fix,0677,4103,Hakuna,217,0,1,0.8778,1.6731,0.7717
rmvpe_fix,0683,0136,Potter,144,1,1,0.7654,2.1521,0.7527
rmvpe_fix,0683,0330,Potter,144,1,1,0.6903,2.7105,0.3883
rmvpe_fix,0683,1216,StarWars,144,0,1,0.5523,3.0620,0.2355
rmvpe_fix,0683,1421,StarWars,144,0,1,0.6072,2.4665,0.6217
rmvpe_fix,0683,3420,Hakuna,144,0,1,0.5442,3.0221,0.4328
rmvpe_fix,0683,3673,Hakuna,144,0,1,0.5710,3.1231,0.2468
rmvpe_fix,0685,0808,Potter,171,1,1,0.7504,0.9387,0.8867
rmvpe_fix,0685,1079,StarWars,171,0,1,0.6843,1.5143,0.5973
rmvpe_fix,0685,1112,StarWars,171,0,1,0.7884,1.8275,0.4668
rmvpe_fix,0704,0489,Potter,87,1,1,0.7832,1.0150,0.8149
rmvpe_fix,0704,0684,Potter,87,1,1,0.6893,1.0008,0.7328
rmvpe_fix,0704,1090,StarWars,87,0,1,0.6777,1.3068,0.6266
rmvpe_fix,0704,1460,StarWars,87,0,1,0.6676,1.6819,0.4529
rmvpe_fix,0704,3341,Hakuna,87,0,1,0.6431,1.6555,0.3893
rmvpe_fix,0704,3728,Hakuna,87,0,1,0.6936,1.4726,0.5860
rmvpe_fix,0705,0186,Potter,22,1,1,0.7940,1.2325,0.8309
rmvpe_fix,0705,1340,StarWars,22,0,1,0.6637,2.0001,0.6048
rmvpe_fix,0705,3791,Hakuna,22,0,1,0.8680,2.0288,0.6201
rmvpe_fix,0705,3834,Hakuna,22,0,1,0.9225,2.3079,0.5210
rmvpe_fix,0709,0246,Potter,190,1,1,0.6304,1.1502,0.7650
rmvpe_fix,0709,0410,Potter,190,1,1,0.6805,0.9197,0.9147
rmvpe_fix,0709,1077,StarWars,190,0,1,0.6701,1.2358,0.7413
rmvpe_fix,0709,1085,StarWars,190,0,1,0.6563,1.3759,0.6241
rmvpe_fix,0709,3625,Hakuna,190,0,1,0.5734,1.5073,0.6300
rmvpe_fix,0709,3898,Hakuna,190,0,1,0.6788,1.4257,0.8014
rmvpe_fix,0712,0071,Potter,109,1,1,0.6415,3.0708,0.4905
rmvpe_fix,0712,0388,Potter,109,1,1,0.6981,2.4077,0.6789
rmvpe_fix,0712,0986,StarWars,109,0,1,0.7054,1.9721,0.7184
rmvpe_fix,0712,1078,StarWars,109,0,1,0.7475,2.1568,0.7094
rmvpe_fix,0712,3457,Hakuna,109,0,1,0.6052,2.6893,0.5168
rmvpe_fix,0712,3837,Hakuna,109,0,1,0.6255,2.5254,0.6072
rmvpe_fix,0716,0229,Potter,230,1,1,0.6500,1.3846,0.8230
rmvpe_fix,0716,0245,Potter,230,1,1,0.4221,1.3720,0.8782
rmvpe_fix,0716,1010,StarWars,230,0,1,0.5265,2.2470,0.7365
rmvpe_fix,0716,1048,StarWars,230,0,1,0.4309,2.6761,0.5598
rmvpe_fix,0716,3670,Hakuna,230,0,1,0.4632,1.7448,0.8450
rmvpe_fix,0716,3702,Hakuna,230,0,1,0.4985,2.4774,0.6244
rmvpe_fix,0717,0595,Potter,26,1,1,0.7114,1.0163,0.7584
rmvpe_fix,0717,0768,Potter,26,1,1,0.6710,1.3716,0.5411
rmvpe_fix,0717,1087,StarWars,26,0,1,0.4982,1.4590,0.3756
rmvpe_fix,0717,1132,StarWars,26,0,1,0.4853,1.2367,0.5970
rmvpe_fix,0717,3392,Hakuna,26,0,1,0.3051,1.4830,0.4481
rmvpe_fix,0717,4137,Hakuna,26,0,1,0.3125,1.2438,0.6171
rmvpe_fix,0718,0017,Potter,70,1,1,0.8668,1.4244,0.7724
rmvpe_fix,0718,0161,Potter,70,1,1,0.8964,1.3116,0.8230
rmvpe_fix,0718,0929,StarWars,70,0,1,0.8766,2.1302,0.5394
rmvpe_fix,0718,3334,Hakuna,70,0,1,0.9276,1.8820,0.5243
rmvpe_fix,0718,3384,Hakuna,70,0,1,0.8651,1.6619,0.6506
rmvpe_fix,0733,0202,Potter,164,1,1,0.7398,1.4066,0.8928
rmvpe_fix,0733,0293,Potter,164,1,1,0.7383,1.4758,0.8713
rmvpe_fix,0733,1315,StarWars,164,0,1,0.6992,2.9643,0.2222
rmvpe_fix,0733,1482,StarWars,164,0,1,0.6481,2.5036,0.5952
rmvpe_fix,0733,3746,Hakuna,164,0,1,0.6241,2.2857,0.8021
rmvpe_fix,0733,3954,Hakuna,164,0,1,0.6391,2.1974,0.7361
rmvpe_fix,0734,0097,Potter,201,1,1,0.6632,1.1853,0.7614
rmvpe_fix,0734,0396,Potter,201,1,1,0.6914,1.5010,0.3214
rmvpe_fix,0734,0927,StarWars,201,0,1,0.6588,1.2617,0.7005
rmvpe_fix,0734,1129,StarWars,201,0,1,0.6217,1.3579,0.5593
rmvpe_fix,0734,3870,Hakuna,201,0,1,0.4273,1.3529,0.6016
rmvpe_fix,0734,4154,Hakuna,201,0,1,0.4926,1.4794,0.4619
rmvpe_fix,0740,0997,StarWars,135,0,1,0.6792,2.4746,0.4926
rmvpe_fix,0740,1195,StarWars,135,0,1,0.7814,2.3376,0.5581
rmvpe_fix,0740,3501,Hakuna,135,0,1,0.4324,1.9639,0.5619
rmvpe_fix,0740,4070,Hakuna,135,0,1,0.4953,2.4692,0.0658
rmvpe_fix,0741,0756,Potter,219,1,1,0.5989,2.5579,0.6969
rmvpe_fix,0741,0805,Potter,219,1,1,0.8106,2.5033,0.7073
rmvpe_fix,0741,0988,StarWars,219,0,1,0.7409,2.9383,0.3030
rmvpe_fix,0741,1255,StarWars,219,0,1,0.7939,2.9049,0.4232
rmvpe_fix,0741,3355,Hakuna,219,0,1,0.6992,2.8885,0.5076
rmvpe_fix,0741,3635,Hakuna,219,0,1,0.7214,2.8382,0.4744
rmvpe_fix,0742,0017,Potter,70,1,1,0.9411,1.3470,0.7650
rmvpe_fix,0742,0161,Potter,70,1,1,0.9732,1.4180,0.7974
rmvpe_fix,0742,0929,StarWars,70,0,1,0.9518,2.1339,0.4237
rmvpe_fix,0742,3334,Hakuna,70,0,1,1.0071,1.7318,0.4239
rmvpe_fix,0742,3384,Hakuna,70,0,1,0.9393,1.8276,0.3144
rmvpe_fix,0743,0394,Potter,215,1,1,1.0737,3.2826,0.5364
rmvpe_fix,0743,0975,StarWars,215,0,1,0.8638,2.5088,0.7311
rmvpe_fix,0743,1423,StarWars,215,0,1,0.9375,2.3537,0.7605
rmvpe_fix,0743,3480,Hakuna,215,0,1,0.8061,1.9916,0.8005
rmvpe_fix,0743,3858,Hakuna,215,0,1,0.8285,1.9938,0.8203
rmvpe_fix,0746,0427,Potter,174,1,1,0.6252,1.1097,0.8717
rmvpe_fix,0746,0577,Potter,174,1,1,0.5594,1.2056,0.8522
rmvpe_fix,0746,1403,StarWars,174,0,1,0.4755,2.1833,0.3851
rmvpe_fix,0746,1502,StarWars,174,0,1,0.5846,2.6294,0.2743
rmvpe_fix,0746,3424,Hakuna,174,0,1,0.5860,1.6065,0.7164
rmvpe_fix,0746,4122,Hakuna,174,0,1,0.4098,1.6050,0.6941
rmvpe_fix,0751,0373,Potter,122,1,1,0.7396,1.7433,0.9145
rmvpe_fix,0751,0547,Potter,122,1,1,0.6814,1.7954,0.7939
rmvpe_fix,0751,1408,StarWars,122,0,1,0.6025,2.6629,0.6521
rmvpe_fix,0751,1495,StarWars,122,0,1,0.5873,3.2656,0.4113
rmvpe_fix,0751,3595,Hakuna,122,0,1,0.6870,2.9389,0.5534
rmvpe_fix,0751,3655,Hakuna,122,0,1,0.6828,2.3198,0.7280
rmvpe_fix,0766,1030,StarWars,212,0,1,0.3772,2.5274,0.4314
rmvpe_fix,0766,1646,StarWars,212,0,1,0.5159,2.5464,0.3958
rmvpe_fix,0766,3761,Hakuna,212,0,1,0.3815,2.5901,0.3121
rmvpe_fix,0766,3907,Hakuna,212,0,1,0.4653,2.2413,0.6345
rmvpe_fix,0767,0019,Potter,73,1,1,0.6738,1.4548,0.8994
rmvpe_fix,0767,0078,Potter,73,1,1,0.7492,1.7401,0.8547
rmvpe_fix,0767,1154,StarWars,73,0,1,0.5969,2.3060,0.6802
rmvpe_fix,0767,1359,StarWars,73,0,1,0.6908,2.5899,0.5119
rmvpe_fix,0767,3857,Hakuna,73,0,1,0.5954,2.5767,0.6469
rmvpe_fix,0770,0194,Potter,169,1,1,0.6761,2.4534,0.7690
rmvpe_fix,0770,0728,Potter,169,1,1,0.7725,2.4529,0.8022
rmvpe_fix,0770,0848,StarWars,169,0,1,0.6603,2.9284,0.5340
rmvpe_fix,0770,1533,StarWars,169,0,1,0.6367,3.0505,0.5224
rmvpe_fix,0770,3399,Hakuna,169,0,1,0.6635,3.0907,0.3666
rmvpe_fix,0770,3605,Hakuna,169,0,1,0.5592,2.8031,0.6417
rmvpe_fix,0776,3474,Hakuna,82,0,1,0.9432,3.3434,0.4171
rmvpe_fix,0776,3654,Hakuna,82,0,1,0.8091,3.2795,0.4314
rmvpe_fix,0781,0762,Potter,69,1,1,0.4218,2.5189,0.3491
rmvpe_fix,0781,0771,Potter,69,1,1,0.7178,2.5382,0.3485
rmvpe_fix,0781,1323,StarWars,69,0,1,0.2147,2.4966,0.4950
rmvpe_fix,0781,1496,StarWars,69,0,1,0.3160,2.5690,0.2159
rmvpe_fix,0781,3410,Hakuna,69,0,1,0.3328,3.9139,0.3385
rmvpe_fix,0782,0097,Potter,201,1,1,0.6243,1.1312,0.5778
rmvpe_fix,0782,0396,Potter,201,1,1,0.6508,1.2470,0.5346
rmvpe_fix,0782,0927,StarWars,201,0,1,0.6201,1.1586,0.5710
rmvpe_fix,0782,1129,StarWars,201,0,1,0.5852,1.2856,0.4167
rmvpe_fix,0782,3870,Hakuna,201,0,1,0.4022,1.1806,0.6966
rmvpe_fix,0782,4154,Hakuna,201,0,1,0.4637,1.2543,0.6091
rmvpe_fix,0786,0068,Potter,134,1,1,0.4889,2.4787,0.5267
rmvpe_fix,0786,0695,Potter,134,1,1,0.2978,2.4876,0.4340
rmvpe_fix,0786,1461,StarWars,134,0,1,0.2230,2.7500,0.0978
rmvpe_fix,0786,1589,StarWars,134,0,1,0.3199,2.3994,0.4896
rmvpe_fix,0786,3780,Hakuna,134,0,1,0.2853,2.3952,0.5170
rmvpe_fix,0786,3912,Hakuna,134,0,1,0.2701,2.6574,-0.0914
rmvpe_fix,0791,0073,Potter,189,1,1,0.8920,1.7316,0.8612
rmvpe_fix,0791,0298,Potter,189,1,1,0.9913,1.9181,0.8411
rmvpe_fix,0791,1251,StarWars,189,0,1,0.9146,3.1656,0.4004
rmvpe_fix,0791,1497,StarWars,189,0,1,0.9443,3.2165,0.4207
rmvpe_fix,0791,3342,Hakuna,189,0,1,0.9094,2.7556,0.6932
rmvpe_fix,0792,0371,Potter,52,1,1,0.7956,2.6728,0.5454
rmvpe_fix,0792,0529,Potter,52,1,1,0.5467,2.8053,0.6000
rmvpe_fix,0792,0954,StarWars,52,0,1,0.5556,2.7085,0.5517
rmvpe_fix,0792,1331,StarWars,52,0,1,0.4956,2.6414,0.5965
rmvpe_fix,0792,3349,Hakuna,52,0,1,0.6222,2.6606,0.6716
rmvpe_fix,0792,3915,Hakuna,52,0,1,0.7689,2.6153,0.6206
rmvpe_fix,0794,0087,Potter,43,1,1,0.9278,0.7328,0.9681
rmvpe_fix,0794,0212,Potter,43,1,1,1.0309,0.6801,0.9721
rmvpe_fix,0794,1314,StarWars,43,0,1,0.9876,2.4200,0.6712
rmvpe_fix,0794,1490,StarWars,43,0,1,0.9649,2.4843,0.6241
rmvpe_fix,0794,3478,Hakuna,43,0,1,0.9196,2.8107,0.4767
rmvpe_fix,0794,3825,Hakuna,43,0,1,0.9423,2.8537,0.4664
rmvpe_fix,0806,0633,Potter,231,1,1,0.4112,0.6361,0.9819
rmvpe_fix,0806,0803,Potter,231,1,1,0.5000,0.7575,0.9860
rmvpe_fix,0806,1150,StarWars,231,0,1,0.5039,2.8220,0.5203
rmvpe_fix,0806,1605,StarWars,231,0,1,0.5144,2.3895,0.6437
rmvpe_fix,0806,4049,Hakuna,231,0,1,0.6658,1.7847,0.8323
rmvpe_fix,0806,4112,Hakuna,231,0,1,0.6658,1.8645,0.8160
rmvpe_fix,0807,0508,Potter,120,1,1,0.9439,0.6082,0.9814
rmvpe_fix,0807,0559,Potter,120,1,1,0.8604,0.6070,0.9860
rmvpe_fix,0807,0878,StarWars,120,0,1,0.6434,2.8570,0.5925
rmvpe_fix,0807,1449,StarWars,120,0,1,0.6631,2.9066,0.5766
rmvpe_fix,0807,3503,Hakuna,120,0,1,0.5053,2.6169,0.5818
rmvpe_fix,0807,3549,Hakuna,120,0,1,0.6009,3.0572,0.4470
rmvpe_fix,0809,0461,Potter,198,1,1,0.2071,2.3784,0.4919
rmvpe_fix,0810,0371,Potter,52,1,1,0.6486,3.0862,0.2745
rmvpe_fix,0810,0529,Potter,52,1,1,0.4457,2.8083,0.1051
rmvpe_fix,0810,0954,StarWars,52,0,1,0.4529,2.3800,0.5531
rmvpe_fix,0810,1331,StarWars,52,0,1,0.4040,2.0763,0.5758
rmvpe_fix,0810,3349,Hakuna,52,0,1,0.5072,2.1697,0.5511
rmvpe_fix,0810,3915,Hakuna,52,0,1,0.6268,2.2392,0.4597
rmvpe_fix,0811,0350,Potter,72,1,1,0.4465,1.6500,0.8214
rmvpe_fix,0811,0506,Potter,72,1,1,0.4265,1.6160,0.8197
rmvpe_fix,0811,1215,StarWars,72,0,1,0.6443,1.9665,0.7650
rmvpe_fix,0811,1478,StarWars,72,0,1,0.8094,3.2323,0.5550
rmvpe_fix,0811,3666,Hakuna,72,0,1,0.6534,1.7266,0.7822
rmvpe_fix,0811,4069,Hakuna,72,0,1,0.6152,1.7578,0.7765
rmvpe_fix,0813,0531,Potter,105,1,1,0.9332,1.2097,0.9007
rmvpe_fix,0813,0583,Potter,105,1,1,0.9401,0.9241,0.8853
rmvpe_fix,0813,1579,StarWars,105,0,1,0.8579,2.3649,0.7597
rmvpe_fix,0813,3587,Hakuna,105,0,1,0.8048,2.0008,0.7972
rmvpe_fix,0813,3906,Hakuna,105,0,1,0.8442,1.9763,0.8112
rmvpe_fix,0814,0508,Potter,120,1,1,0.9067,0.5629,0.9782
rmvpe_fix,0814,0559,Potter,120,1,1,0.8265,0.7543,0.9712
rmvpe_fix,0814,0878,StarWars,120,0,1,0.6181,2.5088,0.6233
rmvpe_fix,0814,1449,StarWars,120,0,1,0.6370,2.5336,0.6483
rmvpe_fix,0814,3503,Hakuna,120,0,1,0.4854,2.7867,0.4176
rmvpe_fix,0814,3549,Hakuna,120,0,1,0.5773,3.1765,0.2652
rmvpe_fix,0817,0136,Potter,144,1,1,0.7664,1.8473,0.8052
rmvpe_fix,0817,0330,Potter,144,1,1,0.6913,2.4559,0.4968
rmvpe_fix,0817,1216,StarWars,144,0,1,0.5530,2.7780,0.3229
rmvpe_fix,0817,1421,StarWars,144,0,1,0.6081,2.2520,0.7206
rmvpe_fix,0817,3420,Hakuna,144,0,1,0.5450,2.9809,0.1977
rmvpe_fix,0817,3673,Hakuna,144,0,1,0.5718,3.0163,0.2359
rmvpe_fix,0822,0373,Potter,122,1,1,0.7111,1.5735,0.8118
rmvpe_fix,0822,0547,Potter,122,1,1,0.6551,2.1501,0.5176
rmvpe_fix,0822,1408,StarWars,122,0,1,0.5792,2.4597,0.4946
rmvpe_fix,0822,1495,StarWars,122,0,1,0.5646,2.5981,0.3727
rmvpe_fix,0822,3595,Hakuna,122,0,1,0.6605,1.7662,0.8095
rmvpe_fix,0822,3655,Hakuna,122,0,1,0.6565,2.1312,0.6865
rmvpe_fix,0827,0041,Potter,151,1,1,0.7317,0.8976,0.9470
rmvpe_fix,0827,0778,Potter,151,1,1,0.7917,1.0341,0.9263
rmvpe_fix,0827,1060,StarWars,151,0,1,0.8850,2.7222,0.4913
rmvpe_fix,0827,1252,StarWars,151,0,1,0.8550,2.4204,0.5820
rmvpe_fix,0827,3523,Hakuna,151,0,1,0.5967,1.9544,0.6919
rmvpe_fix,0827,3573,Hakuna,151,0,1,0.7100,2.0494,0.6544
rmvpe_fix,0828,0123,Potter,29,1,1,0.7006,1.3252,0.9010
rmvpe_fix,0828,0631,Potter,29,1,1,0.7378,0.9601,0.9568
rmvpe_fix,0828,1142,StarWars,29,0,1,0.8708,2.3042,0.5516
rmvpe_fix,0828,1493,StarWars,29,0,1,0.9002,2.2311,0.5895
rmvpe_fix,0828,3893,Hakuna,29,0,1,0.7573,2.2646,0.4901
rmvpe_fix,0828,4086,Hakuna,29,0,1,0.7906,2.2370,0.5565
rmvpe_fix,0832,0553,Potter,0,1,1,0.6617,2.7379,0.7146
rmvpe_fix,0832,0590,Potter,0,1,1,0.6511,2.8484,0.6700
rmvpe_fix,0832,0915,StarWars,0,0,1,0.4814,3.6544,0.6233
rmvpe_fix,0832,1140,StarWars,0,0,1,0.4730,3.6884,0.6221
rmvpe_fix,0832,3690,Hakuna,0,0,1,0.6341,3.9605,0.4084
rmvpe_fix,0832,4031,Hakuna,0,0,1,0.6288,3.4304,0.6127
rmvpe_fix,0834,0236,Potter,170,1,1,0.2459,3.0005,-0.0413
rmvpe_fix,0834,0668,Potter,170,1,1,0.2759,2.7000,0.4845
rmvpe_fix,0834,1565,StarWars,170,0,1,0.3448,2.4847,0.5652
rmvpe_fix,0836,0470,Potter,91,1,1,0.7009,1.6252,0.7783
rmvpe_fix,0836,0596,Potter,91,1,1,0.8450,1.2037,0.8993
rmvpe_fix,0836,1006,StarWars,91,0,1,0.5730,2.5292,0.2245
rmvpe_fix,0836,1366,StarWars,91,0,1,0.7315,2.1026,0.5251
rmvpe_fix,0836,3411,Hakuna,91,0,1,0.5820,2.3180,0.4267
rmvpe_fix,0836,3440,Hakuna,91,0,1,0.5784,2.4086,0.4097
rmvpe_raw,0001,0111,Potter,100,1,1,0.3050,1.8033,0.5759
rmvpe_raw,0001,0407,Potter,100,1,1,0.3314,1.7189,0.6439
rmvpe_raw,0001,1040,StarWars,100,0,1,0.5440,2.1136,0.4021
rmvpe_raw,0001,1344,StarWars,100,0,1,0.1129,2.0763,0.4623
rmvpe_raw,0001,3448,Hakuna,100,0,1,0.1760,2.1111,0.5064
rmvpe_raw,0001,4068,Hakuna,100,0,1,0.3240,2.1632,0.3285
rmvpe_raw,0007,0019,Potter,73,1,1,0.2874,3.3400,0.2247
rmvpe_raw,0007,0078,Potter,73,1,1,0.4012,3.0463,0.5972
rmvpe_raw,0007,1154,StarWars,73,0,1,0.2320,3.2605,0.6177
rmvpe_raw,0007,1359,StarWars,73,0,1,0.2605,2.3419,0.6690
rmvpe_raw,0007,3857,Hakuna,73,0,1,0.2036,2.2920,0.6860
rmvpe_raw,0011,0081,Potter,49,1,1,0.2584,2.5638,0.5593
rmvpe_raw,0011,0423,Potter,49,1,1,0.2183,3.3615,0.0574
rmvpe_raw,0011,1420,StarWars,49,0,1,0.4222,2.4793,0.5075
rmvpe_raw,0011,3920,Hakuna,49,0,1,0.3307,2.8969,0.5410
rmvpe_raw,0011,4138,Hakuna,49,0,1,0.3130,2.8822,0.6404
rmvpe_raw,0024,0397,Potter,20,1,1,0.6351,1.2455,0.8580
rmvpe_raw,0024,0513,Potter,20,1,1,0.5215,1.6202,0.7813
rmvpe_raw,0024,1297,StarWars,20,0,1,0.6213,2.6132,0.5654
rmvpe_raw,0024,1582,StarWars,20,0,1,0.4596,2.4410,0.5548
rmvpe_raw,0024,3642,Hakuna,20,0,1,0.5284,3.5622,0.3211
rmvpe_raw,0024,3992,Hakuna,20,0,1,0.4871,3.8151,0.4170
rmvpe_raw,0025,3474,Hakuna,82,0,1,0.3170,3.8304,0.1451
rmvpe_raw,0025,3654,Hakuna,82,0,1,0.3425,3.4016,0.4030
rmvpe_raw,0026,0319,Potter,54,1,1,0.4610,2.7826,0.6383
rmvpe_raw,0026,0573,Potter,54,1,1,0.4220,2.8727,0.5617
rmvpe_raw,0026,0885,StarWars,54,0,1,0.6936,3.2282,0.5044
rmvpe_raw,0026,1561,StarWars,54,0,1,0.7103,2.6091,0.7473
rmvpe_raw,0026,3395,Hakuna,54,0,1,0.3064,3.0580,0.5328
rmvpe_raw,0026,3880,Hakuna,54,0,1,0.3078,3.5545,0.6092
rmvpe_raw,0027,0102,Potter,191,1,1,0.1848,3.6586,0.4298
rmvpe_raw,0027,0426,Potter,191,1,1,0.1109,3.1371,0.2170
rmvpe_raw,0027,0993,StarWars,191,0,1,0.1128,1.9647,0.6138
rmvpe_raw,0027,1506,StarWars,191,0,1,0.1054,2.2086,0.6323
rmvpe_raw,0027,3928,Hakuna,191,0,1,0.2144,1.9104,0.5765
rmvpe_raw,0027,3984,Hakuna,191,0,1,0.1460,1.9300,0.6418
rmvpe_raw,0028,0408,Potter,145,1,1,0.2492,3.2090,0.4998
rmvpe_raw,0028,0619,Potter,145,1,1,0.2762,2.8401,0.6181
rmvpe_raw,0028,0956,StarWars,145,0,1,0.4476,2.9606,0.6075
rmvpe_raw,0028,1199,StarWars,145,0,1,0.4286,2.9919,0.5199
rmvpe_raw,0028,3712,Hakuna,145,0,1,0.2286,2.6494,0.8035
rmvpe_raw,0028,3793,Hakuna,145,0,1,0.2190,2.1633,0.7987
rmvpe_raw,0032,0140,Potter,175,1,1,0.1713,4.1112,0.4187
rmvpe_raw,0032,1428,StarWars,175,0,1,0.0865,7.1198,0.4957
rmvpe_raw,0032,1599,StarWars,175,0,1,0.1272,3.5478,0.3237
rmvpe_raw,0032,3425,Hakuna,175,0,1,0.7537,2.6843,0.4803
rmvpe_raw,0032,3997,Hakuna,175,0,1,0.8059,2.4723,0.6436
rmvpe_raw,0033,0186,Potter,22,1,1,0.1651,2.2819,0.5177
rmvpe_raw,0033,3791,Hakuna,22,0,1,0.1317,3.1061,0.2531
rmvpe_raw,0033,3834,Hakuna,22,0,1,0.2523,2.3947,0.4424
rmvpe_raw,0050,0254,Potter,129,1,1,0.2412,2.3972,0.7170
rmvpe_raw,0050,0554,Potter,129,1,1,0.2803,3.1279,0.4905
rmvpe_raw,0050,3576,Hakuna,129,0,1,0.0930,3.2924,0.3243
rmvpe_raw,0050,3651,Hakuna,129,0,1,0.0916,3.5738,0.2291
rmvpe_raw,0054,0370,Potter,153,1,1,0.4092,3.0683,0.5514
rmvpe_raw,0054,0710,Potter,153,1,1,0.5445,1.8088,0.6785
rmvpe_raw,0054,0882,StarWars,153,0,1,0.4503,1.7812,0.5566
rmvpe_raw,0054,1138,StarWars,153,0,1,0.4144,2.3937,0.2721
rmvpe_raw,0054,3534,Hakuna,153,0,1,0.6592,1.6753,0.3732
rmvpe_raw,0054,3689,Hakuna,153,0,1,0.5942,1.7309,0.2185
rmvpe_raw,0056,0073,Potter,189,1,1,0.1928,3.3232,0.3547
rmvpe_raw,0056,0298,Potter,189,1,1,0.2998,2.5391,0.5320
rmvpe_raw,0056,1251,StarWars,189,0,1,0.3443,2.3813,0.5313
rmvpe_raw,0056,1497,StarWars,189,0,1,0.3624,2.8168,0.3972
rmvpe_raw,0056,3342,Hakuna,189,0,1,0.2208,2.0975,0.8022
rmvpe_raw,0063,0206,Potter,84,1,1,0.1297,5.7483,0.1135
rmvpe_raw,0063,1341,StarWars,84,0,1,0.4788,3.5129,0.2961
rmvpe_raw,0063,1504,StarWars,84,0,1,0.1920,2.0737,0.8342
rmvpe_raw,0065,0010,Potter,92,1,1,0.2504,2.2729,0.7178
rmvpe_raw,0065,0232,Potter,92,1,1,0.1464,2.2908,0.7543
rmvpe_raw,0065,0922,StarWars,92,0,1,0.1332,3.2655,0.3106
rmvpe_raw,0065,4028,Hakuna,92,0,1,0.3690,2.6041,0.6141
rmvpe_raw,0066,0038,Potter,207,1,1,0.1837,3.9598,0.3285
rmvpe_raw,0066,0672,Potter,207,1,1,0.1939,3.2049,0.4661
rmvpe_raw,0066,3446,Hakuna,207,0,1,0.1718,2.6133,0.6184
rmvpe_raw,0066,3565,Hakuna,207,0,1,0.1922,2.0876,0.7077
rmvpe_raw,0070,0504,Potter,90,1,1,0.1346,2.5222,0.6235
rmvpe_raw,0070,0597,Potter,90,1,1,0.2148,2.7366,0.5972
rmvpe_raw,0070,0886,StarWars,90,0,1,0.1346,2.9387,0.3565
rmvpe_raw,0070,1075,StarWars,90,0,1,0.1316,3.0731,0.4022
rmvpe_raw,0070,3378,Hakuna,90,0,1,0.2602,2.5214,0.6541
rmvpe_raw,0070,3455,Hakuna,90,0,1,0.2905,2.8336,0.3785
rmvpe_raw,0080,0292,Potter,166,1,1,0.3522,2.4229,0.7517
rmvpe_raw,0080,0353,Potter,166,1,1,0.3836,4.8126,0.0467
rmvpe_raw,0080,1267,StarWars,166,0,1,0.1174,3.5262,-0.2759
rmvpe_raw,0084,3332,Hakuna,6,0,1,0.4858,3.3859,0.4244
rmvpe_raw,0088,0239,Potter,59,1,1,0.1358,2.8067,0.3892
rmvpe_raw,0088,0798,Potter,59,1,1,0.1053,3.1028,0.3358
rmvpe_raw,0091,0008,Potter,213,1,1,0.6885,2.7681,0.6629
rmvpe_raw,0091,0681,Potter,213,1,1,0.5990,3.0126,0.5632
rmvpe_raw,0091,0860,StarWars,213,0,1,0.6374,2.3567,0.7453
rmvpe_raw,0091,1317,StarWars,213,0,1,0.5958,2.4240,0.7096
rmvpe_raw,0091,3548,Hakuna,213,0,1,0.1406,2.5162,0.6202
rmvpe_raw,0091,3720,Hakuna,213,0,1,0.1837,1.9606,0.7838
rmvpe_raw,0093,0271,Potter,121,1,1,0.2081,3.2551,0.4187
rmvpe_raw,0093,0416,Potter,121,1,1,0.2998,2.6571,0.5608
rmvpe_raw,0093,0852,StarWars,121,0,1,0.2752,2.9519,0.5258
rmvpe_raw,0093,1525,StarWars,121,0,1,0.1946,2.6103,0.5585
rmvpe_raw,0093,3647,Hakuna,121,0,1,0.1902,3.5508,0.6879
rmvpe_raw,0093,4058,Hakuna,121,0,1,0.2573,3.0215,0.4293
rmvpe_raw,0098,0616,Potter,71,1,1,0.1460,2.6642,0.5153
rmvpe_raw,0098,0753,Potter,71,1,1,0.2301,2.4621,0.6587
rmvpe_raw,0099,3332,Hakuna,6,0,1,0.4765,3.3148,0.4413
rmvpe_raw,0100,0090,Potter,24,1,1,0.3038,2.2664,0.7432
rmvpe_raw,0100,0320,Potter,24,1,1,0.2631,2.1553,0.8101
rmvpe_raw,0100,1045,StarWars,24,0,1,0.3241,2.8576,0.5511
rmvpe_raw,0100,1325,StarWars,24,0,1,0.2965,2.8396,0.6131
rmvpe_raw,0100,3814,Hakuna,24,0,1,0.3154,3.1975,0.5439
rmvpe_raw,0100,4118,Hakuna,24,0,1,0.2951,3.2364,0.4323
rmvpe_raw,0105,0057,Potter,60,1,1,0.9319,2.6498,0.7137
rmvpe_raw,0105,0348,Potter,60,1,1,0.8871,2.8019,0.6016
rmvpe_raw,0112,0484,Potter,162,1,1,0.4144,2.6396,0.7274
rmvpe_raw,0112,0599,Potter,162,1,1,0.3536,3.6261,0.1400
rmvpe_raw,0112,1508,StarWars,162,0,1,0.5424,2.6400,0.6454
rmvpe_raw,0112,1606,StarWars,162,0,1,0.4096,2.1484,0.7749
rmvpe_raw,0113,0651,Potter,97,1,1,0.3220,2.3246,0.7204
rmvpe_raw,0113,0706,Potter,97,1,1,0.3483,2.7147,0.5750
rmvpe_raw,0113,1313,StarWars,97,0,1,0.2353,3.1404,0.4028
rmvpe_raw,0113,1418,StarWars,97,0,1,0.2492,2.1658,0.7450
rmvpe_raw,0115,0438,Potter,192,1,1,0.2999,3.5114,0.1436
rmvpe_raw,0115,0783,Potter,192,1,1,0.1713,6.8472,-0.0416
rmvpe_raw,0115,0909,StarWars,192,0,1,0.2851,3.8964,0.0824
rmvpe_raw,0115,1642,StarWars,192,0,1,0.1979,2.6242,0.3721
rmvpe_raw,0115,4148,Hakuna,192,0,1,0.0960,3.0362,0.1398
rmvpe_raw,0116,0356,Potter,196,1,1,0.2740,2.2959,0.7812
rmvpe_raw,0116,0686,Potter,196,1,1,0.2180,3.5968,0.2374
rmvpe_raw,0116,0907,StarWars,196,0,1,0.1080,3.3485,0.5342
rmvpe_raw,0116,1611,StarWars,196,0,1,0.1500,2.0026,0.8300
rmvpe_raw,0116,4056,Hakuna,196,0,1,0.2680,3.6192,0.2719
rmvpe_raw,0116,4082,Hakuna,196,0,1,0.2240,3.0935,0.5496
rmvpe_raw,0118,0004,Potter,160,1,1,0.2000,1.5889,0.2580
rmvpe_raw,0118,0517,Potter,160,1,1,0.1431,1.4393,0.2507
rmvpe_raw,0118,1390,StarWars,160,0,1,0.3207,1.3550,0.7460
rmvpe_raw,0118,1641,StarWars,160,0,1,0.2828,2.0209,0.4741
rmvpe_raw,0118,3786,Hakuna,160,0,1,0.2586,1.4330,0.4420
rmvpe_raw,0118,3994,Hakuna,160,0,1,0.2207,1.1932,0.6563
rmvpe_raw,0121,1027,StarWars,96,0,1,0.1526,2.5461,0.4873
rmvpe_raw,0121,1402,StarWars,96,0,1,0.2425,2.1819,0.6177
rmvpe_raw,0121,3406,Hakuna,96,0,1,0.1398,2.4272,0.5454
rmvpe_raw,0121,3938,Hakuna,96,0,1,0.1541,2.7465,0.2824
rmvpe_raw,0122,0582,Potter,57,1,1,0.3339,6.8443,-0.1096
rmvpe_raw,0122,0801,Potter,57,1,1,0.3904,4.2837,0.4416
rmvpe_raw,0122,0985,StarWars,57,0,1,0.3887,5.8184,0.3660
rmvpe_raw,0122,1249,StarWars,57,0,1,0.3664,5.1968,0.1439
rmvpe_raw,0122,3745,Hakuna,57,0,1,0.7911,6.2973,0.3204
rmvpe_raw,0122,3802,Hakuna,57,0,1,0.7449,6.3023,0.3900
rmvpe_raw,0127,3896,Hakuna,228,0,1,0.2256,5.3997,-0.1448
rmvpe_raw,0133,0797,Potter,16,1,1,0.0836,4.0434,-0.6661
rmvpe_raw,0133,3846,Hakuna,16,0,1,0.4983,3.1812,0.4733
rmvpe_raw,0133,4150,Hakuna,16,0,1,0.4933,3.2187,0.5815
rmvpe_raw,0135,0279,Potter,223,1,1,0.1459,2.2340,0.6598
rmvpe_raw,0135,0609,Potter,223,1,1,0.0905,2.3772,0.5915
rmvpe_raw,0135,3343,Hakuna,223,0,1,0.1081,2.7205,0.4693
rmvpe_raw,0135,4153,Hakuna,223,0,1,0.1203,2.1214,0.6840
rmvpe_raw,0138,0397,Potter,20,1,1,0.6531,1.4030,0.8460
rmvpe_raw,0138,0513,Potter,20,1,1,0.5363,1.6337,0.7979
rmvpe_raw,0138,1297,StarWars,20,0,1,0.6389,2.5598,0.5774
rmvpe_raw,0138,1582,StarWars,20,0,1,0.4726,2.4960,0.5738
rmvpe_raw,0138,3642,Hakuna,20,0,1,0.5434,4.0551,0.2568
rmvpe_raw,0138,3992,Hakuna,20,0,1,0.5009,4.5445,0.1343
rmvpe_raw,0139,1461,StarWars,134,0,1,0.0825,2.3272,0.6357
rmvpe_raw,0139,1589,StarWars,134,0,1,0.0875,2.4397,0.3477
rmvpe_raw,0142,0542,Potter,44,1,1,0.2225,2.6330,0.6335
rmvpe_raw,0142,0739,Potter,44,1,1,0.2556,2.7571,0.6115
rmvpe_raw,0142,0964,StarWars,44,0,1,0.6477,2.3626,0.7262
rmvpe_raw,0142,1026,StarWars,44,0,1,0.5815,2.4710,0.6587
rmvpe_raw,0142,3485,Hakuna,44,0,1,0.2040,3.1035,0.5656
rmvpe_raw,0142,3781,Hakuna,44,0,1,0.1444,3.4135,0.3869
rmvpe_raw,0149,0631,Potter,29,1,1,0.2403,1.9662,0.6060
rmvpe_raw,0149,1142,StarWars,29,0,1,0.1116,2.3588,0.4853
rmvpe_raw,0149,1493,StarWars,29,0,1,0.1631,1.8388,0.5828
rmvpe_raw,0150,0787,Potter,136,1,1,0.1610,2.7358,0.3981
rmvpe_raw,0150,0837,Potter,136,1,1,0.2175,3.0646,0.4677
rmvpe_raw,0150,1004,StarWars,136,0,1,0.3065,3.2197,0.1212
rmvpe_raw,0150,1042,StarWars,136,0,1,0.3853,2.3770,0.6171
rmvpe_raw,0150,3526,Hakuna,136,0,1,0.3818,3.4575,-0.0684
rmvpe_raw,0150,3943,Hakuna,136,0,1,0.3921,3.4691,0.0414
rmvpe_raw,0157,1163,StarWars,137,0,1,0.1627,2.6293,0.5050
rmvpe_raw,0157,3594,Hakuna,137,0,1,0.3012,2.8637,0.4571
rmvpe_raw,0157,3944,Hakuna,137,0,1,0.3705,2.5537,0.4816
rmvpe_raw,0159,0181,Potter,13,1,1,0.4477,2.4164,0.4550
rmvpe_raw,0159,0299,Potter,13,1,1,0.3321,2.1223,0.3826
rmvpe_raw,0159,1619,StarWars,13,0,1,0.3177,1.4637,0.6397
rmvpe_raw,0159,3353,Hakuna,13,0,1,0.3339,2.8322,0.1478
rmvpe_raw,0159,4020,Hakuna,13,0,1,0.1877,3.4065,0.2386
rmvpe_raw,0162,0553,Potter,0,1,1,0.1988,5.2221,0.2460
rmvpe_raw,0162,0590,Potter,0,1,1,0.1827,4.1349,0.5928
rmvpe_raw,0162,1140,StarWars,0,0,1,0.0542,4.8065,0.3472
rmvpe_raw,0165,0377,Potter,234,1,1,0.2812,3.5991,0.3865
rmvpe_raw,0165,0406,Potter,234,1,1,0.4081,2.6654,0.7163
rmvpe_raw,0165,0906,StarWars,234,0,1,0.5643,3.2091,0.6130
rmvpe_raw,0165,3484,Hakuna,234,0,1,0.2390,2.8940,0.6790
rmvpe_raw,0165,3975,Hakuna,234,0,1,0.2555,3.5093,0.5395
rmvpe_raw,0166,0424,Potter,38,1,1,0.7675,2.2825,0.5866
rmvpe_raw,0166,0829,Potter,38,1,1,0.5303,2.1790,0.4984
rmvpe_raw,0166,1149,StarWars,38,0,1,0.6385,1.8512,0.7636
rmvpe_raw,0166,1273,StarWars,38,0,1,0.4697,2.1847,0.6303
rmvpe_raw,0166,3506,Hakuna,38,0,1,0.4475,2.1846,0.4734
rmvpe_raw,0166,3732,Hakuna,38,0,1,0.5621,2.3952,0.2632
rmvpe_raw,0167,0075,Potter,55,1,1,0.3209,2.4761,0.3913
rmvpe_raw,0167,0785,Potter,55,1,1,0.2351,2.5325,0.2807
rmvpe_raw,0167,1160,StarWars,55,0,1,0.1343,2.1490,0.5523
rmvpe_raw,0167,1648,StarWars,55,0,1,0.3116,1.8660,0.7519
rmvpe_raw,0167,3887,Hakuna,55,0,1,0.5075,2.2386,0.6488
rmvpe_raw,0167,4060,Hakuna,55,0,1,0.3358,2.0250,0.6128
rmvpe_raw,0173,0090,Potter,24,1,1,0.2923,2.2268,0.7260
rmvpe_raw,0173,0320,Potter,24,1,1,0.2531,2.0801,0.8141
rmvpe_raw,0173,1045,StarWars,24,0,1,0.3119,2.9213,0.5227
rmvpe_raw,0173,1325,StarWars,24,0,1,0.2853,2.8836,0.5978
rmvpe_raw,0173,3814,Hakuna,24,0,1,0.3035,3.1922,0.5408
rmvpe_raw,0173,4118,Hakuna,24,0,1,0.2839,3.1537,0.3951
rmvpe_raw,0174,0361,Potter,46,1,1,0.2561,2.2782,0.4589
rmvpe_raw,0174,0632,Potter,46,1,1,0.1572,1.7466,0.7885
rmvpe_raw,0174,0841,StarWars,46,0,1,0.3241,3.0349,0.4847
rmvpe_raw,0174,1237,StarWars,46,0,1,0.1669,2.6443,0.3251
rmvpe_raw,0174,3661,Hakuna,46,0,1,0.2593,1.8734,0.6828
rmvpe_raw,0174,4156,Hakuna,46,0,1,0.3031,1.9999,0.6437
rmvpe_raw,0179,0288,Potter,208,1,1,0.3777,2.5178,0.4587
rmvpe_raw,0179,0482,Potter,208,1,1,0.4202,2.5429,0.4731
rmvpe_raw,0179,1399,StarWars,208,0,1,0.1596,2.4106,0.6818
rmvpe_raw,0179,1436,StarWars,208,0,1,0.1098,2.6263,0.2150
rmvpe_raw,0179,3519,Hakuna,208,0,1,0.0864,2.7573,0.1578
rmvpe_raw,0180,0386,Potter,184,1,1,0.2476,3.4741,0.3267
rmvpe_raw,0180,0729,Potter,184,1,1,0.1669,2.7284,0.5498
rmvpe_raw,0180,0887,StarWars,184,0,1,0.0996,2.9367,0.6802
rmvpe_raw,0180,3612,Hakuna,184,0,1,0.1655,3.3747,0.4906
rmvpe_raw,0180,3844,Hakuna,184,0,1,0.1467,3.5891,0.5271
rmvpe_raw,0183,0437,Potter,40,1,1,0.1448,3.3347,0.4483
rmvpe_raw,0183,0892,StarWars,40,0,1,0.1475,2.1953,0.7759
rmvpe_raw,0183,1600,StarWars,40,0,1,0.1083,3.8974,0.2206
rmvpe_raw,0183,3966,Hakuna,40,0,1,0.1286,2.6547,0.6231
rmvpe_raw,0183,4094,Hakuna,40,0,1,0.1286,2.1914,0.7422
rmvpe_raw,0188,0198,Potter,67,1,1,0.1156,2.8892,0.5501
rmvpe_raw,0188,0369,Potter,67,1,1,0.1476,2.8656,0.5477
rmvpe_raw,0188,1298,StarWars,67,0,1,0.1713,3.3108,0.5947
rmvpe_raw,0188,1326,StarWars,67,0,1,0.0891,2.6885,0.6789
rmvpe_raw,0188,3412,Hakuna,67,0,1,0.0836,3.6724,0.1606
rmvpe_raw,0190,0732,Potter,150,1,1,0.1381,1.6867,0.8349
rmvpe_raw,0190,0825,Potter,150,1,1,0.1647,3.5320,0.1831
rmvpe_raw,0190,0844,StarWars,150,0,1,0.2629,2.4978,0.6437
rmvpe_raw,0190,1510,StarWars,150,0,1,0.2396,2.0581,0.7888
rmvpe_raw,0190,3493,Hakuna,150,0,1,0.1764,2.9940,0.3233
rmvpe_raw,0195,0370,Potter,153,1,1,0.3390,2.9024,0.6478
rmvpe_raw,0195,0710,Potter,153,1,1,0.4511,2.0462,0.7139
rmvpe_raw,0195,0882,StarWars,153,0,1,0.3730,2.0091,0.7513
rmvpe_raw,0195,1138,StarWars,153,0,1,0.3433,2.6175,0.4354
rmvpe_raw,0195,3534,Hakuna,153,0,1,0.5461,2.3090,0.2925
rmvpe_raw,0195,3689,Hakuna,153,0,1,0.4922,2.2368,0.3697
rmvpe_raw,0197,0060,Potter,222,1,1,0.5951,1.5143,0.7438
rmvpe_raw,0197,0107,Potter,222,1,1,0.5323,2.5864,0.3492
rmvpe_raw,0197,0959,StarWars,222,0,1,0.1832,2.5166,0.4372
rmvpe_raw,0197,1276,StarWars,222,0,1,0.1832,2.0520,0.6784
rmvpe_raw,0197,4064,Hakuna,222,0,1,0.3787,2.5211,0.2676
rmvpe_raw,0197,4085,Hakuna,222,0,1,0.4956,1.9756,0.6006
rmvpe_raw,0204,0102,Potter,191,1,1,0.1980,3.4579,0.4521
rmvpe_raw,0204,0426,Potter,191,1,1,0.1188,2.7066,0.4008
rmvpe_raw,0204,0993,StarWars,191,0,1,0.1208,2.0312,0.5133
rmvpe_raw,0204,1506,StarWars,191,0,1,0.1129,2.3346,0.6241
rmvpe_raw,0204,3928,Hakuna,191,0,1,0.2297,1.8347,0.6623
rmvpe_raw,0204,3984,Hakuna,191,0,1,0.1564,1.9949,0.5979
rmvpe_raw,0210,0055,Potter,200,1,1,0.4129,1.9328,0.6734
rmvpe_raw,0210,0417,Potter,200,1,1,0.3679,2.0264,0.6362
rmvpe_raw,0210,1015,StarWars,200,0,1,0.4266,2.0352,0.7088
rmvpe_raw,0210,1626,StarWars,200,0,1,0.3620,2.6696,0.5152
rmvpe_raw,0210,3586,Hakuna,200,0,1,0.4540,2.0313,0.6112
rmvpe_raw,0210,3862,Hakuna,200,0,1,0.4951,1.9053,0.7296
rmvpe_raw,0215,0229,Potter,230,1,1,0.1439,3.3753,0.4177
rmvpe_raw,0215,3670,Hakuna,230,0,1,0.1636,2.9561,0.5640
rmvpe_raw,0215,3702,Hakuna,230,0,1,0.1566,3.4156,0.4773
rmvpe_raw,0219,0076,Potter,30,1,1,0.1561,3.3212,0.4051
rmvpe_raw,0219,0151,Potter,30,1,1,0.1811,3.6279,0.4106
rmvpe_raw,0219,1101,StarWars,30,0,1,0.3090,2.2611,0.7251
rmvpe_raw,0219,1369,StarWars,30,0,1,0.3173,2.7381,0.5802
rmvpe_raw,0219,3443,Hakuna,30,0,1,0.1495,3.4505,0.3805
rmvpe_raw,0219,3694,Hakuna,30,0,1,0.1811,4.3149,0.1920
rmvpe_raw,0220,0997,StarWars,135,0,1,0.0862,2.7216,0.5078
rmvpe_raw,0220,1195,StarWars,135,0,1,0.1017,2.9161,0.2697
rmvpe_raw,0220,3501,Hakuna,135,0,1,0.0914,2.1850,0.5515
rmvpe_raw,0225,0680,Potter,123,1,1,0.1770,5.8921,-0.1961
rmvpe_raw,0225,0835,Potter,123,1,1,0.3694,3.3704,0.1785
rmvpe_raw,0225,1196,StarWars,123,0,1,0.4719,5.7626,0.2727
rmvpe_raw,0225,1378,StarWars,123,0,1,0.5267,4.4754,0.2154
rmvpe_raw,0225,3567,Hakuna,123,0,1,0.1489,6.1516,0.6216
rmvpe_raw,0225,3787,Hakuna,123,0,1,0.2430,8.3205,-0.0589
rmvpe_raw,0228,0124,Potter,58,1,1,0.2072,4.1665,0.3926
rmvpe_raw,0228,0467,Potter,58,1,1,0.1533,3.0186,0.5117
rmvpe_raw,0228,1178,StarWars,58,0,1,0.1305,3.8131,0.3642
rmvpe_raw,0228,1262,StarWars,58,0,1,0.1370,2.2262,0.6514
rmvpe_raw,0228,3556,Hakuna,58,0,1,0.1843,3.2037,0.4798
rmvpe_raw,0228,3668,Hakuna,58,0,1,0.1729,5.7864,0.5648
rmvpe_raw,0230,0010,Potter,92,1,1,0.2446,2.3076,0.7042
rmvpe_raw,0230,0232,Potter,92,1,1,0.1431,2.2448,0.7665
rmvpe_raw,0230,0922,StarWars,92,0,1,0.1302,3.1717,0.3562
rmvpe_raw,0230,4028,Hakuna,92,0,1,0.3605,2.5651,0.6393
rmvpe_raw,0231,0595,Potter,26,1,1,0.2962,1.8163,0.4372
rmvpe_raw,0231,0768,Potter,26,1,1,0.2604,1.7930,0.3114
rmvpe_raw,0231,1087,StarWars,26,0,1,0.2306,1.9144,0.2761
rmvpe_raw,0231,1132,StarWars,26,0,1,0.1590,1.4756,0.6276
rmvpe_raw,0233,0633,Potter,231,1,1,0.1252,2.6769,0.4891
rmvpe_raw,0233,0803,Potter,231,1,1,0.1575,2.5698,0.5061
rmvpe_raw,0233,1150,StarWars,231,0,1,0.0740,2.5581,0.5291
rmvpe_raw,0233,1605,StarWars,231,0,1,0.0848,3.8190,0.5027
rmvpe_raw,0233,4049,Hakuna,231,0,1,0.2369,2.6181,0.6244
rmvpe_raw,0233,4112,Hakuna,231,0,1,0.2557,4.1537,0.1473
rmvpe_raw,0237,0542,Potter,44,1,1,0.2146,2.5573,0.6968
rmvpe_raw,0237,0739,Potter,44,1,1,0.2465,2.6539,0.6867
rmvpe_raw,0237,0964,StarWars,44,0,1,0.6245,2.3944,0.7573
rmvpe_raw,0237,1026,StarWars,44,0,1,0.5607,2.4030,0.6992
rmvpe_raw,0237,3485,Hakuna,44,0,1,0.1967,3.0619,0.6007
rmvpe_raw,0237,3781,Hakuna,44,0,1,0.1392,3.5405,0.3344
rmvpe_raw,0238,0243,Potter,139,1,1,0.2416,3.1136,0.4469
rmvpe_raw,0238,0824,Potter,139,1,1,0.2466,2.4836,0.6359
rmvpe_raw,0238,0999,StarWars,139,0,1,0.2078,3.6991,0.3410
rmvpe_raw,0238,1240,StarWars,139,0,1,0.2331,3.2516,0.1726
rmvpe_raw,0238,3969,Hakuna,139,0,1,0.2196,2.5672,0.5788
rmvpe_raw,0238,4035,Hakuna,139,0,1,0.2973,2.6476,0.6739
rmvpe_raw,0242,3782,Hakuna,69,0,1,0.1247,2.8315,0.5814
rmvpe_raw,0253,0177,Potter,14,1,1,0.3024,2.9351,0.2813
rmvpe_raw,0253,0774,Potter,14,1,1,0.2423,3.1992,0.3431
rmvpe_raw,0253,1435,StarWars,14,0,1,0.2371,2.5264,0.5689
rmvpe_raw,0253,1519,StarWars,14,0,1,0.1340,2.1158,0.7057
rmvpe_raw,0253,3682,Hakuna,14,0,1,0.1289,5.1180,0.2316
rmvpe_raw,0258,0155,Potter,76,1,1,0.4222,2.8208,0.5955
rmvpe_raw,0258,0584,Potter,76,1,1,0.4638,2.4731,0.6582
rmvpe_raw,0258,1381,StarWars,76,0,1,0.5100,2.2839,0.6635
rmvpe_raw,0258,1445,StarWars,76,0,1,0.4284,2.1575,0.7676
rmvpe_raw,0258,3706,Hakuna,76,0,1,0.3559,2.1561,0.7699
rmvpe_raw,0258,4048,Hakuna,76,0,1,0.3575,2.0809,0.8074
rmvpe_raw,0259,0311,Potter,218,1,1,0.3949,3.0862,0.3725
rmvpe_raw,0259,0518,Potter,218,1,1,0.3051,3.6525,0.4734
rmvpe_raw,0259,0994,StarWars,218,0,1,0.3017,1.7224,0.8612
rmvpe_raw,0259,1220,StarWars,218,0,1,0.2814,2.2705,0.7635
rmvpe_raw,0259,3475,Hakuna,218,0,1,0.2966,5.3151,0.0549
rmvpe_raw,0259,3521,Hakuna,218,0,1,0.4441,2.9534,0.5202
rmvpe_raw,0262,0328,Potter,106,1,1,0.1980,1.9449,0.5613
rmvpe_raw,0262,0777,Potter,106,1,1,0.0917,1.5031,0.7349
rmvpe_raw,0263,0038,Potter,207,1,1,0.1888,3.5514,0.4375
rmvpe_raw,0263,0672,Potter,207,1,1,0.1993,2.9011,0.5324
rmvpe_raw,0263,3446,Hakuna,207,0,1,0.1766,2.4826,0.6258
rmvpe_raw,0263,3565,Hakuna,207,0,1,0.1976,2.1709,0.7153
rmvpe_raw,0270,0111,Potter,100,1,1,0.3091,1.5484,0.8230
rmvpe_raw,0270,0407,Potter,100,1,1,0.3358,1.9374,0.4450
rmvpe_raw,0270,1040,StarWars,100,0,1,0.5513,2.0480,0.5435
rmvpe_raw,0270,1344,StarWars,100,0,1,0.1144,2.1160,0.3253
rmvpe_raw,0270,3448,Hakuna,100,0,1,0.1783,2.1181,0.5146
rmvpe_raw,0270,4068,Hakuna,100,0,1,0.3284,2.0407,0.5634
rmvpe_raw,0272,0756,Potter,219,1,1,0.1229,2.8425,-0.0056
rmvpe_raw,0272,0805,Potter,219,1,1,0.2506,2.6252,0.3827
rmvpe_raw,0272,1255,StarWars,219,0,1,0.2096,4.6447,0.0887
rmvpe_raw,0272,3635,Hakuna,219,0,1,0.1253,2.7929,0.2073
rmvpe_raw,0276,0680,Potter,123,1,1,0.1691,5.8235,-0.1546
rmvpe_raw,0276,0835,Potter,123,1,1,0.3530,3.3106,0.3001
rmvpe_raw,0276,1196,StarWars,123,0,1,0.4510,5.5563,0.3114
rmvpe_raw,0276,1378,StarWars,123,0,1,0.5034,4.3528,0.2296
rmvpe_raw,0276,3567,Hakuna,123,0,1,0.1423,6.0038,0.6458
rmvpe_raw,0276,3787,Hakuna,123,0,1,0.2322,8.0681,-0.0523
rmvpe_raw,0277,0087,Potter,43,1,1,0.5188,2.2088,0.7116
rmvpe_raw,0277,0212,Potter,43,1,1,0.7542,2.1872,0.7228
rmvpe_raw,0277,1314,StarWars,43,0,1,0.6167,2.6312,0.6002
rmvpe_raw,0277,1490,StarWars,43,0,1,0.5437,3.0549,0.4716
rmvpe_raw,0277,3478,Hakuna,43,0,1,0.5604,2.8473,0.2774
rmvpe_raw,0277,3825,Hakuna,43,0,1,0.4813,2.6608,0.3992
rmvpe_raw,0278,3474,Hakuna,82,0,1,0.2798,3.7708,0.2210
rmvpe_raw,0278,3654,Hakuna,82,0,1,0.3022,3.5621,0.3799
rmvpe_raw,0281,0057,Potter,60,1,1,0.8624,1.7589,0.7373
rmvpe_raw,0281,0348,Potter,60,1,1,0.8209,1.9153,0.6459
rmvpe_raw,0287,0131,Potter,53,1,1,0.4128,2.3098,0.6574
rmvpe_raw,0287,0689,Potter,53,1,1,0.4969,2.5210,0.4724
rmvpe_raw,0287,1269,StarWars,53,0,1,0.1300,3.4162,0.2353
rmvpe_raw,0287,1596,StarWars,53,0,1,0.2034,3.1819,0.3290
rmvpe_raw,0287,3585,Hakuna,53,0,1,0.1972,2.8036,0.4349
rmvpe_raw,0287,3856,Hakuna,53,0,1,0.2018,2.3516,0.6484
rmvpe_raw,0290,0477,Potter,17,1,1,0.3598,3.5506,0.3597
rmvpe_raw,0290,0558,Potter,17,1,1,0.3078,1.1098,0.8250
rmvpe_raw,0290,1609,StarWars,17,0,1,0.3215,1.5231,0.7728
rmvpe_raw,0290,1620,StarWars,17,0,1,0.2285,1.5192,0.5837
rmvpe_raw,0290,3878,Hakuna,17,0,1,0.3133,1.8212,0.3683
rmvpe_raw,0290,4105,Hakuna,17,0,1,0.2312,1.5084,0.5883
rmvpe_raw,0296,0427,Potter,174,1,1,0.1975,3.5550,0.5616
rmvpe_raw,0296,0577,Potter,174,1,1,0.1344,3.2557,0.4350
rmvpe_raw,0296,1403,StarWars,174,0,1,0.1372,2.5985,0.7314
rmvpe_raw,0296,1502,StarWars,174,0,1,0.1660,3.5713,0.3327
rmvpe_raw,0296,3424,Hakuna,174,0,1,0.1962,2.8567,0.6392
rmvpe_raw,0309,0198,Potter,67,1,1,0.1267,2.7339,0.5791
rmvpe_raw,0309,0369,Potter,67,1,1,0.1618,2.5808,0.6278
rmvpe_raw,0309,1298,StarWars,67,0,1,0.1878,3.4212,0.4760
rmvpe_raw,0309,1326,StarWars,67,0,1,0.0977,2.5424,0.6794
rmvpe_raw,0309,3412,Hakuna,67,0,1,0.0916,3.6103,0.1565
rmvpe_raw,0310,0504,Potter,90,1,1,0.1294,2.6664,0.5924
rmvpe_raw,0310,0597,Potter,90,1,1,0.2064,2.8430,0.6096
rmvpe_raw,0310,0886,StarWars,90,0,1,0.1294,3.1355,0.3300
rmvpe_raw,0310,1075,StarWars,90,0,1,0.1265,3.1991,0.3997
rmvpe_raw,0310,3378,Hakuna,90,0,1,0.2500,2.5715,0.6784
rmvpe_raw,0310,3455,Hakuna,90,0,1,0.2791,3.1522,0.3405
rmvpe_raw,0314,0755,Potter,220,1,1,0.1601,2.4445,0.4356
rmvpe_raw,0317,0239,Potter,59,1,1,0.1301,2.9386,0.5158
rmvpe_raw,0317,0798,Potter,59,1,1,0.1008,3.0996,0.4348
rmvpe_raw,0321,0425,Potter,5,1,1,0.1167,3.0453,0.4639
rmvpe_raw,0321,0528,Potter,5,1,1,0.2370,3.1291,0.3988
rmvpe_raw,0321,0854,StarWars,5,0,1,0.1778,2.8742,0.4636
rmvpe_raw,0321,1444,StarWars,5,0,1,0.3278,2.5632,0.7145
rmvpe_raw,0321,3606,Hakuna,5,0,1,0.2648,2.4543,0.6024
rmvpe_raw,0321,3860,Hakuna,5,0,1,0.1630,3.0257,0.2707
rmvpe_raw,0324,0081,Potter,49,1,1,0.2597,2.7666,0.5868
rmvpe_raw,0324,0423,Potter,49,1,1,0.2194,3.5307,0.0536
rmvpe_raw,0324,1420,StarWars,49,0,1,0.4242,2.6876,0.5877
rmvpe_raw,0324,3920,Hakuna,49,0,1,0.3323,2.9563,0.5539
rmvpe_raw,0324,4138,Hakuna,49,0,1,0.3145,3.3169,0.5972
rmvpe_raw,0329,1027,StarWars,96,0,1,0.1595,2.3307,0.5058
rmvpe_raw,0329,1402,StarWars,96,0,1,0.2534,1.8812,0.6818
rmvpe_raw,0329,3406,Hakuna,96,0,1,0.1461,2.2628,0.5953
rmvpe_raw,0329,3938,Hakuna,96,0,1,0.1610,2.2487,0.4331
rmvpe_raw,0331,0004,Potter,160,1,1,0.1758,1.6179,0.3895
rmvpe_raw,0331,0517,Potter,160,1,1,0.1258,1.6991,0.4084
rmvpe_raw,0331,1390,StarWars,160,0,1,0.2818,1.4171,0.7074
rmvpe_raw,0331,1641,StarWars,160,0,1,0.2485,1.5226,0.6835
rmvpe_raw,0331,3786,Hakuna,160,0,1,0.2273,1.4622,0.4778
rmvpe_raw,0331,3994,Hakuna,160,0,1,0.1939,1.4991,0.5410
rmvpe_raw,0333,3474,Hakuna,82,0,1,0.2691,3.2557,0.2071
rmvpe_raw,0333,3654,Hakuna,82,0,1,0.2907,3.1083,0.3717
rmvpe_raw,0337,0797,Potter,16,1,1,0.0776,4.1547,-0.6834
rmvpe_raw,0337,3846,Hakuna,16,0,1,0.4627,3.2821,0.4360
rmvpe_raw,0337,4150,Hakuna,16,0,1,0.4581,3.2239,0.6118
rmvpe_raw,0340,0435,Potter,185,1,1,0.0849,3.7589,0.6512
rmvpe_raw,0340,0666,Potter,185,1,1,0.1055,2.3761,0.6444
rmvpe_raw,0340,3613,Hakuna,185,0,1,0.1219,3.7134,0.6299
rmvpe_raw,0345,0616,Potter,71,1,1,0.1289,2.8188,0.4911
rmvpe_raw,0345,0753,Potter,71,1,1,0.2031,2.5967,0.6370
rmvpe_raw,0346,3882,Hakuna,128,0,1,0.2787,2.3287,0.6536
rmvpe_raw,0349,0651,Potter,97,1,1,0.3023,1.8533,0.7075
rmvpe_raw,0349,0706,Potter,97,1,1,0.3270,2.1168,0.6565
rmvpe_raw,0349,1313,StarWars,97,0,1,0.2209,2.3847,0.5981
rmvpe_raw,0349,1418,StarWars,97,0,1,0.2340,2.0293,0.7319
rmvpe_raw,0358,0076,Potter,30,1,1,0.1549,3.3379,0.4279
rmvpe_raw,0358,0151,Potter,30,1,1,0.1796,3.6776,0.4600
rmvpe_raw,0358,1101,StarWars,30,0,1,0.3064,2.4299,0.7178
rmvpe_raw,0358,1369,StarWars,30,0,1,0.3147,2.9819,0.5820
rmvpe_raw,0358,3443,Hakuna,30,0,1,0.1483,3.5625,0.4008
rmvpe_raw,0358,3694,Hakuna,30,0,1,0.1796,4.3886,0.2052
rmvpe_raw,0363,0155,Potter,76,1,1,0.4391,3.0957,0.4879
rmvpe_raw,0363,0584,Potter,76,1,1,0.4824,2.4369,0.6729
rmvpe_raw,0363,1381,StarWars,76,0,1,0.5304,2.3800,0.6236
rmvpe_raw,0363,1445,StarWars,76,0,1,0.4455,2.1186,0.7663
rmvpe_raw,0363,3706,Hakuna,76,0,1,0.3702,2.3786,0.7626
rmvpe_raw,0363,4048,Hakuna,76,0,1,0.3718,1.9492,0.8442
rmvpe_raw,0364,0044,Potter,217,1,1,0.1780,1.7107,0.6911
rmvpe_raw,0364,0101,Potter,217,1,1,0.3256,2.1591,0.4793
rmvpe_raw,0364,1131,StarWars,217,0,1,0.0970,2.2820,0.5760
rmvpe_raw,0364,3701,Hakuna,217,0,1,0.2156,2.1253,0.5135
rmvpe_raw,0364,4103,Hakuna,217,0,1,0.2069,1.9945,0.6176
rmvpe_raw,0366,0424,Potter,38,1,1,0.7415,2.3937,0.5673
rmvpe_raw,0366,0829,Potter,38,1,1,0.5123,2.2281,0.4795
rmvpe_raw,0366,1149,StarWars,38,0,1,0.6169,1.7818,0.7925
rmvpe_raw,0366,1273,StarWars,38,0,1,0.4538,2.1729,0.6713
rmvpe_raw,0366,3506,Hakuna,38,0,1,0.4323,2.1956,0.5202
rmvpe_raw,0366,3732,Hakuna,38,0,1,0.5431,2.4120,0.4502
rmvpe_raw,0375,0408,Potter,145,1,1,0.2419,3.4034,0.5094
rmvpe_raw,0375,0619,Potter,145,1,1,0.2681,3.2607,0.6323
rmvpe_raw,0375,0956,StarWars,145,0,1,0.4345,3.2383,0.5660
rmvpe_raw,0375,1199,StarWars,145,0,1,0.4160,3.1649,0.4790
rmvpe_raw,0375,3712,Hakuna,145,0,1,0.2219,2.5430,0.7794
rmvpe_raw,0375,3793,Hakuna,145,0,1,0.2126,2.3836,0.8090
rmvpe_raw,0376,0311,Potter,218,1,1,0.4498,3.0355,0.5170
rmvpe_raw,0376,0518,Potter,218,1,1,0.3475,3.6494,0.6294
rmvpe_raw,0376,0994,StarWars,218,0,1,0.3436,1.9370,0.7897
rmvpe_raw,0376,1220,StarWars,218,0,1,0.3205,2.9021,0.5039
rmvpe_raw,0376,3475,Hakuna,218,0,1,0.3378,4.2820,0.2972
rmvpe_raw,0376,3521,Hakuna,218,0,1,0.5058,3.1122,0.4149
rmvpe_raw,0378,0295,Potter,83,1,1,0.1083,3.1666,0.4945
rmvpe_raw,0378,0648,Potter,83,1,1,0.4704,2.4397,0.6413
rmvpe_raw,0378,1165,StarWars,83,0,1,0.3469,2.5466,0.6769
rmvpe_raw,0378,1491,StarWars,83,0,1,0.3756,2.7152,0.5895
rmvpe_raw,0378,3452,Hakuna,83,0,1,0.4095,2.4719,0.6760
rmvpe_raw,0378,4101,Hakuna,83,0,1,0.2098,2.7744,0.6245
rmvpe_raw,0383,0041,Potter,151,1,1,0.2496,2.7133,0.5681
rmvpe_raw,0383,0778,Potter,151,1,1,0.2190,2.6602,0.5536
rmvpe_raw,0383,1060,StarWars,151,0,1,0.3497,2.3647,0.6522
rmvpe_raw,0383,1252,StarWars,151,0,1,0.3039,1.6298,0.8295
rmvpe_raw,0383,3523,Hakuna,151,0,1,0.1341,2.8935,0.5009
rmvpe_raw,0383,3573,Hakuna,151,0,1,0.2513,2.4350,0.6196
rmvpe_raw,0393,0075,Potter,55,1,1,0.3012,2.7925,0.3547
rmvpe_raw,0393,0785,Potter,55,1,1,0.2207,2.8750,0.2244
rmvpe_raw,0393,1160,StarWars,55,0,1,0.1261,2.3538,0.3784
rmvpe_raw,0393,1648,StarWars,55,0,1,0.2925,2.0831,0.6651
rmvpe_raw,0393,3887,Hakuna,55,0,1,0.4764,2.7753,0.4710
rmvpe_raw,0393,4060,Hakuna,55,0,1,0.3152,2.5164,0.4906
rmvpe_raw,0398,3762,Hakuna,154,0,1,0.1566,2.0802,0.1466
rmvpe_raw,0399,0292,Potter,166,1,1,0.2280,2.5094,0.4909
rmvpe_raw,0399,0353,Potter,166,1,1,0.2483,3.8768,0.4453
rmvpe_raw,0399,1267,StarWars,166,0,1,0.0760,2.0743,0.5318
rmvpe_raw,0401,0477,Potter,17,1,1,0.3598,3.7104,0.3538
rmvpe_raw,0401,0558,Potter,17,1,1,0.3078,1.4165,0.7927
rmvpe_raw,0401,1609,StarWars,17,0,1,0.3215,1.5340,0.7959
rmvpe_raw,0401,1620,StarWars,17,0,1,0.2285,1.8092,0.5866
rmvpe_raw,0401,3878,Hakuna,17,0,1,0.3133,2.0449,0.3606
rmvpe_raw,0401,4105,Hakuna,17,0,1,0.2312,1.6982,0.6580
rmvpe_raw,0402,0438,Potter,192,1,1,0.2754,3.5370,0.0406
rmvpe_raw,0402,0783,Potter,192,1,1,0.1574,6.6087,0.0449
rmvpe_raw,0402,0909,StarWars,192,0,1,0.2619,3.8995,0.0472
rmvpe_raw,0402,1642,StarWars,192,0,1,0.1818,2.4298,0.3426
rmvpe_raw,0402,4148,Hakuna,192,0,1,0.0882,2.7837,0.4491
rmvpe_raw,0405,0328,Potter,106,1,1,0.1990,2.8728,0.3599
rmvpe_raw,0405,0777,Potter,106,1,1,0.0921,2.9083,0.6003
rmvpe_raw,0413,0125,Potter,205,1,1,0.3570,1.7862,0.7635
rmvpe_raw,0413,0359,Potter,205,1,1,0.3388,2.9388,0.5622
rmvpe_raw,0413,0966,StarWars,205,0,1,0.3825,3.2995,0.4285
rmvpe_raw,0413,1480,StarWars,205,0,1,0.3024,2.2236,0.6059
rmvpe_raw,0413,3581,Hakuna,205,0,1,0.1530,6.4245,-0.3477
rmvpe_raw,0414,0243,Potter,139,1,1,0.2461,2.6351,0.3106
rmvpe_raw,0414,0824,Potter,139,1,1,0.2513,2.6091,0.4239
rmvpe_raw,0414,0999,StarWars,139,0,1,0.2117,3.7594,0.0900
rmvpe_raw,0414,1240,StarWars,139,0,1,0.2375,2.7808,0.1013
rmvpe_raw,0414,3969,Hakuna,139,0,1,0.2238,1.8715,0.6903
rmvpe_raw,0414,4035,Hakuna,139,0,1,0.3029,3.2534,0.4418
rmvpe_raw,0415,0410,Potter,190,1,1,0.1745,1.9973,0.4811
rmvpe_raw,0415,1077,StarWars,190,0,1,0.1493,1.4316,0.4912
rmvpe_raw,0415,1085,StarWars,190,0,1,0.0917,1.6657,0.3733
rmvpe_raw,0415,3625,Hakuna,190,0,1,0.1727,1.9904,0.0945
rmvpe_raw,0415,3898,Hakuna,190,0,1,0.2572,1.4950,0.5655
rmvpe_raw,0419,0582,Potter,57,1,1,0.3714,5.0067,0.1314
rmvpe_raw,0419,0801,Potter,57,1,1,0.4343,3.2657,0.5010
rmvpe_raw,0419,0985,StarWars,57,0,1,0.4324,4.8411,0.4825
rmvpe_raw,0419,1249,StarWars,57,0,1,0.4076,3.7621,0.2966
rmvpe_raw,0419,3745,Hakuna,57,0,1,0.8800,5.2941,0.2086
rmvpe_raw,0419,3802,Hakuna,57,0,1,0.8286,6.4010,0.4836
rmvpe_raw,0420,0489,Potter,87,1,1,0.1232,2.2575,0.5252
rmvpe_raw,0420,0684,Potter,87,1,1,0.1374,2.1248,0.5063
rmvpe_raw,0420,1090,StarWars,87,0,1,0.1074,1.9472,0.5789
rmvpe_raw,0420,1460,StarWars,87,0,1,0.3570,2.3341,0.3341
rmvpe_raw,0420,3341,Hakuna,87,0,1,0.2038,2.1519,0.4224
rmvpe_raw,0430,0286,Potter,47,1,1,0.4117,3.8094,0.3496
rmvpe_raw,0430,0443,Potter,47,1,1,0.3942,1.7272,0.7097
rmvpe_raw,0430,1258,StarWars,47,0,1,0.4311,2.1875,0.6234
rmvpe_raw,0430,1300,StarWars,47,0,1,0.2330,1.7420,0.7892
rmvpe_raw,0430,4019,Hakuna,47,0,1,0.3592,2.2458,0.4800
rmvpe_raw,0430,4044,Hakuna,47,0,1,0.5146,2.4405,0.4824
rmvpe_raw,0431,0187,Potter,214,1,1,0.0805,2.3810,0.0290
rmvpe_raw,0444,0194,Potter,169,1,1,0.2241,2.3342,0.5483
rmvpe_raw,0444,0728,Potter,169,1,1,0.2100,2.5882,0.4583
rmvpe_raw,0444,0848,StarWars,169,0,1,0.3574,2.5223,0.3281
rmvpe_raw,0444,1533,StarWars,169,0,1,0.1991,2.8079,0.1112
rmvpe_raw,0444,3399,Hakuna,169,0,1,0.2633,3.0034,0.5403
rmvpe_raw,0446,0131,Potter,53,1,1,0.4327,2.3178,0.6227
rmvpe_raw,0446,0689,Potter,53,1,1,0.5208,2.1842,0.6192
rmvpe_raw,0446,1269,StarWars,53,0,1,0.1362,3.0879,0.1422
rmvpe_raw,0446,1596,StarWars,53,0,1,0.2131,3.3617,-0.2594
rmvpe_raw,0446,3585,Hakuna,53,0,1,0.2067,2.2487,0.5323
rmvpe_raw,0446,3856,Hakuna,53,0,1,0.2115,1.8240,0.7827
rmvpe_raw,0447,3896,Hakuna,228,0,1,0.2115,5.7779,-0.3067
rmvpe_raw,0448,0202,Potter,164,1,1,0.1171,2.0155,0.7848
rmvpe_raw,0448,0293,Potter,164,1,1,0.2080,1.7667,0.6547
rmvpe_raw,0448,1315,StarWars,164,0,1,0.1154,3.5390,0.1500
rmvpe_raw,0448,1482,StarWars,164,0,1,0.1206,2.4277,0.3523
rmvpe_raw,0448,3746,Hakuna,164,0,1,0.2028,2.1006,0.6214
rmvpe_raw,0448,3954,Hakuna,164,0,1,0.2010,2.7000,0.3673
rmvpe_raw,0452,0484,Potter,162,1,1,0.4105,2.4630,0.7520
rmvpe_raw,0452,0599,Potter,162,1,1,0.3502,3.4185,0.4265
rmvpe_raw,0452,1508,StarWars,162,0,1,0.5372,2.4332,0.7086
rmvpe_raw,0452,1606,StarWars,162,0,1,0.4057,2.3841,0.7278
rmvpe_raw,0453,0377,Potter,234,1,1,0.3042,3.5840,0.4983
rmvpe_raw,0453,0406,Potter,234,1,1,0.4414,2.8712,0.6990
rmvpe_raw,0453,0906,StarWars,234,0,1,0.6103,3.5655,0.5855
rmvpe_raw,0453,3484,Hakuna,234,0,1,0.2584,3.4823,0.5863
rmvpe_raw,0453,3975,Hakuna,234,0,1,0.2763,3.3281,0.5849
rmvpe_raw,0455,0140,Potter,175,1,1,0.1526,4.1835,0.3136
rmvpe_raw,0455,1428,StarWars,175,0,1,0.0770,7.8787,0.4317
rmvpe_raw,0455,1599,StarWars,175,0,1,0.1134,3.6543,0.4030
rmvpe_raw,0455,3425,Hakuna,175,0,1,0.6715,3.3420,0.5343
rmvpe_raw,0455,3997,Hakuna,175,0,1,0.7180,3.1325,0.5773
rmvpe_raw,0463,0286,Potter,47,1,1,0.4775,3.4212,0.4908
rmvpe_raw,0463,0443,Potter,47,1,1,0.4572,1.6822,0.7571
rmvpe_raw,0463,1258,StarWars,47,0,1,0.5000,2.3610,0.5737
rmvpe_raw,0463,1300,StarWars,47,0,1,0.2703,1.7326,0.7514
rmvpe_raw,0463,4019,Hakuna,47,0,1,0.4167,1.8269,0.6862
rmvpe_raw,0463,4044,Hakuna,47,0,1,0.5968,1.7791,0.6849
rmvpe_raw,0466,0181,Potter,13,1,1,0.4797,2.3495,0.5584
rmvpe_raw,0466,0299,Potter,13,1,1,0.3559,2.4561,0.5598
rmvpe_raw,0466,1619,StarWars,13,0,1,0.3404,2.1675,0.5524
rmvpe_raw,0466,3353,Hakuna,13,0,1,0.3578,4.2963,0.3664
rmvpe_raw,0466,4020,Hakuna,13,0,1,0.2012,3.5576,0.2889
rmvpe_raw,0472,0275,Potter,33,1,1,0.1784,3.4332,0.4044
rmvpe_raw,0472,0468,Potter,33,1,1,0.2988,3.5017,0.4429
rmvpe_raw,0472,1174,StarWars,33,0,1,0.0777,3.5855,0.4172
rmvpe_raw,0472,3868,Hakuna,33,0,1,0.0793,3.4478,0.4064
rmvpe_raw,0474,0182,Potter,61,1,1,0.8593,1.8334,0.6286
rmvpe_raw,0474,0336,Potter,61,1,1,0.7013,1.5767,0.7279
rmvpe_raw,0474,1236,StarWars,61,0,1,0.4091,1.9815,0.5557
rmvpe_raw,0474,1318,StarWars,61,0,1,0.5801,2.0039,0.6361
rmvpe_raw,0485,0649,Potter,197,1,1,0.2301,3.6425,0.3807
rmvpe_raw,0485,0688,Potter,197,1,1,0.3624,2.4515,0.6630
rmvpe_raw,0485,0921,StarWars,197,0,1,0.3383,2.9426,0.4918
rmvpe_raw,0485,1322,StarWars,197,0,1,0.2120,3.0173,0.4696
rmvpe_raw,0485,3512,Hakuna,197,0,1,0.1293,2.5469,0.7157
rmvpe_raw,0485,3851,Hakuna,197,0,1,0.2045,3.6120,0.4095
rmvpe_raw,0491,0008,Potter,213,1,1,0.6918,2.8178,0.6176
rmvpe_raw,0491,0681,Potter,213,1,1,0.6019,3.0960,0.5951
rmvpe_raw,0491,0860,StarWars,213,0,1,0.6404,2.4213,0.7635
rmvpe_raw,0491,1317,StarWars,213,0,1,0.5987,2.5509,0.6836
rmvpe_raw,0491,3548,Hakuna,213,0,1,0.1413,2.5845,0.6365
rmvpe_raw,0491,3720,Hakuna,213,0,1,0.1846,2.0302,0.7824
rmvpe_raw,0494,1079,StarWars,171,0,1,0.1431,2.0355,0.6280
rmvpe_raw,0494,1112,StarWars,171,0,1,0.2102,2.5814,0.2182
rmvpe_raw,0495,0125,Potter,205,1,1,0.3250,2.0255,0.6131
rmvpe_raw,0495,0359,Potter,205,1,1,0.3085,2.8140,0.5704
rmvpe_raw,0495,0966,StarWars,205,0,1,0.3483,2.8062,0.5870
rmvpe_raw,0495,1480,StarWars,205,0,1,0.2753,2.1150,0.5708
rmvpe_raw,0495,3581,Hakuna,205,0,1,0.1393,6.3226,-0.2094
rmvpe_raw,0498,1163,StarWars,137,0,1,0.1641,2.4183,0.4968
rmvpe_raw,0498,3594,Hakuna,137,0,1,0.3040,2.6626,0.4895
rmvpe_raw,0498,3944,Hakuna,137,0,1,0.3739,2.4362,0.4407
rmvpe_raw,0499,0177,Potter,14,1,1,0.2588,2.7379,0.4658
rmvpe_raw,0499,0774,Potter,14,1,1,0.2074,2.5392,0.6141
rmvpe_raw,0499,1435,StarWars,14,0,1,0.2029,2.6430,0.5927
rmvpe_raw,0499,1519,StarWars,14,0,1,0.1147,2.5376,0.5577
rmvpe_raw,0499,3682,Hakuna,14,0,1,0.1103,5.3656,0.1849
rmvpe_raw,0507,3762,Hakuna,154,0,1,0.1581,1.9201,0.3245
rmvpe_raw,0510,0437,Potter,40,1,1,0.1421,3.5800,0.4430
rmvpe_raw,0510,0892,StarWars,40,0,1,0.1448,2.2449,0.7423
rmvpe_raw,0510,1600,StarWars,40,0,1,0.1062,3.4631,0.4836
rmvpe_raw,0510,3966,Hakuna,40,0,1,0.1262,2.5803,0.6653
rmvpe_raw,0510,4094,Hakuna,40,0,1,0.1262,2.2349,0.7270
rmvpe_raw,0512,0356,Potter,196,1,1,0.3031,2.3152,0.7582
rmvpe_raw,0512,0686,Potter,196,1,1,0.2412,3.4925,0.2604
rmvpe_raw,0512,0907,StarWars,196,0,1,0.1195,3.3411,0.4733
rmvpe_raw,0512,1611,StarWars,196,0,1,0.1659,2.1008,0.8152
rmvpe_raw,0512,4056,Hakuna,196,0,1,0.2965,3.5930,0.2987
rmvpe_raw,0512,4082,Hakuna,196,0,1,0.2478,3.2667,0.3933
rmvpe_raw,0526,0732,Potter,150,1,1,0.1504,1.6144,0.8305
rmvpe_raw,0526,0825,Potter,150,1,1,0.1793,3.6318,0.1509
rmvpe_raw,0526,0844,StarWars,150,0,1,0.2862,2.7381,0.5887
rmvpe_raw,0526,1510,StarWars,150,0,1,0.2609,2.1107,0.7465
rmvpe_raw,0526,3493,Hakuna,150,0,1,0.1920,3.0358,0.2540
rmvpe_raw,0530,0071,Potter,109,1,1,0.2554,3.5642,0.2656
rmvpe_raw,0530,0388,Potter,109,1,1,0.3372,3.5648,0.3148
rmvpe_raw,0530,0986,StarWars,109,0,1,0.2337,2.4240,0.6915
rmvpe_raw,0530,1078,StarWars,109,0,1,0.2237,2.6493,0.6704
rmvpe_raw,0530,3457,Hakuna,109,0,1,0.2053,2.9435,0.6749
rmvpe_raw,0530,3837,Hakuna,109,0,1,0.1669,3.0452,0.5188
rmvpe_raw,0540,0319,Potter,54,1,1,0.4763,2.5983,0.6121
rmvpe_raw,0540,0573,Potter,54,1,1,0.4360,2.7476,0.5262
rmvpe_raw,0540,0885,StarWars,54,0,1,0.7165,3.1461,0.5483
rmvpe_raw,0540,1561,StarWars,54,0,1,0.7338,2.1951,0.7699
rmvpe_raw,0540,3395,Hakuna,54,0,1,0.3165,2.8940,0.5686
rmvpe_raw,0540,3880,Hakuna,54,0,1,0.3180,3.6702,0.6064
rmvpe_raw,0549,0361,Potter,46,1,1,0.2821,2.1158,0.5121
rmvpe_raw,0549,0632,Potter,46,1,1,0.1732,1.6401,0.8066
rmvpe_raw,0549,0841,StarWars,46,0,1,0.3571,2.9621,0.4628
rmvpe_raw,0549,1237,StarWars,46,0,1,0.1839,2.6515,0.2564
rmvpe_raw,0549,3661,Hakuna,46,0,1,0.2857,1.6903,0.7060
rmvpe_raw,0549,4156,Hakuna,46,0,1,0.3339,1.7746,0.7293
rmvpe_raw,0555,0295,Potter,83,1,1,0.1072,3.1381,0.5440
rmvpe_raw,0555,0648,Potter,83,1,1,0.4657,2.6536,0.6123
rmvpe_raw,0555,1165,StarWars,83,0,1,0.3434,2.7461,0.6492
rmvpe_raw,0555,1491,StarWars,83,0,1,0.3719,2.8426,0.5893
rmvpe_raw,0555,3452,Hakuna,83,0,1,0.4054,2.5092,0.7038
rmvpe_raw,0555,4101,Hakuna,83,0,1,0.2077,2.6494,0.7076
rmvpe_raw,0561,3882,Hakuna,128,0,1,0.2705,2.4771,0.6237
rmvpe_raw,0579,0275,Potter,33,1,1,0.1902,3.4607,0.4350
rmvpe_raw,0579,0468,Potter,33,1,1,0.3187,3.5873,0.4503
rmvpe_raw,0579,1174,StarWars,33,0,1,0.0829,3.6079,0.4129
rmvpe_raw,0579,3868,Hakuna,33,0,1,0.0846,3.5620,0.3715
rmvpe_raw,0580,0060,Potter,222,1,1,0.5799,2.1282,0.6571
rmvpe_raw,0580,0107,Potter,222,1,1,0.5187,2.9936,0.3274
rmvpe_raw,0580,0959,StarWars,222,0,1,0.1786,3.0787,0.3644
rmvpe_raw,0580,1276,StarWars,222,0,1,0.1786,2.7590,0.4997
rmvpe_raw,0580,4064,Hakuna,222,0,1,0.3690,3.1581,0.1777
rmvpe_raw,0580,4085,Hakuna,222,0,1,0.4830,2.4356,0.5593
rmvpe_raw,0581,0755,Potter,220,1,1,0.1526,2.2161,0.5046
rmvpe_raw,0586,0386,Potter,184,1,1,0.2581,3.5395,0.3167
rmvpe_raw,0586,0729,Potter,184,1,1,0.1739,2.9197,0.4185
rmvpe_raw,0586,0887,StarWars,184,0,1,0.1038,3.1538,0.5043
rmvpe_raw,0586,3612,Hakuna,184,0,1,0.1725,3.4288,0.4923
rmvpe_raw,0586,3844,Hakuna,184,0,1,0.1529,3.3631,0.4929
rmvpe_raw,0592,0182,Potter,61,1,1,0.8881,2.0336,0.6784
rmvpe_raw,0592,0336,Potter,61,1,1,0.7248,2.5356,0.5681
rmvpe_raw,0592,1236,StarWars,61,0,1,0.4228,2.0640,0.7168
rmvpe_raw,0592,1318,StarWars,61,0,1,0.5996,2.3705,0.6536
rmvpe_raw,0594,0425,Potter,5,1,1,0.0848,1.8903,0.7038
rmvpe_raw,0594,0528,Potter,5,1,1,0.1723,2.6605,0.4563
rmvpe_raw,0594,0854,StarWars,5,0,1,0.1292,2.8938,0.2992
rmvpe_raw,0594,1444,StarWars,5,0,1,0.2382,2.7279,0.5468
rmvpe_raw,0594,3606,Hakuna,5,0,1,0.1925,2.4284,0.5782
rmvpe_raw,0594,3860,Hakuna,5,0,1,0.1184,2.7790,0.3946
rmvpe_raw,0601,0187,Potter,214,1,1,0.0852,2.9889,0.0772
rmvpe_raw,0602,0787,Potter,136,1,1,0.1646,2.1908,0.4940
rmvpe_raw,0602,0837,Potter,136,1,1,0.2224,2.4918,0.5555
rmvpe_raw,0602,1004,StarWars,136,0,1,0.3135,2.6442,0.3710
rmvpe_raw,0602,1042,StarWars,136,0,1,0.3940,2.0452,0.6357
rmvpe_raw,0602,3526,Hakuna,136,0,1,0.3905,2.8724,0.1242
rmvpe_raw,0602,3943,Hakuna,136,0,1,0.4011,2.8702,0.0998
rmvpe_raw,0611,0124,Potter,58,1,1,0.2120,3.6215,0.1586
rmvpe_raw,0611,0467,Potter,58,1,1,0.1569,2.8513,0.4751
rmvpe_raw,0611,1178,StarWars,58,0,1,0.1336,3.3771,0.3170
rmvpe_raw,0611,1262,StarWars,58,0,1,0.1402,2.0766,0.6840
rmvpe_raw,0611,3556,Hakuna,58,0,1,0.1886,3.0210,0.4281
rmvpe_raw,0611,3668,Hakuna,58,0,1,0.1770,4.7646,0.3629
rmvpe_raw,0615,0623,Potter,10,1,1,0.6956,1.8102,0.6250
rmvpe_raw,0615,0830,Potter,10,1,1,0.4836,2.6175,0.2844
rmvpe_raw,0615,1176,StarWars,10,0,1,0.4509,3.3113,0.4031
rmvpe_raw,0615,1321,StarWars,10,0,1,0.4316,3.4621,0.3747
rmvpe_raw,0615,3717,Hakuna,10,0,1,0.1387,2.1641,0.5294
rmvpe_raw,0615,3891,Hakuna,10,0,1,0.3988,1.9795,0.5063
rmvpe_raw,0626,0254,Potter,129,1,1,0.2439,2.3672,0.7122
rmvpe_raw,0626,0554,Potter,129,1,1,0.2834,3.0153,0.4552
rmvpe_raw,0626,3576,Hakuna,129,0,1,0.0940,3.1350,0.2750
rmvpe_raw,0626,3651,Hakuna,129,0,1,0.0926,3.4445,0.2390
rmvpe_raw,0628,0055,Potter,200,1,1,0.3768,2.0727,0.6329
rmvpe_raw,0628,0417,Potter,200,1,1,0.3357,1.9233,0.6609
rmvpe_raw,0628,1015,StarWars,200,0,1,0.3893,2.0427,0.6813
rmvpe_raw,0628,1626,StarWars,200,0,1,0.3304,2.7077,0.4908
rmvpe_raw,0628,3586,Hakuna,200,0,1,0.4143,2.0529,0.6399
rmvpe_raw,0628,3862,Hakuna,200,0,1,0.4518,2.0594,0.6740
rmvpe_raw,0630,0435,Potter,185,1,1,0.0862,3.9679,0.5880
rmvpe_raw,0630,0666,Potter,185,1,1,0.1071,2.4306,0.6849
rmvpe_raw,0630,3613,Hakuna,185,0,1,0.1238,3.9747,0.5779
rmvpe_raw,0643,0649,Potter,197,1,1,0.2253,3.4620,0.2837
rmvpe_raw,0643,0688,Potter,197,1,1,0.3549,2.6143,0.6390
rmvpe_raw,0643,0921,StarWars,197,0,1,0.3314,3.0199,0.4781
rmvpe_raw,0643,1322,StarWars,197,0,1,0.2077,3.0089,0.5320
rmvpe_raw,0643,3512,Hakuna,197,0,1,0.1267,2.7077,0.7091
rmvpe_raw,0643,3851,Hakuna,197,0,1,0.2003,3.6936,0.3957
rmvpe_raw,0644,1215,StarWars,72,0,1,0.3900,1.9967,0.7437
rmvpe_raw,0644,1478,StarWars,72,0,1,0.3285,2.8363,0.5098
rmvpe_raw,0644,3666,Hakuna,72,0,1,0.2864,2.5623,0.6700
rmvpe_raw,0644,4069,Hakuna,72,0,1,0.1780,1.8718,0.8196
rmvpe_raw,0653,0623,Potter,10,1,1,0.7293,1.9140,0.6050
rmvpe_raw,0653,0830,Potter,10,1,1,0.5071,3.1289,0.3112
rmvpe_raw,0653,1176,StarWars,10,0,1,0.4727,3.2457,0.4727
rmvpe_raw,0653,1321,StarWars,10,0,1,0.4525,3.1626,0.3793
rmvpe_raw,0653,3717,Hakuna,10,0,1,0.1455,2.1078,0.6143
rmvpe_raw,0653,3891,Hakuna,10,0,1,0.4182,1.9033,0.5281
rmvpe_raw,0655,0470,Potter,91,1,1,0.1426,6.2789,0.1687
rmvpe_raw,0655,1006,StarWars,91,0,1,0.1329,5.1397,0.7608
rmvpe_raw,0655,1366,StarWars,91,0,1,0.1156,2.4101,0.5149
rmvpe_raw,0655,3411,Hakuna,91,0,1,0.1040,5.6311,0.4357
rmvpe_raw,0655,3440,Hakuna,91,0,1,0.1464,2.6304,0.2223
rmvpe_raw,0656,0288,Potter,208,1,1,0.4006,2.4714,0.4505
rmvpe_raw,0656,0482,Potter,208,1,1,0.4457,2.4907,0.5479
rmvpe_raw,0656,1399,StarWars,208,0,1,0.1693,2.3747,0.6394
rmvpe_raw,0656,1436,StarWars,208,0,1,0.1165,2.5902,0.2282
rmvpe_raw,0656,3519,Hakuna,208,0,1,0.0916,2.7862,0.1181
rmvpe_raw,0657,0279,Potter,223,1,1,0.1545,2.6413,0.6685
rmvpe_raw,0657,0609,Potter,223,1,1,0.0959,2.3856,0.7307
rmvpe_raw,0657,3343,Hakuna,223,0,1,0.1144,2.6962,0.5492
rmvpe_raw,0657,4153,Hakuna,223,0,1,0.1273,2.3362,0.6871
rmvpe_raw,0664,0271,Potter,121,1,1,0.2246,3.1731,0.3850
rmvpe_raw,0664,0416,Potter,121,1,1,0.3237,2.7090,0.5164
rmvpe_raw,0664,0852,StarWars,121,0,1,0.2971,2.8665,0.5366
rmvpe_raw,0664,1525,StarWars,121,0,1,0.2101,2.4903,0.5835
rmvpe_raw,0664,3647,Hakuna,121,0,1,0.2053,3.9782,0.6757
rmvpe_raw,0664,4058,Hakuna,121,0,1,0.2778,2.9792,0.3938
rmvpe_raw,0676,0531,Potter,105,1,1,0.4673,3.0763,0.5338
rmvpe_raw,0676,0583,Potter,105,1,1,0.4912,2.9965,0.5499
rmvpe_raw,0676,1579,StarWars,105,0,1,0.5359,2.5748,0.5539
rmvpe_raw,0676,3587,Hakuna,105,0,1,0.2823,2.7124,0.5939
rmvpe_raw,0676,3906,Hakuna,105,0,1,0.4083,3.1593,0.5565
rmvpe_raw,0677,0044,Potter,217,1,1,0.1811,1.6013,0.7652
rmvpe_raw,0677,0101,Potter,217,1,1,0.3314,2.2604,0.5492
rmvpe_raw,0677,1131,StarWars,217,0,1,0.0987,2.4477,0.5923
rmvpe_raw,0677,3701,Hakuna,217,0,1,0.2194,2.2319,0.5664
rmvpe_raw,0677,4103,Hakuna,217,0,1,0.2106,2.0248,0.6572
rmvpe_raw,0683,0136,Potter,144,1,1,0.0925,3.8197,0.2715
rmvpe_raw,0683,0330,Potter,144,1,1,0.3525,4.8160,0.3202
rmvpe_raw,0683,1216,StarWars,144,0,1,0.1233,4.1145,0.4971
rmvpe_raw,0683,3420,Hakuna,144,0,1,0.3137,3.1467,0.2036
rmvpe_raw,0685,1079,StarWars,171,0,1,0.1339,2.1501,0.4189
rmvpe_raw,0685,1112,StarWars,171,0,1,0.1967,2.0958,0.2342
rmvpe_raw,0704,0489,Potter,87,1,1,0.1127,2.1524,0.2455
rmvpe_raw,0704,0684,Potter,87,1,1,0.1257,2.1978,0.1859
rmvpe_raw,0704,1090,StarWars,87,0,1,0.0983,1.7150,0.4211
rmvpe_raw,0704,1460,StarWars,87,0,1,0.3266,1.5524,0.4629
rmvpe_raw,0704,3341,Hakuna,87,0,1,0.1864,1.5879,0.5499
rmvpe_raw,0705,0186,Potter,22,1,1,0.1567,2.4640,0.3857
rmvpe_raw,0705,3791,Hakuna,22,0,1,0.1250,2.9413,0.2079
rmvpe_raw,0705,3834,Hakuna,22,0,1,0.2394,2.4321,0.5372
rmvpe_raw,0709,0410,Potter,190,1,1,0.1675,2.0717,0.4776
rmvpe_raw,0709,1077,StarWars,190,0,1,0.1434,1.6099,0.5311
rmvpe_raw,0709,1085,StarWars,190,0,1,0.0881,1.7008,0.5649
rmvpe_raw,0709,3625,Hakuna,190,0,1,0.1658,2.0956,0.1984
rmvpe_raw,0709,3898,Hakuna,190,0,1,0.2470,1.6072,0.6198
rmvpe_raw,0712,0071,Potter,109,1,1,0.2221,2.6268,0.4223
rmvpe_raw,0712,0388,Potter,109,1,1,0.2932,2.2579,0.6359
rmvpe_raw,0712,0986,StarWars,109,0,1,0.2032,1.7725,0.8005
rmvpe_raw,0712,1078,StarWars,109,0,1,0.1945,2.6098,0.7352
rmvpe_raw,0712,3457,Hakuna,109,0,1,0.1785,2.3637,0.7052
rmvpe_raw,0712,3837,Hakuna,109,0,1,0.1451,2.1892,0.7425
rmvpe_raw,0716,0229,Potter,230,1,1,0.1500,3.3603,0.3924
rmvpe_raw,0716,3670,Hakuna,230,0,1,0.1706,2.6528,0.5701
rmvpe_raw,0716,3702,Hakuna,230,0,1,0.1632,3.2094,0.5035
rmvpe_raw,0717,0595,Potter,26,1,1,0.2739,1.7622,0.4239
rmvpe_raw,0717,0768,Potter,26,1,1,0.2408,1.7678,0.1434
rmvpe_raw,0717,1087,StarWars,26,0,1,0.2132,1.8964,0.2722
rmvpe_raw,0717,1132,StarWars,26,0,1,0.1471,1.5247,0.5780
rmvpe_raw,0718,0017,Potter,70,1,1,0.4523,2.4639,0.5221
rmvpe_raw,0718,0161,Potter,70,1,1,0.5576,2.8245,0.4905
rmvpe_raw,0718,0929,StarWars,70,0,1,0.3717,2.6745,0.3950
rmvpe_raw,0718,3334,Hakuna,70,0,1,0.4753,3.3942,0.4960
rmvpe_raw,0718,3384,Hakuna,70,0,1,0.2845,1.9260,0.7801
rmvpe_raw,0733,0202,Potter,164,1,1,0.1008,2.2020,0.7753
rmvpe_raw,0733,0293,Potter,164,1,1,0.1789,2.2072,0.6924
rmvpe_raw,0733,1315,StarWars,164,0,1,0.0992,4.1041,-0.0688
rmvpe_raw,0733,1482,StarWars,164,0,1,0.1038,2.6683,0.4048
rmvpe_raw,0733,3746,Hakuna,164,0,1,0.1744,2.4217,0.6200
rmvpe_raw,0733,3954,Hakuna,164,0,1,0.1729,3.5495,0.1097
rmvpe_raw,0734,0097,Potter,201,1,1,0.2626,1.5902,0.5705
rmvpe_raw,0734,0927,StarWars,201,0,1,0.0875,1.7137,0.6465
rmvpe_raw,0740,0997,StarWars,135,0,1,0.0786,3.3085,0.0184
rmvpe_raw,0740,1195,StarWars,135,0,1,0.0928,2.8390,0.3638
rmvpe_raw,0740,3501,Hakuna,135,0,1,0.0833,2.1818,0.3902
rmvpe_raw,0741,0756,Potter,219,1,1,0.1421,3.0961,0.2034
rmvpe_raw,0741,0805,Potter,219,1,1,0.2897,2.8657,0.3870
rmvpe_raw,0741,1255,StarWars,219,0,1,0.2423,4.9630,-0.0382
rmvpe_raw,0741,3635,Hakuna,219,0,1,0.1448,2.9789,0.2639
rmvpe_raw,0742,0017,Potter,70,1,1,0.4911,2.3165,0.5725
rmvpe_raw,0742,0161,Potter,70,1,1,0.6054,2.8204,0.4325
rmvpe_raw,0742,0929,StarWars,70,0,1,0.4036,2.4739,0.3893
rmvpe_raw,0742,3334,Hakuna,70,0,1,0.5161,2.3431,0.5585
rmvpe_raw,0742,3384,Hakuna,70,0,1,0.3089,1.6120,0.7832
rmvpe_raw,0743,0394,Potter,215,1,1,0.6362,1.9516,0.8247
rmvpe_raw,0743,0975,StarWars,215,0,1,0.5946,2.4328,0.6218
rmvpe_raw,0743,1423,StarWars,215,0,1,0.7420,2.2637,0.7628
rmvpe_raw,0743,3480,Hakuna,215,0,1,0.2885,3.3994,0.3510
rmvpe_raw,0743,3858,Hakuna,215,0,1,0.3317,2.7906,0.6004
rmvpe_raw,0746,0427,Potter,174,1,1,0.2014,2.5921,0.2869
rmvpe_raw,0746,0577,Potter,174,1,1,0.1371,1.9268,0.6248
rmvpe_raw,0746,1403,StarWars,174,0,1,0.1399,1.6895,0.7555
rmvpe_raw,0746,1502,StarWars,174,0,1,0.1692,2.5885,0.4203
rmvpe_raw,0746,3424,Hakuna,174,0,1,0.2000,1.8800,0.6930
rmvpe_raw,0751,0373,Potter,122,1,1,0.3726,2.6139,0.6246
rmvpe_raw,0751,0547,Potter,122,1,1,0.2327,2.6895,0.5932
rmvpe_raw,0751,1408,StarWars,122,0,1,0.1704,2.9214,0.4996
rmvpe_raw,0751,1495,StarWars,122,0,1,0.1468,2.9576,0.5521
rmvpe_raw,0751,3595,Hakuna,122,0,1,0.1690,3.1871,0.4188
rmvpe_raw,0751,3655,Hakuna,122,0,1,0.1648,3.2530,0.4059
rmvpe_raw,0767,0019,Potter,73,1,1,0.2954,4.3243,-0.0547
rmvpe_raw,0767,0078,Potter,73,1,1,0.4123,3.3342,0.5306
rmvpe_raw,0767,1154,StarWars,73,0,1,0.2385,3.8065,0.4732
rmvpe_raw,0767,1359,StarWars,73,0,1,0.2677,2.6118,0.5927
rmvpe_raw,0767,3857,Hakuna,73,0,1,0.2092,2.2869,0.7094
rmvpe_raw,0770,0194,Potter,169,1,1,0.2259,2.8482,0.5506
rmvpe_raw,0770,0728,Potter,169,1,1,0.2117,3.1772,0.3340
rmvpe_raw,0770,0848,StarWars,169,0,1,0.3602,3.2385,0.3040
rmvpe_raw,0770,1533,StarWars,169,0,1,0.2006,3.3305,0.1658
rmvpe_raw,0770,3399,Hakuna,169,0,1,0.2654,3.2026,0.5587
rmvpe_raw,0776,3474,Hakuna,82,0,1,0.2555,3.3694,0.2359
rmvpe_raw,0776,3654,Hakuna,82,0,1,0.2760,3.2761,0.3937
rmvpe_raw,0781,3782,Hakuna,69,0,1,0.1426,2.5624,0.6655
rmvpe_raw,0782,0097,Potter,201,1,1,0.2472,1.6608,0.4922
rmvpe_raw,0782,0927,StarWars,201,0,1,0.0824,1.8579,0.6259
rmvpe_raw,0786,1461,StarWars,134,0,1,0.0693,2.5085,0.4453
rmvpe_raw,0786,1589,StarWars,134,0,1,0.0734,2.6619,0.2549
rmvpe_raw,0791,0073,Potter,189,1,1,0.2038,2.4345,0.7253
rmvpe_raw,0791,0298,Potter,189,1,1,0.3171,2.9346,0.5248
rmvpe_raw,0791,1251,StarWars,189,0,1,0.3641,3.1554,0.4210
rmvpe_raw,0791,1497,StarWars,189,0,1,0.3833,2.8054,0.7052
rmvpe_raw,0791,3342,Hakuna,189,0,1,0.2334,2.7729,0.7361
rmvpe_raw,0792,0371,Potter,52,1,1,0.1244,4.8354,0.2554
rmvpe_raw,0792,1331,StarWars,52,0,1,0.1711,3.7446,-0.0065
rmvpe_raw,0792,3349,Hakuna,52,0,1,0.3067,4.1981,0.3703
rmvpe_raw,0792,3915,Hakuna,52,0,1,0.2822,3.8491,0.3582
rmvpe_raw,0794,0087,Potter,43,1,1,0.5134,2.7064,0.6215
rmvpe_raw,0794,0212,Potter,43,1,1,0.7464,3.2553,0.4856
rmvpe_raw,0794,1314,StarWars,43,0,1,0.6103,3.3624,0.4191
rmvpe_raw,0794,1490,StarWars,43,0,1,0.5381,2.9449,0.4588
rmvpe_raw,0794,3478,Hakuna,43,0,1,0.5546,2.9871,0.1946
rmvpe_raw,0794,3825,Hakuna,43,0,1,0.4763,2.7839,0.3527
rmvpe_raw,0806,0633,Potter,231,1,1,0.1214,2.6230,0.5408
rmvpe_raw,0806,0803,Potter,231,1,1,0.1527,2.6570,0.5147
rmvpe_raw,0806,1150,StarWars,231,0,1,0.0718,2.6688,0.5667
rmvpe_raw,0806,1605,StarWars,231,0,1,0.0822,3.8554,0.5323
rmvpe_raw,0806,4049,Hakuna,231,0,1,0.2298,2.9945,0.6621
rmvpe_raw,0806,4112,Hakuna,231,0,1,0.2480,4.2289,0.1744
rmvpe_raw,0807,0508,Potter,120,1,1,0.3490,3.7164,0.4676
rmvpe_raw,0807,0559,Potter,120,1,1,0.3703,2.7271,0.5688
rmvpe_raw,0807,0878,StarWars,120,0,1,0.2155,3.3275,0.5899
rmvpe_raw,0807,1449,StarWars,120,0,1,0.2473,2.6367,0.6037
rmvpe_raw,0807,3549,Hakuna,120,0,1,0.1366,3.3304,0.5323
rmvpe_raw,0810,0371,Potter,52,1,1,0.1014,4.2450,0.1924
rmvpe_raw,0810,1331,StarWars,52,0,1,0.1395,2.7903,0.3277
rmvpe_raw,0810,3349,Hakuna,52,0,1,0.2500,2.8249,0.6114
rmvpe_raw,0810,3915,Hakuna,52,0,1,0.2301,3.0796,0.5190
rmvpe_raw,0811,1215,StarWars,72,0,1,0.4374,1.9582,0.8145
rmvpe_raw,0811,1478,StarWars,72,0,1,0.3684,2.9833,0.4676
rmvpe_raw,0811,3666,Hakuna,72,0,1,0.3212,2.6106,0.6900
rmvpe_raw,0811,4069,Hakuna,72,0,1,0.1996,1.9683,0.8079
rmvpe_raw,0813,0531,Potter,105,1,1,0.5017,2.9986,0.5476
rmvpe_raw,0813,0583,Potter,105,1,1,0.5274,2.6560,0.6741
rmvpe_raw,0813,1579,StarWars,105,0,1,0.5753,2.5488,0.6277
rmvpe_raw,0813,3587,Hakuna,105,0,1,0.3031,2.8105,0.5372
rmvpe_raw,0813,3906,Hakuna,105,0,1,0.4384,2.9484,0.6104
rmvpe_raw,0814,0508,Potter,120,1,1,0.3353,3.6851,0.4043
rmvpe_raw,0814,0559,Potter,120,1,1,0.3557,2.6686,0.5200
rmvpe_raw,0814,0878,StarWars,120,0,1,0.2070,3.1499,0.5737
rmvpe_raw,0814,1449,StarWars,120,0,1,0.2376,2.4311,0.5886
rmvpe_raw,0814,3549,Hakuna,120,0,1,0.1312,3.2164,0.5387
rmvpe_raw,0817,0136,Potter,144,1,1,0.0926,3.2235,0.4208
rmvpe_raw,0817,0330,Potter,144,1,1,0.3530,4.5966,0.2831
rmvpe_raw,0817,1216,StarWars,144,0,1,0.1235,4.0342,0.4410
rmvpe_raw,0817,3420,Hakuna,144,0,1,0.3141,2.8320,0.4891
rmvpe_raw,0822,0373,Potter,122,1,1,0.3582,2.3373,0.5241
rmvpe_raw,0822,0547,Potter,122,1,1,0.2237,2.3325,0.6211
rmvpe_raw,0822,1408,StarWars,122,0,1,0.1638,2.2340,0.6086
rmvpe_raw,0822,1495,StarWars,122,0,1,0.1411,2.3261,0.5808
rmvpe_raw,0822,3595,Hakuna,122,0,1,0.1625,2.4419,0.5501
rmvpe_raw,0822,3655,Hakuna,122,0,1,0.1585,2.8816,0.4161
rmvpe_raw,0827,0041,Potter,151,1,1,0.2450,2.4203,0.6049
rmvpe_raw,0827,0778,Potter,151,1,1,0.2150,2.1988,0.6830
rmvpe_raw,0827,1060,StarWars,151,0,1,0.3433,2.2868,0.5567
rmvpe_raw,0827,1252,StarWars,151,0,1,0.2983,1.5446,0.8081
rmvpe_raw,0827,3523,Hakuna,151,0,1,0.1317,2.4425,0.5281
rmvpe_raw,0827,3573,Hakuna,151,0,1,0.2467,2.1875,0.6187
rmvpe_raw,0828,0631,Potter,29,1,1,0.2192,2.2899,0.5934
rmvpe_raw,0828,1142,StarWars,29,0,1,0.1018,2.5179,0.4892
rmvpe_raw,0828,1493,StarWars,29,0,1,0.1487,2.0411,0.5725
rmvpe_raw,0832,0553,Potter,0,1,1,0.2100,5.4473,0.2227
rmvpe_raw,0832,0590,Potter,0,1,1,0.1930,4.1383,0.5392
rmvpe_raw,0832,1140,StarWars,0,0,1,0.0573,5.2353,0.2119
rmvpe_raw,0836,0470,Potter,91,1,1,0.1333,6.0448,0.2028
rmvpe_raw,0836,1006,StarWars,91,0,1,0.1243,5.2629,0.7477
rmvpe_raw,0836,1366,StarWars,91,0,1,0.1081,2.4819,0.4944
rmvpe_raw,0836,3411,Hakuna,91,0,1,0.0973,5.4814,0.3834
rmvpe_raw,0836,3440,Hakuna,91,0,1,0.1369,2.6556,0.2456
peak_prom40,0000,0005,Potter,216,1,1,0.9826,2.9094,0.7312
peak_prom40,0000,0036,Potter,216,1,1,1.0554,2.2975,0.8914
peak_prom40,0000,3704,Hakuna,216,0,1,0.7801,3.2819,0.5433
peak_prom40,0000,3876,Hakuna,216,0,1,0.8560,3.5191,0.2707
peak_prom40,0001,0111,Potter,100,1,1,1.0792,1.3979,0.8825
peak_prom40,0001,0407,Potter,100,1,1,0.8724,1.3862,0.8338
peak_prom40,0001,1040,StarWars,100,0,1,1.1041,1.9789,0.6051
peak_prom40,0001,1344,StarWars,100,0,1,0.7698,2.1166,0.3625
peak_prom40,0001,3448,Hakuna,100,0,1,0.8035,1.9994,0.4799
peak_prom40,0001,4068,Hakuna,100,0,1,0.8314,2.1249,0.4749
peak_prom40,0007,0019,Potter,73,1,1,0.9446,4.8853,0.5885
peak_prom40,0007,0078,Potter,73,1,1,0.7994,1.7773,0.6487
peak_prom40,0007,1154,StarWars,73,0,1,0.7335,3.0069,0.3353
peak_prom40,0007,1359,StarWars,73,0,1,0.7799,2.4081,0.4146
peak_prom40,0007,3857,Hakuna,73,0,1,0.6841,2.4555,0.5725
peak_prom40,0011,0081,Potter,49,1,1,0.9165,0.9580,0.9217
peak_prom40,0011,0423,Potter,49,1,1,0.9968,0.8283,0.9527
peak_prom40,0011,1420,StarWars,49,0,1,0.9246,2.1004,0.6269
peak_prom40,0011,3920,Hakuna,49,0,1,1.0128,2.1665,0.6234
peak_prom40,0011,4138,Hakuna,49,0,1,0.9920,1.7883,0.7651
peak_prom40,0021,0168,Potter,198,1,1,0.5913,2.9661,0.3071
peak_prom40,0021,0461,Potter,198,1,1,0.7986,2.1042,0.4218
peak_prom40,0021,1354,StarWars,198,0,1,0.3913,12.7341,0.7637
peak_prom40,0021,1535,StarWars,198,0,1,0.5942,4.1109,0.1550
peak_prom40,0021,3607,Hakuna,198,0,1,0.6203,2.9710,0.2398
peak_prom40,0021,4013,Hakuna,198,0,1,0.4681,3.1207,0.2711
peak_prom40,0024,0397,Potter,20,1,1,0.7522,1.0953,0.9158
peak_prom40,0024,0513,Potter,20,1,1,0.6162,0.6744,0.9690
peak_prom40,0024,1297,StarWars,20,0,1,0.7556,2.8905,0.4442
peak_prom40,0024,1582,StarWars,20,0,1,0.7040,1.8328,0.7732
peak_prom40,0024,3642,Hakuna,20,0,1,0.7728,1.7111,0.7736
peak_prom40,0024,3992,Hakuna,20,0,1,0.7057,1.7491,0.7733
peak_prom40,0025,3474,Hakuna,82,0,1,1.7006,4.7927,0.3574
peak_prom40,0025,3654,Hakuna,82,0,1,1.5382,4.0143,0.1953
peak_prom40,0026,0319,Potter,54,1,1,0.9777,0.6474,0.9751
peak_prom40,0026,0573,Potter,54,1,1,1.0306,0.6265,0.9757
peak_prom40,0026,0885,StarWars,54,0,1,1.1393,2.7463,0.7223
peak_prom40,0026,1561,StarWars,54,0,1,1.1031,2.6792,0.7280
peak_prom40,0026,3395,Hakuna,54,0,1,0.9192,1.9228,0.8475
peak_prom40,0026,3880,Hakuna,54,0,1,0.8844,1.8243,0.8569
peak_prom40,0027,0102,Potter,191,1,1,1.1405,1.1956,0.8815
peak_prom40,0027,0426,Potter,191,1,1,1.0998,1.1320,0.8986
peak_prom40,0027,0993,StarWars,191,0,1,1.1017,2.2405,0.3853
peak_prom40,0027,1506,StarWars,191,0,1,1.1294,2.0169,0.4562
peak_prom40,0027,3928,Hakuna,191,0,1,1.0924,2.0418,0.6469
peak_prom40,0027,3984,Hakuna,191,0,1,1.0074,1.9226,0.6908
peak_prom40,0028,0408,Potter,145,1,1,1.0429,3.2073,0.5317
peak_prom40,0028,0619,Potter,145,1,1,1.0571,0.6055,0.9856
peak_prom40,0028,0956,StarWars,145,0,1,1.2429,2.8907,0.6807
peak_prom40,0028,1199,StarWars,145,0,1,1.2397,2.5600,0.7470
peak_prom40,0028,3712,Hakuna,145,0,1,1.1048,2.0196,0.8035
peak_prom40,0028,3793,Hakuna,145,0,1,1.1429,2.0451,0.7948
peak_prom40,0030,0196,Potter,232,1,1,0.9605,1.5558,0.8762
peak_prom40,0030,0603,Potter,232,1,1,1.0664,1.5250,0.8849
peak_prom40,0030,0917,StarWars,232,0,1,1.1975,2.8534,0.2536
peak_prom40,0030,1278,StarWars,232,0,1,1.1185,2.6276,0.3760
peak_prom40,0030,3541,Hakuna,232,0,1,1.0054,2.4988,0.5768
peak_prom40,0030,4111,Hakuna,232,0,1,1.0233,2.2341,0.7495
peak_prom40,0032,0140,Potter,175,1,1,0.7015,1.4941,0.8428
peak_prom40,0032,0758,Potter,175,1,1,0.9282,4.2668,0.3376
peak_prom40,0032,1428,StarWars,175,0,1,0.6852,2.8568,0.6524
peak_prom40,0032,1599,StarWars,175,0,1,0.7374,2.7976,0.5948
peak_prom40,0032,3425,Hakuna,175,0,1,0.6786,2.6896,0.4815
peak_prom40,0032,3997,Hakuna,175,0,1,0.6362,2.6608,0.4880
peak_prom40,0033,0186,Potter,22,1,1,1.0371,1.2223,0.8417
peak_prom40,0033,1340,StarWars,22,0,1,1.1224,1.6564,0.7292
peak_prom40,0033,3791,Hakuna,22,0,1,1.2096,1.8201,0.6695
peak_prom40,0033,3834,Hakuna,22,0,1,1.1892,2.0432,0.5794
peak_prom40,0048,0663,Potter,149,1,1,1.2056,3.9883,0.3266
peak_prom40,0048,1284,StarWars,149,0,1,1.1234,4.9936,0.2930
peak_prom40,0048,3578,Hakuna,149,0,1,0.9984,7.4509,0.5394
peak_prom40,0050,0254,Potter,129,1,1,1.0606,1.3050,0.8646
peak_prom40,0050,0554,Potter,129,1,1,1.0391,1.3672,0.8327
peak_prom40,0050,1014,StarWars,129,0,1,0.6469,2.2361,0.7867
peak_prom40,0050,1167,StarWars,129,0,1,0.5903,2.3596,0.7378
peak_prom40,0050,3576,Hakuna,129,0,1,0.6429,3.0343,0.5104
peak_prom40,0050,3651,Hakuna,129,0,1,0.6375,3.5547,0.2931
peak_prom40,0054,0370,Potter,153,1,1,1.0205,1.3024,0.6644
peak_prom40,0054,0710,Potter,153,1,1,1.1062,1.3971,0.6431
peak_prom40,0054,0882,StarWars,153,0,1,1.2449,1.7391,0.2761
peak_prom40,0054,1138,StarWars,153,0,1,1.0360,1.4381,0.6368
peak_prom40,0054,3534,Hakuna,153,0,1,1.2346,1.6473,0.3431
peak_prom40,0054,3689,Hakuna,153,0,1,1.1490,1.6089,0.3752
peak_prom40,0056,0073,Potter,189,1,1,0.9786,1.4260,0.8034
peak_prom40,0056,0298,Potter,189,1,1,0.9390,1.1844,0.9159
peak_prom40,0056,1251,StarWars,189,0,1,0.9077,2.1388,0.6982
peak_prom40,0056,1497,StarWars,189,0,1,0.9555,2.2485,0.5902
peak_prom40,0056,3342,Hakuna,189,0,1,0.9160,2.1325,0.5777
peak_prom40,0063,0206,Potter,84,1,1,1.4688,1.6888,0.9585
peak_prom40,0063,1341,StarWars,84,0,1,1.6384,3.9151,-0.1021
peak_prom40,0063,1504,StarWars,84,0,1,1.5262,3.2641,0.4108
peak_prom40,0065,0010,Potter,92,1,1,0.9473,0.7043,0.9825
peak_prom40,0065,0232,Potter,92,1,1,0.8712,0.7225,0.9797
peak_prom40,0065,0893,StarWars,92,0,1,0.8521,2.3248,0.7507
peak_prom40,0065,0922,StarWars,92,0,1,0.9004,2.4165,0.7125
peak_prom40,0065,4028,Hakuna,92,0,1,0.8814,2.0155,0.8016
peak_prom40,0066,0038,Potter,207,1,1,1.0629,0.8249,0.9795
peak_prom40,0066,0672,Potter,207,1,1,1.0918,0.7720,0.9785
peak_prom40,0066,1206,StarWars,207,0,1,0.9371,2.4862,0.6627
peak_prom40,0066,1265,StarWars,207,0,1,0.8656,2.6296,0.6609
peak_prom40,0066,3446,Hakuna,207,0,1,1.0153,2.0595,0.7721
peak_prom40,0066,3565,Hakuna,207,0,1,0.9643,2.1452,0.7372
peak_prom40,0070,0504,Potter,90,1,1,1.0136,1.3303,0.9088
peak_prom40,0070,0597,Potter,90,1,1,1.0287,1.4446,0.9158
peak_prom40,0070,0886,StarWars,90,0,1,1.2118,2.9127,0.3872
peak_prom40,0070,1075,StarWars,90,0,1,1.2073,3.1779,0.1855
peak_prom40,0070,3378,Hakuna,90,0,1,0.9228,2.2464,0.7197
peak_prom40,0070,3455,Hakuna,90,0,1,1.1210,3.0072,0.2322
peak_prom40,0079,0445,Potter,146,1,1,0.8123,1.7984,0.8236
peak_prom40,0079,0622,Potter,146,1,1,0.9727,1.2661,0.9007
peak_prom40,0079,0925,StarWars,146,0,1,0.7218,2.6304,0.5087
peak_prom40,0079,1456,StarWars,146,0,1,0.8908,2.8825,0.2882
peak_prom40,0079,3439,Hakuna,146,0,1,0.6809,3.3170,-0.0358
peak_prom40,0079,3822,Hakuna,146,0,1,0.6894,2.8053,0.4150
peak_prom40,0080,0292,Potter,166,1,1,1.2117,2.1078,0.5971
peak_prom40,0080,0353,Potter,166,1,1,1.7945,1.5981,0.7724
peak_prom40,0080,1233,StarWars,166,0,1,1.0273,3.1897,0.0491
peak_prom40,0080,1267,StarWars,166,0,1,1.1405,2.1957,0.7208
peak_prom40,0084,3332,Hakuna,6,0,1,1.0374,2.1317,0.8422
peak_prom40,0088,0239,Potter,59,1,1,0.7368,2.7989,0.4287
peak_prom40,0088,0798,Potter,59,1,1,0.6876,4.2086,-0.0989
peak_prom40,0088,0923,StarWars,59,0,1,0.5076,3.6311,0.5314
peak_prom40,0088,1246,StarWars,59,0,1,0.7555,4.1980,0.0137
peak_prom40,0088,3956,Hakuna,59,0,1,0.8183,5.3298,0.5589
peak_prom40,0088,4124,Hakuna,59,0,1,0.6706,3.4061,0.2708
peak_prom40,0091,0008,Potter,213,1,1,1.0575,0.6182,0.9033
peak_prom40,0091,0681,Potter,213,1,1,1.0192,0.7159,0.8704
peak_prom40,0091,0860,StarWars,213,0,1,1.2300,2.4582,0.7107
peak_prom40,0091,1317,StarWars,213,0,1,1.1438,2.4726,0.7488
peak_prom40,0091,3548,Hakuna,213,0,1,0.8419,1.5882,0.8315
peak_prom40,0091,3720,Hakuna,213,0,1,0.9233,2.1412,0.5409
peak_prom40,0093,0271,Potter,121,1,1,1.3087,0.8352,0.9618
peak_prom40,0093,0416,Potter,121,1,1,1.0246,1.8798,0.8209
peak_prom40,0093,0852,StarWars,121,0,1,1.3736,2.8514,0.3789
peak_prom40,0093,1525,StarWars,121,0,1,1.1902,2.5652,0.5527
peak_prom40,0093,3647,Hakuna,121,0,1,1.1924,2.5898,0.5317
peak_prom40,0093,4058,Hakuna,121,0,1,1.1723,2.6019,0.5433
peak_prom40,0098,0616,Potter,71,1,1,0.9602,3.0423,0.5113
peak_prom40,0098,0753,Potter,71,1,1,1.0774,2.2431,0.6589
peak_prom40,0098,1170,StarWars,71,0,1,0.2743,2.7210,0.3847
peak_prom40,0098,1327,StarWars,71,0,1,0.3341,3.0291,0.3884
peak_prom40,0098,3542,Hakuna,71,0,1,0.5243,2.1593,0.6906
peak_prom40,0098,3755,Hakuna,71,0,1,0.5509,2.8712,0.3791
peak_prom40,0099,3332,Hakuna,6,0,1,1.0176,2.0133,0.8321
peak_prom40,0100,0090,Potter,24,1,1,0.7442,1.1577,0.9566
peak_prom40,0100,0320,Potter,24,1,1,0.7238,1.4002,0.9473
peak_prom40,0100,1045,StarWars,24,0,1,0.8401,3.2014,0.5136
peak_prom40,0100,1325,StarWars,24,0,1,0.8038,3.0062,0.6131
peak_prom40,0100,3814,Hakuna,24,0,1,0.8110,2.9963,0.6704
peak_prom40,0100,4118,Hakuna,24,0,1,0.7994,3.0225,0.6076
peak_prom40,0105,0057,Potter,60,1,1,0.9910,2.6422,0.7213
peak_prom40,0105,0348,Potter,60,1,1,0.9982,2.8410,0.5670
peak_prom40,0112,0484,Potter,162,1,1,0.9248,0.9102,0.9631
peak_prom40,0112,0599,Potter,162,1,1,0.9344,0.8555,0.9651
peak_prom40,0112,1508,StarWars,162,0,1,0.9184,2.4106,0.7447
peak_prom40,0112,1606,StarWars,162,0,1,0.9616,2.2808,0.7845
peak_prom40,0113,0651,Potter,97,1,1,1.0325,1.2931,0.8844
peak_prom40,0113,0706,Potter,97,1,1,1.0604,0.9759,0.8723
peak_prom40,0113,1313,StarWars,97,0,1,0.9737,2.7182,0.6225
peak_prom40,0113,1418,StarWars,97,0,1,0.9783,2.3624,0.7013
peak_prom40,0113,3631,Hakuna,97,0,1,0.9102,2.5191,0.6626
peak_prom40,0113,3919,Hakuna,97,0,1,0.9706,2.8268,0.4981
peak_prom40,0115,0438,Potter,192,1,1,1.1728,3.1120,0.3588
peak_prom40,0115,0783,Potter,192,1,1,0.9173,1.8218,0.7784
peak_prom40,0115,0909,StarWars,192,0,1,1.1403,2.7019,0.2722
peak_prom40,0115,1642,StarWars,192,0,1,1.0945,2.4084,0.4707
peak_prom40,0115,3741,Hakuna,192,0,1,1.1152,2.5625,0.2821
peak_prom40,0115,4148,Hakuna,192,0,1,1.1551,2.7172,0.3770
peak_prom40,0116,0356,Potter,196,1,1,1.0860,0.8392,0.9209
peak_prom40,0116,0686,Potter,196,1,1,1.0400,1.0178,0.9162
peak_prom40,0116,0907,StarWars,196,0,1,0.9640,2.3226,0.7616
peak_prom40,0116,1611,StarWars,196,0,1,0.9160,2.5391,0.7288
peak_prom40,0116,4056,Hakuna,196,0,1,0.9660,2.3661,0.7241
peak_prom40,0116,4082,Hakuna,196,0,1,1.0080,2.1601,0.7667
peak_prom40,0118,0004,Potter,160,1,1,1.0759,1.4558,0.2555
peak_prom40,0118,0517,Potter,160,1,1,1.0914,1.5689,0.3025
peak_prom40,0118,1390,StarWars,160,0,1,1.2259,1.8188,0.1455
peak_prom40,0118,1641,StarWars,160,0,1,1.1879,1.4770,0.2384
peak_prom40,0118,3786,Hakuna,160,0,1,1.0983,1.0538,0.7243
peak_prom40,0118,3994,Hakuna,160,0,1,1.0914,1.4612,0.2262
peak_prom40,0121,0222,Potter,96,1,1,0.8502,1.1524,0.8938
peak_prom40,0121,0715,Potter,96,1,1,0.9087,1.5817,0.7723
peak_prom40,0121,1027,StarWars,96,0,1,1.1327,2.1969,0.5623
peak_prom40,0121,1402,StarWars,96,0,1,1.0613,2.1533,0.5649
peak_prom40,0121,3406,Hakuna,96,0,1,1.0285,2.0852,0.6882
peak_prom40,0121,3938,Hakuna,96,0,1,0.9558,2.0159,0.6992
peak_prom40,0122,0582,Potter,57,1,1,0.9640,2.9941,0.6152
peak_prom40,0122,0801,Potter,57,1,1,0.9966,2.7333,0.7248
peak_prom40,0122,0985,StarWars,57,0,1,0.9966,3.7501,0.1139
peak_prom40,0122,1249,StarWars,57,0,1,0.9914,3.2335,0.6212
peak_prom40,0122,3745,Hakuna,57,0,1,1.5257,3.5047,0.2504
peak_prom40,0122,3802,Hakuna,57,0,1,1.5702,3.5352,0.2721
peak_prom40,0127,0384,Potter,228,1,1,0.9769,1.5937,0.4532
peak_prom40,0127,0820,Potter,228,1,1,0.3026,2.4822,0.2430
peak_prom40,0127,1051,StarWars,228,0,1,0.4000,10.0718,-0.1260
peak_prom40,0127,1339,StarWars,228,0,1,0.2436,1.8339,0.4219
peak_prom40,0127,3896,Hakuna,228,0,1,0.9256,4.1442,0.3158
peak_prom40,0133,0538,Potter,16,1,1,0.1288,3.2373,0.2585
peak_prom40,0133,0797,Potter,16,1,1,0.1120,4.1148,-0.6163
peak_prom40,0133,1261,StarWars,16,0,1,0.0853,4.6070,-0.0922
peak_prom40,0133,3846,Hakuna,16,0,1,0.7943,3.1902,0.4796
peak_prom40,0133,4150,Hakuna,16,0,1,0.7726,3.2357,0.4083
peak_prom40,0135,0279,Potter,223,1,1,0.9757,1.8696,0.4765
peak_prom40,0135,0609,Potter,223,1,1,1.0108,1.7789,0.5721
peak_prom40,0135,1197,StarWars,223,0,1,0.9784,2.8297,0.4305
peak_prom40,0135,3343,Hakuna,223,0,1,0.8041,2.2352,0.6118
peak_prom40,0135,4153,Hakuna,223,0,1,0.8297,2.2967,0.4281
peak_prom40,0138,0397,Potter,20,1,1,0.7735,1.3262,0.8846
peak_prom40,0138,0513,Potter,20,1,1,0.6336,0.5491,0.9789
peak_prom40,0138,1297,StarWars,20,0,1,0.7770,3.1416,0.2163
peak_prom40,0138,1582,StarWars,20,0,1,0.7239,1.9018,0.7428
peak_prom40,0138,3642,Hakuna,20,0,1,0.7947,1.6652,0.7995
peak_prom40,0138,3992,Hakuna,20,0,1,0.7257,1.8078,0.7373
peak_prom40,0139,0068,Potter,134,1,1,1.1551,2.3351,0.4001
peak_prom40,0139,0695,Potter,134,1,1,0.7855,2.2724,0.3989
peak_prom40,0139,1461,StarWars,134,0,1,0.7211,2.3875,0.2761
peak_prom40,0139,1589,StarWars,134,0,1,0.9043,3.1272,0.1800
peak_prom40,0139,3780,Hakuna,134,0,1,0.7706,2.2065,0.5631
peak_prom40,0139,3912,Hakuna,134,0,1,0.7459,2.1800,0.5869
peak_prom40,0142,0542,Potter,44,1,1,0.9007,0.7471,0.9525
peak_prom40,0142,0739,Potter,44,1,1,0.9934,0.5632,0.9597
peak_prom40,0142,0964,StarWars,44,0,1,1.0583,2.6252,0.7468
peak_prom40,0142,1026,StarWars,44,0,1,1.0146,2.2588,0.7569
peak_prom40,0142,3485,Hakuna,44,0,1,0.9232,1.7736,0.8322
peak_prom40,0142,3781,Hakuna,44,0,1,0.8662,1.9074,0.7970
peak_prom40,0143,0158,Potter,98,1,1,0.5953,1.4799,0.5180
peak_prom40,0143,0450,Potter,98,1,1,0.6005,1.4139,0.5851
peak_prom40,0143,0904,StarWars,98,0,1,0.3499,3.0763,0.3186
peak_prom40,0143,1654,StarWars,98,0,1,0.5587,1.2652,0.6336
peak_prom40,0143,3835,Hakuna,98,0,1,0.3538,1.3189,0.5549
peak_prom40,0143,3993,Hakuna,98,0,1,0.3577,3.9662,0.1241
peak_prom40,0147,0145,Potter,141,1,1,0.8990,1.4336,0.7967
peak_prom40,0147,0620,Potter,141,1,1,0.5262,1.8161,0.4850
peak_prom40,0147,1636,StarWars,141,0,1,1.0136,2.0138,0.3903
peak_prom40,0147,1652,StarWars,141,0,1,0.7845,2.6234,-0.3177
peak_prom40,0147,3687,Hakuna,141,0,1,0.8777,1.9298,0.5682
peak_prom40,0147,3895,Hakuna,141,0,1,0.8893,1.9868,0.3771
peak_prom40,0149,0123,Potter,29,1,1,0.9335,1.7183,0.7190
peak_prom40,0149,0631,Potter,29,1,1,1.1137,0.9217,0.9227
peak_prom40,0149,1142,StarWars,29,0,1,1.1137,1.9626,0.5305
peak_prom40,0149,1493,StarWars,29,0,1,1.2876,1.9375,0.5113
peak_prom40,0149,3893,Hakuna,29,0,1,1.0987,1.9463,0.5540
peak_prom40,0149,4086,Hakuna,29,0,1,1.1717,1.8451,0.5882
peak_prom40,0150,0787,Potter,136,1,1,1.2260,2.6474,0.6074
peak_prom40,0150,0837,Potter,136,1,1,1.2072,2.8847,0.4055
peak_prom40,0150,1004,StarWars,136,0,1,1.3356,2.8645,0.2204
peak_prom40,0150,1042,StarWars,136,0,1,1.4178,2.7874,0.2394
peak_prom40,0150,3526,Hakuna,136,0,1,1.3579,2.9519,0.1533
peak_prom40,0150,3943,Hakuna,136,0,1,1.3579,2.9519,0.1533
peak_prom40,0157,0613,Potter,137,1,1,1.4759,1.2182,0.9222
peak_prom40,0157,0788,Potter,137,1,1,1.4639,1.5867,0.8467
peak_prom40,0157,1163,StarWars,137,0,1,1.5873,2.1331,0.7104
peak_prom40,0157,1177,StarWars,137,0,1,1.7139,2.0695,0.7142
peak_prom40,0157,3594,Hakuna,137,0,1,1.8072,1.9722,0.7462
peak_prom40,0157,3944,Hakuna,137,0,1,1.7500,1.7207,0.7905
peak_prom40,0159,0181,Potter,13,1,1,1.1444,1.3086,0.7280
peak_prom40,0159,0299,Potter,13,1,1,1.0271,1.3733,0.8552
peak_prom40,0159,1619,StarWars,13,0,1,1.0361,1.5772,0.5823
peak_prom40,0159,3353,Hakuna,13,0,1,0.9693,1.2903,0.6071
peak_prom40,0159,4020,Hakuna,13,0,1,1.0253,1.2672,0.4904
peak_prom40,0162,0553,Potter,0,1,1,0.7440,3.3336,0.6575
peak_prom40,0162,0590,Potter,0,1,1,0.7008,3.0449,0.7117
peak_prom40,0162,0915,StarWars,0,0,1,0.5743,4.5523,0.4661
peak_prom40,0162,1140,StarWars,0,0,1,0.5201,4.8320,0.4886
peak_prom40,0162,3690,Hakuna,0,0,1,0.5873,4.2290,0.4731
peak_prom40,0162,4031,Hakuna,0,0,1,0.6376,3.8458,0.4677
peak_prom40,0165,0377,Potter,234,1,1,0.9118,2.0621,0.8944
peak_prom40,0165,0406,Potter,234,1,1,0.9945,1.7727,0.9030
peak_prom40,0165,0906,StarWars,234,0,1,1.0239,2.5877,0.7436
peak_prom40,0165,3484,Hakuna,234,0,1,0.9871,2.7069,0.7966
peak_prom40,0165,3975,Hakuna,234,0,1,1.0000,2.8658,0.7429
peak_prom40,0166,0424,Potter,38,1,1,1.1497,0.8243,0.9451
peak_prom40,0166,0829,Potter,38,1,1,1.1035,0.6579,0.9595
peak_prom40,0166,1149,StarWars,38,0,1,1.0159,1.8507,0.6885
peak_prom40,0166,1273,StarWars,38,0,1,1.0303,1.8504,0.7252
peak_prom40,0166,3506,Hakuna,38,0,1,0.9761,2.6266,0.2831
peak_prom40,0166,3732,Hakuna,38,0,1,1.0271,2.5381,0.2432
peak_prom40,0167,0075,Potter,55,1,1,0.9552,1.9176,0.7760
peak_prom40,0167,0785,Potter,55,1,1,0.9384,1.5256,0.8194
peak_prom40,0167,1160,StarWars,55,0,1,1.0784,2.2715,0.5195
peak_prom40,0167,1648,StarWars,55,0,1,1.3041,1.9117,0.6799
peak_prom40,0167,3887,Hakuna,55,0,1,1.2220,1.8482,0.7118
peak_prom40,0167,4060,Hakuna,55,0,1,1.1959,1.9398,0.6044
peak_prom40,0173,0090,Potter,24,1,1,0.7161,1.1200,0.9543
peak_prom40,0173,0320,Potter,24,1,1,0.6965,1.2971,0.9531
peak_prom40,0173,1045,StarWars,24,0,1,0.8084,3.1394,0.5178
peak_prom40,0173,1325,StarWars,24,0,1,0.7734,3.0030,0.6054
peak_prom40,0173,3814,Hakuna,24,0,1,0.7804,2.9250,0.6894
peak_prom40,0173,4118,Hakuna,24,0,1,0.7692,2.9727,0.6197
peak_prom40,0174,0361,Potter,46,1,1,1.0243,0.6833,0.9639
peak_prom40,0174,0632,Potter,46,1,1,0.9870,0.7224,0.9609
peak_prom40,0174,0841,StarWars,46,0,1,1.0276,2.1397,0.6643
peak_prom40,0174,1237,StarWars,46,0,1,1.0211,1.9599,0.5779
peak_prom40,0174,3661,Hakuna,46,0,1,0.9076,1.5791,0.8217
peak_prom40,0174,4156,Hakuna,46,0,1,0.9692,1.6612,0.7374
peak_prom40,0179,0288,Potter,208,1,1,0.9854,2.2394,0.5615
peak_prom40,0179,0482,Potter,208,1,1,0.9634,2.4382,0.3566
peak_prom40,0179,1399,StarWars,208,0,1,0.7877,2.4539,0.3944
peak_prom40,0179,1436,StarWars,208,0,1,0.5622,2.3455,0.3140
peak_prom40,0179,3519,Hakuna,208,0,1,0.6647,2.3919,0.5115
peak_prom40,0180,0386,Potter,184,1,1,0.8197,1.7241,0.8614
peak_prom40,0180,0729,Potter,184,1,1,0.8197,0.7807,0.9786
peak_prom40,0180,0887,StarWars,184,0,1,0.6178,2.4100,0.7748
peak_prom40,0180,3612,Hakuna,184,0,1,0.7174,2.6931,0.6336
peak_prom40,0180,3844,Hakuna,184,0,1,0.7214,2.3989,0.7237
peak_prom40,0183,0437,Potter,40,1,1,0.7970,1.1683,0.9625
peak_prom40,0183,0502,Potter,40,1,1,0.5995,2.9745,0.4031
peak_prom40,0183,0892,StarWars,40,0,1,0.6198,2.7445,0.5282
peak_prom40,0183,1600,StarWars,40,0,1,0.7645,3.1924,0.5482
peak_prom40,0183,3966,Hakuna,40,0,1,0.6820,2.8466,0.6283
peak_prom40,0183,4094,Hakuna,40,0,1,0.6116,2.8479,0.6237
peak_prom40,0188,0198,Potter,67,1,1,0.8677,0.7725,0.9780
peak_prom40,0188,0369,Potter,67,1,1,0.7897,1.0483,0.9384
peak_prom40,0188,1298,StarWars,67,0,1,0.8607,3.1861,0.4877
peak_prom40,0188,1326,StarWars,67,0,1,0.8106,3.1928,0.4327
peak_prom40,0188,3412,Hakuna,67,0,1,0.5933,2.4035,0.7583
peak_prom40,0188,3447,Hakuna,67,0,1,0.6309,2.4840,0.7369
peak_prom40,0190,0732,Potter,150,1,1,1.1348,0.8640,0.8821
peak_prom40,0190,0825,Potter,150,1,1,1.3261,0.7429,0.8927
peak_prom40,0190,0844,StarWars,150,0,1,1.3827,3.2028,0.4053
peak_prom40,0190,1510,StarWars,150,0,1,1.4160,3.1352,0.4569
peak_prom40,0190,3493,Hakuna,150,0,1,1.2263,1.8719,0.7442
peak_prom40,0190,3767,Hakuna,150,0,1,1.1714,1.2560,0.9105
peak_prom40,0195,0370,Potter,153,1,1,0.8454,1.6593,0.7142
peak_prom40,0195,0710,Potter,153,1,1,0.9163,1.5876,0.7736
peak_prom40,0195,0882,StarWars,153,0,1,1.0312,2.2444,0.3067
peak_prom40,0195,1138,StarWars,153,0,1,0.8582,2.1590,0.3984
peak_prom40,0195,3534,Hakuna,153,0,1,1.0227,2.1643,0.3887
peak_prom40,0195,3689,Hakuna,153,0,1,0.9518,2.1675,0.5173
peak_prom40,0197,0060,Potter,222,1,1,1.0087,1.1662,0.8443
peak_prom40,0197,0107,Potter,222,1,1,1.1012,0.9752,0.9189
peak_prom40,0197,0959,StarWars,222,0,1,0.9424,2.0745,0.6616
peak_prom40,0197,1276,StarWars,222,0,1,0.9634,2.2540,0.5919
peak_prom40,0197,4064,Hakuna,222,0,1,1.0349,1.9337,0.6196
peak_prom40,0197,4085,Hakuna,222,0,1,1.0611,1.8430,0.6355
peak_prom40,0204,0102,Potter,191,1,1,1.2218,1.1078,0.8998
peak_prom40,0204,0426,Potter,191,1,1,1.1782,1.0702,0.9125
peak_prom40,0204,0993,StarWars,191,0,1,1.1802,2.2122,0.3838
peak_prom40,0204,1506,StarWars,191,0,1,1.2099,2.0126,0.4203
peak_prom40,0204,3928,Hakuna,191,0,1,1.1703,1.9956,0.6563
peak_prom40,0204,3984,Hakuna,191,0,1,1.0792,1.8984,0.6549
peak_prom40,0210,0055,Potter,200,1,1,1.1076,1.4665,0.8403
peak_prom40,0210,0417,Potter,200,1,1,1.0333,1.3162,0.8677
peak_prom40,0210,1015,StarWars,200,0,1,1.1957,2.6975,0.4513
peak_prom40,0210,1626,StarWars,200,0,1,1.0959,3.1788,0.2663
peak_prom40,0210,3586,Hakuna,200,0,1,0.9061,2.2861,0.4643
peak_prom40,0210,3862,Hakuna,200,0,1,0.9491,2.2485,0.5688
peak_prom40,0215,0229,Potter,230,1,1,1.0409,0.5852,0.9795
peak_prom40,0215,0245,Potter,230,1,1,1.0691,0.6534,0.9700
peak_prom40,0215,1010,StarWars,230,0,1,1.1199,2.7877,0.6968
peak_prom40,0215,1048,StarWars,230,0,1,1.1594,3.0385,0.6394
peak_prom40,0215,3670,Hakuna,230,0,1,0.8717,2.1417,0.7745
peak_prom40,0215,3702,Hakuna,230,0,1,0.9013,1.9516,0.8075
peak_prom40,0219,0076,Potter,30,1,1,0.8422,1.9625,0.8639
peak_prom40,0219,0151,Potter,30,1,1,0.9369,1.5311,0.9002
peak_prom40,0219,1101,StarWars,30,0,1,1.2193,2.9476,0.5636
peak_prom40,0219,1369,StarWars,30,0,1,1.0714,3.0680,0.5233
peak_prom40,0219,3443,Hakuna,30,0,1,0.9435,2.1014,0.7602
peak_prom40,0219,3694,Hakuna,30,0,1,0.9618,2.0976,0.8288
peak_prom40,0220,0997,StarWars,135,0,1,0.7966,2.7895,0.5369
peak_prom40,0220,1195,StarWars,135,0,1,0.9345,2.8366,0.4764
peak_prom40,0220,3501,Hakuna,135,0,1,0.7741,2.3805,0.5616
peak_prom40,0220,4070,Hakuna,135,0,1,0.9224,2.3200,0.4733
peak_prom40,0224,0445,Potter,146,1,1,0.7791,1.5289,0.8005
peak_prom40,0224,0622,Potter,146,1,1,0.9329,1.0214,0.9180
peak_prom40,0224,0925,StarWars,146,0,1,0.6923,2.4301,0.4831
peak_prom40,0224,1456,StarWars,146,0,1,0.8543,2.5557,0.3188
peak_prom40,0224,3439,Hakuna,146,0,1,0.6530,2.5975,0.2696
peak_prom40,0224,3822,Hakuna,146,0,1,0.6612,2.4833,0.4745
peak_prom40,0225,0680,Potter,123,1,1,0.8933,0.6571,0.9848
peak_prom40,0225,0835,Potter,123,1,1,0.8750,0.6641,0.9885
peak_prom40,0225,1196,StarWars,123,0,1,0.8610,2.5810,0.7066
peak_prom40,0225,1378,StarWars,123,0,1,0.8919,2.8855,0.6944
peak_prom40,0225,3567,Hakuna,123,0,1,0.7402,2.5187,0.5665
peak_prom40,0225,3787,Hakuna,123,0,1,0.7444,2.6275,0.5294
peak_prom40,0228,0124,Potter,58,1,1,1.0930,1.4620,0.8562
peak_prom40,0228,0467,Potter,58,1,1,1.1860,1.4287,0.8875
peak_prom40,0228,1178,StarWars,58,0,1,1.1223,3.1466,0.5180
peak_prom40,0228,1262,StarWars,58,0,1,1.1599,2.4626,0.6842
peak_prom40,0228,3556,Hakuna,58,0,1,1.0049,2.4935,0.5886
peak_prom40,0228,3668,Hakuna,58,0,1,0.9837,2.6471,0.7237
peak_prom40,0230,0010,Potter,92,1,1,0.9256,0.6330,0.9851
peak_prom40,0230,0232,Potter,92,1,1,0.8512,0.6771,0.9810
peak_prom40,0230,0893,StarWars,92,0,1,0.8326,2.2266,0.7460
peak_prom40,0230,0922,StarWars,92,0,1,0.8798,2.3326,0.7044
peak_prom40,0230,4028,Hakuna,92,0,1,0.8612,1.8615,0.8199
peak_prom40,0231,0595,Potter,26,1,1,0.9185,1.0888,0.7701
peak_prom40,0231,0768,Potter,26,1,1,0.8569,1.4181,0.6309
peak_prom40,0231,1087,StarWars,26,0,1,0.7793,1.5219,0.4967
peak_prom40,0231,1132,StarWars,26,0,1,0.7316,1.1319,0.7379
peak_prom40,0231,3392,Hakuna,26,0,1,0.5785,1.4212,0.5921
peak_prom40,0231,4137,Hakuna,26,0,1,0.5388,1.5188,0.5104
peak_prom40,0233,0633,Potter,231,1,1,0.8075,1.4922,0.7363
peak_prom40,0233,0803,Potter,231,1,1,0.8546,0.4765,0.9289
peak_prom40,0233,1150,StarWars,231,0,1,0.9017,2.9883,0.4600
peak_prom40,0233,1605,StarWars,231,0,1,0.9233,2.3997,0.6370
peak_prom40,0233,4049,Hakuna,231,0,1,0.8560,1.5644,0.8312
peak_prom40,0233,4112,Hakuna,231,0,1,0.8762,1.5531,0.8453
peak_prom40,0237,0542,Potter,44,1,1,0.8685,0.7620,0.9571
peak_prom40,0237,0739,Potter,44,1,1,0.9579,0.7217,0.9516
peak_prom40,0237,0964,StarWars,44,0,1,1.0204,2.5083,0.7689
peak_prom40,0237,1026,StarWars,44,0,1,0.9783,2.2455,0.7851
peak_prom40,0237,3485,Hakuna,44,0,1,0.8902,1.9045,0.8316
peak_prom40,0237,3781,Hakuna,44,0,1,0.8352,2.0280,0.8000
peak_prom40,0238,0243,Potter,139,1,1,1.0456,1.4794,0.6561
peak_prom40,0238,0824,Potter,139,1,1,0.9899,1.1285,0.9495
peak_prom40,0238,0999,StarWars,139,0,1,0.8919,2.1702,0.7071
peak_prom40,0238,1240,StarWars,139,0,1,0.8547,3.4208,0.3492
peak_prom40,0238,3969,Hakuna,139,0,1,0.8649,2.0207,0.7430
peak_prom40,0238,4035,Hakuna,139,0,1,0.9257,2.5844,0.5820
peak_prom40,0242,0762,Potter,69,1,1,0.6019,2.2342,0.5200
peak_prom40,0242,0771,Potter,69,1,1,1.1475,2.6810,0.1417
peak_prom40,0242,1323,StarWars,69,0,1,0.7681,2.4484,0.2069
peak_prom40,0242,1496,StarWars,69,0,1,0.7735,2.8496,0.1740
peak_prom40,0242,3410,Hakuna,69,0,1,0.7118,2.7503,0.0932
peak_prom40,0242,3782,Hakuna,69,0,1,0.7949,7.8198,0.3074
peak_prom40,0249,0365,Potter,80,1,1,0.3168,2.1372,0.4169
peak_prom40,0249,0514,Potter,80,1,1,0.2577,2.3460,0.4095
peak_prom40,0249,1287,StarWars,80,0,1,0.0765,2.3231,0.2490
peak_prom40,0249,3828,Hakuna,80,0,1,0.0671,3.2148,0.4518
peak_prom40,0249,3961,Hakuna,80,0,1,0.0819,5.2572,0.3976
peak_prom40,0253,0177,Potter,14,1,1,1.0550,1.6991,0.8950
peak_prom40,0253,0774,Potter,14,1,1,1.0241,1.4448,0.9363
peak_prom40,0253,1435,StarWars,14,0,1,1.0155,2.5197,0.6836
peak_prom40,0253,1519,StarWars,14,0,1,1.1134,2.7715,0.5018
peak_prom40,0253,3682,Hakuna,14,0,1,0.8591,2.6177,0.6339
peak_prom40,0253,3807,Hakuna,14,0,1,0.8969,3.0326,0.4188
peak_prom40,0258,0155,Potter,76,1,1,0.9646,1.0837,0.9080
peak_prom40,0258,0584,Potter,76,1,1,0.9707,1.0080,0.9184
peak_prom40,0258,1381,StarWars,76,0,1,0.9045,2.8071,0.0962
peak_prom40,0258,1445,StarWars,76,0,1,0.9584,2.1525,0.4364
peak_prom40,0258,3706,Hakuna,76,0,1,0.9692,1.8531,0.6241
peak_prom40,0258,4048,Hakuna,76,0,1,0.9753,1.6390,0.7130
peak_prom40,0259,0311,Potter,218,1,1,0.8508,1.3343,0.9233
peak_prom40,0259,0518,Potter,218,1,1,0.7475,1.6600,0.8477
peak_prom40,0259,0994,StarWars,218,0,1,0.8915,3.3737,0.4997
peak_prom40,0259,1220,StarWars,218,0,1,0.8407,3.4545,0.3968
peak_prom40,0259,3475,Hakuna,218,0,1,0.9627,2.2797,0.7392
peak_prom40,0259,3521,Hakuna,218,0,1,0.9695,2.4245,0.6786
peak_prom40,0262,0328,Potter,106,1,1,0.6759,1.3515,0.7614
peak_prom40,0262,0777,Potter,106,1,1,0.7267,1.6414,0.6912
peak_prom40,0262,1062,StarWars,106,0,1,0.7676,2.0671,0.2988
peak_prom40,0262,1581,StarWars,106,0,1,0.3633,2.5977,0.0743
peak_prom40,0262,3427,Hakuna,106,0,1,0.7660,2.0605,0.3615
peak_prom40,0262,4075,Hakuna,106,0,1,0.6907,2.2546,0.1124
peak_prom40,0263,0038,Potter,207,1,1,1.0927,0.5094,0.9878
peak_prom40,0263,0672,Potter,207,1,1,1.1224,0.5123,0.9877
peak_prom40,0263,1206,StarWars,207,0,1,0.9633,2.3458,0.6813
peak_prom40,0263,1265,StarWars,207,0,1,0.8899,2.5504,0.6408
peak_prom40,0263,3446,Hakuna,207,0,1,1.0437,1.8957,0.8136
peak_prom40,0263,3565,Hakuna,207,0,1,0.9913,2.0031,0.7455
peak_prom40,0270,0111,Potter,100,1,1,1.0936,1.4310,0.7805
peak_prom40,0270,0407,Potter,100,1,1,0.8841,1.5674,0.6175
peak_prom40,0270,1040,StarWars,100,0,1,1.1189,2.0659,0.3865
peak_prom40,0270,1344,StarWars,100,0,1,0.7801,2.1849,0.2873
peak_prom40,0270,3448,Hakuna,100,0,1,0.8143,2.0502,0.4290
peak_prom40,0270,4068,Hakuna,100,0,1,0.8425,2.1462,0.4638
peak_prom40,0272,0756,Potter,219,1,1,1.0145,2.2919,0.4814
peak_prom40,0272,0805,Potter,219,1,1,1.3229,2.2069,0.4170
peak_prom40,0272,0988,StarWars,219,0,1,1.2723,2.6361,0.3047
peak_prom40,0272,1255,StarWars,219,0,1,1.1398,2.6346,0.3216
peak_prom40,0272,3355,Hakuna,219,0,1,1.1325,2.6089,0.2331
peak_prom40,0272,3635,Hakuna,219,0,1,1.4048,2.7160,0.2379
peak_prom40,0276,0680,Potter,123,1,1,0.8537,0.8846,0.9650
peak_prom40,0276,0835,Potter,123,1,1,0.8362,0.4263,0.9894
peak_prom40,0276,1196,StarWars,123,0,1,0.8228,2.7879,0.6709
peak_prom40,0276,1378,StarWars,123,0,1,0.8523,3.2085,0.6517
peak_prom40,0276,3567,Hakuna,123,0,1,0.7074,2.4711,0.5918
peak_prom40,0276,3787,Hakuna,123,0,1,0.7114,2.5800,0.5398
peak_prom40,0277,0087,Potter,43,1,1,0.7812,0.9509,0.9567
peak_prom40,0277,0212,Potter,43,1,1,0.7896,0.9945,0.9401
peak_prom40,0277,1314,StarWars,43,0,1,0.9604,2.2331,0.6834
peak_prom40,0277,1490,StarWars,43,0,1,0.9313,2.1995,0.6632
peak_prom40,0277,3478,Hakuna,43,0,1,0.8542,2.3041,0.6622
peak_prom40,0277,3825,Hakuna,43,0,1,0.7917,2.3198,0.6610
peak_prom40,0278,3474,Hakuna,82,0,1,1.5009,4.9869,0.3134
peak_prom40,0278,3654,Hakuna,82,0,1,1.3575,3.9909,0.2304
peak_prom40,0281,0057,Potter,60,1,1,0.9171,1.7834,0.7442
peak_prom40,0281,0348,Potter,60,1,1,0.9237,1.9302,0.6254
peak_prom40,0284,0196,Potter,232,1,1,0.9588,1.8974,0.8368
peak_prom40,0284,0603,Potter,232,1,1,1.0645,1.8589,0.8415
peak_prom40,0284,0917,StarWars,232,0,1,1.1953,3.1862,0.3070
peak_prom40,0284,1278,StarWars,232,0,1,1.1165,3.0450,0.2952
peak_prom40,0284,3541,Hakuna,232,0,1,1.0036,2.7847,0.5667
peak_prom40,0284,4111,Hakuna,232,0,1,1.0215,2.5003,0.7310
peak_prom40,0287,0131,Potter,53,1,1,1.1774,1.2402,0.8078
peak_prom40,0287,0689,Potter,53,1,1,1.2462,2.2990,0.4244
peak_prom40,0287,1269,StarWars,53,0,1,0.8364,3.4891,0.3581
peak_prom40,0287,1596,StarWars,53,0,1,0.8456,3.3918,0.4078
peak_prom40,0287,3585,Hakuna,53,0,1,0.7462,2.3184,0.6411
peak_prom40,0287,3856,Hakuna,53,0,1,0.7171,2.1372,0.6863
peak_prom40,0290,0477,Potter,17,1,1,0.9521,1.0028,0.8945
peak_prom40,0290,0558,Potter,17,1,1,0.8796,1.0432,0.8868
peak_prom40,0290,1609,StarWars,17,0,1,0.9179,2.0098,0.5999
peak_prom40,0290,1620,StarWars,17,0,1,0.8988,1.8875,0.6374
peak_prom40,0290,3878,Hakuna,17,0,1,0.8974,1.2886,0.7856
peak_prom40,0290,4105,Hakuna,17,0,1,0.8919,1.1758,0.8172
peak_prom40,0296,0427,Potter,174,1,1,0.8834,1.3903,0.9342
peak_prom40,0296,0577,Potter,174,1,1,0.8326,2.2411,0.8755
peak_prom40,0296,1403,StarWars,174,0,1,0.6708,2.8690,0.7011
peak_prom40,0296,1502,StarWars,174,0,1,0.8326,3.3051,0.5442
peak_prom40,0296,3424,Hakuna,174,0,1,0.7545,2.4645,0.6958
peak_prom40,0296,4122,Hakuna,174,0,1,0.6859,2.1534,0.7646
peak_prom40,0309,0198,Potter,67,1,1,0.9511,0.8738,0.9662
peak_prom40,0309,0369,Potter,67,1,1,0.8656,1.0955,0.9343
peak_prom40,0309,1298,StarWars,67,0,1,0.9435,3.6403,0.1459
peak_prom40,0309,1326,StarWars,67,0,1,0.8885,3.6609,0.0766
peak_prom40,0309,3412,Hakuna,67,0,1,0.6504,2.3516,0.7414
peak_prom40,0309,3447,Hakuna,67,0,1,0.6916,2.5069,0.7077
peak_prom40,0310,0504,Potter,90,1,1,0.9738,1.3737,0.9110
peak_prom40,0310,0597,Potter,90,1,1,0.9884,1.5439,0.9180
peak_prom40,0310,0886,StarWars,90,0,1,1.1642,3.0377,0.3424
peak_prom40,0310,1075,StarWars,90,0,1,1.1599,3.2814,0.2126
peak_prom40,0310,3378,Hakuna,90,0,1,0.8866,2.4016,0.6552
peak_prom40,0310,3455,Hakuna,90,0,1,1.0770,3.2296,0.2168
peak_prom40,0314,0352,Potter,220,1,1,0.9233,2.3300,0.4977
peak_prom40,0314,0755,Potter,220,1,1,1.0988,2.4703,0.1853
peak_prom40,0314,1052,StarWars,220,0,1,0.5963,2.1201,0.5991
peak_prom40,0314,1207,StarWars,220,0,1,0.9813,2.2227,0.4498
peak_prom40,0314,3568,Hakuna,220,0,1,0.6917,2.2184,0.5154
peak_prom40,0314,3759,Hakuna,220,0,1,0.3986,2.3213,0.5163
peak_prom40,0317,0239,Potter,59,1,1,0.7057,2.7724,0.6191
peak_prom40,0317,0798,Potter,59,1,1,0.6585,4.2802,-0.1109
peak_prom40,0317,0923,StarWars,59,0,1,0.4862,3.8156,0.5278
peak_prom40,0317,1246,StarWars,59,0,1,0.7236,4.4076,-0.0169
peak_prom40,0317,3956,Hakuna,59,0,1,0.7837,5.5219,0.5402
peak_prom40,0317,4124,Hakuna,59,0,1,0.6423,3.5620,0.2362
peak_prom40,0321,0425,Potter,5,1,1,1.2796,0.8580,0.9270
peak_prom40,0321,0528,Potter,5,1,1,1.3148,0.7648,0.9467
peak_prom40,0321,0854,StarWars,5,0,1,1.3574,2.6322,0.5674
peak_prom40,0321,1444,StarWars,5,0,1,1.4741,2.7144,0.4522
peak_prom40,0321,3606,Hakuna,5,0,1,1.1259,2.1374,0.6622
peak_prom40,0321,3860,Hakuna,5,0,1,1.2037,2.5459,0.5349
peak_prom40,0324,0081,Potter,49,1,1,0.9210,1.1730,0.9028
peak_prom40,0324,0423,Potter,49,1,1,1.0016,1.0341,0.9443
peak_prom40,0324,1420,StarWars,49,0,1,0.9290,2.3688,0.6627
peak_prom40,0324,3920,Hakuna,49,0,1,1.0177,2.2146,0.6663
peak_prom40,0324,4138,Hakuna,49,0,1,0.9968,1.9451,0.7685
peak_prom40,0329,0222,Potter,96,1,1,0.8882,0.8936,0.9255
peak_prom40,0329,0715,Potter,96,1,1,0.9493,1.2132,0.8639
peak_prom40,0329,1027,StarWars,96,0,1,1.1833,2.0771,0.6078
peak_prom40,0329,1402,StarWars,96,0,1,1.1088,2.0486,0.5984
peak_prom40,0329,3406,Hakuna,96,0,1,1.0745,1.9467,0.7285
peak_prom40,0329,3938,Hakuna,96,0,1,0.9985,2.0582,0.6975
peak_prom40,0331,0004,Potter,160,1,1,0.9455,1.6563,0.2645
peak_prom40,0331,0517,Potter,160,1,1,0.9591,1.7211,0.4236
peak_prom40,0331,1390,StarWars,160,0,1,1.0773,1.7409,0.2595
peak_prom40,0331,1641,StarWars,160,0,1,1.0439,1.6188,0.2375
peak_prom40,0331,3786,Hakuna,160,0,1,0.9652,1.3361,0.6136
peak_prom40,0331,3994,Hakuna,160,0,1,0.9591,1.6868,0.2050
peak_prom40,0333,3474,Hakuna,82,0,1,1.4435,4.7152,0.2690
peak_prom40,0333,3654,Hakuna,82,0,1,1.3056,3.5827,0.1767
peak_prom40,0337,0538,Potter,16,1,1,0.1196,3.5645,0.1586
peak_prom40,0337,0797,Potter,16,1,1,0.1040,3.7578,0.0063
peak_prom40,0337,1261,StarWars,16,0,1,0.0792,4.6446,0.5063
peak_prom40,0337,3846,Hakuna,16,0,1,0.7376,3.2166,0.5015
peak_prom40,0337,4150,Hakuna,16,0,1,0.7174,3.2798,0.4147
peak_prom40,0340,0435,Potter,185,1,1,0.5055,2.4307,0.7405
peak_prom40,0340,0666,Potter,185,1,1,0.9808,1.2825,0.9456
peak_prom40,0340,1173,StarWars,185,0,1,1.0685,3.2660,0.1949
peak_prom40,0340,1575,StarWars,185,0,1,0.5055,3.3099,0.1551
peak_prom40,0340,3561,Hakuna,185,0,1,0.8411,2.4207,0.7904
peak_prom40,0340,3613,Hakuna,185,0,1,0.6877,2.6475,0.6040
peak_prom40,0345,0616,Potter,71,1,1,0.8477,2.9673,0.4773
peak_prom40,0345,0753,Potter,71,1,1,0.9512,2.3348,0.6259
peak_prom40,0345,1170,StarWars,71,0,1,0.2422,3.1025,0.1124
peak_prom40,0345,1327,StarWars,71,0,1,0.2949,3.1671,0.2925
peak_prom40,0345,3542,Hakuna,71,0,1,0.4629,2.3814,0.5967
peak_prom40,0345,3755,Hakuna,71,0,1,0.4863,2.9460,0.3777
peak_prom40,0346,0372,Potter,128,1,1,0.9532,1.2129,0.8577
peak_prom40,0346,0440,Potter,128,1,1,0.9719,1.6775,0.7532
peak_prom40,0346,1334,StarWars,128,0,1,1.0492,2.7145,0.5025
peak_prom40,0346,1570,StarWars,128,0,1,0.8595,2.6024,0.6052
peak_prom40,0346,3882,Hakuna,128,0,1,0.9368,2.8111,0.3941
peak_prom40,0346,4119,Hakuna,128,0,1,0.9555,2.7452,0.4244
peak_prom40,0349,0651,Potter,97,1,1,0.9695,1.0604,0.9505
peak_prom40,0349,0706,Potter,97,1,1,0.9956,0.5678,0.9439
peak_prom40,0349,1313,StarWars,97,0,1,0.9142,2.1899,0.6601
peak_prom40,0349,1418,StarWars,97,0,1,0.9186,2.2161,0.6849
peak_prom40,0349,3631,Hakuna,97,0,1,0.8547,1.6161,0.8392
peak_prom40,0349,3919,Hakuna,97,0,1,0.9113,1.9590,0.7072
peak_prom40,0358,0076,Potter,30,1,1,0.8353,1.9558,0.8714
peak_prom40,0358,0151,Potter,30,1,1,0.9292,1.5303,0.8925
peak_prom40,0358,1101,StarWars,30,0,1,1.2092,3.0566,0.5848
peak_prom40,0358,1369,StarWars,30,0,1,1.0626,3.1862,0.5520
peak_prom40,0358,3443,Hakuna,30,0,1,0.9357,2.2396,0.7684
peak_prom40,0358,3694,Hakuna,30,0,1,0.9539,2.3308,0.8374
peak_prom40,0363,0155,Potter,76,1,1,1.0032,1.0949,0.9041
peak_prom40,0363,0584,Potter,76,1,1,1.0096,1.0605,0.9051
peak_prom40,0363,1381,StarWars,76,0,1,0.9407,2.7469,0.2180
peak_prom40,0363,1445,StarWars,76,0,1,0.9968,2.2839,0.3068
peak_prom40,0363,3706,Hakuna,76,0,1,1.0080,1.8778,0.6373
peak_prom40,0363,4048,Hakuna,76,0,1,1.0144,1.6803,0.6694
peak_prom40,0364,0044,Potter,217,1,1,1.0651,0.9678,0.9121
peak_prom40,0364,0101,Potter,217,1,1,1.0999,0.9240,0.9254
peak_prom40,0364,1131,StarWars,217,0,1,1.1925,2.3378,0.5405
peak_prom40,0364,1509,StarWars,217,0,1,1.2012,2.4841,0.4822
peak_prom40,0364,3701,Hakuna,217,0,1,1.0637,2.1871,0.5247
peak_prom40,0364,4103,Hakuna,217,0,1,1.0130,1.8191,0.6203
peak_prom40,0366,0424,Potter,38,1,1,1.1108,0.8755,0.9409
peak_prom40,0366,0829,Potter,38,1,1,1.0662,0.6249,0.9559
peak_prom40,0366,1149,StarWars,38,0,1,0.9815,1.8251,0.7211
peak_prom40,0366,1273,StarWars,38,0,1,0.9954,1.8404,0.7468
peak_prom40,0366,3506,Hakuna,38,0,1,0.9431,2.7307,0.2819
peak_prom40,0366,3732,Hakuna,38,0,1,0.9923,2.5701,0.2388
peak_prom40,0375,0408,Potter,145,1,1,1.0123,3.0320,0.5638
peak_prom40,0375,0619,Potter,145,1,1,1.0262,0.9602,0.9666
peak_prom40,0375,0956,StarWars,145,0,1,1.2065,3.1372,0.6527
peak_prom40,0375,1199,StarWars,145,0,1,1.2034,3.0034,0.6641
peak_prom40,0375,3712,Hakuna,145,0,1,1.0724,2.2240,0.7884
peak_prom40,0375,3793,Hakuna,145,0,1,1.1094,2.3042,0.7704
peak_prom40,0376,0311,Potter,218,1,1,0.9691,1.7385,0.7741
peak_prom40,0376,0518,Potter,218,1,1,0.8514,2.2471,0.6308
peak_prom40,0376,0994,StarWars,218,0,1,1.0154,2.0122,0.8436
peak_prom40,0376,1220,StarWars,218,0,1,0.9575,1.7281,0.8601
peak_prom40,0376,3475,Hakuna,218,0,1,1.0965,3.9110,0.0467
peak_prom40,0376,3521,Hakuna,218,0,1,1.1042,3.9127,-0.0734
peak_prom40,0378,0295,Potter,83,1,1,1.0846,0.6160,0.9752
peak_prom40,0378,0648,Potter,83,1,1,1.1709,0.5837,0.9792
peak_prom40,0378,1165,StarWars,83,0,1,1.1912,2.8692,0.6931
peak_prom40,0378,1491,StarWars,83,0,1,1.2555,2.7726,0.5852
peak_prom40,0378,3452,Hakuna,83,0,1,1.0948,3.8411,0.3331
peak_prom40,0378,4101,Hakuna,83,0,1,1.0118,3.3714,0.4288
peak_prom40,0382,1030,StarWars,212,0,1,0.9076,2.8747,0.2399
peak_prom40,0382,1646,StarWars,212,0,1,1.0647,2.7801,0.2616
peak_prom40,0382,3761,Hakuna,212,0,1,0.7858,1.8957,0.6144
peak_prom40,0382,3907,Hakuna,212,0,1,0.8767,1.8572,0.7471
peak_prom40,0383,0041,Potter,151,1,1,1.1392,1.0576,0.9202
peak_prom40,0383,0778,Potter,151,1,1,1.1664,1.2265,0.9208
peak_prom40,0383,1060,StarWars,151,0,1,1.3956,2.7133,0.5813
peak_prom40,0383,1252,StarWars,151,0,1,1.3718,2.4318,0.6509
peak_prom40,0383,3523,Hakuna,151,0,1,0.9270,2.2135,0.6451
peak_prom40,0383,3573,Hakuna,151,0,1,1.0526,1.9804,0.7404
peak_prom40,0391,0708,Potter,9,1,1,0.9209,1.5577,0.7315
peak_prom40,0391,0757,Potter,9,1,1,1.0019,1.2130,0.8394
peak_prom40,0391,1280,StarWars,9,0,1,0.7514,1.7320,0.6861
peak_prom40,0391,1463,StarWars,9,0,1,0.7401,1.5737,0.7311
peak_prom40,0391,3431,Hakuna,9,0,1,0.5593,1.6272,0.6338
peak_prom40,0391,3525,Hakuna,9,0,1,0.6384,1.4673,0.7821
peak_prom40,0392,0713,Potter,3,1,1,0.5824,1.8906,0.8159
peak_prom40,0392,0748,Potter,3,1,1,0.5275,1.9785,0.8048
peak_prom40,0392,0974,StarWars,3,0,1,0.6691,3.0029,0.5301
peak_prom40,0393,0075,Potter,55,1,1,0.8967,2.3176,0.7829
peak_prom40,0393,0785,Potter,55,1,1,0.8809,1.9325,0.8027
peak_prom40,0393,1160,StarWars,55,0,1,1.0123,2.6369,0.4508
peak_prom40,0393,1648,StarWars,55,0,1,1.2242,2.3102,0.5954
peak_prom40,0393,3887,Hakuna,55,0,1,1.1471,2.2929,0.5556
peak_prom40,0393,4060,Hakuna,55,0,1,1.1226,2.4088,0.4322
peak_prom40,0398,0699,Potter,154,1,1,1.0038,1.2599,0.7024
peak_prom40,0398,0790,Potter,154,1,1,1.0396,1.1568,0.7617
peak_prom40,0398,1008,StarWars,154,0,1,0.9302,1.5590,0.6590
peak_prom40,0398,1152,StarWars,154,0,1,1.1094,1.5712,0.6162
peak_prom40,0398,3375,Hakuna,154,0,1,0.9094,1.7281,0.4824
peak_prom40,0398,3762,Hakuna,154,0,1,1.1000,1.8024,0.5083
peak_prom40,0399,0292,Potter,166,1,1,0.7843,1.5571,0.8035
peak_prom40,0399,0353,Potter,166,1,1,1.1615,1.8936,0.7563
peak_prom40,0399,1233,StarWars,166,0,1,0.6649,1.7482,0.6766
peak_prom40,0399,1267,StarWars,166,0,1,0.7381,2.2317,0.5327
peak_prom40,0401,0477,Potter,17,1,1,0.9521,1.1164,0.8844
peak_prom40,0401,0558,Potter,17,1,1,0.8796,1.0434,0.9097
peak_prom40,0401,1609,StarWars,17,0,1,0.9179,1.9173,0.6718
peak_prom40,0401,1620,StarWars,17,0,1,0.8988,1.8842,0.7006
peak_prom40,0401,3878,Hakuna,17,0,1,0.8974,1.4301,0.8030
peak_prom40,0401,4105,Hakuna,17,0,1,0.8919,1.3132,0.8294
peak_prom40,0402,0438,Potter,192,1,1,1.0773,3.1255,0.3994
peak_prom40,0402,0783,Potter,192,1,1,0.8426,1.7369,0.7048
peak_prom40,0402,0909,StarWars,192,0,1,1.0475,2.5590,0.2473
peak_prom40,0402,1642,StarWars,192,0,1,1.0054,2.3169,0.4202
peak_prom40,0402,3741,Hakuna,192,0,1,1.0244,2.3479,0.2656
peak_prom40,0402,4148,Hakuna,192,0,1,1.0611,2.6082,0.3827
peak_prom40,0405,0328,Potter,106,1,1,0.6793,1.6565,0.6837
peak_prom40,0405,0777,Potter,106,1,1,0.7303,1.6156,0.7555
peak_prom40,0405,1062,StarWars,106,0,1,0.7714,2.2993,0.4624
peak_prom40,0405,1581,StarWars,106,0,1,0.3651,2.6608,0.2008
peak_prom40,0405,3427,Hakuna,106,0,1,0.7697,2.1789,0.3972
peak_prom40,0405,4075,Hakuna,106,0,1,0.6941,2.5437,0.2083
peak_prom40,0413,0125,Potter,205,1,1,0.7086,1.8879,0.7765
peak_prom40,0413,0359,Potter,205,1,1,0.7395,1.5809,0.7953
peak_prom40,0413,0966,StarWars,205,0,1,0.8342,1.6716,0.7709
peak_prom40,0413,1480,StarWars,205,0,1,0.8197,2.3722,0.5042
peak_prom40,0413,3529,Hakuna,205,0,1,0.6885,2.9454,0.1301
peak_prom40,0413,3581,Hakuna,205,0,1,0.7268,2.3375,0.5800
peak_prom40,0414,0243,Potter,139,1,1,1.0654,1.3966,0.6016
peak_prom40,0414,0824,Potter,139,1,1,1.0086,1.0818,0.8957
peak_prom40,0414,0999,StarWars,139,0,1,0.9088,2.3534,0.5643
peak_prom40,0414,1240,StarWars,139,0,1,0.8709,2.6151,0.3513
peak_prom40,0414,3969,Hakuna,139,0,1,0.8812,2.0363,0.5164
peak_prom40,0414,4035,Hakuna,139,0,1,0.9432,2.3842,0.4700
peak_prom40,0415,0246,Potter,190,1,1,1.0018,0.9113,0.6202
peak_prom40,0415,0410,Potter,190,1,1,1.0629,0.7950,0.8224
peak_prom40,0415,1077,StarWars,190,0,1,1.0270,1.1428,0.7263
peak_prom40,0415,1085,StarWars,190,0,1,0.9838,1.3457,0.5629
peak_prom40,0415,3625,Hakuna,190,0,1,0.9676,1.3696,0.6089
peak_prom40,0415,3898,Hakuna,190,0,1,1.0072,1.1693,0.6756
peak_prom40,0419,0582,Potter,57,1,1,1.0724,1.7694,0.7717
peak_prom40,0419,0801,Potter,57,1,1,1.1086,1.5683,0.8435
peak_prom40,0419,0985,StarWars,57,0,1,1.1086,2.3955,0.2817
peak_prom40,0419,1249,StarWars,57,0,1,1.1029,2.0406,0.6417
peak_prom40,0419,3745,Hakuna,57,0,1,1.6971,2.3401,0.3267
peak_prom40,0419,3802,Hakuna,57,0,1,1.7467,2.4845,0.2328
peak_prom40,0420,0489,Potter,87,1,1,1.0616,1.1530,0.7994
peak_prom40,0420,0684,Potter,87,1,1,0.9968,1.2526,0.7719
peak_prom40,0420,1090,StarWars,87,0,1,1.0316,1.7146,0.6964
peak_prom40,0420,1460,StarWars,87,0,1,1.0079,2.1895,0.4360
peak_prom40,0420,3341,Hakuna,87,0,1,0.9779,2.0668,0.5022
peak_prom40,0420,3728,Hakuna,87,0,1,0.9747,2.1267,0.4447
peak_prom40,0429,0418,Potter,111,1,1,0.9144,2.3180,0.3270
peak_prom40,0429,0454,Potter,111,1,1,0.6559,2.4458,0.4616
peak_prom40,0429,0940,StarWars,111,0,1,0.5493,2.5295,0.3181
peak_prom40,0429,1398,StarWars,111,0,1,0.4895,2.4226,0.5383
peak_prom40,0429,4091,Hakuna,111,0,1,0.6785,2.3389,0.4895
peak_prom40,0429,4133,Hakuna,111,0,1,0.5105,2.4609,0.5139
peak_prom40,0430,0286,Potter,47,1,1,0.8816,1.7043,0.7362
peak_prom40,0430,0443,Potter,47,1,1,0.8136,1.6914,0.6945
peak_prom40,0430,1258,StarWars,47,0,1,1.0350,2.6743,0.3735
peak_prom40,0430,1300,StarWars,47,0,1,0.7262,2.3349,0.5884
peak_prom40,0430,4019,Hakuna,47,0,1,1.0330,2.1869,0.4960
peak_prom40,0430,4044,Hakuna,47,0,1,1.0777,2.2613,0.3632
peak_prom40,0431,0187,Potter,214,1,1,0.8510,1.4434,0.7662
peak_prom40,0431,0702,Potter,214,1,1,0.9836,1.4492,0.7289
peak_prom40,0431,1540,StarWars,214,0,1,0.8703,1.7766,0.5146
peak_prom40,0431,1618,StarWars,214,0,1,1.0179,1.8158,0.5099
peak_prom40,0431,3941,Hakuna,214,0,1,1.0179,2.1535,0.2795
peak_prom40,0431,4078,Hakuna,214,0,1,0.9672,1.7695,0.5990
peak_prom40,0444,0194,Potter,169,1,1,0.9326,1.8903,0.7564
peak_prom40,0444,0728,Potter,169,1,1,0.9342,1.9441,0.5318
peak_prom40,0444,0848,StarWars,169,0,1,0.8150,2.3219,0.5518
peak_prom40,0444,1533,StarWars,169,0,1,0.7868,2.4748,0.4519
peak_prom40,0444,3399,Hakuna,169,0,1,0.8966,2.5735,0.2867
peak_prom40,0444,3605,Hakuna,169,0,1,0.7837,2.3098,0.5749
peak_prom40,0446,0131,Potter,53,1,1,1.2340,0.7362,0.9247
peak_prom40,0446,0689,Potter,53,1,1,1.3061,1.7679,0.4831
peak_prom40,0446,1269,StarWars,53,0,1,0.8766,3.6285,0.0055
peak_prom40,0446,1596,StarWars,53,0,1,0.8862,3.7255,0.0525
peak_prom40,0446,3585,Hakuna,53,0,1,0.7821,1.9268,0.7262
peak_prom40,0446,3856,Hakuna,53,0,1,0.7516,1.8232,0.7427
peak_prom40,0447,0384,Potter,228,1,1,0.9159,1.7582,0.3613
peak_prom40,0447,0820,Potter,228,1,1,0.2837,2.8677,0.0840
peak_prom40,0447,1051,StarWars,228,0,1,0.3750,10.2195,-0.1844
peak_prom40,0447,1339,StarWars,228,0,1,0.2284,1.6873,0.6066
peak_prom40,0447,3896,Hakuna,228,0,1,0.8678,4.3770,0.1868
peak_prom40,0448,0202,Potter,164,1,1,1.0787,1.1707,0.8871
peak_prom40,0448,0293,Potter,164,1,1,1.1871,1.3080,0.7544
peak_prom40,0448,1315,StarWars,164,0,1,1.1888,2.4475,0.3345
peak_prom40,0448,1482,StarWars,164,0,1,1.0647,1.9882,0.6755
peak_prom40,0448,3746,Hakuna,164,0,1,0.9930,1.9150,0.7294
peak_prom40,0448,3954,Hakuna,164,0,1,0.9668,1.7525,0.7754
peak_prom40,0452,0484,Potter,162,1,1,0.9160,0.9239,0.9620
peak_prom40,0452,0599,Potter,162,1,1,0.9255,0.6877,0.9718
peak_prom40,0452,1508,StarWars,162,0,1,0.9097,2.7918,0.6708
peak_prom40,0452,1606,StarWars,162,0,1,0.9525,2.1708,0.7573
peak_prom40,0453,0377,Potter,234,1,1,0.9861,2.3063,0.8135
peak_prom40,0453,0406,Potter,234,1,1,1.0755,2.0292,0.8284
peak_prom40,0453,0906,StarWars,234,0,1,1.1074,3.1220,0.6305
peak_prom40,0453,3484,Hakuna,234,0,1,1.0676,2.7805,0.7985
peak_prom40,0453,3975,Hakuna,234,0,1,1.0815,3.0062,0.7082
peak_prom40,0455,0140,Potter,175,1,1,0.6250,1.2854,0.8985
peak_prom40,0455,0758,Potter,175,1,1,0.8270,3.7712,0.4031
peak_prom40,0455,1428,StarWars,175,0,1,0.6105,2.9955,0.6638
peak_prom40,0455,1599,StarWars,175,0,1,0.6570,2.7133,0.6674
peak_prom40,0455,3425,Hakuna,175,0,1,0.6047,3.3127,0.4539
peak_prom40,0455,3997,Hakuna,175,0,1,0.5669,3.5965,0.4093
peak_prom40,0463,0286,Potter,47,1,1,1.0225,1.3797,0.8491
peak_prom40,0463,0443,Potter,47,1,1,0.9437,1.5392,0.7798
peak_prom40,0463,1258,StarWars,47,0,1,1.2005,2.5481,0.3706
peak_prom40,0463,1300,StarWars,47,0,1,0.8423,2.0511,0.5932
peak_prom40,0463,4019,Hakuna,47,0,1,1.1982,2.0038,0.5268
peak_prom40,0463,4044,Hakuna,47,0,1,1.2500,2.1340,0.2703
peak_prom40,0466,0181,Potter,13,1,1,1.2263,1.6184,0.7289
peak_prom40,0466,0299,Potter,13,1,1,1.1006,1.5944,0.7815
peak_prom40,0466,1619,StarWars,13,0,1,1.1103,1.7614,0.6946
peak_prom40,0466,3353,Hakuna,13,0,1,1.0387,2.0042,0.5459
peak_prom40,0466,4020,Hakuna,13,0,1,1.0986,1.7492,0.5480
peak_prom40,0472,0275,Potter,33,1,1,0.9375,1.3052,0.9025
peak_prom40,0472,0468,Potter,33,1,1,0.9558,1.4577,0.8675
peak_prom40,0472,0888,StarWars,33,0,1,0.9299,3.5274,0.2766
peak_prom40,0472,1174,StarWars,33,0,1,0.8826,3.4699,0.1899
peak_prom40,0472,3868,Hakuna,33,0,1,0.8262,3.5987,0.2281
peak_prom40,0474,0182,Potter,61,1,1,1.1017,2.3414,0.5539
peak_prom40,0474,0336,Potter,61,1,1,1.0022,1.9111,0.6527
peak_prom40,0474,1236,StarWars,61,0,1,1.1082,2.3554,0.4133
peak_prom40,0474,1318,StarWars,61,0,1,1.0714,2.5708,0.2599
peak_prom40,0474,3492,Hakuna,61,0,1,1.2597,1.5814,0.4639
peak_prom40,0474,3524,Hakuna,61,0,1,1.1342,2.5342,0.4207
peak_prom40,0478,0145,Potter,141,1,1,0.9468,1.4960,0.8295
peak_prom40,0478,0620,Potter,141,1,1,0.5542,2.0531,0.5037
peak_prom40,0478,1636,StarWars,141,0,1,1.0675,2.2837,0.3596
peak_prom40,0478,1652,StarWars,141,0,1,0.8262,2.6880,0.0700
peak_prom40,0478,3687,Hakuna,141,0,1,0.9243,2.2911,0.4057
peak_prom40,0478,3895,Hakuna,141,0,1,0.9366,2.2453,0.5545
peak_prom40,0485,0649,Potter,197,1,1,0.8481,0.9993,0.9385
peak_prom40,0485,0688,Potter,197,1,1,0.9639,0.7985,0.9702
peak_prom40,0485,0921,StarWars,197,0,1,0.8632,2.6864,0.5412
peak_prom40,0485,1322,StarWars,197,0,1,0.7459,2.4825,0.6371
peak_prom40,0485,3512,Hakuna,197,0,1,0.7639,1.5934,0.8882
peak_prom40,0485,3851,Hakuna,197,0,1,0.7925,1.6462,0.8303
peak_prom40,0491,0008,Potter,213,1,1,1.0626,0.6150,0.9023
peak_prom40,0491,0681,Potter,213,1,1,1.0241,0.8052,0.8721
peak_prom40,0491,0860,StarWars,213,0,1,1.2360,2.6096,0.6932
peak_prom40,0491,1317,StarWars,213,0,1,1.1493,2.4968,0.7583
peak_prom40,0491,3548,Hakuna,213,0,1,0.8459,1.5981,0.8418
peak_prom40,0491,3720,Hakuna,213,0,1,0.9278,2.1288,0.5568
peak_prom40,0493,0282,Potter,8,1,1,1.2056,1.9008,0.5149
peak_prom40,0493,0802,Potter,8,1,1,0.8624,1.2297,0.8530
peak_prom40,0493,1046,StarWars,8,0,1,0.9884,2.2159,0.4654
peak_prom40,0493,1667,StarWars,8,0,1,0.9303,2.1790,0.4045
peak_prom40,0493,3795,Hakuna,8,0,1,0.9701,1.8935,0.6881
peak_prom40,0493,4144,Hakuna,8,0,1,0.9221,1.9900,0.6226
peak_prom40,0494,0808,Potter,171,1,1,1.1466,1.1806,0.8026
peak_prom40,0494,1079,StarWars,171,0,1,1.1537,2.0830,0.4297
peak_prom40,0494,1112,StarWars,171,0,1,1.0813,2.2074,0.4455
peak_prom40,0495,0125,Potter,205,1,1,0.6451,1.9133,0.6757
peak_prom40,0495,0359,Potter,205,1,1,0.6733,1.6928,0.7002
peak_prom40,0495,0966,StarWars,205,0,1,0.7595,1.9219,0.5630
peak_prom40,0495,1480,StarWars,205,0,1,0.7463,2.2162,0.4492
peak_prom40,0495,3529,Hakuna,205,0,1,0.6269,2.5433,0.4671
peak_prom40,0495,3581,Hakuna,205,0,1,0.6617,2.1489,0.6147
peak_prom40,0496,1030,StarWars,212,0,1,0.9305,2.6500,0.1784
peak_prom40,0496,1646,StarWars,212,0,1,1.0916,2.7820,0.1285
peak_prom40,0496,3761,Hakuna,212,0,1,0.8057,1.8348,0.5410
peak_prom40,0496,3907,Hakuna,212,0,1,0.8989,1.7729,0.6813
peak_prom40,0498,0613,Potter,137,1,1,1.4894,1.0922,0.9237
peak_prom40,0498,0788,Potter,137,1,1,1.4772,1.4082,0.8558
peak_prom40,0498,1163,StarWars,137,0,1,1.6018,2.1156,0.7042
peak_prom40,0498,1177,StarWars,137,0,1,1.7295,2.2684,0.5653
peak_prom40,0498,3594,Hakuna,137,0,1,1.8237,1.7534,0.7701
peak_prom40,0498,3944,Hakuna,137,0,1,1.7660,1.5512,0.7966
peak_prom40,0499,0177,Potter,14,1,1,0.9029,1.8907,0.8112
peak_prom40,0499,0774,Potter,14,1,1,0.8765,1.7065,0.8321
peak_prom40,0499,1435,StarWars,14,0,1,0.8691,2.5111,0.5788
peak_prom40,0499,1519,StarWars,14,0,1,0.9529,2.5322,0.5416
peak_prom40,0499,3682,Hakuna,14,0,1,0.7353,2.4863,0.5396
peak_prom40,0499,3807,Hakuna,14,0,1,0.7676,2.8971,0.4453
peak_prom40,0500,0708,Potter,9,1,1,0.9722,1.6117,0.7698
peak_prom40,0500,0757,Potter,9,1,1,1.0577,1.4017,0.8312
peak_prom40,0500,1280,StarWars,9,0,1,0.7932,1.8177,0.6817
peak_prom40,0500,1463,StarWars,9,0,1,0.7813,1.8010,0.6816
peak_prom40,0500,3431,Hakuna,9,0,1,0.5905,1.6808,0.7099
peak_prom40,0500,3525,Hakuna,9,0,1,0.6740,1.6429,0.7432
peak_prom40,0507,0699,Potter,154,1,1,1.0133,0.9761,0.7997
peak_prom40,0507,0790,Potter,154,1,1,1.0495,1.0430,0.8270
peak_prom40,0507,1008,StarWars,154,0,1,0.9390,1.3164,0.7115
peak_prom40,0507,1152,StarWars,154,0,1,1.1200,1.5243,0.6714
peak_prom40,0507,3375,Hakuna,154,0,1,0.9181,1.5948,0.5753
peak_prom40,0507,3762,Hakuna,154,0,1,1.1105,1.7611,0.5678
peak_prom40,0510,0437,Potter,40,1,1,0.7822,1.0596,0.9641
peak_prom40,0510,0502,Potter,40,1,1,0.5883,3.3105,0.4012
peak_prom40,0510,0892,StarWars,40,0,1,0.6082,2.7378,0.5538
peak_prom40,0510,1600,StarWars,40,0,1,0.7503,3.2771,0.5141
peak_prom40,0510,3966,Hakuna,40,0,1,0.6693,3.0204,0.5970
peak_prom40,0510,4094,Hakuna,40,0,1,0.6003,2.9063,0.6359
peak_prom40,0512,0356,Potter,196,1,1,1.2013,1.0764,0.9153
peak_prom40,0512,0686,Potter,196,1,1,1.1504,1.1887,0.9258
peak_prom40,0512,0907,StarWars,196,0,1,1.0664,2.3699,0.7483
peak_prom40,0512,1611,StarWars,196,0,1,1.0133,2.4037,0.7720
peak_prom40,0512,4056,Hakuna,196,0,1,1.0686,2.0705,0.7934
peak_prom40,0512,4082,Hakuna,196,0,1,1.1150,1.9672,0.8282
peak_prom40,0515,0273,Potter,172,1,1,0.8702,1.6518,0.8497
peak_prom40,0515,1064,StarWars,172,0,1,0.8671,2.7671,0.6428
peak_prom40,0515,1498,StarWars,172,0,1,0.8099,2.8436,0.6244
peak_prom40,0515,3708,Hakuna,172,0,1,0.8393,3.6759,0.3107
peak_prom40,0515,4145,Hakuna,172,0,1,0.8362,2.7157,0.7317
peak_prom40,0526,0732,Potter,150,1,1,1.2355,0.9765,0.8721
peak_prom40,0526,0825,Potter,150,1,1,1.4438,0.8085,0.8720
peak_prom40,0526,0844,StarWars,150,0,1,1.5054,3.0246,0.4933
peak_prom40,0526,1510,StarWars,150,0,1,1.5417,3.2201,0.4737
peak_prom40,0526,3493,Hakuna,150,0,1,1.3351,1.8976,0.7215
peak_prom40,0526,3767,Hakuna,150,0,1,1.2754,1.3529,0.8686
peak_prom40,0527,0326,Potter,23,1,1,1.2356,1.2119,0.7939
peak_prom40,0527,0682,Potter,23,1,1,0.9564,1.2084,0.8584
peak_prom40,0527,1335,StarWars,23,0,1,1.1267,2.3572,0.5505
peak_prom40,0527,1448,StarWars,23,0,1,1.0455,2.2071,0.5387
peak_prom40,0530,0071,Potter,109,1,1,1.0684,2.5832,0.5397
peak_prom40,0530,0388,Potter,109,1,1,1.0851,2.2698,0.5684
peak_prom40,0530,0986,StarWars,109,0,1,1.1436,3.5307,0.2057
peak_prom40,0530,1078,StarWars,109,0,1,1.1603,3.7412,0.1850
peak_prom40,0530,3457,Hakuna,109,0,1,0.9048,2.3559,0.6545
peak_prom40,0530,3837,Hakuna,109,0,1,0.9449,2.6654,0.3752
peak_prom40,0540,0319,Potter,54,1,1,1.0101,0.5177,0.9832
peak_prom40,0540,0573,Potter,54,1,1,1.0647,0.5401,0.9785
peak_prom40,0540,0885,StarWars,54,0,1,1.1770,2.6798,0.7197
peak_prom40,0540,1561,StarWars,54,0,1,1.1396,2.6788,0.7318
peak_prom40,0540,3395,Hakuna,54,0,1,0.9496,1.8252,0.8230
peak_prom40,0540,3880,Hakuna,54,0,1,0.9137,1.7447,0.8338
peak_prom40,0543,0418,Potter,111,1,1,0.8435,2.7195,0.2918
peak_prom40,0543,0454,Potter,111,1,1,0.6051,2.7574,0.5019
peak_prom40,0543,0940,StarWars,111,0,1,0.5067,2.8959,0.3117
peak_prom40,0543,1398,StarWars,111,0,1,0.4516,2.7179,0.5331
peak_prom40,0543,4091,Hakuna,111,0,1,0.6259,2.6766,0.4982
peak_prom40,0543,4133,Hakuna,111,0,1,0.4709,2.8497,0.4194
peak_prom40,0545,0005,Potter,216,1,1,0.9452,2.7400,0.7085
peak_prom40,0545,0036,Potter,216,1,1,1.0152,2.1198,0.8863
peak_prom40,0545,3704,Hakuna,216,0,1,0.7504,2.9984,0.6254
peak_prom40,0545,3876,Hakuna,216,0,1,0.8234,3.2889,0.2709
peak_prom40,0549,0361,Potter,46,1,1,1.1286,0.6361,0.9649
peak_prom40,0549,0632,Potter,46,1,1,1.0875,0.5984,0.9655
peak_prom40,0549,0841,StarWars,46,0,1,1.1321,2.0295,0.6817
peak_prom40,0549,1237,StarWars,46,0,1,1.1250,1.9399,0.6898
peak_prom40,0549,3661,Hakuna,46,0,1,1.0000,1.4647,0.8073
peak_prom40,0549,4156,Hakuna,46,0,1,1.0679,1.4721,0.7751
peak_prom40,0555,0295,Potter,83,1,1,1.0737,0.5831,0.9825
peak_prom40,0555,0648,Potter,83,1,1,1.1591,0.6306,0.9831
peak_prom40,0555,1165,StarWars,83,0,1,1.1792,2.7767,0.7112
peak_prom40,0555,1491,StarWars,83,0,1,1.2429,3.0607,0.5921
peak_prom40,0555,3452,Hakuna,83,0,1,1.0838,3.7757,0.4014
peak_prom40,0555,4101,Hakuna,83,0,1,1.0017,3.2697,0.4974
peak_prom40,0556,0365,Potter,80,1,1,0.3352,2.1263,0.3506
peak_prom40,0556,0514,Potter,80,1,1,0.2727,2.1588,0.3908
peak_prom40,0556,1287,StarWars,80,0,1,0.0810,2.3014,0.1936
peak_prom40,0556,3828,Hakuna,80,0,1,0.0710,3.0545,0.4542
peak_prom40,0556,3961,Hakuna,80,0,1,0.0866,5.1309,0.4153
peak_prom40,0561,0372,Potter,128,1,1,0.9250,1.3294,0.8602
peak_prom40,0561,0440,Potter,128,1,1,0.9432,1.6852,0.7782
peak_prom40,0561,1334,StarWars,128,0,1,1.0182,2.9522,0.4961
peak_prom40,0561,1570,StarWars,128,0,1,0.8341,2.3015,0.6566
peak_prom40,0561,3882,Hakuna,128,0,1,0.9091,2.6787,0.4456
peak_prom40,0561,4119,Hakuna,128,0,1,0.9273,2.6426,0.5050
peak_prom40,0579,0275,Potter,33,1,1,1.0000,1.2570,0.9081
peak_prom40,0579,0468,Potter,33,1,1,1.0195,1.3324,0.8944
peak_prom40,0579,0888,StarWars,33,0,1,0.9919,3.4044,0.3080
peak_prom40,0579,1174,StarWars,33,0,1,0.9415,3.6317,0.2168
peak_prom40,0579,3868,Hakuna,33,0,1,0.8813,3.4604,0.2687
peak_prom40,0580,0060,Potter,222,1,1,0.9830,1.3796,0.8466
peak_prom40,0580,0107,Potter,222,1,1,1.0731,1.1074,0.9169
peak_prom40,0580,0959,StarWars,222,0,1,0.9184,2.3460,0.6758
peak_prom40,0580,1276,StarWars,222,0,1,0.9388,2.6310,0.5776
peak_prom40,0580,4064,Hakuna,222,0,1,1.0085,2.1589,0.6902
peak_prom40,0580,4085,Hakuna,222,0,1,1.0340,2.0687,0.7045
peak_prom40,0581,0352,Potter,220,1,1,0.8799,2.0632,0.5927
peak_prom40,0581,0755,Potter,220,1,1,1.0471,2.3703,0.1773
peak_prom40,0581,1052,StarWars,220,0,1,0.5682,1.9236,0.6289
peak_prom40,0581,1207,StarWars,220,0,1,0.9351,2.0838,0.4545
peak_prom40,0581,3568,Hakuna,220,0,1,0.6591,1.9420,0.5078
peak_prom40,0581,3759,Hakuna,220,0,1,0.3799,2.0538,0.5867
peak_prom40,0586,0386,Potter,184,1,1,0.8541,2.0127,0.8419
peak_prom40,0586,0729,Potter,184,1,1,0.8541,0.7454,0.9625
peak_prom40,0586,0887,StarWars,184,0,1,0.6438,2.4827,0.7706
peak_prom40,0586,3612,Hakuna,184,0,1,0.7475,2.6569,0.6031
peak_prom40,0586,3844,Hakuna,184,0,1,0.7518,2.6452,0.5784
peak_prom40,0588,1030,StarWars,212,0,1,0.8169,3.6566,0.2610
peak_prom40,0588,1646,StarWars,212,0,1,0.9584,3.8363,0.0917
peak_prom40,0588,3761,Hakuna,212,0,1,0.7074,3.0425,0.3837
peak_prom40,0588,3907,Hakuna,212,0,1,0.7892,3.1476,0.2803
peak_prom40,0592,0182,Potter,61,1,1,1.1387,1.9963,0.7197
peak_prom40,0592,0336,Potter,61,1,1,1.0358,2.5710,0.3844
peak_prom40,0592,1236,StarWars,61,0,1,1.1454,2.3710,0.6408
peak_prom40,0592,1318,StarWars,61,0,1,1.1074,2.8669,0.4049
peak_prom40,0592,3492,Hakuna,61,0,1,1.3020,1.8059,0.5439
peak_prom40,0592,3524,Hakuna,61,0,1,1.1723,2.4612,0.4635
peak_prom40,0594,0425,Potter,5,1,1,0.9300,1.3563,0.8784
peak_prom40,0594,0528,Potter,5,1,1,0.9556,1.3998,0.8634
peak_prom40,0594,0854,StarWars,5,0,1,0.9865,2.4720,0.6171
peak_prom40,0594,1444,StarWars,5,0,1,1.0713,2.7095,0.5813
peak_prom40,0594,3606,Hakuna,5,0,1,0.8183,2.4338,0.5647
peak_prom40,0594,3860,Hakuna,5,0,1,0.8748,2.5664,0.5640
peak_prom40,0601,0187,Potter,214,1,1,0.9006,1.7652,0.7432
peak_prom40,0601,0702,Potter,214,1,1,1.0410,2.0701,0.5571
peak_prom40,0601,1540,StarWars,214,0,1,0.9211,2.2773,0.4871
peak_prom40,0601,1618,StarWars,214,0,1,1.0773,2.3260,0.4858
peak_prom40,0601,3941,Hakuna,214,0,1,1.0773,2.7663,-0.0812
peak_prom40,0601,4078,Hakuna,214,0,1,1.0237,2.3872,0.3440
peak_prom40,0602,0787,Potter,136,1,1,1.2539,2.1546,0.6536
peak_prom40,0602,0837,Potter,136,1,1,1.2347,2.3886,0.4579
peak_prom40,0602,1004,StarWars,136,0,1,1.3660,2.2528,0.4066
peak_prom40,0602,1042,StarWars,136,0,1,1.4501,2.2690,0.3974
peak_prom40,0602,3526,Hakuna,136,0,1,1.3888,2.3729,0.3091
peak_prom40,0602,3943,Hakuna,136,0,1,1.3888,2.3728,0.3091
peak_prom40,0604,0713,Potter,3,1,1,0.5977,1.6852,0.8385
peak_prom40,0604,0748,Potter,3,1,1,0.5414,1.7815,0.8066
peak_prom40,0604,0974,StarWars,3,0,1,0.6867,2.9388,0.4629
peak_prom40,0611,0124,Potter,58,1,1,1.1185,1.1046,0.8439
peak_prom40,0611,0467,Potter,58,1,1,1.2137,1.1275,0.9104
peak_prom40,0611,1178,StarWars,58,0,1,1.1486,2.8606,0.4878
peak_prom40,0611,1262,StarWars,58,0,1,1.1870,2.1781,0.6956
peak_prom40,0611,3556,Hakuna,58,0,1,1.0284,2.0401,0.6110
peak_prom40,0611,3668,Hakuna,58,0,1,1.0067,2.1822,0.7308
peak_prom40,0615,0623,Potter,10,1,1,1.0771,1.2850,0.8910
peak_prom40,0615,0830,Potter,10,1,1,0.9672,1.4374,0.8418
peak_prom40,0615,1176,StarWars,10,0,1,1.1503,1.8706,0.6570
peak_prom40,0615,1321,StarWars,10,0,1,1.1098,1.9474,0.5840
peak_prom40,0615,3717,Hakuna,10,0,1,1.0771,1.8433,0.7079
peak_prom40,0615,3891,Hakuna,10,0,1,0.8459,2.0054,0.6028
peak_prom40,0624,0326,Potter,23,1,1,1.3805,1.8955,0.7950
peak_prom40,0624,0682,Potter,23,1,1,1.0686,2.2220,0.6958
peak_prom40,0624,1335,StarWars,23,0,1,1.2588,2.5389,0.6160
peak_prom40,0624,1448,StarWars,23,0,1,1.1681,2.6499,0.5337
peak_prom40,0626,0254,Potter,129,1,1,1.0722,1.1874,0.8874
peak_prom40,0626,0554,Potter,129,1,1,1.0504,1.2953,0.8240
peak_prom40,0626,1014,StarWars,129,0,1,0.6540,2.1293,0.7672
peak_prom40,0626,1167,StarWars,129,0,1,0.5967,2.2497,0.7366
peak_prom40,0626,3576,Hakuna,129,0,1,0.6499,2.8768,0.5102
peak_prom40,0626,3651,Hakuna,129,0,1,0.6444,3.0089,0.4831
peak_prom40,0628,0055,Potter,200,1,1,1.0107,1.3284,0.8740
peak_prom40,0628,0417,Potter,200,1,1,0.9429,1.2121,0.9020
peak_prom40,0628,1015,StarWars,200,0,1,1.0911,2.5214,0.5428
peak_prom40,0628,1626,StarWars,200,0,1,1.0000,2.9381,0.4336
peak_prom40,0628,3586,Hakuna,200,0,1,0.8268,2.4519,0.3329
peak_prom40,0628,3862,Hakuna,200,0,1,0.8661,2.4084,0.4304
peak_prom40,0630,0435,Potter,185,1,1,0.5132,2.5948,0.8049
peak_prom40,0630,0666,Potter,185,1,1,0.9958,1.4716,0.9364
peak_prom40,0630,1173,StarWars,185,0,1,1.0848,3.4375,0.2663
peak_prom40,0630,1575,StarWars,185,0,1,0.5132,3.4206,0.1905
peak_prom40,0630,3561,Hakuna,185,0,1,0.8540,2.6143,0.7532
peak_prom40,0630,3613,Hakuna,185,0,1,0.6982,2.8688,0.6012
peak_prom40,0640,0236,Potter,170,1,1,0.8282,2.9465,0.1853
peak_prom40,0640,0668,Potter,170,1,1,0.9251,2.4566,0.8362
peak_prom40,0640,1565,StarWars,170,0,1,0.9163,2.7406,0.6248
peak_prom40,0640,3482,Hakuna,170,0,1,0.6270,2.9831,0.1877
peak_prom40,0640,4088,Hakuna,170,0,1,0.6505,3.0495,-0.1079
peak_prom40,0641,0282,Potter,8,1,1,1.3123,2.7391,0.4344
peak_prom40,0641,0802,Potter,8,1,1,0.9386,2.1976,0.7555
peak_prom40,0641,1046,StarWars,8,0,1,1.0758,2.8675,0.4680
peak_prom40,0641,1667,StarWars,8,0,1,1.0126,2.8624,0.3673
peak_prom40,0641,3795,Hakuna,8,0,1,1.0560,2.7571,0.4899
peak_prom40,0641,4144,Hakuna,8,0,1,1.0036,2.7260,0.5064
peak_prom40,0643,0649,Potter,197,1,1,0.8306,1.1356,0.9307
peak_prom40,0643,0688,Potter,197,1,1,0.9440,0.9186,0.9629
peak_prom40,0643,0921,StarWars,197,0,1,0.8454,2.8014,0.5319
peak_prom40,0643,1322,StarWars,197,0,1,0.7305,2.7388,0.5737
peak_prom40,0643,3512,Hakuna,197,0,1,0.7482,1.6891,0.8894
peak_prom40,0643,3851,Hakuna,197,0,1,0.7761,1.7893,0.8356
peak_prom40,0644,0350,Potter,72,1,1,0.9612,0.6331,0.9764
peak_prom40,0644,0506,Potter,72,1,1,0.9951,0.8485,0.9674
peak_prom40,0644,1215,StarWars,72,0,1,0.9725,2.4423,0.6955
peak_prom40,0644,1478,StarWars,72,0,1,1.0825,2.9215,0.6173
peak_prom40,0644,3666,Hakuna,72,0,1,0.7670,1.4757,0.8382
peak_prom40,0644,4069,Hakuna,72,0,1,0.7379,1.6141,0.7813
peak_prom40,0645,0158,Potter,98,1,1,0.6686,1.6273,0.4453
peak_prom40,0645,0450,Potter,98,1,1,0.6745,1.4779,0.5321
peak_prom40,0645,0904,StarWars,98,0,1,0.3930,3.0764,0.3915
peak_prom40,0645,1654,StarWars,98,0,1,0.6276,1.3254,0.6274
peak_prom40,0645,3835,Hakuna,98,0,1,0.3974,1.4596,0.5206
peak_prom40,0645,3993,Hakuna,98,0,1,0.4018,3.8143,0.0349
peak_prom40,0653,0623,Potter,10,1,1,1.1293,1.3070,0.8959
peak_prom40,0653,0830,Potter,10,1,1,1.0141,1.4018,0.8068
peak_prom40,0653,1176,StarWars,10,0,1,1.2061,2.0564,0.6000
peak_prom40,0653,1321,StarWars,10,0,1,1.1636,2.0351,0.5355
peak_prom40,0653,3717,Hakuna,10,0,1,1.1293,1.9212,0.6760
peak_prom40,0653,3891,Hakuna,10,0,1,0.8869,1.9254,0.7010
peak_prom40,0655,0470,Potter,91,1,1,1.1002,1.4829,0.5942
peak_prom40,0655,0596,Potter,91,1,1,1.1811,1.2927,0.8319
peak_prom40,0655,1006,StarWars,91,0,1,1.1464,2.3432,0.2301
peak_prom40,0655,1366,StarWars,91,0,1,1.2408,2.1201,0.5700
peak_prom40,0655,3411,Hakuna,91,0,1,1.1156,2.3568,0.3212
peak_prom40,0655,3440,Hakuna,91,0,1,1.0250,2.4077,0.2960
peak_prom40,0656,0288,Potter,208,1,1,1.0450,2.2650,0.3889
peak_prom40,0656,0482,Potter,208,1,1,1.0217,2.4633,0.3546
peak_prom40,0656,1399,StarWars,208,0,1,0.8354,2.4708,0.2834
peak_prom40,0656,1436,StarWars,208,0,1,0.5963,2.2753,0.3489
peak_prom40,0656,3519,Hakuna,208,0,1,0.7050,2.3223,0.5140
peak_prom40,0657,0279,Potter,223,1,1,1.0329,2.1027,0.5613
peak_prom40,0657,0609,Potter,223,1,1,1.0701,2.1315,0.5938
peak_prom40,0657,1197,StarWars,223,0,1,1.0358,2.7552,0.4855
peak_prom40,0657,3343,Hakuna,223,0,1,0.8512,2.5989,0.6062
peak_prom40,0657,4153,Hakuna,223,0,1,0.8784,2.5530,0.4847
peak_prom40,0664,0271,Potter,121,1,1,1.4130,0.9181,0.9445
peak_prom40,0664,0416,Potter,121,1,1,1.1063,1.7942,0.7586
peak_prom40,0664,0852,StarWars,121,0,1,1.4831,2.5676,0.4694
peak_prom40,0664,1525,StarWars,121,0,1,1.2850,2.4290,0.5518
peak_prom40,0664,3647,Hakuna,121,0,1,1.2874,2.7180,0.4580
peak_prom40,0664,4058,Hakuna,121,0,1,1.2657,2.5576,0.4518
peak_prom40,0676,0531,Potter,105,1,1,0.9282,0.7022,0.9696
peak_prom40,0676,0583,Potter,105,1,1,0.9187,0.4304,0.9738
peak_prom40,0676,1579,StarWars,105,0,1,0.8453,2.4724,0.7276
peak_prom40,0676,3587,Hakuna,105,0,1,0.7384,2.1167,0.7698
peak_prom40,0676,3906,Hakuna,105,0,1,0.8054,2.0060,0.7967
peak_prom40,0677,0044,Potter,217,1,1,1.0839,0.8192,0.9213
peak_prom40,0677,0101,Potter,217,1,1,1.1193,0.8664,0.9325
peak_prom40,0677,1131,StarWars,217,0,1,1.2135,2.3941,0.5773
peak_prom40,0677,1509,StarWars,217,0,1,1.2224,2.3869,0.5920
peak_prom40,0677,3701,Hakuna,217,0,1,1.0825,1.9518,0.5716
peak_prom40,0677,4103,Hakuna,217,0,1,1.0309,1.8278,0.6742
peak_prom40,0683,0136,Potter,144,1,1,0.9759,2.5509,0.4481
peak_prom40,0683,0330,Potter,144,1,1,0.7668,2.7410,0.3613
peak_prom40,0683,1216,StarWars,144,0,1,0.6850,2.8825,0.3900
peak_prom40,0683,1421,StarWars,144,0,1,0.8043,2.5808,0.4459
peak_prom40,0683,3420,Hakuna,144,0,1,0.7574,2.9931,0.4344
peak_prom40,0683,3673,Hakuna,144,0,1,0.9276,5.2304,0.3505
peak_prom40,0685,0808,Potter,171,1,1,1.0727,0.9737,0.8049
peak_prom40,0685,1079,StarWars,171,0,1,1.0793,1.5456,0.4952
peak_prom40,0685,1112,StarWars,171,0,1,1.0116,1.8329,0.4651
peak_prom40,0704,0489,Potter,87,1,1,0.9711,1.0229,0.7018
peak_prom40,0704,0684,Potter,87,1,1,0.9118,0.9524,0.7192
peak_prom40,0704,1090,StarWars,87,0,1,0.9436,1.2487,0.6842
peak_prom40,0704,1460,StarWars,87,0,1,0.9220,1.7252,0.3407
peak_prom40,0704,3341,Hakuna,87,0,1,0.8945,1.4955,0.5362
peak_prom40,0704,3728,Hakuna,87,0,1,0.8916,1.5995,0.4419
peak_prom40,0705,0186,Potter,22,1,1,0.9842,1.1184,0.8597
peak_prom40,0705,1340,StarWars,22,0,1,1.0651,1.8950,0.6879
peak_prom40,0705,3791,Hakuna,22,0,1,1.1479,2.0780,0.5382
peak_prom40,0705,3834,Hakuna,22,0,1,1.1285,2.3907,0.4695
peak_prom40,0709,0246,Potter,190,1,1,0.9620,1.0684,0.6330
peak_prom40,0709,0410,Potter,190,1,1,1.0207,0.8193,0.8929
peak_prom40,0709,1077,StarWars,190,0,1,0.9862,1.2635,0.7345
peak_prom40,0709,1085,StarWars,190,0,1,0.9447,1.2396,0.7384
peak_prom40,0709,3625,Hakuna,190,0,1,0.9292,1.4390,0.7119
peak_prom40,0709,3898,Hakuna,190,0,1,0.9672,1.5297,0.5742
peak_prom40,0712,0071,Potter,109,1,1,0.9289,1.9167,0.7899
peak_prom40,0712,0388,Potter,109,1,1,0.9434,2.0159,0.6635
peak_prom40,0712,0986,StarWars,109,0,1,0.9942,2.3732,0.5814
peak_prom40,0712,1078,StarWars,109,0,1,1.0087,2.2885,0.6958
peak_prom40,0712,3457,Hakuna,109,0,1,0.7866,2.3289,0.6877
peak_prom40,0712,3837,Hakuna,109,0,1,0.8215,2.6821,0.5139
peak_prom40,0716,0229,Potter,230,1,1,1.0853,0.6325,0.9757
peak_prom40,0716,0245,Potter,230,1,1,1.1147,0.5510,0.9846
peak_prom40,0716,1010,StarWars,230,0,1,1.1676,2.7127,0.6946
peak_prom40,0716,1048,StarWars,230,0,1,1.2088,2.8659,0.6781
peak_prom40,0716,3670,Hakuna,230,0,1,0.9088,1.9909,0.7672
peak_prom40,0716,3702,Hakuna,230,0,1,0.9397,1.8903,0.7839
peak_prom40,0717,0595,Potter,26,1,1,0.8493,0.9895,0.7504
peak_prom40,0717,0768,Potter,26,1,1,0.7923,1.3707,0.5464
peak_prom40,0717,1087,StarWars,26,0,1,0.7206,1.5082,0.3502
peak_prom40,0717,1132,StarWars,26,0,1,0.6765,1.1718,0.6708
peak_prom40,0717,3392,Hakuna,26,0,1,0.5349,1.6096,0.4144
peak_prom40,0717,4137,Hakuna,26,0,1,0.4982,1.3946,0.5499
peak_prom40,0718,0017,Potter,70,1,1,1.0510,1.4517,0.7421
peak_prom40,0718,0161,Potter,70,1,1,1.0872,1.3323,0.8202
peak_prom40,0718,0929,StarWars,70,0,1,1.0362,2.2725,0.5487
peak_prom40,0718,3334,Hakuna,70,0,1,1.0411,1.8289,0.5461
peak_prom40,0718,3384,Hakuna,70,0,1,1.0181,1.7593,0.6048
peak_prom40,0733,0202,Potter,164,1,1,0.9278,1.4236,0.8979
peak_prom40,0733,0293,Potter,164,1,1,1.0211,1.6106,0.7243
peak_prom40,0733,1315,StarWars,164,0,1,1.0226,3.2839,0.1548
peak_prom40,0733,1482,StarWars,164,0,1,0.9158,2.5468,0.5766
peak_prom40,0733,3746,Hakuna,164,0,1,0.8541,2.2610,0.8051
peak_prom40,0733,3954,Hakuna,164,0,1,0.8316,2.1904,0.6952
peak_prom40,0734,0097,Potter,201,1,1,0.6009,1.2396,0.7302
peak_prom40,0734,0396,Potter,201,1,1,0.6751,1.4834,0.3700
peak_prom40,0734,0927,StarWars,201,0,1,0.6350,1.2872,0.6895
peak_prom40,0734,1129,StarWars,201,0,1,0.6454,1.3584,0.5542
peak_prom40,0734,3870,Hakuna,201,0,1,0.4585,1.3266,0.6263
peak_prom40,0734,4154,Hakuna,201,0,1,0.4792,1.4958,0.4358
peak_prom40,0740,0997,StarWars,135,0,1,0.7264,2.6080,0.4371
peak_prom40,0740,1195,StarWars,135,0,1,0.8522,2.4372,0.4666
peak_prom40,0740,3501,Hakuna,135,0,1,0.7060,2.0072,0.4958
peak_prom40,0740,4070,Hakuna,135,0,1,0.8412,2.4697,0.0683
peak_prom40,0741,0756,Potter,219,1,1,1.1727,2.4410,0.4608
peak_prom40,0741,0805,Potter,219,1,1,1.5292,2.7325,0.2322
peak_prom40,0741,0988,StarWars,219,0,1,1.4708,2.9022,0.2415
peak_prom40,0741,1255,StarWars,219,0,1,1.3175,2.8583,0.4213
peak_prom40,0741,3355,Hakuna,219,0,1,1.3092,2.9159,0.1287
peak_prom40,0741,3635,Hakuna,219,0,1,1.6240,2.8980,0.2018
peak_prom40,0742,0017,Potter,70,1,1,1.1411,1.3933,0.7418
peak_prom40,0742,0161,Potter,70,1,1,1.1804,1.3873,0.7967
peak_prom40,0742,0929,StarWars,70,0,1,1.1250,2.1314,0.3989
peak_prom40,0742,3334,Hakuna,70,0,1,1.1304,1.7120,0.4472
peak_prom40,0742,3384,Hakuna,70,0,1,1.1054,1.8993,0.3355
peak_prom40,0743,0394,Potter,215,1,1,1.2067,3.3090,0.5327
peak_prom40,0743,0975,StarWars,215,0,1,1.0929,2.5263,0.7053
peak_prom40,0743,1423,StarWars,215,0,1,1.2131,2.5742,0.7348
peak_prom40,0743,3480,Hakuna,215,0,1,1.0417,1.9241,0.7821
peak_prom40,0743,3858,Hakuna,215,0,1,1.0753,1.8276,0.8183
peak_prom40,0746,0427,Potter,174,1,1,0.9007,1.0711,0.8766
peak_prom40,0746,0577,Potter,174,1,1,0.8490,1.2018,0.8014
peak_prom40,0746,1403,StarWars,174,0,1,0.6839,2.1246,0.4409
peak_prom40,0746,1502,StarWars,174,0,1,0.8490,2.7975,0.1552
peak_prom40,0746,3424,Hakuna,174,0,1,0.7692,1.6816,0.6631
peak_prom40,0746,4122,Hakuna,174,0,1,0.6993,1.5989,0.6944
peak_prom40,0751,0373,Potter,122,1,1,0.9114,1.8039,0.8568
peak_prom40,0751,0547,Potter,122,1,1,0.8823,1.6185,0.8625
peak_prom40,0751,1408,StarWars,122,0,1,0.9017,2.7494,0.5776
peak_prom40,0751,1495,StarWars,122,0,1,0.8006,3.0946,0.4459
peak_prom40,0751,3595,Hakuna,122,0,1,0.8684,2.7464,0.6629
peak_prom40,0751,3655,Hakuna,122,0,1,0.8476,2.2369,0.7434
peak_prom40,0766,1030,StarWars,212,0,1,0.8512,2.9641,0.2067
peak_prom40,0766,1646,StarWars,212,0,1,0.9986,3.2482,-0.0182
peak_prom40,0766,3761,Hakuna,212,0,1,0.7370,2.4246,0.4157
peak_prom40,0766,3907,Hakuna,212,0,1,0.8223,2.5211,0.2702
peak_prom40,0767,0019,Potter,73,1,1,0.9708,4.7726,0.5585
peak_prom40,0767,0078,Potter,73,1,1,0.8215,1.7812,0.6577
peak_prom40,0767,1154,StarWars,73,0,1,0.7538,3.1456,0.3487
peak_prom40,0767,1359,StarWars,73,0,1,0.8015,2.5956,0.3590
peak_prom40,0767,3857,Hakuna,73,0,1,0.7031,2.5717,0.6991
peak_prom40,0770,0194,Potter,169,1,1,0.9400,2.4626,0.7382
peak_prom40,0770,0728,Potter,169,1,1,0.9415,2.5482,0.5351
peak_prom40,0770,0848,StarWars,169,0,1,0.8215,2.9716,0.5375
peak_prom40,0770,1533,StarWars,169,0,1,0.7930,3.1378,0.3827
peak_prom40,0770,3399,Hakuna,169,0,1,0.9036,3.1436,0.3490
peak_prom40,0770,3605,Hakuna,169,0,1,0.7899,2.9518,0.5602
peak_prom40,0776,3474,Hakuna,82,0,1,1.3707,4.8310,0.2554
peak_prom40,0776,3654,Hakuna,82,0,1,1.2397,3.8425,0.1395
peak_prom40,0781,0762,Potter,69,1,1,0.6887,2.5394,0.2968
peak_prom40,0781,0771,Potter,69,1,1,1.3129,2.9851,-0.0420
peak_prom40,0781,1323,StarWars,69,0,1,0.8788,2.6376,0.2508
peak_prom40,0781,1496,StarWars,69,0,1,0.8850,3.0671,0.1593
peak_prom40,0781,3410,Hakuna,69,0,1,0.8144,2.7025,0.2676
peak_prom40,0781,3782,Hakuna,69,0,1,0.9095,7.6010,0.4084
peak_prom40,0782,0097,Potter,201,1,1,0.5656,1.1809,0.5066
peak_prom40,0782,0396,Potter,201,1,1,0.6355,1.2534,0.5091
peak_prom40,0782,0927,StarWars,201,0,1,0.5978,1.1629,0.5687
peak_prom40,0782,1129,StarWars,201,0,1,0.6075,1.2950,0.3954
peak_prom40,0782,3870,Hakuna,201,0,1,0.4316,1.1184,0.7360
peak_prom40,0782,4154,Hakuna,201,0,1,0.4511,1.2796,0.6107
peak_prom40,0786,0068,Potter,134,1,1,0.9695,2.4268,0.5216
peak_prom40,0786,0695,Potter,134,1,1,0.6593,2.1132,0.6895
peak_prom40,0786,1461,StarWars,134,0,1,0.6053,2.4028,0.4060
peak_prom40,0786,1589,StarWars,134,0,1,0.7590,2.9639,0.2776
peak_prom40,0786,3780,Hakuna,134,0,1,0.6468,2.2664,0.6225
peak_prom40,0786,3912,Hakuna,134,0,1,0.6260,2.5137,0.1224
peak_prom40,0791,0073,Potter,189,1,1,1.0348,1.7942,0.8083
peak_prom40,0791,0298,Potter,189,1,1,0.9930,1.9229,0.8473
peak_prom40,0791,1251,StarWars,189,0,1,0.9599,3.1516,0.4109
peak_prom40,0791,1497,StarWars,189,0,1,1.0105,3.1865,0.4312
peak_prom40,0791,3342,Hakuna,189,0,1,0.9686,2.7912,0.5394
peak_prom40,0792,0371,Potter,52,1,1,1.3378,2.7766,0.5449
peak_prom40,0792,0529,Potter,52,1,1,1.1089,2.4074,0.6159
peak_prom40,0792,0954,StarWars,52,0,1,1.2600,2.0083,0.6695
peak_prom40,0792,1331,StarWars,52,0,1,1.2111,2.4640,0.5708
peak_prom40,0792,3349,Hakuna,52,0,1,1.0489,2.8091,0.3610
peak_prom40,0792,3915,Hakuna,52,0,1,1.1178,2.4733,0.6722
peak_prom40,0794,0087,Potter,43,1,1,0.7732,0.8457,0.9582
peak_prom40,0794,0212,Potter,43,1,1,0.7814,0.8088,0.9685
peak_prom40,0794,1314,StarWars,43,0,1,0.9505,2.3913,0.6610
peak_prom40,0794,1490,StarWars,43,0,1,0.9216,2.4676,0.6309
peak_prom40,0794,3478,Hakuna,43,0,1,0.8454,2.8122,0.4707
peak_prom40,0794,3825,Hakuna,43,0,1,0.7835,2.7971,0.4360
peak_prom40,0806,0633,Potter,231,1,1,0.7833,1.5426,0.7372
peak_prom40,0806,0803,Potter,231,1,1,0.8290,0.5968,0.9301
peak_prom40,0806,1150,StarWars,231,0,1,0.8747,3.1448,0.4370
peak_prom40,0806,1605,StarWars,231,0,1,0.8956,2.5301,0.6395
peak_prom40,0806,4049,Hakuna,231,0,1,0.8303,1.7359,0.8224
peak_prom40,0806,4112,Hakuna,231,0,1,0.8499,1.8099,0.8232
peak_prom40,0807,0508,Potter,120,1,1,1.1760,0.7063,0.9367
peak_prom40,0807,0559,Potter,120,1,1,1.1138,0.6621,0.9499
peak_prom40,0807,0878,StarWars,120,0,1,1.0683,3.1794,0.5400
peak_prom40,0807,1449,StarWars,120,0,1,1.0501,3.1253,0.4749
peak_prom40,0807,3503,Hakuna,120,0,1,0.6995,2.6954,0.5584
peak_prom40,0807,3549,Hakuna,120,0,1,0.7618,3.0132,0.4670
peak_prom40,0809,0168,Potter,198,1,1,0.7221,3.2930,0.0798
peak_prom40,0809,0461,Potter,198,1,1,0.9752,2.0901,0.5083
peak_prom40,0809,1354,StarWars,198,0,1,0.4779,11.7948,-0.0050
peak_prom40,0809,1535,StarWars,198,0,1,0.7257,4.0791,0.2475
peak_prom40,0809,3607,Hakuna,198,0,1,0.7575,3.4340,0.1135
peak_prom40,0809,4013,Hakuna,198,0,1,0.5717,3.3449,0.1146
peak_prom40,0810,0371,Potter,52,1,1,1.0906,3.0663,0.3757
peak_prom40,0810,0529,Potter,52,1,1,0.9040,2.3462,0.3713
peak_prom40,0810,0954,StarWars,52,0,1,1.0272,2.2818,0.6257
peak_prom40,0810,1331,StarWars,52,0,1,0.9873,2.2053,0.6526
peak_prom40,0810,3349,Hakuna,52,0,1,0.8551,2.0156,0.5885
peak_prom40,0810,3915,Hakuna,52,0,1,0.9112,2.1794,0.4773
peak_prom40,0811,0350,Potter,72,1,1,1.0780,0.8031,0.9549
peak_prom40,0811,0506,Potter,72,1,1,1.1162,0.9310,0.9457
peak_prom40,0811,1215,StarWars,72,0,1,1.0907,2.2958,0.7382
peak_prom40,0811,1478,StarWars,72,0,1,1.2142,3.0210,0.6138
peak_prom40,0811,3666,Hakuna,72,0,1,0.8603,1.5987,0.8342
peak_prom40,0811,4069,Hakuna,72,0,1,0.8276,1.6870,0.7796
peak_prom40,0813,0531,Potter,105,1,1,0.9966,0.8154,0.9886
peak_prom40,0813,0583,Potter,105,1,1,0.9863,0.4718,0.9921
peak_prom40,0813,1579,StarWars,105,0,1,0.9075,2.4494,0.7438
peak_prom40,0813,3587,Hakuna,105,0,1,0.7928,2.0579,0.7921
peak_prom40,0813,3906,Hakuna,105,0,1,0.8647,1.9881,0.8092
peak_prom40,0814,0508,Potter,120,1,1,1.1297,0.6486,0.9271
peak_prom40,0814,0559,Potter,120,1,1,1.0700,0.8258,0.9292
peak_prom40,0814,0878,StarWars,120,0,1,1.0262,2.8890,0.5773
peak_prom40,0814,1449,StarWars,120,0,1,1.0087,2.7589,0.5314
peak_prom40,0814,3503,Hakuna,120,0,1,0.6720,2.8707,0.4218
peak_prom40,0814,3549,Hakuna,120,0,1,0.7318,3.1358,0.3013
peak_prom40,0817,0136,Potter,144,1,1,0.9772,2.2165,0.5116
peak_prom40,0817,0330,Potter,144,1,1,0.7678,2.4872,0.4489
peak_prom40,0817,1216,StarWars,144,0,1,0.6859,2.6383,0.5961
peak_prom40,0817,1421,StarWars,144,0,1,0.8054,2.5150,0.4541
peak_prom40,0817,3420,Hakuna,144,0,1,0.7584,2.9922,0.1678
peak_prom40,0817,3673,Hakuna,144,0,1,0.9289,4.8181,0.4202
peak_prom40,0822,0373,Potter,122,1,1,0.8762,1.6339,0.7405
peak_prom40,0822,0547,Potter,122,1,1,0.8482,1.6668,0.7154
peak_prom40,0822,1408,StarWars,122,0,1,0.8668,2.2863,0.5721
peak_prom40,0822,1495,StarWars,122,0,1,0.7696,2.4978,0.3722
peak_prom40,0822,3595,Hakuna,122,0,1,0.8349,1.8568,0.7928
peak_prom40,0822,3655,Hakuna,122,0,1,0.8149,2.0379,0.7205
peak_prom40,0827,0041,Potter,151,1,1,1.1183,0.8456,0.9165
peak_prom40,0827,0778,Potter,151,1,1,1.1450,1.0000,0.9310
peak_prom40,0827,1060,StarWars,151,0,1,1.3700,2.5970,0.5347
peak_prom40,0827,1252,StarWars,151,0,1,1.3467,2.4058,0.6196
peak_prom40,0827,3523,Hakuna,151,0,1,0.9100,2.1595,0.5639
peak_prom40,0827,3573,Hakuna,151,0,1,1.0333,1.8975,0.6476
peak_prom40,0828,0123,Potter,29,1,1,0.8513,1.5376,0.8360
peak_prom40,0828,0631,Potter,29,1,1,1.0157,0.9449,0.9630
peak_prom40,0828,1142,StarWars,29,0,1,1.0157,2.3299,0.4329
peak_prom40,0828,1493,StarWars,29,0,1,1.1742,2.2435,0.5976
peak_prom40,0828,3893,Hakuna,29,0,1,1.0020,2.2452,0.5849
peak_prom40,0828,4086,Hakuna,29,0,1,1.0685,2.1633,0.5656
peak_prom40,0832,0553,Potter,0,1,1,0.7858,3.3775,0.5939
peak_prom40,0832,0590,Potter,0,1,1,0.7402,2.8522,0.6452
peak_prom40,0832,0915,StarWars,0,0,1,0.6066,4.0528,0.4955
peak_prom40,0832,1140,StarWars,0,0,1,0.5493,4.1151,0.5018
peak_prom40,0832,3690,Hakuna,0,0,1,0.6204,3.8292,0.5402
peak_prom40,0832,4031,Hakuna,0,0,1,0.6734,3.6962,0.4419
peak_prom40,0834,0236,Potter,170,1,1,0.8456,2.9606,0.1171
peak_prom40,0834,0668,Potter,170,1,1,0.9445,2.3749,0.7062
peak_prom40,0834,1565,StarWars,170,0,1,0.9355,2.5757,0.6367
peak_prom40,0834,3482,Hakuna,170,0,1,0.6402,2.5592,0.2026
peak_prom40,0834,4088,Hakuna,170,0,1,0.6642,3.0695,-0.2207
peak_prom40,0836,0470,Potter,91,1,1,1.0288,1.5670,0.6131
peak_prom40,0836,0596,Potter,91,1,1,1.1045,1.1914,0.8873
peak_prom40,0836,1006,StarWars,91,0,1,1.0721,2.5009,0.2031
peak_prom40,0836,1366,StarWars,91,0,1,1.1604,2.1972,0.4870
peak_prom40,0836,3411,Hakuna,91,0,1,1.0432,2.4710,0.2601
peak_prom40,0836,3440,Hakuna,91,0,1,0.9586,2.4658,0.2652
peak_prom50,0000,0005,Potter,216,1,1,0.5538,2.8498,0.7819
peak_prom50,0000,0036,Potter,216,1,1,0.7627,2.3146,0.8864
peak_prom50,0000,3704,Hakuna,216,0,1,0.3972,3.2901,0.5731
peak_prom50,0000,3876,Hakuna,216,0,1,0.6725,3.4838,0.2970
peak_prom50,0001,0111,Potter,100,1,1,0.9164,1.4002,0.8814
peak_prom50,0001,0407,Potter,100,1,1,0.6276,1.4179,0.8288
peak_prom50,0001,1040,StarWars,100,0,1,0.9765,1.9994,0.5889
peak_prom50,0001,1344,StarWars,100,0,1,0.4003,2.1471,0.2975
peak_prom50,0001,3448,Hakuna,100,0,1,0.6290,2.0466,0.4303
peak_prom50,0001,4068,Hakuna,100,0,1,0.7243,2.1660,0.3828
peak_prom50,0007,0019,Potter,73,1,1,0.8009,3.6212,0.5317
peak_prom50,0007,0078,Potter,73,1,1,0.6946,1.7913,0.6917
peak_prom50,0007,1154,StarWars,73,0,1,0.5838,2.5510,0.3885
peak_prom50,0007,1359,StarWars,73,0,1,0.6602,2.3322,0.5783
peak_prom50,0007,3857,Hakuna,73,0,1,0.5958,2.4568,0.6186
peak_prom50,0011,0081,Potter,49,1,1,0.7416,1.0157,0.9145
peak_prom50,0011,0423,Potter,49,1,1,0.8074,0.8746,0.9477
peak_prom50,0011,1420,StarWars,49,0,1,0.8170,2.0807,0.6505
peak_prom50,0011,3920,Hakuna,49,0,1,0.8604,2.1548,0.6364
peak_prom50,0011,4138,Hakuna,49,0,1,0.8170,1.6956,0.7926
peak_prom50,0021,0168,Potter,198,1,1,0.1710,1.9823,0.5630
peak_prom50,0021,0461,Potter,198,1,1,0.6072,2.1474,0.4545
peak_prom50,0021,1535,StarWars,198,0,1,0.1101,4.2230,0.2350
peak_prom50,0021,3607,Hakuna,198,0,1,0.1884,3.6398,0.0344
peak_prom50,0024,0397,Potter,20,1,1,0.5783,0.6722,0.9621
peak_prom50,0024,0513,Potter,20,1,1,0.3890,0.9403,0.9281
peak_prom50,0024,1297,StarWars,20,0,1,0.6145,3.1176,0.0675
peak_prom50,0024,1582,StarWars,20,0,1,0.5886,1.9367,0.7511
peak_prom50,0024,3642,Hakuna,20,0,1,0.6575,1.7366,0.7780
peak_prom50,0024,3992,Hakuna,20,0,1,0.5938,1.7370,0.7746
peak_prom50,0025,3474,Hakuna,82,0,1,0.8376,3.4343,0.5454
peak_prom50,0025,3654,Hakuna,82,0,1,1.0861,3.5453,0.4262
peak_prom50,0026,0319,Potter,54,1,1,0.8134,0.9809,0.9326
peak_prom50,0026,0573,Potter,54,1,1,0.8858,0.6119,0.9777
peak_prom50,0026,0885,StarWars,54,0,1,0.9847,2.5988,0.7402
peak_prom50,0026,1561,StarWars,54,0,1,0.8691,2.7003,0.7378
peak_prom50,0026,3395,Hakuna,54,0,1,0.7981,1.9159,0.8464
peak_prom50,0026,3880,Hakuna,54,0,1,0.7730,1.7992,0.8660
peak_prom50,0027,0102,Potter,191,1,1,0.9002,1.1706,0.8893
peak_prom50,0027,0426,Potter,191,1,1,0.8909,1.2523,0.8811
peak_prom50,0027,0993,StarWars,191,0,1,0.6839,2.3734,0.2346
peak_prom50,0027,1506,StarWars,191,0,1,0.9852,2.0147,0.4870
peak_prom50,0027,3928,Hakuna,191,0,1,0.9261,2.0701,0.6301
peak_prom50,0027,3984,Hakuna,191,0,1,0.6932,2.0896,0.4867
peak_prom50,0028,0408,Potter,145,1,1,0.9508,2.7931,0.6277
peak_prom50,0028,0619,Potter,145,1,1,0.9952,0.5766,0.9861
peak_prom50,0028,0956,StarWars,145,0,1,1.1381,2.7621,0.6966
peak_prom50,0028,1199,StarWars,145,0,1,1.0968,2.7028,0.6970
peak_prom50,0028,3712,Hakuna,145,0,1,1.0413,1.9812,0.8108
peak_prom50,0028,3793,Hakuna,145,0,1,1.1048,2.0100,0.7909
peak_prom50,0030,0196,Potter,232,1,1,0.6732,1.8061,0.8262
peak_prom50,0030,0603,Potter,232,1,1,0.8869,1.7472,0.8491
peak_prom50,0030,0917,StarWars,232,0,1,0.9282,2.8522,0.2688
peak_prom50,0030,1278,StarWars,232,0,1,0.8276,2.6811,0.3670
peak_prom50,0030,3541,Hakuna,232,0,1,0.6499,2.5398,0.5565
peak_prom50,0030,4111,Hakuna,232,0,1,0.7145,2.7813,0.4740
peak_prom50,0032,0140,Potter,175,1,1,0.3426,1.5148,0.8545
peak_prom50,0032,0758,Potter,175,1,1,0.5449,3.2170,0.6405
peak_prom50,0032,1428,StarWars,175,0,1,0.2953,2.4947,0.5803
peak_prom50,0032,1599,StarWars,175,0,1,0.3752,2.3163,0.6945
peak_prom50,0032,3425,Hakuna,175,0,1,0.1452,3.0062,0.6398
peak_prom50,0033,0186,Potter,22,1,1,0.8776,1.2422,0.8425
peak_prom50,0033,1340,StarWars,22,0,1,0.8831,1.7188,0.7301
peak_prom50,0033,3791,Hakuna,22,0,1,1.0965,1.7987,0.7206
peak_prom50,0033,3834,Hakuna,22,0,1,1.0686,2.0025,0.6101
peak_prom50,0048,0663,Potter,149,1,1,0.9786,2.9474,0.1522
peak_prom50,0048,1284,StarWars,149,0,1,0.7467,4.2324,0.2712
peak_prom50,0048,3578,Hakuna,149,0,1,0.6168,8.6712,-0.2577
peak_prom50,0050,0254,Potter,129,1,1,0.9811,1.2035,0.8975
peak_prom50,0050,0554,Potter,129,1,1,0.9690,1.1109,0.9431
peak_prom50,0050,1014,StarWars,129,0,1,0.5957,2.2112,0.7972
peak_prom50,0050,1167,StarWars,129,0,1,0.5499,2.3324,0.7454
peak_prom50,0050,3576,Hakuna,129,0,1,0.5660,3.0927,0.4699
peak_prom50,0050,3651,Hakuna,129,0,1,0.5714,3.2132,0.4198
peak_prom50,0054,0370,Potter,153,1,1,0.9726,1.2815,0.6883
peak_prom50,0054,0710,Potter,153,1,1,1.0599,1.4168,0.6513
peak_prom50,0054,0882,StarWars,153,0,1,1.1147,1.5722,0.4792
peak_prom50,0054,1138,StarWars,153,0,1,0.9795,1.4196,0.5488
peak_prom50,0054,3534,Hakuna,153,0,1,1.1952,1.6510,0.3179
peak_prom50,0054,3689,Hakuna,153,0,1,1.1182,1.6137,0.3643
peak_prom50,0056,0073,Potter,189,1,1,0.7232,1.4640,0.8009
peak_prom50,0056,0298,Potter,189,1,1,0.7315,1.1968,0.9205
peak_prom50,0056,1251,StarWars,189,0,1,0.7776,2.0965,0.7145
peak_prom50,0056,1497,StarWars,189,0,1,0.8023,2.2324,0.5850
peak_prom50,0056,3342,Hakuna,189,0,1,0.7957,2.0734,0.7445
peak_prom50,0063,0206,Potter,84,1,1,1.1746,1.7364,0.9624
peak_prom50,0063,1341,StarWars,84,0,1,1.4763,3.7571,0.0495
peak_prom50,0063,1504,StarWars,84,0,1,1.2718,3.2357,0.4034
peak_prom50,0065,0010,Potter,92,1,1,0.8463,0.7214,0.9820
peak_prom50,0065,0232,Potter,92,1,1,0.7570,0.6542,0.9797
peak_prom50,0065,0893,StarWars,92,0,1,0.7262,2.3659,0.7286
peak_prom50,0065,0922,StarWars,92,0,1,0.8082,2.4340,0.6992
peak_prom50,0065,4028,Hakuna,92,0,1,0.7672,2.0331,0.7973
peak_prom50,0066,0038,Potter,207,1,1,0.9949,0.7795,0.9816
peak_prom50,0066,0672,Potter,207,1,1,1.0034,0.7379,0.9808
peak_prom50,0066,1206,StarWars,207,0,1,0.6718,2.5870,0.6387
peak_prom50,0066,1265,StarWars,207,0,1,0.6939,2.7744,0.5979
peak_prom50,0066,3446,Hakuna,207,0,1,0.9184,2.0540,0.7694
peak_prom50,0066,3565,Hakuna,207,0,1,0.9031,2.1866,0.7424
peak_prom50,0070,0504,Potter,90,1,1,0.9803,1.3320,0.9086
peak_prom50,0070,0597,Potter,90,1,1,0.9501,1.5314,0.8931
peak_prom50,0070,0886,StarWars,90,0,1,1.1180,2.8156,0.4392
peak_prom50,0070,1075,StarWars,90,0,1,1.1331,3.1933,0.1766
peak_prom50,0070,3378,Hakuna,90,0,1,0.8775,2.2284,0.7206
peak_prom50,0070,3455,Hakuna,90,0,1,1.0772,3.0267,0.2215
peak_prom50,0079,0445,Potter,146,1,1,0.5444,2.1150,0.7204
peak_prom50,0079,0622,Potter,146,1,1,0.6809,1.4333,0.8907
peak_prom50,0079,0925,StarWars,146,0,1,0.4966,2.7092,0.5226
peak_prom50,0079,1456,StarWars,146,0,1,0.3379,2.9514,0.2471
peak_prom50,0079,3439,Hakuna,146,0,1,0.3959,3.0099,0.1477
peak_prom50,0079,3822,Hakuna,146,0,1,0.3549,3.6071,-0.0372
peak_prom50,0080,0292,Potter,166,1,1,1.1048,2.1527,0.5977
peak_prom50,0080,0353,Potter,166,1,1,1.7275,1.5480,0.7906
peak_prom50,0080,1233,StarWars,166,0,1,0.9539,3.2135,0.0521
peak_prom50,0080,1267,StarWars,166,0,1,1.0797,2.1476,0.7219
peak_prom50,0084,3332,Hakuna,6,0,1,0.9163,2.1089,0.8497
peak_prom50,0088,0239,Potter,59,1,1,0.5161,2.7889,0.4072
peak_prom50,0088,0798,Potter,59,1,1,0.4397,4.4028,0.0157
peak_prom50,0088,0923,StarWars,59,0,1,0.2598,4.0337,0.5470
peak_prom50,0088,1246,StarWars,59,0,1,0.4346,4.1784,0.2905
peak_prom50,0088,3956,Hakuna,59,0,1,0.4567,6.9010,0.3599
peak_prom50,0088,4124,Hakuna,59,0,1,0.2037,3.4120,0.1228
peak_prom50,0091,0008,Potter,213,1,1,0.9792,0.5163,0.9504
peak_prom50,0091,0681,Potter,213,1,1,0.9553,0.5292,0.9325
peak_prom50,0091,0860,StarWars,213,0,1,1.1230,2.2128,0.7657
peak_prom50,0091,1317,StarWars,213,0,1,1.0735,2.2085,0.7634
peak_prom50,0091,3548,Hakuna,213,0,1,0.7252,1.7605,0.8525
peak_prom50,0091,3720,Hakuna,213,0,1,0.8083,1.8212,0.8363
peak_prom50,0093,0271,Potter,121,1,1,1.0313,1.1042,0.9156
peak_prom50,0093,0416,Potter,121,1,1,0.8076,2.0753,0.7412
peak_prom50,0093,0852,StarWars,121,0,1,1.0492,2.1518,0.6968
peak_prom50,0093,1525,StarWars,121,0,1,0.9463,2.4183,0.6061
peak_prom50,0093,3647,Hakuna,121,0,1,0.8971,2.6830,0.5693
peak_prom50,0093,4058,Hakuna,121,0,1,0.9687,2.6603,0.5152
peak_prom50,0098,0616,Potter,71,1,1,0.7434,3.4031,0.4407
peak_prom50,0098,0753,Potter,71,1,1,0.7965,1.9573,0.7391
peak_prom50,0098,3542,Hakuna,71,0,1,0.1593,2.3212,0.7380
peak_prom50,0098,3755,Hakuna,71,0,1,0.1836,2.6332,0.5856
peak_prom50,0099,3332,Hakuna,6,0,1,0.8988,1.9646,0.8418
peak_prom50,0100,0090,Potter,24,1,1,0.5320,1.2358,0.9499
peak_prom50,0100,0320,Potter,24,1,1,0.5422,1.4279,0.9380
peak_prom50,0100,1045,StarWars,24,0,1,0.6686,3.2458,0.5292
peak_prom50,0100,1325,StarWars,24,0,1,0.5552,2.9021,0.6487
peak_prom50,0100,3814,Hakuna,24,0,1,0.6948,2.8873,0.7345
peak_prom50,0100,4118,Hakuna,24,0,1,0.6265,3.1161,0.6359
peak_prom50,0105,0057,Potter,60,1,1,0.8925,2.6785,0.7043
peak_prom50,0105,0348,Potter,60,1,1,0.8638,2.8399,0.6131
peak_prom50,0112,0484,Potter,162,1,1,0.7696,0.8469,0.9692
peak_prom50,0112,0599,Potter,162,1,1,0.7600,0.9434,0.9625
peak_prom50,0112,1508,StarWars,162,0,1,0.8144,2.5516,0.7272
peak_prom50,0112,1606,StarWars,162,0,1,0.8224,2.2761,0.7935
peak_prom50,0113,0651,Potter,97,1,1,0.9056,1.3829,0.8799
peak_prom50,0113,0706,Potter,97,1,1,0.9505,0.8797,0.9170
peak_prom50,0113,1313,StarWars,97,0,1,0.8019,2.6311,0.6509
peak_prom50,0113,1418,StarWars,97,0,1,0.8421,2.3568,0.7011
peak_prom50,0113,3631,Hakuna,97,0,1,0.8173,2.5419,0.6821
peak_prom50,0113,3919,Hakuna,97,0,1,0.8282,2.8197,0.5878
peak_prom50,0115,0438,Potter,192,1,1,0.8863,1.7101,0.7812
peak_prom50,0115,0783,Potter,192,1,1,0.7710,1.8244,0.8014
peak_prom50,0115,0909,StarWars,192,0,1,0.9468,2.6183,0.2190
peak_prom50,0115,1642,StarWars,192,0,1,0.9261,2.3735,0.4505
peak_prom50,0115,3741,Hakuna,192,0,1,0.9808,2.1757,0.4756
peak_prom50,0115,4148,Hakuna,192,0,1,1.0487,2.1730,0.5608
peak_prom50,0116,0356,Potter,196,1,1,0.8780,0.7294,0.9544
peak_prom50,0116,0686,Potter,196,1,1,0.8340,1.2810,0.9012
peak_prom50,0116,0907,StarWars,196,0,1,0.7520,2.1872,0.7831
peak_prom50,0116,1611,StarWars,196,0,1,0.7100,2.5653,0.6894
peak_prom50,0116,4056,Hakuna,196,0,1,0.8380,2.3532,0.7303
peak_prom50,0116,4082,Hakuna,196,0,1,0.8980,2.1633,0.7704
peak_prom50,0118,0004,Potter,160,1,1,0.8345,1.3386,0.5272
peak_prom50,0118,0517,Potter,160,1,1,0.7241,1.2515,0.3990
peak_prom50,0118,1390,StarWars,160,0,1,0.9966,1.4773,0.3540
peak_prom50,0118,1641,StarWars,160,0,1,1.0690,1.4267,0.4227
peak_prom50,0118,3786,Hakuna,160,0,1,0.9086,0.9052,0.8131
peak_prom50,0118,3994,Hakuna,160,0,1,0.8879,1.1075,0.6832
peak_prom50,0121,0222,Potter,96,1,1,0.6562,1.2440,0.8644
peak_prom50,0121,0715,Potter,96,1,1,0.6576,1.5202,0.7391
peak_prom50,0121,1027,StarWars,96,0,1,0.7047,2.5291,0.3735
peak_prom50,0121,1402,StarWars,96,0,1,0.6177,2.2400,0.6006
peak_prom50,0121,3406,Hakuna,96,0,1,0.5292,2.0583,0.6547
peak_prom50,0121,3938,Hakuna,96,0,1,0.6077,2.0681,0.5964
peak_prom50,0122,0582,Potter,57,1,1,0.7140,3.0217,0.6191
peak_prom50,0122,0801,Potter,57,1,1,0.7534,2.7497,0.7447
peak_prom50,0122,0985,StarWars,57,0,1,0.7260,3.4779,0.2329
peak_prom50,0122,1249,StarWars,57,0,1,0.6404,3.3348,0.5631
peak_prom50,0122,3745,Hakuna,57,0,1,1.2534,3.4853,0.3427
peak_prom50,0122,3802,Hakuna,57,0,1,1.2808,3.2661,0.4685
peak_prom50,0127,0384,Potter,228,1,1,0.2385,1.9591,0.2852
peak_prom50,0127,3896,Hakuna,228,0,1,0.2205,1.5657,0.6667
peak_prom50,0133,3846,Hakuna,16,0,1,0.5134,3.3556,0.3611
peak_prom50,0133,4150,Hakuna,16,0,1,0.4950,3.8387,-0.4841
peak_prom50,0135,0279,Potter,223,1,1,0.8473,1.5809,0.8726
peak_prom50,0135,0609,Potter,223,1,1,0.7892,1.5282,0.8816
peak_prom50,0135,1197,StarWars,223,0,1,0.7595,2.7535,0.4468
peak_prom50,0135,3343,Hakuna,223,0,1,0.6649,2.3301,0.6447
peak_prom50,0135,4153,Hakuna,223,0,1,0.6351,2.2393,0.6124
peak_prom50,0138,0397,Potter,20,1,1,0.5947,0.5396,0.9720
peak_prom50,0138,0513,Potter,20,1,1,0.4000,0.8350,0.9256
peak_prom50,0138,1297,StarWars,20,0,1,0.6319,3.0239,0.2302
peak_prom50,0138,1582,StarWars,20,0,1,0.6053,1.8976,0.7603
peak_prom50,0138,3642,Hakuna,20,0,1,0.6761,1.7582,0.7861
peak_prom50,0138,3992,Hakuna,20,0,1,0.6106,1.7914,0.7519
peak_prom50,0139,0068,Potter,134,1,1,0.9043,2.3475,0.4998
peak_prom50,0139,0695,Potter,134,1,1,0.2673,2.3451,0.4322
peak_prom50,0139,1461,StarWars,134,0,1,0.4472,2.3688,0.4192
peak_prom50,0139,1589,StarWars,134,0,1,0.5363,2.3568,0.5607
peak_prom50,0139,3780,Hakuna,134,0,1,0.5132,2.2684,0.5926
peak_prom50,0139,3912,Hakuna,134,0,1,0.4769,2.2611,0.5605
peak_prom50,0142,0542,Potter,44,1,1,0.8040,1.1189,0.9305
peak_prom50,0142,0739,Potter,44,1,1,0.8675,0.7067,0.9559
peak_prom50,0142,0964,StarWars,44,0,1,0.9629,2.3763,0.7527
peak_prom50,0142,1026,StarWars,44,0,1,0.9099,2.2980,0.7565
peak_prom50,0142,3485,Hakuna,44,0,1,0.8623,1.8037,0.8435
peak_prom50,0142,3781,Hakuna,44,0,1,0.7868,1.8894,0.8297
peak_prom50,0143,0158,Potter,98,1,1,0.1345,1.6083,0.3731
peak_prom50,0143,0450,Potter,98,1,1,0.0731,1.6147,0.3357
peak_prom50,0143,1654,StarWars,98,0,1,0.1762,1.2087,0.7203
peak_prom50,0143,3993,Hakuna,98,0,1,0.0901,4.1918,0.0635
peak_prom50,0147,0145,Potter,141,1,1,0.6272,1.6837,0.7515
peak_prom50,0147,0620,Potter,141,1,1,0.2272,1.8842,0.6683
peak_prom50,0147,1636,StarWars,141,0,1,0.7282,2.1215,0.2945
peak_prom50,0147,1652,StarWars,141,0,1,0.3942,2.3897,0.2745
peak_prom50,0147,3687,Hakuna,141,0,1,0.6660,1.9713,0.4764
peak_prom50,0147,3895,Hakuna,141,0,1,0.6699,1.9086,0.6842
peak_prom50,0149,0123,Potter,29,1,1,0.5343,2.0669,0.5374
peak_prom50,0149,0631,Potter,29,1,1,0.6202,1.4089,0.8271
peak_prom50,0149,1142,StarWars,29,0,1,0.8584,1.9078,0.5557
peak_prom50,0149,1493,StarWars,29,0,1,1.0494,1.9159,0.5134
peak_prom50,0149,3893,Hakuna,29,0,1,0.9335,1.9186,0.5407
peak_prom50,0149,4086,Hakuna,29,0,1,0.9657,1.8776,0.5727
peak_prom50,0150,0787,Potter,136,1,1,1.1336,2.8740,0.2925
peak_prom50,0150,0837,Potter,136,1,1,1.1695,2.9078,0.3906
peak_prom50,0150,1004,StarWars,136,0,1,1.1935,2.9293,0.1675
peak_prom50,0150,1042,StarWars,136,0,1,1.2414,2.9469,0.0127
peak_prom50,0150,3526,Hakuna,136,0,1,1.2243,2.9679,0.1767
peak_prom50,0150,3943,Hakuna,136,0,1,1.2243,2.9679,0.1767
peak_prom50,0157,0613,Potter,137,1,1,1.0693,1.2709,0.9112
peak_prom50,0157,0788,Potter,137,1,1,1.0331,1.8326,0.7667
peak_prom50,0157,1163,StarWars,137,0,1,1.1536,2.0641,0.7334
peak_prom50,0157,1177,StarWars,137,0,1,1.1958,2.3972,0.6046
peak_prom50,0157,3594,Hakuna,137,0,1,1.4639,2.0097,0.7418
peak_prom50,0157,3944,Hakuna,137,0,1,1.4518,1.8364,0.7642
peak_prom50,0159,0181,Potter,13,1,1,0.8845,1.1585,0.8211
peak_prom50,0159,0299,Potter,13,1,1,0.7437,1.2636,0.8478
peak_prom50,0159,1619,StarWars,13,0,1,0.6805,1.2079,0.6138
peak_prom50,0159,3353,Hakuna,13,0,1,0.7653,1.2241,0.6630
peak_prom50,0159,4020,Hakuna,13,0,1,0.8069,0.9805,0.7550
peak_prom50,0162,0553,Potter,0,1,1,0.5382,2.8076,0.8140
peak_prom50,0162,0590,Potter,0,1,1,0.5361,3.1403,0.7027
peak_prom50,0162,0915,StarWars,0,0,1,0.2892,5.1405,0.3543
peak_prom50,0162,1140,StarWars,0,0,1,0.2500,5.2850,0.3939
peak_prom50,0162,3690,Hakuna,0,0,1,0.3554,4.3387,0.4592
peak_prom50,0162,4031,Hakuna,0,0,1,0.4006,3.7464,0.5905
peak_prom50,0165,0377,Potter,234,1,1,0.7684,2.2335,0.8659
peak_prom50,0165,0406,Potter,234,1,1,0.9099,1.8002,0.8972
peak_prom50,0165,0906,StarWars,234,0,1,0.9449,2.5680,0.7506
peak_prom50,0165,3484,Hakuna,234,0,1,0.8732,2.6589,0.8231
peak_prom50,0165,3975,Hakuna,234,0,1,0.9136,2.9884,0.7189
peak_prom50,0166,0424,Potter,38,1,1,1.0717,0.8346,0.9439
peak_prom50,0166,0829,Potter,38,1,1,1.0398,0.6576,0.9593
peak_prom50,0166,1149,StarWars,38,0,1,0.9443,1.8359,0.6921
peak_prom50,0166,1273,StarWars,38,0,1,0.9252,1.7982,0.7372
peak_prom50,0166,3506,Hakuna,38,0,1,0.8455,1.9223,0.5839
peak_prom50,0166,3732,Hakuna,38,0,1,0.9076,2.1377,0.4407
peak_prom50,0167,0075,Potter,55,1,1,0.6306,1.8859,0.7951
peak_prom50,0167,0785,Potter,55,1,1,0.5466,1.5247,0.8219
peak_prom50,0167,1160,StarWars,55,0,1,0.7407,2.2646,0.5447
peak_prom50,0167,1648,StarWars,55,0,1,1.1343,2.0037,0.6373
peak_prom50,0167,3887,Hakuna,55,0,1,1.0896,1.9408,0.6708
peak_prom50,0167,4060,Hakuna,55,0,1,1.0560,1.9878,0.5305
peak_prom50,0173,0090,Potter,24,1,1,0.5119,1.1580,0.9511
peak_prom50,0173,0320,Potter,24,1,1,0.5217,1.3226,0.9412
peak_prom50,0173,1045,StarWars,24,0,1,0.6434,3.1374,0.5616
peak_prom50,0173,1325,StarWars,24,0,1,0.5343,2.8241,0.6701
peak_prom50,0173,3814,Hakuna,24,0,1,0.6685,2.8428,0.7314
peak_prom50,0173,4118,Hakuna,24,0,1,0.6028,3.0230,0.6124
peak_prom50,0174,0361,Potter,46,1,1,0.8655,0.6665,0.9661
peak_prom50,0174,0632,Potter,46,1,1,0.8201,0.8389,0.9514
peak_prom50,0174,0841,StarWars,46,0,1,0.8768,2.1554,0.6582
peak_prom50,0174,1237,StarWars,46,0,1,0.8395,1.7034,0.6636
peak_prom50,0174,3661,Hakuna,46,0,1,0.7666,1.4838,0.8274
peak_prom50,0174,4156,Hakuna,46,0,1,0.8314,1.6428,0.7952
peak_prom50,0179,0288,Potter,208,1,1,0.8829,2.4189,0.6254
peak_prom50,0179,0482,Potter,208,1,1,0.8799,2.3881,0.5312
peak_prom50,0179,1399,StarWars,208,0,1,0.5930,2.4818,0.2879
peak_prom50,0179,1436,StarWars,208,0,1,0.3367,2.5441,0.2976
peak_prom50,0179,3519,Hakuna,208,0,1,0.5315,2.3178,0.5484
peak_prom50,0180,0386,Potter,184,1,1,0.6528,2.3911,0.6212
peak_prom50,0180,0729,Potter,184,1,1,0.7376,0.7773,0.9790
peak_prom50,0180,0887,StarWars,184,0,1,0.4643,2.2444,0.8382
peak_prom50,0180,3612,Hakuna,184,0,1,0.5693,2.8106,0.5522
peak_prom50,0180,3844,Hakuna,184,0,1,0.6272,2.4719,0.6948
peak_prom50,0183,0437,Potter,40,1,1,0.5643,1.4481,0.9296
peak_prom50,0183,0502,Potter,40,1,1,0.3911,2.4243,0.5457
peak_prom50,0183,0892,StarWars,40,0,1,0.4181,2.1694,0.7792
peak_prom50,0183,1600,StarWars,40,0,1,0.5656,2.8504,0.5774
peak_prom50,0183,3966,Hakuna,40,0,1,0.5359,3.0285,0.5364
peak_prom50,0183,4094,Hakuna,40,0,1,0.4452,2.8803,0.6001
peak_prom50,0188,0198,Potter,67,1,1,0.7521,0.8773,0.9709
peak_prom50,0188,0369,Potter,67,1,1,0.6532,1.2967,0.9041
peak_prom50,0188,1298,StarWars,67,0,1,0.7284,3.1475,0.5035
peak_prom50,0188,1326,StarWars,67,0,1,0.6309,3.2941,0.4363
peak_prom50,0188,3412,Hakuna,67,0,1,0.5237,2.4329,0.7493
peak_prom50,0188,3447,Hakuna,67,0,1,0.5738,2.5491,0.7271
peak_prom50,0190,0732,Potter,150,1,1,0.7787,1.2060,0.9128
peak_prom50,0190,0825,Potter,150,1,1,1.0067,0.6610,0.9735
peak_prom50,0190,0844,StarWars,150,0,1,1.2230,3.0439,0.4445
peak_prom50,0190,1510,StarWars,150,0,1,1.2529,2.9524,0.5239
peak_prom50,0190,3493,Hakuna,150,0,1,1.0100,2.0483,0.7646
peak_prom50,0190,3767,Hakuna,150,0,1,0.8619,1.4838,0.8953
peak_prom50,0195,0370,Potter,153,1,1,0.8057,1.6428,0.7290
peak_prom50,0195,0710,Potter,153,1,1,0.8780,1.6599,0.7593
peak_prom50,0195,0882,StarWars,153,0,1,0.9234,2.0469,0.4367
peak_prom50,0195,1138,StarWars,153,0,1,0.8113,2.2034,0.3619
peak_prom50,0195,3534,Hakuna,153,0,1,0.9901,2.1822,0.3882
peak_prom50,0195,3689,Hakuna,153,0,1,0.9262,2.1691,0.5097
peak_prom50,0197,0060,Potter,222,1,1,0.9302,1.1407,0.8967
peak_prom50,0197,0107,Potter,222,1,1,1.0366,0.9698,0.9187
peak_prom50,0197,0959,StarWars,222,0,1,0.8063,2.0265,0.6961
peak_prom50,0197,1276,StarWars,222,0,1,0.8080,2.7256,0.2293
peak_prom50,0197,4064,Hakuna,222,0,1,0.9878,1.8612,0.6857
peak_prom50,0197,4085,Hakuna,222,0,1,1.0332,1.7870,0.6496
peak_prom50,0204,0102,Potter,191,1,1,0.9644,1.1090,0.9040
peak_prom50,0204,0426,Potter,191,1,1,0.9545,1.2434,0.8725
peak_prom50,0204,0993,StarWars,191,0,1,0.7327,2.3072,0.2506
peak_prom50,0204,1506,StarWars,191,0,1,1.0554,1.9755,0.4855
peak_prom50,0204,3928,Hakuna,191,0,1,0.9921,2.0399,0.6420
peak_prom50,0204,3984,Hakuna,191,0,1,0.7426,2.0469,0.5542
peak_prom50,0210,0055,Potter,200,1,1,0.9472,1.4833,0.8285
peak_prom50,0210,0417,Potter,200,1,1,0.8376,1.5831,0.8210
peak_prom50,0210,1015,StarWars,200,0,1,0.9648,2.6334,0.4691
peak_prom50,0210,1626,StarWars,200,0,1,0.8571,3.0929,0.3137
peak_prom50,0210,3586,Hakuna,200,0,1,0.7436,2.3869,0.3865
peak_prom50,0210,3862,Hakuna,200,0,1,0.8121,2.2232,0.5718
peak_prom50,0215,0229,Potter,230,1,1,0.8660,0.5993,0.9818
peak_prom50,0215,0245,Potter,230,1,1,0.8604,1.2433,0.9547
peak_prom50,0215,1010,StarWars,230,0,1,0.7532,2.7693,0.6715
peak_prom50,0215,1048,StarWars,230,0,1,0.9464,3.3305,0.5583
peak_prom50,0215,3670,Hakuna,230,0,1,0.7179,2.1960,0.7891
peak_prom50,0215,3702,Hakuna,230,0,1,0.7630,2.1207,0.7797
peak_prom50,0219,0076,Potter,30,1,1,0.5914,2.2559,0.7936
peak_prom50,0219,0151,Potter,30,1,1,0.7110,1.9426,0.8248
peak_prom50,0219,1101,StarWars,30,0,1,0.8588,2.9132,0.5548
peak_prom50,0219,1369,StarWars,30,0,1,0.7442,3.0134,0.4698
peak_prom50,0219,3443,Hakuna,30,0,1,0.7409,2.2700,0.7808
peak_prom50,0219,3694,Hakuna,30,0,1,0.7110,2.6057,0.6492
peak_prom50,0220,0997,StarWars,135,0,1,0.6345,2.8001,0.5638
peak_prom50,0220,1195,StarWars,135,0,1,0.5931,3.0230,0.4819
peak_prom50,0220,3501,Hakuna,135,0,1,0.5776,2.3913,0.5481
peak_prom50,0220,4070,Hakuna,135,0,1,0.7517,2.3091,0.4816
peak_prom50,0224,0445,Potter,146,1,1,0.5221,1.8083,0.7272
peak_prom50,0224,0622,Potter,146,1,1,0.6530,1.2751,0.8975
peak_prom50,0224,0925,StarWars,146,0,1,0.4763,2.3517,0.5598
peak_prom50,0224,1456,StarWars,146,0,1,0.3241,2.5863,0.3552
peak_prom50,0224,3439,Hakuna,146,0,1,0.3797,2.4139,0.4507
peak_prom50,0224,3822,Hakuna,146,0,1,0.3404,2.8304,0.2349
peak_prom50,0225,0680,Potter,123,1,1,0.7570,0.6645,0.9856
peak_prom50,0225,0835,Potter,123,1,1,0.5548,1.3309,0.8890
peak_prom50,0225,1196,StarWars,123,0,1,0.6728,3.0766,0.6835
peak_prom50,0225,1378,StarWars,123,0,1,0.7402,3.4215,0.6973
peak_prom50,0225,3567,Hakuna,123,0,1,0.5758,2.7006,0.5502
peak_prom50,0225,3787,Hakuna,123,0,1,0.6152,2.8325,0.4872
peak_prom50,0228,0124,Potter,58,1,1,1.0261,1.4526,0.8963
peak_prom50,0228,0467,Potter,58,1,1,1.1550,1.4324,0.8868
peak_prom50,0228,1178,StarWars,58,0,1,1.0669,3.0954,0.5404
peak_prom50,0228,1262,StarWars,58,0,1,1.1093,2.4543,0.6810
peak_prom50,0228,3556,Hakuna,58,0,1,0.8581,2.3185,0.7890
peak_prom50,0228,3668,Hakuna,58,0,1,0.8613,2.6306,0.7557
peak_prom50,0230,0010,Potter,92,1,1,0.8269,0.6428,0.9856
peak_prom50,0230,0232,Potter,92,1,1,0.7396,0.5899,0.9824
peak_prom50,0230,0893,StarWars,92,0,1,0.7096,2.2670,0.7232
peak_prom50,0230,0922,StarWars,92,0,1,0.7897,2.3721,0.6917
peak_prom50,0230,4028,Hakuna,92,0,1,0.7496,1.8943,0.8233
peak_prom50,0231,0595,Potter,26,1,1,0.7475,1.0770,0.7777
peak_prom50,0231,0768,Potter,26,1,1,0.6143,1.4857,0.5868
peak_prom50,0231,1087,StarWars,26,0,1,0.5885,1.5357,0.4715
peak_prom50,0231,1132,StarWars,26,0,1,0.5129,1.1357,0.7481
peak_prom50,0231,3392,Hakuna,26,0,1,0.2942,1.5115,0.5347
peak_prom50,0231,4137,Hakuna,26,0,1,0.2326,1.5171,0.5465
peak_prom50,0233,0633,Potter,231,1,1,0.5801,0.7398,0.8708
peak_prom50,0233,0803,Potter,231,1,1,0.6649,0.3756,0.9901
peak_prom50,0233,1150,StarWars,231,0,1,0.6218,2.9077,0.4432
peak_prom50,0233,1605,StarWars,231,0,1,0.6406,2.4350,0.6469
peak_prom50,0233,4049,Hakuna,231,0,1,0.7524,1.5932,0.8506
peak_prom50,0233,4112,Hakuna,231,0,1,0.7941,1.5856,0.8432
peak_prom50,0237,0542,Potter,44,1,1,0.7752,1.0610,0.9364
peak_prom50,0237,0739,Potter,44,1,1,0.8365,0.7812,0.9490
peak_prom50,0237,0964,StarWars,44,0,1,0.9285,2.3229,0.7819
peak_prom50,0237,1026,StarWars,44,0,1,0.8774,2.2796,0.7786
peak_prom50,0237,3485,Hakuna,44,0,1,0.8314,1.9273,0.8448
peak_prom50,0237,3781,Hakuna,44,0,1,0.7586,2.0168,0.8362
peak_prom50,0238,0243,Potter,139,1,1,0.9088,1.0668,0.9417
peak_prom50,0238,0824,Potter,139,1,1,0.8108,1.1772,0.9452
peak_prom50,0238,0999,StarWars,139,0,1,0.7652,2.1757,0.6991
peak_prom50,0238,1240,StarWars,139,0,1,0.6774,3.0138,0.4061
peak_prom50,0238,3969,Hakuna,139,0,1,0.7534,2.0256,0.7813
peak_prom50,0238,4035,Hakuna,139,0,1,0.7584,2.6904,0.5914
peak_prom50,0242,0762,Potter,69,1,1,0.2962,2.2988,0.5818
peak_prom50,0242,0771,Potter,69,1,1,0.6340,2.3948,0.1961
peak_prom50,0242,1323,StarWars,69,0,1,0.3767,2.4504,0.2363
peak_prom50,0242,1496,StarWars,69,0,1,0.3794,2.3081,0.3433
peak_prom50,0242,3410,Hakuna,69,0,1,0.6019,2.7858,0.0244
peak_prom50,0242,3782,Hakuna,69,0,1,0.3070,4.6136,0.3144
peak_prom50,0249,0365,Potter,80,1,1,0.1557,2.1389,0.3659
peak_prom50,0249,0514,Potter,80,1,1,0.0711,2.1717,0.2565
peak_prom50,0253,0177,Potter,14,1,1,0.9828,1.7453,0.8741
peak_prom50,0253,0774,Potter,14,1,1,0.9416,1.4660,0.9316
peak_prom50,0253,1435,StarWars,14,0,1,0.9502,2.5734,0.6859
peak_prom50,0253,1519,StarWars,14,0,1,0.9502,2.9334,0.3700
peak_prom50,0253,3682,Hakuna,14,0,1,0.7784,2.6247,0.6506
peak_prom50,0253,3807,Hakuna,14,0,1,0.7835,2.7162,0.6756
peak_prom50,0258,0155,Potter,76,1,1,0.8197,1.0813,0.9034
peak_prom50,0258,0584,Potter,76,1,1,0.8166,1.0784,0.9085
peak_prom50,0258,1381,StarWars,76,0,1,0.7550,2.8840,0.1473
peak_prom50,0258,1445,StarWars,76,0,1,0.7827,1.9420,0.5580
peak_prom50,0258,3706,Hakuna,76,0,1,0.8074,1.8685,0.6222
peak_prom50,0258,4048,Hakuna,76,0,1,0.8721,1.6633,0.6964
peak_prom50,0259,0311,Potter,218,1,1,0.7068,1.5329,0.9174
peak_prom50,0259,0518,Potter,218,1,1,0.5288,1.9290,0.8056
peak_prom50,0259,0994,StarWars,218,0,1,0.6864,3.2364,0.5043
peak_prom50,0259,1220,StarWars,218,0,1,0.5729,3.1362,0.3811
peak_prom50,0259,3475,Hakuna,218,0,1,0.6339,2.4688,0.6612
peak_prom50,0259,3521,Hakuna,218,0,1,0.7847,2.5805,0.6605
peak_prom50,0262,0328,Potter,106,1,1,0.5074,1.3011,0.8573
peak_prom50,0262,0777,Potter,106,1,1,0.5843,1.8998,0.4344
peak_prom50,0262,1062,StarWars,106,0,1,0.4664,2.0686,0.3329
peak_prom50,0262,1581,StarWars,106,0,1,0.1097,2.0682,0.2581
peak_prom50,0262,3427,Hakuna,106,0,1,0.5843,2.0048,0.5982
peak_prom50,0262,4075,Hakuna,106,0,1,0.4681,1.9310,0.3767
peak_prom50,0263,0038,Potter,207,1,1,1.0227,0.4740,0.9890
peak_prom50,0263,0672,Potter,207,1,1,1.0315,0.4818,0.9888
peak_prom50,0263,1206,StarWars,207,0,1,0.6906,2.5396,0.6352
peak_prom50,0263,1265,StarWars,207,0,1,0.7133,2.6650,0.6169
peak_prom50,0263,3446,Hakuna,207,0,1,0.9441,1.9860,0.7948
peak_prom50,0263,3565,Hakuna,207,0,1,0.9283,2.0716,0.7724
peak_prom50,0270,0111,Potter,100,1,1,0.9287,1.4323,0.7828
peak_prom50,0270,0407,Potter,100,1,1,0.6360,1.5975,0.5946
peak_prom50,0270,1040,StarWars,100,0,1,0.9896,2.0727,0.3831
peak_prom50,0270,1344,StarWars,100,0,1,0.4056,2.2656,0.1778
peak_prom50,0270,3448,Hakuna,100,0,1,0.6374,2.0609,0.4339
peak_prom50,0270,4068,Hakuna,100,0,1,0.7340,2.1890,0.4736
peak_prom50,0272,0756,Potter,219,1,1,0.7373,2.2981,0.7660
peak_prom50,0272,0805,Potter,219,1,1,1.0169,2.2711,0.7044
peak_prom50,0272,0988,StarWars,219,0,1,0.9807,2.7979,0.2266
peak_prom50,0272,1255,StarWars,219,0,1,0.8651,2.6172,0.5136
peak_prom50,0272,3355,Hakuna,219,0,1,0.9928,2.6128,0.4683
peak_prom50,0272,3635,Hakuna,219,0,1,1.0410,2.6519,0.2135
peak_prom50,0276,0680,Potter,123,1,1,0.7235,0.8789,0.9816
peak_prom50,0276,0835,Potter,123,1,1,0.5302,1.1151,0.9005
peak_prom50,0276,1196,StarWars,123,0,1,0.6430,3.2639,0.6393
peak_prom50,0276,1378,StarWars,123,0,1,0.7074,3.6163,0.6354
peak_prom50,0276,3567,Hakuna,123,0,1,0.5503,2.7064,0.5357
peak_prom50,0276,3787,Hakuna,123,0,1,0.5879,2.7864,0.4791
peak_prom50,0277,0087,Potter,43,1,1,0.4521,1.3958,0.8777
peak_prom50,0277,0212,Potter,43,1,1,0.5542,1.1586,0.9238
peak_prom50,0277,1314,StarWars,43,0,1,0.7854,2.4040,0.6887
peak_prom50,0277,1490,StarWars,43,0,1,0.7208,2.1994,0.7031
peak_prom50,0277,3478,Hakuna,43,0,1,0.7542,2.3771,0.6541
peak_prom50,0277,3825,Hakuna,43,0,1,0.6104,2.5059,0.5530
peak_prom50,0278,3474,Hakuna,82,0,1,0.7392,3.5625,0.5366
peak_prom50,0278,3654,Hakuna,82,0,1,0.9585,3.6705,0.3068
peak_prom50,0281,0057,Potter,60,1,1,0.8259,1.7990,0.7556
peak_prom50,0281,0348,Potter,60,1,1,0.7993,1.9569,0.6835
peak_prom50,0284,0196,Potter,232,1,1,0.6720,1.9590,0.8111
peak_prom50,0284,0603,Potter,232,1,1,0.8853,1.9186,0.8418
peak_prom50,0284,0917,StarWars,232,0,1,0.9265,3.2564,0.2614
peak_prom50,0284,1278,StarWars,232,0,1,0.8262,3.0660,0.2950
peak_prom50,0284,3541,Hakuna,232,0,1,0.6487,2.7375,0.5917
peak_prom50,0284,4111,Hakuna,232,0,1,0.7133,2.9127,0.5685
peak_prom50,0287,0131,Potter,53,1,1,1.0917,1.2570,0.8100
peak_prom50,0287,0689,Potter,53,1,1,1.0963,2.0070,0.4647
peak_prom50,0287,1269,StarWars,53,0,1,0.7370,3.4563,0.3541
peak_prom50,0287,1596,StarWars,53,0,1,0.7339,3.3338,0.4038
peak_prom50,0287,3585,Hakuna,53,0,1,0.6835,2.3547,0.6363
peak_prom50,0287,3856,Hakuna,53,0,1,0.6514,2.2179,0.6727
peak_prom50,0290,0477,Potter,17,1,1,0.8605,1.0730,0.8691
peak_prom50,0290,0558,Potter,17,1,1,0.8222,1.0491,0.8869
peak_prom50,0290,1609,StarWars,17,0,1,0.8249,1.9821,0.6108
peak_prom50,0290,1620,StarWars,17,0,1,0.7948,1.8323,0.5582
peak_prom50,0290,3878,Hakuna,17,0,1,0.8468,1.2945,0.7904
peak_prom50,0290,4105,Hakuna,17,0,1,0.8700,1.1723,0.8175
peak_prom50,0296,0427,Potter,174,1,1,0.7311,1.4915,0.9301
peak_prom50,0296,0577,Potter,174,1,1,0.6722,2.3777,0.8536
peak_prom50,0296,1403,StarWars,174,0,1,0.5487,2.8447,0.6933
peak_prom50,0296,1502,StarWars,174,0,1,0.7298,3.2300,0.5436
peak_prom50,0296,3424,Hakuna,174,0,1,0.6502,2.4918,0.6833
peak_prom50,0296,4122,Hakuna,174,0,1,0.5761,2.1189,0.7848
peak_prom50,0309,0198,Potter,67,1,1,0.8244,0.9137,0.9657
peak_prom50,0309,0369,Potter,67,1,1,0.7160,1.2795,0.9070
peak_prom50,0309,1298,StarWars,67,0,1,0.7985,3.2115,0.4186
peak_prom50,0309,1326,StarWars,67,0,1,0.6916,3.8033,0.0894
peak_prom50,0309,3412,Hakuna,67,0,1,0.5740,2.4060,0.7094
peak_prom50,0309,3447,Hakuna,67,0,1,0.6290,2.6076,0.6551
peak_prom50,0310,0504,Potter,90,1,1,0.9419,1.3989,0.9083
peak_prom50,0310,0597,Potter,90,1,1,0.9128,1.6262,0.9006
peak_prom50,0310,0886,StarWars,90,0,1,1.0741,2.9628,0.4031
peak_prom50,0310,1075,StarWars,90,0,1,1.0887,3.2992,0.2076
peak_prom50,0310,3378,Hakuna,90,0,1,0.8430,2.4053,0.6584
peak_prom50,0310,3455,Hakuna,90,0,1,1.0349,3.2401,0.2125
peak_prom50,0314,0352,Potter,220,1,1,0.6627,2.4348,0.4404
peak_prom50,0314,0755,Potter,220,1,1,0.8245,2.3110,0.5314
peak_prom50,0314,1052,StarWars,220,0,1,0.2232,2.2825,0.5836
peak_prom50,0314,1207,StarWars,220,0,1,0.5707,2.2537,0.3950
peak_prom50,0314,3568,Hakuna,220,0,1,0.3475,2.4979,0.2516
peak_prom50,0317,0239,Potter,59,1,1,0.4943,2.7550,0.6265
peak_prom50,0317,0798,Potter,59,1,1,0.4211,4.5070,-0.0488
peak_prom50,0317,0923,StarWars,59,0,1,0.2488,3.9813,0.5573
peak_prom50,0317,1246,StarWars,59,0,1,0.4163,4.6772,0.2256
peak_prom50,0317,3956,Hakuna,59,0,1,0.4374,7.0949,0.3613
peak_prom50,0317,4124,Hakuna,59,0,1,0.1951,3.6138,0.0907
peak_prom50,0321,0425,Potter,5,1,1,1.1722,0.8692,0.9398
peak_prom50,0321,0528,Potter,5,1,1,1.2056,0.8551,0.9444
peak_prom50,0321,0854,StarWars,5,0,1,1.1593,2.5649,0.6058
peak_prom50,0321,1444,StarWars,5,0,1,1.2000,2.5278,0.5032
peak_prom50,0321,3606,Hakuna,5,0,1,0.9907,2.1029,0.6840
peak_prom50,0321,3860,Hakuna,5,0,1,1.0500,2.4208,0.6015
peak_prom50,0324,0081,Potter,49,1,1,0.7452,1.3048,0.8903
peak_prom50,0324,0423,Potter,49,1,1,0.8113,1.0310,0.9368
peak_prom50,0324,1420,StarWars,49,0,1,0.8210,2.3514,0.6690
peak_prom50,0324,3920,Hakuna,49,0,1,0.8645,2.1403,0.6868
peak_prom50,0324,4138,Hakuna,49,0,1,0.8210,1.8944,0.7981
peak_prom50,0329,0222,Potter,96,1,1,0.6855,1.0195,0.9138
peak_prom50,0329,0715,Potter,96,1,1,0.6870,1.1800,0.8608
peak_prom50,0329,1027,StarWars,96,0,1,0.7362,2.4592,0.3631
peak_prom50,0329,1402,StarWars,96,0,1,0.6453,2.2539,0.5756
peak_prom50,0329,3406,Hakuna,96,0,1,0.5529,1.8646,0.7203
peak_prom50,0329,3938,Hakuna,96,0,1,0.6349,1.9074,0.6576
peak_prom50,0331,0004,Potter,160,1,1,0.7333,1.4197,0.4865
peak_prom50,0331,0517,Potter,160,1,1,0.6364,1.5199,0.4239
peak_prom50,0331,1390,StarWars,160,0,1,0.8758,1.5288,0.4699
peak_prom50,0331,1641,StarWars,160,0,1,0.9394,1.5122,0.4452
peak_prom50,0331,3786,Hakuna,160,0,1,0.7985,1.2134,0.6406
peak_prom50,0331,3994,Hakuna,160,0,1,0.7803,1.3161,0.6115
peak_prom50,0333,3474,Hakuna,82,0,1,0.7110,3.0811,0.4977
peak_prom50,0333,3654,Hakuna,82,0,1,0.9219,3.1459,0.3433
peak_prom50,0337,3846,Hakuna,16,0,1,0.4767,3.4476,0.3357
peak_prom50,0337,4150,Hakuna,16,0,1,0.4596,3.5858,0.1818
peak_prom50,0340,0666,Potter,185,1,1,0.8288,1.3062,0.9422
peak_prom50,0340,1173,StarWars,185,0,1,0.8808,3.1921,0.2085
peak_prom50,0340,3561,Hakuna,185,0,1,0.7863,2.4268,0.7704
peak_prom50,0340,3613,Hakuna,185,0,1,0.1644,3.0962,0.4292
peak_prom50,0345,0616,Potter,71,1,1,0.6562,3.2783,0.4061
peak_prom50,0345,0753,Potter,71,1,1,0.7031,2.0177,0.7593
peak_prom50,0345,3542,Hakuna,71,0,1,0.1406,2.4116,0.6963
peak_prom50,0345,3755,Hakuna,71,0,1,0.1621,2.6679,0.6114
peak_prom50,0346,0372,Potter,128,1,1,0.4895,1.9864,0.7130
peak_prom50,0346,0440,Potter,128,1,1,0.4122,2.2186,0.7413
peak_prom50,0346,1334,StarWars,128,0,1,0.6019,2.5059,0.6439
peak_prom50,0346,1570,StarWars,128,0,1,0.5035,2.7993,0.5483
peak_prom50,0346,3882,Hakuna,128,0,1,0.5902,3.0964,0.1303
peak_prom50,0346,4119,Hakuna,128,0,1,0.5972,2.8727,0.3702
peak_prom50,0349,0651,Potter,97,1,1,0.8503,1.1862,0.9386
peak_prom50,0349,0706,Potter,97,1,1,0.8924,0.5210,0.9738
peak_prom50,0349,1313,StarWars,97,0,1,0.7529,1.9677,0.7321
peak_prom50,0349,1418,StarWars,97,0,1,0.7907,2.2350,0.6848
peak_prom50,0349,3631,Hakuna,97,0,1,0.7674,1.6419,0.8342
peak_prom50,0349,3919,Hakuna,97,0,1,0.7776,1.9838,0.7808
peak_prom50,0358,0076,Potter,30,1,1,0.5865,2.3303,0.7920
peak_prom50,0358,0151,Potter,30,1,1,0.7051,1.9109,0.8299
peak_prom50,0358,1101,StarWars,30,0,1,0.8517,2.9956,0.6166
peak_prom50,0358,1369,StarWars,30,0,1,0.7381,3.2774,0.4756
peak_prom50,0358,3443,Hakuna,30,0,1,0.7348,2.3735,0.7944
peak_prom50,0358,3694,Hakuna,30,0,1,0.7051,2.8356,0.6594
peak_prom50,0363,0155,Potter,76,1,1,0.8526,1.1264,0.8959
peak_prom50,0363,0584,Potter,76,1,1,0.8494,1.0957,0.9026
peak_prom50,0363,1381,StarWars,76,0,1,0.7853,2.8393,0.1121
peak_prom50,0363,1445,StarWars,76,0,1,0.8141,2.0948,0.3967
peak_prom50,0363,3706,Hakuna,76,0,1,0.8397,1.9364,0.6184
peak_prom50,0363,4048,Hakuna,76,0,1,0.9071,1.6995,0.6683
peak_prom50,0364,0044,Potter,217,1,1,0.8886,0.9007,0.9150
peak_prom50,0364,0101,Potter,217,1,1,0.9870,0.9093,0.9288
peak_prom50,0364,1131,StarWars,217,0,1,0.9132,2.5009,0.4684
peak_prom50,0364,1509,StarWars,217,0,1,0.9262,2.2111,0.5109
peak_prom50,0364,3701,Hakuna,217,0,1,0.7815,1.8032,0.7044
peak_prom50,0364,4103,Hakuna,217,0,1,0.7091,1.8905,0.6691
peak_prom50,0366,0424,Potter,38,1,1,1.0354,0.8906,0.9411
peak_prom50,0366,0829,Potter,38,1,1,1.0046,0.6222,0.9561
peak_prom50,0366,1149,StarWars,38,0,1,0.9123,1.8068,0.7227
peak_prom50,0366,1273,StarWars,38,0,1,0.8938,1.7842,0.7629
peak_prom50,0366,3506,Hakuna,38,0,1,0.8169,2.0391,0.5787
peak_prom50,0366,3732,Hakuna,38,0,1,0.8769,2.1223,0.4879
peak_prom50,0375,0408,Potter,145,1,1,0.9230,2.9388,0.5720
peak_prom50,0375,0619,Potter,145,1,1,0.9661,0.9074,0.9657
peak_prom50,0375,0956,StarWars,145,0,1,1.1048,2.9675,0.6719
peak_prom50,0375,1199,StarWars,145,0,1,1.0647,3.0038,0.6699
peak_prom50,0375,3712,Hakuna,145,0,1,1.0108,2.1800,0.7950
peak_prom50,0375,3793,Hakuna,145,0,1,1.0724,2.2844,0.7766
peak_prom50,0376,0311,Potter,218,1,1,0.8050,1.9365,0.7691
peak_prom50,0376,0518,Potter,218,1,1,0.6023,2.4706,0.6429
peak_prom50,0376,0994,StarWars,218,0,1,0.7819,2.1395,0.8280
peak_prom50,0376,1220,StarWars,218,0,1,0.6525,2.3382,0.7851
peak_prom50,0376,3475,Hakuna,218,0,1,0.7220,3.4699,0.2760
peak_prom50,0376,3521,Hakuna,218,0,1,0.8938,4.0228,-0.0473
peak_prom50,0378,0295,Potter,83,1,1,0.9289,0.6370,0.9747
peak_prom50,0378,0648,Potter,83,1,1,1.0355,0.6091,0.9796
peak_prom50,0378,1165,StarWars,83,0,1,0.9780,2.8147,0.6817
peak_prom50,0378,1491,StarWars,83,0,1,1.0423,2.6603,0.5934
peak_prom50,0378,3452,Hakuna,83,0,1,1.0338,3.8372,0.3202
peak_prom50,0378,4101,Hakuna,83,0,1,0.9526,3.3619,0.4264
peak_prom50,0382,1030,StarWars,212,0,1,0.4284,2.2458,0.5662
peak_prom50,0382,1646,StarWars,212,0,1,0.7488,2.1989,0.4596
peak_prom50,0382,3761,Hakuna,212,0,1,0.5532,2.0260,0.7711
peak_prom50,0382,3907,Hakuna,212,0,1,0.5177,2.2455,0.6474
peak_prom50,0383,0041,Potter,151,1,1,0.9117,1.2690,0.9179
peak_prom50,0383,0778,Potter,151,1,1,0.9983,1.3519,0.9154
peak_prom50,0383,1060,StarWars,151,0,1,1.0543,2.6900,0.5795
peak_prom50,0383,1252,StarWars,151,0,1,1.0475,2.4358,0.6433
peak_prom50,0383,3523,Hakuna,151,0,1,0.7708,2.2057,0.7207
peak_prom50,0383,3573,Hakuna,151,0,1,0.8268,2.1762,0.6649
peak_prom50,0391,0708,Potter,9,1,1,0.5518,1.7228,0.6646
peak_prom50,0391,0757,Potter,9,1,1,0.7194,1.3159,0.8279
peak_prom50,0391,1280,StarWars,9,0,1,0.3202,1.8699,0.5436
peak_prom50,0391,1463,StarWars,9,0,1,0.3804,1.7753,0.6891
peak_prom50,0391,3431,Hakuna,9,0,1,0.2090,1.9484,0.5523
peak_prom50,0391,3525,Hakuna,9,0,1,0.1996,1.7913,0.6686
peak_prom50,0392,0713,Potter,3,1,1,0.3858,2.2428,0.7366
peak_prom50,0392,0748,Potter,3,1,1,0.3248,2.0965,0.7900
peak_prom50,0392,0974,StarWars,3,0,1,0.2759,2.9223,0.5494
peak_prom50,0393,0075,Potter,55,1,1,0.5919,2.2872,0.8074
peak_prom50,0393,0785,Potter,55,1,1,0.5131,2.0046,0.7885
peak_prom50,0393,1160,StarWars,55,0,1,0.6953,2.6914,0.4197
peak_prom50,0393,1648,StarWars,55,0,1,1.0648,2.2725,0.6359
peak_prom50,0393,3887,Hakuna,55,0,1,1.0228,2.3597,0.5475
peak_prom50,0393,4060,Hakuna,55,0,1,0.9912,2.4604,0.4082
peak_prom50,0398,0699,Potter,154,1,1,0.7736,1.3748,0.6636
peak_prom50,0398,0790,Potter,154,1,1,0.8283,1.3960,0.7092
peak_prom50,0398,1008,StarWars,154,0,1,0.5132,1.4319,0.6539
peak_prom50,0398,1152,StarWars,154,0,1,0.7019,1.7374,0.5668
peak_prom50,0398,3375,Hakuna,154,0,1,0.4792,1.9752,0.3199
peak_prom50,0398,3762,Hakuna,154,0,1,0.8170,1.9063,0.4701
peak_prom50,0399,0292,Potter,166,1,1,0.7151,1.5561,0.8027
peak_prom50,0399,0353,Potter,166,1,1,1.1180,1.8099,0.7788
peak_prom50,0399,1233,StarWars,166,0,1,0.6174,1.7491,0.6756
peak_prom50,0399,1267,StarWars,166,0,1,0.6988,2.2234,0.5296
peak_prom50,0401,0477,Potter,17,1,1,0.8605,1.1387,0.8762
peak_prom50,0401,0558,Potter,17,1,1,0.8222,1.0368,0.9093
peak_prom50,0401,1609,StarWars,17,0,1,0.8249,1.8615,0.6881
peak_prom50,0401,1620,StarWars,17,0,1,0.7948,1.9810,0.6593
peak_prom50,0401,3878,Hakuna,17,0,1,0.8468,1.4220,0.8118
peak_prom50,0401,4105,Hakuna,17,0,1,0.8700,1.3348,0.8203
peak_prom50,0402,0438,Potter,192,1,1,0.8141,1.6881,0.7088
peak_prom50,0402,0783,Potter,192,1,1,0.7083,1.7551,0.7031
peak_prom50,0402,0909,StarWars,192,0,1,0.8697,2.5131,0.1461
peak_prom50,0402,1642,StarWars,192,0,1,0.8507,2.2926,0.3891
peak_prom50,0402,3741,Hakuna,192,0,1,0.9009,1.9894,0.4419
peak_prom50,0402,4148,Hakuna,192,0,1,0.9634,2.0834,0.5525
peak_prom50,0405,0328,Potter,106,1,1,0.5099,1.7173,0.7522
peak_prom50,0405,0777,Potter,106,1,1,0.5872,2.0280,0.5443
peak_prom50,0405,1062,StarWars,106,0,1,0.4688,2.3554,0.4670
peak_prom50,0405,1581,StarWars,106,0,1,0.1102,2.3940,0.3910
peak_prom50,0405,3427,Hakuna,106,0,1,0.5872,2.1987,0.5651
peak_prom50,0405,4075,Hakuna,106,0,1,0.4704,2.1977,0.5220
peak_prom50,0413,0125,Potter,205,1,1,0.5792,1.9022,0.7979
peak_prom50,0413,0359,Potter,205,1,1,0.5647,1.7098,0.7549
peak_prom50,0413,0966,StarWars,205,0,1,0.6193,1.5643,0.8181
peak_prom50,0413,1480,StarWars,205,0,1,0.6029,2.2602,0.5684
peak_prom50,0413,3529,Hakuna,205,0,1,0.4608,2.3762,0.5348
peak_prom50,0413,3581,Hakuna,205,0,1,0.5556,2.3822,0.5517
peak_prom50,0414,0243,Potter,139,1,1,0.9260,0.9465,0.9067
peak_prom50,0414,0824,Potter,139,1,1,0.8262,1.0373,0.9058
peak_prom50,0414,0999,StarWars,139,0,1,0.7797,2.3313,0.5711
peak_prom50,0414,1240,StarWars,139,0,1,0.6902,2.1159,0.5224
peak_prom50,0414,3969,Hakuna,139,0,1,0.7676,2.0507,0.5135
peak_prom50,0414,4035,Hakuna,139,0,1,0.7728,2.2420,0.4958
peak_prom50,0415,0246,Potter,190,1,1,0.7878,0.8061,0.8463
peak_prom50,0415,0410,Potter,190,1,1,0.7896,0.8742,0.8410
peak_prom50,0415,1077,StarWars,190,0,1,0.7824,1.1415,0.7141
peak_prom50,0415,1085,StarWars,190,0,1,0.7140,1.2738,0.5739
peak_prom50,0415,3625,Hakuna,190,0,1,0.7698,1.4197,0.5550
peak_prom50,0415,3898,Hakuna,190,0,1,0.8975,1.1069,0.7593
peak_prom50,0419,0582,Potter,57,1,1,0.7943,1.7877,0.7472
peak_prom50,0419,0801,Potter,57,1,1,0.8381,1.5835,0.8494
peak_prom50,0419,0985,StarWars,57,0,1,0.8076,2.1807,0.4073
peak_prom50,0419,1249,StarWars,57,0,1,0.7124,2.0730,0.6172
peak_prom50,0419,3745,Hakuna,57,0,1,1.3943,2.3093,0.3533
peak_prom50,0419,3802,Hakuna,57,0,1,1.4248,2.1341,0.5291
peak_prom50,0420,0489,Potter,87,1,1,0.9179,1.1406,0.8720
peak_prom50,0420,0684,Potter,87,1,1,0.8531,1.2715,0.7249
peak_prom50,0420,1090,StarWars,87,0,1,0.8452,1.7538,0.6983
peak_prom50,0420,1460,StarWars,87,0,1,0.8736,2.2165,0.4650
peak_prom50,0420,3341,Hakuna,87,0,1,0.8404,2.1166,0.4889
peak_prom50,0420,3728,Hakuna,87,0,1,0.8626,2.1708,0.4547
peak_prom50,0429,0418,Potter,111,1,1,0.5283,2.3255,0.2987
peak_prom50,0429,0454,Potter,111,1,1,0.5250,2.3991,0.5707
peak_prom50,0429,0940,StarWars,111,0,1,0.4330,2.3091,0.6215
peak_prom50,0429,1398,StarWars,111,0,1,0.2956,2.6605,0.2925
peak_prom50,0429,4091,Hakuna,111,0,1,0.3425,2.2428,0.6811
peak_prom50,0429,4133,Hakuna,111,0,1,0.2488,2.6453,0.3259
peak_prom50,0430,0286,Potter,47,1,1,0.7282,1.6651,0.7918
peak_prom50,0430,0443,Potter,47,1,1,0.6524,1.6322,0.8047
peak_prom50,0430,1258,StarWars,47,0,1,0.8194,2.2408,0.5994
peak_prom50,0430,1300,StarWars,47,0,1,0.5903,2.2413,0.6218
peak_prom50,0430,4019,Hakuna,47,0,1,0.7845,2.2667,0.5002
peak_prom50,0430,4044,Hakuna,47,0,1,0.9379,1.8142,0.6481
peak_prom50,0431,0187,Potter,214,1,1,0.5946,1.3869,0.7597
peak_prom50,0431,0702,Potter,214,1,1,0.6572,1.5114,0.6786
peak_prom50,0431,1540,StarWars,214,0,1,0.6423,1.8645,0.5029
peak_prom50,0431,1618,StarWars,214,0,1,0.6706,1.7385,0.5613
peak_prom50,0431,3941,Hakuna,214,0,1,0.7839,1.9191,0.3835
peak_prom50,0431,4078,Hakuna,214,0,1,0.7094,1.8148,0.5263
peak_prom50,0444,0194,Potter,169,1,1,0.7414,2.0807,0.6958
peak_prom50,0444,0728,Potter,169,1,1,0.4624,2.9002,0.1137
peak_prom50,0444,0848,StarWars,169,0,1,0.6379,2.4007,0.5490
peak_prom50,0444,1533,StarWars,169,0,1,0.5298,2.4943,0.4037
peak_prom50,0444,3399,Hakuna,169,0,1,0.6881,2.4226,0.4339
peak_prom50,0444,3605,Hakuna,169,0,1,0.6348,2.2885,0.5812
peak_prom50,0446,0131,Potter,53,1,1,1.1442,0.7483,0.9218
peak_prom50,0446,0689,Potter,53,1,1,1.1490,1.4330,0.5503
peak_prom50,0446,1269,StarWars,53,0,1,0.7724,3.7156,-0.0394
peak_prom50,0446,1596,StarWars,53,0,1,0.7692,3.6676,-0.0219
peak_prom50,0446,3585,Hakuna,53,0,1,0.7163,1.9549,0.7161
peak_prom50,0446,3856,Hakuna,53,0,1,0.6827,1.8442,0.7493
peak_prom50,0447,0384,Potter,228,1,1,0.2236,1.9876,0.3586
peak_prom50,0447,3896,Hakuna,228,0,1,0.2067,2.0220,0.5016
peak_prom50,0448,0202,Potter,164,1,1,0.8776,1.3376,0.8408
peak_prom50,0448,0293,Potter,164,1,1,0.9248,1.1723,0.8979
peak_prom50,0448,1315,StarWars,164,0,1,1.0350,2.1118,0.6691
peak_prom50,0448,1482,StarWars,164,0,1,0.9126,1.9140,0.7055
peak_prom50,0448,3746,Hakuna,164,0,1,0.9073,1.9558,0.6997
peak_prom50,0448,3954,Hakuna,164,0,1,0.9108,1.7990,0.7321
peak_prom50,0452,0484,Potter,162,1,1,0.7623,0.9617,0.9615
peak_prom50,0452,0599,Potter,162,1,1,0.7528,0.6960,0.9795
peak_prom50,0452,1508,StarWars,162,0,1,0.8067,2.9190,0.6391
peak_prom50,0452,1606,StarWars,162,0,1,0.8146,2.2432,0.7697
peak_prom50,0453,0377,Potter,234,1,1,0.8310,2.5142,0.7697
peak_prom50,0453,0406,Potter,234,1,1,0.9841,2.0053,0.8347
peak_prom50,0453,0906,StarWars,234,0,1,1.0219,3.0772,0.6417
peak_prom50,0453,3484,Hakuna,234,0,1,0.9443,2.7678,0.8139
peak_prom50,0453,3975,Hakuna,234,0,1,0.9881,3.0686,0.6960
peak_prom50,0455,0140,Potter,175,1,1,0.3052,1.4897,0.8582
peak_prom50,0455,0758,Potter,175,1,1,0.4855,2.6865,0.6645
peak_prom50,0455,1428,StarWars,175,0,1,0.2631,2.9088,0.6516
peak_prom50,0455,1599,StarWars,175,0,1,0.3343,2.4611,0.7272
peak_prom50,0455,3425,Hakuna,175,0,1,0.1294,3.5478,0.6496
peak_prom50,0463,0286,Potter,47,1,1,0.8446,1.4016,0.8574
peak_prom50,0463,0443,Potter,47,1,1,0.7568,1.6074,0.7382
peak_prom50,0463,1258,StarWars,47,0,1,0.9505,2.1868,0.5276
peak_prom50,0463,1300,StarWars,47,0,1,0.6847,2.1033,0.5858
peak_prom50,0463,4019,Hakuna,47,0,1,0.9099,2.0581,0.5544
peak_prom50,0463,4044,Hakuna,47,0,1,1.0878,1.6302,0.7365
peak_prom50,0466,0181,Potter,13,1,1,0.9478,1.4681,0.8091
peak_prom50,0466,0299,Potter,13,1,1,0.7969,1.5182,0.8000
peak_prom50,0466,1619,StarWars,13,0,1,0.7292,1.7100,0.6935
peak_prom50,0466,3353,Hakuna,13,0,1,0.8201,1.9776,0.5449
peak_prom50,0466,4020,Hakuna,13,0,1,0.8646,1.5953,0.6718
peak_prom50,0472,0275,Potter,33,1,1,0.8460,1.3909,0.8976
peak_prom50,0472,0468,Potter,33,1,1,0.8735,1.5052,0.8694
peak_prom50,0472,0888,StarWars,33,0,1,0.8277,3.4836,0.2312
peak_prom50,0472,1174,StarWars,33,0,1,0.7637,3.3567,0.2291
peak_prom50,0472,3868,Hakuna,33,0,1,0.7622,3.5807,0.2256
peak_prom50,0474,0182,Potter,61,1,1,0.9156,2.2505,0.5386
peak_prom50,0474,0336,Potter,61,1,1,0.7922,2.1451,0.6113
peak_prom50,0474,1236,StarWars,61,0,1,0.7381,2.3369,0.5000
peak_prom50,0474,1318,StarWars,61,0,1,0.8658,2.3890,0.3546
peak_prom50,0474,3492,Hakuna,61,0,1,0.7619,1.1374,0.8402
peak_prom50,0474,3524,Hakuna,61,0,1,0.6061,2.4254,0.3096
peak_prom50,0478,0145,Potter,141,1,1,0.6605,1.7014,0.7777
peak_prom50,0478,0620,Potter,141,1,1,0.2393,1.9780,0.6958
peak_prom50,0478,1636,StarWars,141,0,1,0.7669,2.4147,0.2454
peak_prom50,0478,1652,StarWars,141,0,1,0.4151,2.4352,0.5019
peak_prom50,0478,3687,Hakuna,141,0,1,0.7014,2.3023,0.4125
peak_prom50,0478,3895,Hakuna,141,0,1,0.7055,2.2169,0.5604
peak_prom50,0485,0649,Potter,197,1,1,0.5925,1.5660,0.8309
peak_prom50,0485,0688,Potter,197,1,1,0.7714,1.0091,0.9515
peak_prom50,0485,0921,StarWars,197,0,1,0.7459,2.3821,0.6174
peak_prom50,0485,1322,StarWars,197,0,1,0.5173,2.7188,0.6222
peak_prom50,0485,3512,Hakuna,197,0,1,0.6617,1.7684,0.8489
peak_prom50,0485,3851,Hakuna,197,0,1,0.7068,1.7373,0.8200
peak_prom50,0491,0008,Potter,213,1,1,0.9839,0.4878,0.9426
peak_prom50,0491,0681,Potter,213,1,1,0.9599,0.6061,0.9294
peak_prom50,0491,0860,StarWars,213,0,1,1.1284,2.3431,0.7532
peak_prom50,0491,1317,StarWars,213,0,1,1.0787,2.2841,0.7661
peak_prom50,0491,3548,Hakuna,213,0,1,0.7287,1.7317,0.8676
peak_prom50,0491,3720,Hakuna,213,0,1,0.8122,1.7945,0.8537
peak_prom50,0493,0282,Potter,8,1,1,1.0580,1.8914,0.7866
peak_prom50,0493,0802,Potter,8,1,1,0.1277,2.3821,0.3687
peak_prom50,0493,1046,StarWars,8,0,1,0.7844,2.2521,0.4948
peak_prom50,0493,1667,StarWars,8,0,1,0.7695,2.1494,0.5756
peak_prom50,0493,3795,Hakuna,8,0,1,0.7612,2.0198,0.6284
peak_prom50,0493,4144,Hakuna,8,0,1,0.7231,2.1147,0.5142
peak_prom50,0494,0808,Potter,171,1,1,0.8993,1.2225,0.8907
peak_prom50,0494,1079,StarWars,171,0,1,0.9187,2.0295,0.5596
peak_prom50,0494,1112,StarWars,171,0,1,0.8286,2.1487,0.5344
peak_prom50,0495,0125,Potter,205,1,1,0.5274,1.9186,0.6752
peak_prom50,0495,0359,Potter,205,1,1,0.5141,1.7396,0.6982
peak_prom50,0495,0966,StarWars,205,0,1,0.5638,1.7195,0.6295
peak_prom50,0495,1480,StarWars,205,0,1,0.5489,2.2207,0.4357
peak_prom50,0495,3529,Hakuna,205,0,1,0.4196,2.3594,0.4891
peak_prom50,0495,3581,Hakuna,205,0,1,0.5058,2.2121,0.5576
peak_prom50,0496,1030,StarWars,212,0,1,0.4392,1.9395,0.5952
peak_prom50,0496,1646,StarWars,212,0,1,0.7678,2.0933,0.3728
peak_prom50,0496,3761,Hakuna,212,0,1,0.5671,1.8396,0.7076
peak_prom50,0496,3907,Hakuna,212,0,1,0.5308,2.0294,0.6060
peak_prom50,0498,0613,Potter,137,1,1,1.0790,1.1048,0.9154
peak_prom50,0498,0788,Potter,137,1,1,1.0426,1.7279,0.7375
peak_prom50,0498,1163,StarWars,137,0,1,1.1641,1.8480,0.7589
peak_prom50,0498,1177,StarWars,137,0,1,1.2067,2.0965,0.6399
peak_prom50,0498,3594,Hakuna,137,0,1,1.4772,1.8112,0.7597
peak_prom50,0498,3944,Hakuna,137,0,1,1.4650,1.5907,0.7879
peak_prom50,0499,0177,Potter,14,1,1,0.8412,1.9487,0.7941
peak_prom50,0499,0774,Potter,14,1,1,0.8059,1.7014,0.8332
peak_prom50,0499,1435,StarWars,14,0,1,0.8132,2.4981,0.5685
peak_prom50,0499,1519,StarWars,14,0,1,0.8132,2.6619,0.4587
peak_prom50,0499,3682,Hakuna,14,0,1,0.6662,2.5059,0.6063
peak_prom50,0499,3807,Hakuna,14,0,1,0.6706,2.5593,0.6731
peak_prom50,0500,0708,Potter,9,1,1,0.5825,1.7486,0.7279
peak_prom50,0500,0757,Potter,9,1,1,0.7594,1.5719,0.7765
peak_prom50,0500,1280,StarWars,9,0,1,0.3380,1.8902,0.6293
peak_prom50,0500,1463,StarWars,9,0,1,0.4016,1.9098,0.6827
peak_prom50,0500,3431,Hakuna,9,0,1,0.2207,2.0553,0.5899
peak_prom50,0500,3525,Hakuna,9,0,1,0.2107,1.7802,0.7402
peak_prom50,0507,0699,Potter,154,1,1,0.7810,1.1226,0.7585
peak_prom50,0507,0790,Potter,154,1,1,0.8362,1.1654,0.8042
peak_prom50,0507,1008,StarWars,154,0,1,0.5181,1.3515,0.7045
peak_prom50,0507,1152,StarWars,154,0,1,0.7086,1.5454,0.6460
peak_prom50,0507,3375,Hakuna,154,0,1,0.4838,1.9025,0.3904
peak_prom50,0507,3762,Hakuna,154,0,1,0.8248,1.8466,0.5427
peak_prom50,0510,0437,Potter,40,1,1,0.5538,1.5066,0.9174
peak_prom50,0510,0502,Potter,40,1,1,0.3838,2.5845,0.5591
peak_prom50,0510,0892,StarWars,40,0,1,0.4104,2.1146,0.7845
peak_prom50,0510,1600,StarWars,40,0,1,0.5551,2.8187,0.5831
peak_prom50,0510,3966,Hakuna,40,0,1,0.5259,3.2795,0.4571
peak_prom50,0510,4094,Hakuna,40,0,1,0.4369,3.1522,0.4872
peak_prom50,0512,0356,Potter,196,1,1,0.9712,0.8647,0.9519
peak_prom50,0512,0686,Potter,196,1,1,0.9226,1.3636,0.9202
peak_prom50,0512,0907,StarWars,196,0,1,0.8319,2.3400,0.7343
peak_prom50,0512,1611,StarWars,196,0,1,0.7854,2.4433,0.7298
peak_prom50,0512,4056,Hakuna,196,0,1,0.9270,2.0935,0.7907
peak_prom50,0512,4082,Hakuna,196,0,1,0.9934,1.9886,0.8272
peak_prom50,0515,0273,Potter,172,1,1,0.7079,1.8922,0.8252
peak_prom50,0515,1064,StarWars,172,0,1,0.7094,2.6360,0.6686
peak_prom50,0515,1498,StarWars,172,0,1,0.5549,2.5334,0.7554
peak_prom50,0515,3708,Hakuna,172,0,1,0.6368,3.1444,0.4529
peak_prom50,0515,4145,Hakuna,172,0,1,0.7589,2.7518,0.7276
peak_prom50,0526,0732,Potter,150,1,1,0.8478,1.3737,0.8912
peak_prom50,0526,0825,Potter,150,1,1,1.0960,0.8257,0.9590
peak_prom50,0526,0844,StarWars,150,0,1,1.3315,3.1580,0.4391
peak_prom50,0526,1510,StarWars,150,0,1,1.3641,2.8826,0.5305
peak_prom50,0526,3493,Hakuna,150,0,1,1.0996,2.0785,0.7418
peak_prom50,0526,3767,Hakuna,150,0,1,0.9384,1.5705,0.8498
peak_prom50,0527,0326,Potter,23,1,1,1.1228,1.2674,0.7767
peak_prom50,0527,0682,Potter,23,1,1,0.7327,1.1656,0.8844
peak_prom50,0527,1335,StarWars,23,0,1,0.9881,2.3332,0.5335
peak_prom50,0527,1448,StarWars,23,0,1,0.8178,2.0957,0.5886
peak_prom50,0530,0071,Potter,109,1,1,0.9549,2.5615,0.5586
peak_prom50,0530,0388,Potter,109,1,1,1.0351,2.2292,0.5749
peak_prom50,0530,0986,StarWars,109,0,1,1.0484,3.2300,0.3268
peak_prom50,0530,1078,StarWars,109,0,1,1.0684,3.1905,0.3733
peak_prom50,0530,3457,Hakuna,109,0,1,0.8447,2.2773,0.6920
peak_prom50,0530,3837,Hakuna,109,0,1,0.8431,2.3512,0.6404
peak_prom50,0540,0319,Potter,54,1,1,0.8403,0.8930,0.9351
peak_prom50,0540,0573,Potter,54,1,1,0.9151,0.5569,0.9798
peak_prom50,0540,0885,StarWars,54,0,1,1.0173,2.5812,0.7186
peak_prom50,0540,1561,StarWars,54,0,1,0.8978,2.6786,0.7364
peak_prom50,0540,3395,Hakuna,54,0,1,0.8245,1.8231,0.8173
peak_prom50,0540,3880,Hakuna,54,0,1,0.7986,1.7419,0.8441
peak_prom50,0543,0418,Potter,111,1,1,0.4873,2.7990,0.2720
peak_prom50,0543,0454,Potter,111,1,1,0.4844,2.7474,0.5576
peak_prom50,0543,0940,StarWars,111,0,1,0.3994,2.6033,0.6514
peak_prom50,0543,1398,StarWars,111,0,1,0.2727,2.9466,0.2126
peak_prom50,0543,4091,Hakuna,111,0,1,0.3159,2.6351,0.6435
peak_prom50,0543,4133,Hakuna,111,0,1,0.2295,3.0150,0.2139
peak_prom50,0545,0005,Potter,216,1,1,0.5327,2.7064,0.7755
peak_prom50,0545,0036,Potter,216,1,1,0.7336,2.1799,0.8717
peak_prom50,0545,3704,Hakuna,216,0,1,0.3820,3.0250,0.6121
peak_prom50,0545,3876,Hakuna,216,0,1,0.6469,3.2745,0.2917
peak_prom50,0549,0361,Potter,46,1,1,0.9536,0.6402,0.9641
peak_prom50,0549,0632,Potter,46,1,1,0.9036,0.7873,0.9523
peak_prom50,0549,0841,StarWars,46,0,1,0.9661,2.0186,0.7034
peak_prom50,0549,1237,StarWars,46,0,1,0.9250,1.7278,0.7380
peak_prom50,0549,3661,Hakuna,46,0,1,0.8446,1.3502,0.8584
peak_prom50,0549,4156,Hakuna,46,0,1,0.9161,1.4821,0.7985
peak_prom50,0555,0295,Potter,83,1,1,0.9196,0.6244,0.9824
peak_prom50,0555,0648,Potter,83,1,1,1.0251,0.6888,0.9825
peak_prom50,0555,1165,StarWars,83,0,1,0.9682,2.7231,0.6965
peak_prom50,0555,1491,StarWars,83,0,1,1.0318,2.8835,0.6093
peak_prom50,0555,3452,Hakuna,83,0,1,1.0235,3.7548,0.3885
peak_prom50,0555,4101,Hakuna,83,0,1,0.9430,3.4946,0.4426
peak_prom50,0556,0365,Potter,80,1,1,0.1648,2.1327,0.2501
peak_prom50,0556,0514,Potter,80,1,1,0.0753,2.1984,0.1676
peak_prom50,0561,0372,Potter,128,1,1,0.4750,1.6389,0.8133
peak_prom50,0561,0440,Potter,128,1,1,0.4000,2.0572,0.7674
peak_prom50,0561,1334,StarWars,128,0,1,0.5841,2.2617,0.7455
peak_prom50,0561,1570,StarWars,128,0,1,0.4886,2.4510,0.6403
peak_prom50,0561,3882,Hakuna,128,0,1,0.5727,2.7267,0.4282
peak_prom50,0561,4119,Hakuna,128,0,1,0.5795,2.7056,0.5149
peak_prom50,0579,0275,Potter,33,1,1,0.9024,1.2312,0.9105
peak_prom50,0579,0468,Potter,33,1,1,0.9317,1.3452,0.8935
peak_prom50,0579,0888,StarWars,33,0,1,0.8829,3.5190,0.2266
peak_prom50,0579,1174,StarWars,33,0,1,0.8146,3.5456,0.2361
peak_prom50,0579,3868,Hakuna,33,0,1,0.8130,3.5225,0.2943
peak_prom50,0580,0060,Potter,222,1,1,0.9065,1.3271,0.8979
peak_prom50,0580,0107,Potter,222,1,1,1.0102,1.1169,0.9148
peak_prom50,0580,0959,StarWars,222,0,1,0.7857,2.2456,0.7388
peak_prom50,0580,1276,StarWars,222,0,1,0.7874,2.7226,0.4620
peak_prom50,0580,4064,Hakuna,222,0,1,0.9626,2.0576,0.7838
peak_prom50,0580,4085,Hakuna,222,0,1,1.0068,2.0280,0.7139
peak_prom50,0581,0352,Potter,220,1,1,0.6315,2.1297,0.5362
peak_prom50,0581,0755,Potter,220,1,1,0.7857,2.1832,0.4776
peak_prom50,0581,1052,StarWars,220,0,1,0.2127,2.2075,0.4588
peak_prom50,0581,1207,StarWars,220,0,1,0.5438,2.1662,0.3994
peak_prom50,0581,3568,Hakuna,220,0,1,0.3312,2.2628,0.3385
peak_prom50,0586,0386,Potter,184,1,1,0.6802,2.4298,0.7217
peak_prom50,0586,0729,Potter,184,1,1,0.7686,0.7529,0.9615
peak_prom50,0586,0887,StarWars,184,0,1,0.4839,2.3036,0.8339
peak_prom50,0586,3612,Hakuna,184,0,1,0.5933,2.8537,0.4956
peak_prom50,0586,3844,Hakuna,184,0,1,0.6536,2.5426,0.6378
peak_prom50,0588,1030,StarWars,212,0,1,0.3856,3.3151,0.3768
peak_prom50,0588,1646,StarWars,212,0,1,0.6741,3.4006,0.1691
peak_prom50,0588,3761,Hakuna,212,0,1,0.4979,3.2814,0.2741
peak_prom50,0588,3907,Hakuna,212,0,1,0.4660,3.2817,0.2852
peak_prom50,0592,0182,Potter,61,1,1,0.9463,1.9602,0.6847
peak_prom50,0592,0336,Potter,61,1,1,0.8188,2.6133,0.3905
peak_prom50,0592,1236,StarWars,61,0,1,0.7629,2.5673,0.6064
peak_prom50,0592,1318,StarWars,61,0,1,0.8949,2.4473,0.6908
peak_prom50,0592,3492,Hakuna,61,0,1,0.7875,1.9089,0.6317
peak_prom50,0592,3524,Hakuna,61,0,1,0.6264,2.7622,0.4499
peak_prom50,0594,0425,Potter,5,1,1,0.8520,1.3845,0.8840
peak_prom50,0594,0528,Potter,5,1,1,0.8762,1.4478,0.8383
peak_prom50,0594,0854,StarWars,5,0,1,0.8425,2.4317,0.6260
peak_prom50,0594,1444,StarWars,5,0,1,0.8721,2.6442,0.5756
peak_prom50,0594,3606,Hakuna,5,0,1,0.7201,2.3623,0.6075
peak_prom50,0594,3860,Hakuna,5,0,1,0.7631,2.5808,0.5011
peak_prom50,0601,0187,Potter,214,1,1,0.6293,1.8548,0.6923
peak_prom50,0601,0702,Potter,214,1,1,0.6956,2.1612,0.5177
peak_prom50,0601,1540,StarWars,214,0,1,0.6798,2.3917,0.4912
peak_prom50,0601,1618,StarWars,214,0,1,0.7098,2.1687,0.5967
peak_prom50,0601,3941,Hakuna,214,0,1,0.8297,2.4097,0.3300
peak_prom50,0601,4078,Hakuna,214,0,1,0.7508,2.3909,0.3137
peak_prom50,0602,0787,Potter,136,1,1,1.1594,2.3663,0.4525
peak_prom50,0602,0837,Potter,136,1,1,1.1961,2.3947,0.4476
peak_prom50,0602,1004,StarWars,136,0,1,1.2207,2.3354,0.3712
peak_prom50,0602,1042,StarWars,136,0,1,1.2697,2.4200,0.2481
peak_prom50,0602,3526,Hakuna,136,0,1,1.2522,2.4505,0.2734
peak_prom50,0602,3943,Hakuna,136,0,1,1.2522,2.4505,0.2734
peak_prom50,0604,0713,Potter,3,1,1,0.3960,1.9697,0.7638
peak_prom50,0604,0748,Potter,3,1,1,0.3333,2.0119,0.7661
peak_prom50,0604,0974,StarWars,3,0,1,0.2832,2.7043,0.3917
peak_prom50,0611,0124,Potter,58,1,1,1.0501,1.0771,0.8904
peak_prom50,0611,0467,Potter,58,1,1,1.1820,1.1197,0.9124
peak_prom50,0611,1178,StarWars,58,0,1,1.0918,2.8185,0.5122
peak_prom50,0611,1262,StarWars,58,0,1,1.1352,2.1602,0.6973
peak_prom50,0611,3556,Hakuna,58,0,1,0.8781,1.9015,0.7944
peak_prom50,0611,3668,Hakuna,58,0,1,0.8815,2.1226,0.7664
peak_prom50,0615,0623,Potter,10,1,1,0.9711,1.3176,0.8912
peak_prom50,0615,0830,Potter,10,1,1,0.8709,1.4258,0.8524
peak_prom50,0615,1176,StarWars,10,0,1,1.0462,1.8269,0.6858
peak_prom50,0615,1321,StarWars,10,0,1,0.9615,2.1026,0.5125
peak_prom50,0615,3717,Hakuna,10,0,1,0.9692,1.8965,0.7227
peak_prom50,0615,3891,Hakuna,10,0,1,0.7611,2.2332,0.2366
peak_prom50,0624,0326,Potter,23,1,1,1.2544,1.9267,0.7921
peak_prom50,0624,0682,Potter,23,1,1,0.8186,2.4744,0.5640
peak_prom50,0624,1335,StarWars,23,0,1,1.1040,2.5570,0.6156
peak_prom50,0624,1448,StarWars,23,0,1,0.9137,3.0820,0.3137
peak_prom50,0626,0254,Potter,129,1,1,0.9918,1.0864,0.9205
peak_prom50,0626,0554,Potter,129,1,1,0.9796,1.0090,0.9476
peak_prom50,0626,1014,StarWars,129,0,1,0.6022,2.0877,0.7838
peak_prom50,0626,1167,StarWars,129,0,1,0.5559,2.2156,0.7465
peak_prom50,0626,3576,Hakuna,129,0,1,0.5722,2.9324,0.4721
peak_prom50,0626,3651,Hakuna,129,0,1,0.5777,2.9205,0.5718
peak_prom50,0628,0055,Potter,200,1,1,0.8643,1.3644,0.8750
peak_prom50,0628,0417,Potter,200,1,1,0.7643,1.4588,0.8685
peak_prom50,0628,1015,StarWars,200,0,1,0.8804,2.5326,0.5875
peak_prom50,0628,1626,StarWars,200,0,1,0.7821,2.9140,0.4026
peak_prom50,0628,3586,Hakuna,200,0,1,0.6786,2.4704,0.3507
peak_prom50,0628,3862,Hakuna,200,0,1,0.7411,2.3331,0.5037
peak_prom50,0630,0666,Potter,185,1,1,0.8414,1.5135,0.9428
peak_prom50,0630,1173,StarWars,185,0,1,0.8943,3.4146,0.2385
peak_prom50,0630,3561,Hakuna,185,0,1,0.7983,2.6157,0.7507
peak_prom50,0630,3613,Hakuna,185,0,1,0.1669,3.3302,0.4058
peak_prom50,0640,0236,Potter,170,1,1,0.4464,3.0582,-0.0402
peak_prom50,0640,0668,Potter,170,1,1,0.7709,2.4900,0.8156
peak_prom50,0640,1565,StarWars,170,0,1,0.7636,2.7758,0.6926
peak_prom50,0640,3482,Hakuna,170,0,1,0.2761,2.6551,0.6105
peak_prom50,0640,4088,Hakuna,170,0,1,0.2159,2.9609,0.1163
peak_prom50,0641,0282,Potter,8,1,1,1.1516,2.7028,0.6791
peak_prom50,0641,0802,Potter,8,1,1,0.1390,3.5342,0.0463
peak_prom50,0641,1046,StarWars,8,0,1,0.8538,2.9407,0.4757
peak_prom50,0641,1667,StarWars,8,0,1,0.8375,2.8082,0.6480
peak_prom50,0641,3795,Hakuna,8,0,1,0.8285,2.7958,0.4866
peak_prom50,0641,4144,Hakuna,8,0,1,0.7870,2.8923,0.3738
peak_prom50,0643,0649,Potter,197,1,1,0.5803,1.7211,0.8127
peak_prom50,0643,0688,Potter,197,1,1,0.7555,1.1638,0.9466
peak_prom50,0643,0921,StarWars,197,0,1,0.7305,2.4825,0.6236
peak_prom50,0643,1322,StarWars,197,0,1,0.5066,2.8271,0.6256
peak_prom50,0643,3512,Hakuna,197,0,1,0.6480,1.8455,0.8531
peak_prom50,0643,3851,Hakuna,197,0,1,0.6922,1.8490,0.8261
peak_prom50,0644,0350,Potter,72,1,1,0.7476,0.8018,0.9648
peak_prom50,0644,0506,Potter,72,1,1,0.8204,0.9611,0.9599
peak_prom50,0644,1215,StarWars,72,0,1,0.7120,2.5291,0.6809
peak_prom50,0644,1478,StarWars,72,0,1,0.9450,2.8243,0.5961
peak_prom50,0644,3666,Hakuna,72,0,1,0.7136,1.4810,0.8410
peak_prom50,0644,4069,Hakuna,72,0,1,0.6699,1.6096,0.7854
peak_prom50,0645,0158,Potter,98,1,1,0.1510,1.6980,0.3794
peak_prom50,0645,0450,Potter,98,1,1,0.0821,1.6621,0.4497
peak_prom50,0645,1654,StarWars,98,0,1,0.1979,1.3279,0.6664
peak_prom50,0645,3993,Hakuna,98,0,1,0.1012,4.2167,0.0217
peak_prom50,0653,0623,Potter,10,1,1,1.0182,1.3343,0.8992
peak_prom50,0653,0830,Potter,10,1,1,0.9131,1.3780,0.8192
peak_prom50,0653,1176,StarWars,10,0,1,1.0970,2.0346,0.6169
peak_prom50,0653,1321,StarWars,10,0,1,1.0081,2.1242,0.4807
peak_prom50,0653,3717,Hakuna,10,0,1,1.0162,1.9517,0.6922
peak_prom50,0653,3891,Hakuna,10,0,1,0.7980,1.9834,0.6388
peak_prom50,0655,0470,Potter,91,1,1,1.0308,1.4389,0.6199
peak_prom50,0655,0596,Potter,91,1,1,1.1214,1.2968,0.8416
peak_prom50,0655,1006,StarWars,91,0,1,1.1040,2.2776,0.3103
peak_prom50,0655,1366,StarWars,91,0,1,1.2023,2.1447,0.5708
peak_prom50,0655,3411,Hakuna,91,0,1,1.0539,2.3394,0.3405
peak_prom50,0655,3440,Hakuna,91,0,1,0.9923,2.3965,0.3485
peak_prom50,0656,0288,Potter,208,1,1,0.9363,2.3757,0.5434
peak_prom50,0656,0482,Potter,208,1,1,0.9332,2.3988,0.4625
peak_prom50,0656,1399,StarWars,208,0,1,0.6289,2.5001,0.2301
peak_prom50,0656,1436,StarWars,208,0,1,0.3571,2.5519,0.2766
peak_prom50,0656,3519,Hakuna,208,0,1,0.5637,2.3096,0.5545
peak_prom50,0657,0279,Potter,223,1,1,0.8970,1.8927,0.9112
peak_prom50,0657,0609,Potter,223,1,1,0.8355,1.9045,0.8853
peak_prom50,0657,1197,StarWars,223,0,1,0.8040,2.7197,0.5147
peak_prom50,0657,3343,Hakuna,223,0,1,0.7039,2.6559,0.6335
peak_prom50,0657,4153,Hakuna,223,0,1,0.6724,2.5124,0.6828
peak_prom50,0664,0271,Potter,121,1,1,1.1135,1.1481,0.9074
peak_prom50,0664,0416,Potter,121,1,1,0.8720,1.9043,0.7020
peak_prom50,0664,0852,StarWars,121,0,1,1.1329,2.0190,0.6870
peak_prom50,0664,1525,StarWars,121,0,1,1.0217,2.3427,0.5843
peak_prom50,0664,3647,Hakuna,121,0,1,0.9686,2.9936,0.0443
peak_prom50,0664,4058,Hakuna,121,0,1,1.0459,2.5748,0.4595
peak_prom50,0676,0531,Potter,105,1,1,0.7289,1.0465,0.9292
peak_prom50,0676,0583,Potter,105,1,1,0.7352,0.5094,0.9730
peak_prom50,0676,1579,StarWars,105,0,1,0.7177,2.4984,0.7488
peak_prom50,0676,3587,Hakuna,105,0,1,0.6459,2.2071,0.7585
peak_prom50,0676,3906,Hakuna,105,0,1,0.6874,2.2781,0.7646
peak_prom50,0677,0044,Potter,217,1,1,0.9043,0.8204,0.9328
peak_prom50,0677,0101,Potter,217,1,1,1.0044,0.8758,0.9366
peak_prom50,0677,1131,StarWars,217,0,1,0.9293,2.5912,0.4551
peak_prom50,0677,1509,StarWars,217,0,1,0.9426,2.2395,0.5405
peak_prom50,0677,3701,Hakuna,217,0,1,0.7953,1.6298,0.7783
peak_prom50,0677,4103,Hakuna,217,0,1,0.7216,1.8571,0.7385
peak_prom50,0683,0136,Potter,144,1,1,0.7346,2.2724,0.7291
peak_prom50,0683,0330,Potter,144,1,1,0.5429,2.6428,0.4801
peak_prom50,0683,1216,StarWars,144,0,1,0.4477,2.8903,0.3819
peak_prom50,0683,1421,StarWars,144,0,1,0.5576,2.3164,0.7197
peak_prom50,0683,3420,Hakuna,144,0,1,0.5201,2.9568,0.3772
peak_prom50,0683,3673,Hakuna,144,0,1,0.5442,3.0752,0.3108
peak_prom50,0685,0808,Potter,171,1,1,0.8413,1.0837,0.8285
peak_prom50,0685,1079,StarWars,171,0,1,0.8595,1.5665,0.5892
peak_prom50,0685,1112,StarWars,171,0,1,0.7752,1.8605,0.4744
peak_prom50,0704,0489,Potter,87,1,1,0.8396,1.0759,0.8009
peak_prom50,0704,0684,Potter,87,1,1,0.7803,0.9730,0.6887
peak_prom50,0704,1090,StarWars,87,0,1,0.7731,1.2770,0.6432
peak_prom50,0704,1460,StarWars,87,0,1,0.7991,1.6592,0.4314
peak_prom50,0704,3341,Hakuna,87,0,1,0.7688,1.5279,0.5688
peak_prom50,0704,3728,Hakuna,87,0,1,0.7890,1.5942,0.4960
peak_prom50,0705,0186,Potter,22,1,1,0.8327,1.1110,0.8614
peak_prom50,0705,1340,StarWars,22,0,1,0.8380,1.9623,0.6591
peak_prom50,0705,3791,Hakuna,22,0,1,1.0405,2.0519,0.5785
peak_prom50,0705,3834,Hakuna,22,0,1,1.0141,2.2477,0.5356
peak_prom50,0709,0246,Potter,190,1,1,0.7565,1.0547,0.7917
peak_prom50,0709,0410,Potter,190,1,1,0.7582,0.9021,0.9101
peak_prom50,0709,1077,StarWars,190,0,1,0.7513,1.2934,0.7152
peak_prom50,0709,1085,StarWars,190,0,1,0.6857,1.3664,0.6390
peak_prom50,0709,3625,Hakuna,190,0,1,0.7392,1.4828,0.6740
peak_prom50,0709,3898,Hakuna,190,0,1,0.8618,1.4602,0.6800
peak_prom50,0712,0071,Potter,109,1,1,0.8302,2.1069,0.7704
peak_prom50,0712,0388,Potter,109,1,1,0.8999,1.8511,0.7121
peak_prom50,0712,0986,StarWars,109,0,1,0.9115,2.0990,0.6905
peak_prom50,0712,1078,StarWars,109,0,1,0.9289,2.3077,0.6588
peak_prom50,0712,3457,Hakuna,109,0,1,0.7344,2.1745,0.7163
peak_prom50,0712,3837,Hakuna,109,0,1,0.7329,2.4726,0.6012
peak_prom50,0716,0229,Potter,230,1,1,0.9029,0.6169,0.9773
peak_prom50,0716,0245,Potter,230,1,1,0.8971,1.1233,0.9655
peak_prom50,0716,1010,StarWars,230,0,1,0.7853,2.6760,0.6616
peak_prom50,0716,1048,StarWars,230,0,1,0.9868,3.2039,0.6088
peak_prom50,0716,3670,Hakuna,230,0,1,0.7485,2.0102,0.7835
peak_prom50,0716,3702,Hakuna,230,0,1,0.7956,1.9995,0.7661
peak_prom50,0717,0595,Potter,26,1,1,0.6912,1.0211,0.7469
peak_prom50,0717,0768,Potter,26,1,1,0.5680,1.3633,0.5222
peak_prom50,0717,1087,StarWars,26,0,1,0.5441,1.4995,0.3708
peak_prom50,0717,1132,StarWars,26,0,1,0.4743,1.1470,0.6604
peak_prom50,0717,3392,Hakuna,26,0,1,0.2721,1.5862,0.3205
peak_prom50,0717,4137,Hakuna,26,0,1,0.2151,1.4911,0.4748
peak_prom50,0718,0017,Potter,70,1,1,0.9326,1.5530,0.7211
peak_prom50,0718,0161,Potter,70,1,1,1.0115,1.3306,0.8171
peak_prom50,0718,0929,StarWars,70,0,1,0.9342,2.2079,0.4886
peak_prom50,0718,3334,Hakuna,70,0,1,0.9688,1.8484,0.5395
peak_prom50,0718,3384,Hakuna,70,0,1,0.8849,1.7364,0.6106
peak_prom50,0733,0202,Potter,164,1,1,0.7549,1.6601,0.8460
peak_prom50,0733,0293,Potter,164,1,1,0.7955,1.4757,0.8968
peak_prom50,0733,1315,StarWars,164,0,1,0.8902,2.9343,0.2298
peak_prom50,0733,1482,StarWars,164,0,1,0.7850,2.5506,0.5401
peak_prom50,0733,3746,Hakuna,164,0,1,0.7805,2.2690,0.8193
peak_prom50,0733,3954,Hakuna,164,0,1,0.7835,2.2037,0.7275
peak_prom50,0734,0097,Potter,201,1,1,0.2567,1.3879,0.6473
peak_prom50,0734,0396,Potter,201,1,1,0.5445,1.5187,0.3333
peak_prom50,0734,0927,StarWars,201,0,1,0.4896,1.3398,0.6780
peak_prom50,0734,1129,StarWars,201,0,1,0.5223,1.4323,0.5431
peak_prom50,0734,3870,Hakuna,201,0,1,0.3620,1.3465,0.6087
peak_prom50,0734,4154,Hakuna,201,0,1,0.3412,1.4644,0.4694
peak_prom50,0740,0997,StarWars,135,0,1,0.5786,2.5821,0.3964
peak_prom50,0740,1195,StarWars,135,0,1,0.5409,2.7657,0.3852
peak_prom50,0740,3501,Hakuna,135,0,1,0.5267,1.9489,0.6526
peak_prom50,0740,4070,Hakuna,135,0,1,0.6855,2.4613,0.0611
peak_prom50,0741,0756,Potter,219,1,1,0.8524,2.5033,0.7327
peak_prom50,0741,0805,Potter,219,1,1,1.1755,2.6514,0.6014
peak_prom50,0741,0988,StarWars,219,0,1,1.1337,3.0752,0.1651
peak_prom50,0741,1255,StarWars,219,0,1,1.0000,2.8499,0.5851
peak_prom50,0741,3355,Hakuna,219,0,1,1.1476,2.8295,0.5506
peak_prom50,0741,3635,Hakuna,219,0,1,1.2033,2.8258,0.1856
peak_prom50,0742,0017,Potter,70,1,1,1.0125,1.4672,0.6985
peak_prom50,0742,0161,Potter,70,1,1,1.0982,1.3773,0.8028
peak_prom50,0742,0929,StarWars,70,0,1,1.0143,2.1124,0.3952
peak_prom50,0742,3334,Hakuna,70,0,1,1.0518,1.6669,0.4731
peak_prom50,0742,3384,Hakuna,70,0,1,0.9607,1.8524,0.3615
peak_prom50,0743,0394,Potter,215,1,1,1.1394,3.2377,0.5448
peak_prom50,0743,0975,StarWars,215,0,1,0.9311,2.3937,0.7436
peak_prom50,0743,1423,StarWars,215,0,1,1.0529,2.4941,0.7539
peak_prom50,0743,3480,Hakuna,215,0,1,0.9872,1.9750,0.7774
peak_prom50,0743,3858,Hakuna,215,0,1,1.0000,1.8591,0.8306
peak_prom50,0746,0427,Potter,174,1,1,0.7455,1.0687,0.8753
peak_prom50,0746,0577,Potter,174,1,1,0.6853,1.2239,0.8221
peak_prom50,0746,1403,StarWars,174,0,1,0.5594,2.0610,0.4727
peak_prom50,0746,1502,StarWars,174,0,1,0.7441,2.6020,0.2994
peak_prom50,0746,3424,Hakuna,174,0,1,0.6629,1.8676,0.5705
peak_prom50,0746,4122,Hakuna,174,0,1,0.5874,1.5046,0.7508
peak_prom50,0751,0373,Potter,122,1,1,0.8158,1.8523,0.8940
peak_prom50,0751,0547,Potter,122,1,1,0.7341,1.7541,0.8988
peak_prom50,0751,1408,StarWars,122,0,1,0.5125,3.0457,0.4806
peak_prom50,0751,1495,StarWars,122,0,1,0.3906,2.8231,0.5934
peak_prom50,0751,3595,Hakuna,122,0,1,0.4557,2.9938,0.5045
peak_prom50,0751,3655,Hakuna,122,0,1,0.3892,2.4706,0.6925
peak_prom50,0766,1030,StarWars,212,0,1,0.4017,2.4821,0.4226
peak_prom50,0766,1646,StarWars,212,0,1,0.7023,2.7116,0.2058
peak_prom50,0766,3761,Hakuna,212,0,1,0.5188,2.4362,0.4634
peak_prom50,0766,3907,Hakuna,212,0,1,0.4855,2.5874,0.3739
peak_prom50,0767,0019,Potter,73,1,1,0.8231,3.3926,0.5153
peak_prom50,0767,0078,Potter,73,1,1,0.7138,1.8102,0.7079
peak_prom50,0767,1154,StarWars,73,0,1,0.6000,2.6664,0.3917
peak_prom50,0767,1359,StarWars,73,0,1,0.6785,2.6332,0.4588
peak_prom50,0767,3857,Hakuna,73,0,1,0.6123,2.5853,0.6187
peak_prom50,0770,0194,Potter,169,1,1,0.7472,2.6848,0.6496
peak_prom50,0770,0728,Potter,169,1,1,0.4660,3.4888,0.0499
peak_prom50,0770,0848,StarWars,169,0,1,0.6430,3.0799,0.4767
peak_prom50,0770,1533,StarWars,169,0,1,0.5340,3.1141,0.4671
peak_prom50,0770,3399,Hakuna,169,0,1,0.6935,3.0886,0.3977
peak_prom50,0770,3605,Hakuna,169,0,1,0.6398,2.9020,0.5740
peak_prom50,0776,3474,Hakuna,82,0,1,0.6751,3.2767,0.4947
peak_prom50,0776,3654,Hakuna,82,0,1,0.8754,3.3404,0.2699
peak_prom50,0781,0762,Potter,69,1,1,0.3390,2.5744,0.3281
peak_prom50,0781,0771,Potter,69,1,1,0.7255,2.6519,0.0362
peak_prom50,0781,1323,StarWars,69,0,1,0.4310,2.8258,0.1903
peak_prom50,0781,1496,StarWars,69,0,1,0.4340,2.5655,0.2383
peak_prom50,0781,3410,Hakuna,69,0,1,0.6887,2.7507,0.2220
peak_prom50,0781,3782,Hakuna,69,0,1,0.3512,4.5966,0.4150
peak_prom50,0782,0097,Potter,201,1,1,0.2416,1.1904,0.5210
peak_prom50,0782,0396,Potter,201,1,1,0.5126,1.2912,0.4715
peak_prom50,0782,0927,StarWars,201,0,1,0.4609,1.1877,0.5674
peak_prom50,0782,1129,StarWars,201,0,1,0.4916,1.2970,0.4258
peak_prom50,0782,3870,Hakuna,201,0,1,0.3408,1.1744,0.6753
peak_prom50,0782,4154,Hakuna,201,0,1,0.3212,1.2914,0.6082
peak_prom50,0786,0068,Potter,134,1,1,0.7590,2.4663,0.3083
peak_prom50,0786,0695,Potter,134,1,1,0.2244,2.3362,0.5284
peak_prom50,0786,1461,StarWars,134,0,1,0.3753,2.4566,0.2684
peak_prom50,0786,1589,StarWars,134,0,1,0.4501,2.4314,0.5931
peak_prom50,0786,3780,Hakuna,134,0,1,0.4307,2.3637,0.5892
peak_prom50,0786,3912,Hakuna,134,0,1,0.4003,2.5598,0.0139
peak_prom50,0791,0073,Potter,189,1,1,0.7648,1.7894,0.8210
peak_prom50,0791,0298,Potter,189,1,1,0.7735,1.9299,0.8447
peak_prom50,0791,1251,StarWars,189,0,1,0.8223,3.1735,0.4046
peak_prom50,0791,1497,StarWars,189,0,1,0.8484,3.2018,0.4351
peak_prom50,0791,3342,Hakuna,189,0,1,0.8415,2.6043,0.7400
peak_prom50,0792,0371,Potter,52,1,1,0.8778,2.5841,0.5989
peak_prom50,0792,0529,Potter,52,1,1,0.8089,2.7515,0.5956
peak_prom50,0792,0954,StarWars,52,0,1,0.8778,2.5594,0.5338
peak_prom50,0792,1331,StarWars,52,0,1,0.8667,2.5903,0.5258
peak_prom50,0792,3349,Hakuna,52,0,1,0.9400,2.8932,0.4112
peak_prom50,0792,3915,Hakuna,52,0,1,0.9867,2.5873,0.6267
peak_prom50,0794,0087,Potter,43,1,1,0.4474,1.1573,0.9236
peak_prom50,0794,0212,Potter,43,1,1,0.5485,0.9947,0.9454
peak_prom50,0794,1314,StarWars,43,0,1,0.7773,2.5969,0.6016
peak_prom50,0794,1490,StarWars,43,0,1,0.7134,2.4391,0.6453
peak_prom50,0794,3478,Hakuna,43,0,1,0.7464,2.8421,0.4652
peak_prom50,0794,3825,Hakuna,43,0,1,0.6041,2.8021,0.4452
peak_prom50,0806,0633,Potter,231,1,1,0.5627,0.8069,0.8770
peak_prom50,0806,0803,Potter,231,1,1,0.6449,0.4940,0.9868
peak_prom50,0806,1150,StarWars,231,0,1,0.6031,3.0636,0.4278
peak_prom50,0806,1605,StarWars,231,0,1,0.6214,2.5559,0.6080
peak_prom50,0806,4049,Hakuna,231,0,1,0.7298,1.7603,0.8442
peak_prom50,0806,4112,Hakuna,231,0,1,0.7702,1.8113,0.8236
peak_prom50,0807,0508,Potter,120,1,1,1.0986,0.6179,0.9830
peak_prom50,0807,0559,Potter,120,1,1,1.0197,0.6327,0.9853
peak_prom50,0807,0878,StarWars,120,0,1,0.9226,2.9508,0.5473
peak_prom50,0807,1449,StarWars,120,0,1,0.8756,2.8738,0.5936
peak_prom50,0807,3503,Hakuna,120,0,1,0.6100,2.5417,0.5928
peak_prom50,0807,3549,Hakuna,120,0,1,0.6920,3.0108,0.4617
peak_prom50,0809,0168,Potter,198,1,1,0.2088,2.1574,0.4415
peak_prom50,0809,0461,Potter,198,1,1,0.7416,2.2580,0.3471
peak_prom50,0809,1535,StarWars,198,0,1,0.1345,4.2292,0.2534
peak_prom50,0809,3607,Hakuna,198,0,1,0.2301,3.6615,0.1688
peak_prom50,0810,0371,Potter,52,1,1,0.7156,3.1636,0.2960
peak_prom50,0810,0529,Potter,52,1,1,0.6594,2.3084,0.4934
peak_prom50,0810,0954,StarWars,52,0,1,0.7156,2.1883,0.6200
peak_prom50,0810,1331,StarWars,52,0,1,0.7065,2.0740,0.6765
peak_prom50,0810,3349,Hakuna,52,0,1,0.7663,1.9992,0.5984
peak_prom50,0810,3915,Hakuna,52,0,1,0.8043,2.1859,0.4961
peak_prom50,0811,0350,Potter,72,1,1,0.8385,0.8688,0.9517
peak_prom50,0811,0506,Potter,72,1,1,0.9201,1.0425,0.9405
peak_prom50,0811,1215,StarWars,72,0,1,0.7985,2.5004,0.6892
peak_prom50,0811,1478,StarWars,72,0,1,1.0599,2.9811,0.5705
peak_prom50,0811,3666,Hakuna,72,0,1,0.8004,1.6223,0.8155
peak_prom50,0811,4069,Hakuna,72,0,1,0.7514,1.6782,0.7816
peak_prom50,0813,0531,Potter,105,1,1,0.7825,1.0614,0.9604
peak_prom50,0813,0583,Potter,105,1,1,0.7894,0.6121,0.9892
peak_prom50,0813,1579,StarWars,105,0,1,0.7705,2.4386,0.7560
peak_prom50,0813,3587,Hakuna,105,0,1,0.6935,2.0987,0.7822
peak_prom50,0813,3906,Hakuna,105,0,1,0.7380,2.2511,0.7708
peak_prom50,0814,0508,Potter,120,1,1,1.0554,0.5671,0.9797
peak_prom50,0814,0559,Potter,120,1,1,0.9796,0.7749,0.9706
peak_prom50,0814,0878,StarWars,120,0,1,0.8863,2.6562,0.5961
peak_prom50,0814,1449,StarWars,120,0,1,0.8411,2.5236,0.6554
peak_prom50,0814,3503,Hakuna,120,0,1,0.5860,2.6805,0.4383
peak_prom50,0814,3549,Hakuna,120,0,1,0.6647,3.1363,0.2874
peak_prom50,0817,0136,Potter,144,1,1,0.7356,2.0128,0.7566
peak_prom50,0817,0330,Potter,144,1,1,0.5436,2.4275,0.5774
peak_prom50,0817,1216,StarWars,144,0,1,0.4483,2.5384,0.5988
peak_prom50,0817,1421,StarWars,144,0,1,0.5584,2.2382,0.7212
peak_prom50,0817,3420,Hakuna,144,0,1,0.5208,2.8163,0.3554
peak_prom50,0817,3673,Hakuna,144,0,1,0.5450,2.8878,0.3277
peak_prom50,0822,0373,Potter,122,1,1,0.7843,1.6159,0.8026
peak_prom50,0822,0547,Potter,122,1,1,0.7057,1.5572,0.8214
peak_prom50,0822,1408,StarWars,122,0,1,0.4927,2.5743,0.4136
peak_prom50,0822,1495,StarWars,122,0,1,0.3755,2.0194,0.6989
peak_prom50,0822,3595,Hakuna,122,0,1,0.4381,1.9867,0.7601
peak_prom50,0822,3655,Hakuna,122,0,1,0.3742,1.9255,0.7331
peak_prom50,0827,0041,Potter,151,1,1,0.8950,1.0136,0.9244
peak_prom50,0827,0778,Potter,151,1,1,0.9800,1.0099,0.9386
peak_prom50,0827,1060,StarWars,151,0,1,1.0350,2.5743,0.5315
peak_prom50,0827,1252,StarWars,151,0,1,1.0283,2.3836,0.6040
peak_prom50,0827,3523,Hakuna,151,0,1,0.7567,2.1259,0.6214
peak_prom50,0827,3573,Hakuna,151,0,1,0.8117,2.1083,0.5669
peak_prom50,0828,0123,Potter,29,1,1,0.4873,2.1133,0.7899
peak_prom50,0828,0631,Potter,29,1,1,0.5656,1.5079,0.8802
peak_prom50,0828,1142,StarWars,29,0,1,0.7828,2.2465,0.5634
peak_prom50,0828,1493,StarWars,29,0,1,0.9569,2.1848,0.6167
peak_prom50,0828,3893,Hakuna,29,0,1,0.8513,2.2687,0.5868
peak_prom50,0828,4086,Hakuna,29,0,1,0.8806,2.1984,0.5784
peak_prom50,0832,0553,Potter,0,1,1,0.5684,2.7913,0.7122
peak_prom50,0832,0590,Potter,0,1,1,0.5663,3.1642,0.6124
peak_prom50,0832,0915,StarWars,0,0,1,0.3054,4.6164,0.4158
peak_prom50,0832,1140,StarWars,0,0,1,0.2641,4.6348,0.4749
peak_prom50,0832,3690,Hakuna,0,0,1,0.3754,4.1334,0.3810
peak_prom50,0832,4031,Hakuna,0,0,1,0.4231,3.6349,0.5384
peak_prom50,0834,0236,Potter,170,1,1,0.4558,3.1361,-0.2250
peak_prom50,0834,0668,Potter,170,1,1,0.7871,2.3903,0.7884
peak_prom50,0834,1565,StarWars,170,0,1,0.7796,2.6093,0.6452
peak_prom50,0834,3482,Hakuna,170,0,1,0.2819,2.3815,0.5797
peak_prom50,0834,4088,Hakuna,170,0,1,0.2204,2.8452,0.1042
peak_prom50,0836,0470,Potter,91,1,1,0.9640,1.5163,0.6452
peak_prom50,0836,0596,Potter,91,1,1,1.0486,1.2288,0.8863
peak_prom50,0836,1006,StarWars,91,0,1,1.0324,2.4188,0.2559
peak_prom50,0836,1366,StarWars,91,0,1,1.1243,2.2467,0.4479
peak_prom50,0836,3411,Hakuna,91,0,1,0.9856,2.4975,0.2495
peak_prom50,0836,3440,Hakuna,91,0,1,0.9279,2.4639,0.2962
peak_prom60,0000,3876,Hakuna,216,0,1,0.0949,3.6764,0.3426
peak_prom60,0001,0111,Potter,100,1,1,0.5572,1.4737,0.8562
peak_prom60,0001,0407,Potter,100,1,1,0.2537,1.9326,0.5443
peak_prom60,0001,1040,StarWars,100,0,1,0.6305,2.0573,0.5825
peak_prom60,0001,3448,Hakuna,100,0,1,0.2493,2.2160,0.2599
peak_prom60,0001,4068,Hakuna,100,0,1,0.4589,2.1915,0.4918
peak_prom60,0007,0019,Potter,73,1,1,0.4641,1.9282,0.7501
peak_prom60,0007,0078,Potter,73,1,1,0.5808,1.7133,0.8537
peak_prom60,0007,1154,StarWars,73,0,1,0.4132,2.2412,0.6670
peak_prom60,0007,1359,StarWars,73,0,1,0.5015,2.2546,0.6825
peak_prom60,0007,3857,Hakuna,73,0,1,0.4641,2.4638,0.6402
peak_prom60,0011,0081,Potter,49,1,1,0.4896,1.2776,0.8870
peak_prom60,0011,0423,Potter,49,1,1,0.5522,1.1277,0.9102
peak_prom60,0011,1420,StarWars,49,0,1,0.5104,1.9903,0.7296
peak_prom60,0011,3920,Hakuna,49,0,1,0.5056,2.3715,0.5828
peak_prom60,0011,4138,Hakuna,49,0,1,0.5891,1.6535,0.7891
peak_prom60,0021,0461,Potter,198,1,1,0.1406,2.4848,-0.1940
peak_prom60,0024,0397,Potter,20,1,1,0.1394,1.6580,0.8139
peak_prom60,0024,1297,StarWars,20,0,1,0.2496,2.7853,0.3683
peak_prom60,0024,1582,StarWars,20,0,1,0.2100,2.0793,0.7115
peak_prom60,0024,3642,Hakuna,20,0,1,0.2427,2.7911,0.4584
peak_prom60,0024,3992,Hakuna,20,0,1,0.2134,2.4096,0.5946
peak_prom60,0025,3654,Hakuna,82,0,1,0.4501,3.7523,-0.1484
peak_prom60,0026,0319,Potter,54,1,1,0.6560,1.7268,0.8055
peak_prom60,0026,0573,Potter,54,1,1,0.6267,1.5848,0.8413
peak_prom60,0026,0885,StarWars,54,0,1,0.8301,2.5231,0.7478
peak_prom60,0026,1561,StarWars,54,0,1,0.5474,3.2770,0.6193
peak_prom60,0026,3395,Hakuna,54,0,1,0.6267,2.0173,0.8370
peak_prom60,0026,3880,Hakuna,54,0,1,0.5975,2.4748,0.7294
peak_prom60,0027,0102,Potter,191,1,1,0.6322,1.3685,0.8346
peak_prom60,0027,0426,Potter,191,1,1,0.5841,1.4519,0.8265
peak_prom60,0027,0993,StarWars,191,0,1,0.1312,2.2535,0.4053
peak_prom60,0027,1506,StarWars,191,0,1,0.5545,2.0793,0.4754
peak_prom60,0027,3928,Hakuna,191,0,1,0.6174,2.2347,0.1997
peak_prom60,0027,3984,Hakuna,191,0,1,0.4399,2.3682,0.2053
peak_prom60,0028,0408,Potter,145,1,1,0.6810,2.6864,0.6636
peak_prom60,0028,0619,Potter,145,1,1,0.8381,0.6825,0.9838
peak_prom60,0028,0956,StarWars,145,0,1,0.9063,3.1531,0.5113
peak_prom60,0028,1199,StarWars,145,0,1,0.8905,2.8562,0.6647
peak_prom60,0028,3712,Hakuna,145,0,1,0.8444,2.1103,0.7904
peak_prom60,0028,3793,Hakuna,145,0,1,0.9778,1.9694,0.8045
peak_prom60,0030,0196,Potter,232,1,1,0.2603,2.4572,0.6801
peak_prom60,0030,0603,Potter,232,1,1,0.5961,2.2001,0.6924
peak_prom60,0030,0917,StarWars,232,0,1,0.3196,2.7606,0.3120
peak_prom60,0030,1278,StarWars,232,0,1,0.4291,2.8083,0.3421
peak_prom60,0030,3541,Hakuna,232,0,1,0.1652,2.8731,0.3291
peak_prom60,0030,4111,Hakuna,232,0,1,0.3537,3.0198,0.2214
peak_prom60,0032,0758,Potter,175,1,1,0.1207,2.9872,0.5316
peak_prom60,0033,0186,Potter,22,1,1,0.4954,1.5769,0.7348
peak_prom60,0033,1340,StarWars,22,0,1,0.2635,2.1132,0.5761
peak_prom60,0033,3791,Hakuna,22,0,1,0.7458,1.6908,0.7244
peak_prom60,0033,3834,Hakuna,22,0,1,0.7681,2.0109,0.6009
peak_prom60,0048,0663,Potter,149,1,1,0.3717,2.8920,0.1999
peak_prom60,0048,1284,StarWars,149,0,1,0.1513,5.4384,0.0990
peak_prom60,0048,3578,Hakuna,149,0,1,0.0888,9.1504,0.1579
peak_prom60,0050,0254,Potter,129,1,1,0.7978,1.2142,0.8875
peak_prom60,0050,0554,Potter,129,1,1,0.7978,1.1387,0.9407
peak_prom60,0050,1014,StarWars,129,0,1,0.1941,2.2690,0.7828
peak_prom60,0050,1167,StarWars,129,0,1,0.3396,2.4090,0.7377
peak_prom60,0050,3576,Hakuna,129,0,1,0.3908,3.0637,0.4838
peak_prom60,0050,3651,Hakuna,129,0,1,0.3935,3.3921,0.3690
peak_prom60,0054,0370,Potter,153,1,1,0.8425,1.2477,0.7116
peak_prom60,0054,0710,Potter,153,1,1,0.9880,1.4572,0.6520
peak_prom60,0054,0882,StarWars,153,0,1,0.9041,1.5636,0.5294
peak_prom60,0054,1138,StarWars,153,0,1,0.8647,1.3961,0.5573
peak_prom60,0054,3534,Hakuna,153,0,1,0.7483,1.6713,0.3621
peak_prom60,0054,3689,Hakuna,153,0,1,0.8476,1.6092,0.4206
peak_prom60,0056,0073,Potter,189,1,1,0.4152,1.3612,0.8720
peak_prom60,0056,0298,Potter,189,1,1,0.4086,1.4803,0.8793
peak_prom60,0056,1251,StarWars,189,0,1,0.5618,2.2055,0.6526
peak_prom60,0056,1497,StarWars,189,0,1,0.5091,2.1295,0.6141
peak_prom60,0056,3342,Hakuna,189,0,1,0.5651,2.0645,0.7611
peak_prom60,0063,0206,Potter,84,1,1,0.7332,1.9262,0.9526
peak_prom60,0063,1341,StarWars,84,0,1,0.9925,3.6466,0.2250
peak_prom60,0063,1504,StarWars,84,0,1,0.7232,3.0007,0.5846
peak_prom60,0065,0010,Potter,92,1,1,0.6559,0.8045,0.9746
peak_prom60,0065,0232,Potter,92,1,1,0.6223,0.6850,0.9809
peak_prom60,0065,0893,StarWars,92,0,1,0.5608,2.5757,0.6912
peak_prom60,0065,0922,StarWars,92,0,1,0.6061,2.4921,0.7140
peak_prom60,0065,4028,Hakuna,92,0,1,0.6325,2.1333,0.7855
peak_prom60,0066,0038,Potter,207,1,1,0.8214,0.8941,0.9669
peak_prom60,0066,0672,Potter,207,1,1,0.7568,0.7103,0.9709
peak_prom60,0066,1206,StarWars,207,0,1,0.4847,2.6851,0.6044
peak_prom60,0066,1265,StarWars,207,0,1,0.5136,2.8785,0.5338
peak_prom60,0066,3446,Hakuna,207,0,1,0.8129,2.1178,0.7472
peak_prom60,0066,3565,Hakuna,207,0,1,0.7347,2.1653,0.7409
peak_prom60,0070,0504,Potter,90,1,1,0.8775,1.3963,0.9006
peak_prom60,0070,0597,Potter,90,1,1,0.8064,1.6765,0.8304
peak_prom60,0070,0886,StarWars,90,0,1,0.9334,2.7397,0.4817
peak_prom60,0070,1075,StarWars,90,0,1,1.0030,3.2301,0.1677
peak_prom60,0070,3378,Hakuna,90,0,1,0.7685,2.3141,0.6965
peak_prom60,0070,3455,Hakuna,90,0,1,0.9228,2.8013,0.3980
peak_prom60,0079,0445,Potter,146,1,1,0.1331,3.1167,-0.2192
peak_prom60,0079,0622,Potter,146,1,1,0.1280,2.6910,0.6506
peak_prom60,0079,0925,StarWars,146,0,1,0.1997,3.1988,-0.0418
peak_prom60,0079,1456,StarWars,146,0,1,0.0887,2.9679,0.2076
peak_prom60,0079,3439,Hakuna,146,0,1,0.1212,2.8111,0.3444
peak_prom60,0080,0292,Potter,166,1,1,0.9057,2.0906,0.5887
peak_prom60,0080,0353,Potter,166,1,1,1.5388,1.3594,0.8376
peak_prom60,0080,1233,StarWars,166,0,1,0.7275,3.2781,0.0413
peak_prom60,0080,1267,StarWars,166,0,1,0.8239,1.9370,0.7237
peak_prom60,0084,3332,Hakuna,6,0,1,0.2407,2.0217,0.8352
peak_prom60,0088,3956,Hakuna,59,0,1,0.1138,3.2909,0.0295
peak_prom60,0091,0008,Potter,213,1,1,0.8339,0.5013,0.9869
peak_prom60,0091,0681,Potter,213,1,1,0.8259,0.4562,0.9891
peak_prom60,0091,0860,StarWars,213,0,1,0.9313,2.0954,0.7953
peak_prom60,0091,1317,StarWars,213,0,1,0.8626,2.2458,0.7786
peak_prom60,0091,3548,Hakuna,213,0,1,0.5304,2.2400,0.8009
peak_prom60,0091,3720,Hakuna,213,0,1,0.6038,2.3640,0.7165
peak_prom60,0093,0271,Potter,121,1,1,0.6264,2.2029,0.6717
peak_prom60,0093,0416,Potter,121,1,1,0.4586,2.5389,0.6110
peak_prom60,0093,0852,StarWars,121,0,1,0.7025,2.6019,0.6503
peak_prom60,0093,1525,StarWars,121,0,1,0.5459,2.9499,0.3366
peak_prom60,0093,3647,Hakuna,121,0,1,0.4564,2.6698,0.5826
peak_prom60,0093,4058,Hakuna,121,0,1,0.5123,2.5331,0.6403
peak_prom60,0098,0616,Potter,71,1,1,0.3827,3.3697,0.4836
peak_prom60,0098,0753,Potter,71,1,1,0.3805,2.4926,0.6906
peak_prom60,0099,3332,Hakuna,6,0,1,0.2361,1.9360,0.8156
peak_prom60,0100,0320,Potter,24,1,1,0.2500,2.8333,0.5933
peak_prom60,0100,1045,StarWars,24,0,1,0.0872,3.5424,0.3900
peak_prom60,0100,3814,Hakuna,24,0,1,0.3358,3.3412,0.4988
peak_prom60,0100,4118,Hakuna,24,0,1,0.3735,3.2609,0.5645
peak_prom60,0105,0057,Potter,60,1,1,0.6882,2.8009,0.6335
peak_prom60,0105,0348,Potter,60,1,1,0.7706,2.8603,0.6049
peak_prom60,0112,0484,Potter,162,1,1,0.5168,1.8344,0.7586
peak_prom60,0112,0599,Potter,162,1,1,0.5392,1.6949,0.8388
peak_prom60,0112,1508,StarWars,162,0,1,0.6496,2.4516,0.7379
peak_prom60,0112,1606,StarWars,162,0,1,0.6640,2.4042,0.7694
peak_prom60,0113,0651,Potter,97,1,1,0.6610,1.5892,0.8416
peak_prom60,0113,0706,Potter,97,1,1,0.6625,1.4157,0.8721
peak_prom60,0113,1313,StarWars,97,0,1,0.4257,2.2503,0.7657
peak_prom60,0113,1418,StarWars,97,0,1,0.4118,2.2117,0.7587
peak_prom60,0113,3631,Hakuna,97,0,1,0.4303,2.9771,0.4977
peak_prom60,0113,3919,Hakuna,97,0,1,0.4365,2.8856,0.4846
peak_prom60,0115,0438,Potter,192,1,1,0.6233,1.6510,0.8128
peak_prom60,0115,0783,Potter,192,1,1,0.5495,1.9719,0.7365
peak_prom60,0115,0909,StarWars,192,0,1,0.7031,2.6413,0.1868
peak_prom60,0115,1642,StarWars,192,0,1,0.6942,2.3959,0.4462
peak_prom60,0115,3741,Hakuna,192,0,1,0.6736,2.2169,0.5831
peak_prom60,0115,4148,Hakuna,192,0,1,0.7962,2.2926,0.5341
peak_prom60,0116,0356,Potter,196,1,1,0.6740,1.1373,0.9424
peak_prom60,0116,0686,Potter,196,1,1,0.5880,1.5698,0.8503
peak_prom60,0116,0907,StarWars,196,0,1,0.5000,2.2692,0.7750
peak_prom60,0116,1611,StarWars,196,0,1,0.5240,2.5362,0.7076
peak_prom60,0116,4056,Hakuna,196,0,1,0.6580,2.8853,0.5603
peak_prom60,0116,4082,Hakuna,196,0,1,0.7080,2.6598,0.6000
peak_prom60,0118,0004,Potter,160,1,1,0.5155,1.3589,0.4470
peak_prom60,0118,0517,Potter,160,1,1,0.2948,1.2401,0.5419
peak_prom60,0118,1390,StarWars,160,0,1,0.7724,1.4496,0.3626
peak_prom60,0118,1641,StarWars,160,0,1,0.8655,1.4234,0.4400
peak_prom60,0118,3786,Hakuna,160,0,1,0.5431,1.0452,0.7747
peak_prom60,0118,3994,Hakuna,160,0,1,0.5759,1.1255,0.6376
peak_prom60,0121,0222,Potter,96,1,1,0.3281,1.8178,0.6852
peak_prom60,0121,0715,Potter,96,1,1,0.3709,1.7280,0.7451
peak_prom60,0122,0582,Potter,57,1,1,0.2038,3.7172,-0.0708
peak_prom60,0122,0801,Potter,57,1,1,0.2363,3.3271,0.5295
peak_prom60,0122,3745,Hakuna,57,0,1,0.4007,3.3872,0.5488
peak_prom60,0122,3802,Hakuna,57,0,1,0.3151,3.2766,0.5620
peak_prom60,0135,0279,Potter,223,1,1,0.3757,2.3716,0.5850
peak_prom60,0135,0609,Potter,223,1,1,0.3716,2.1950,0.7280
peak_prom60,0135,1197,StarWars,223,0,1,0.1568,3.0793,0.3726
peak_prom60,0135,3343,Hakuna,223,0,1,0.3122,2.4421,0.4961
peak_prom60,0135,4153,Hakuna,223,0,1,0.3162,2.6968,0.3875
peak_prom60,0138,0397,Potter,20,1,1,0.1434,1.6747,0.8268
peak_prom60,0138,1297,StarWars,20,0,1,0.2566,3.2732,-0.0027
peak_prom60,0138,1582,StarWars,20,0,1,0.2159,2.1719,0.6526
peak_prom60,0138,3642,Hakuna,20,0,1,0.2496,2.5652,0.5606
peak_prom60,0138,3992,Hakuna,20,0,1,0.2195,2.2415,0.6885
peak_prom60,0142,0542,Potter,44,1,1,0.6517,1.8178,0.7999
peak_prom60,0142,0739,Potter,44,1,1,0.6265,2.0334,0.7150
peak_prom60,0142,0964,StarWars,44,0,1,0.7921,2.6394,0.7564
peak_prom60,0142,1026,StarWars,44,0,1,0.7046,2.5408,0.7015
peak_prom60,0142,3485,Hakuna,44,0,1,0.6384,1.9261,0.8006
peak_prom60,0142,3781,Hakuna,44,0,1,0.6768,2.0005,0.8100
peak_prom60,0147,0145,Potter,141,1,1,0.2000,2.9473,0.6847
peak_prom60,0147,1636,StarWars,141,0,1,0.3981,2.2065,0.2497
peak_prom60,0147,3687,Hakuna,141,0,1,0.3049,2.3220,-0.0059
peak_prom60,0149,0123,Potter,29,1,1,0.1438,2.2831,0.3870
peak_prom60,0149,0631,Potter,29,1,1,0.1910,2.0833,0.4660
peak_prom60,0149,1142,StarWars,29,0,1,0.2017,2.3609,0.2426
peak_prom60,0149,1493,StarWars,29,0,1,0.8047,2.0078,0.4949
peak_prom60,0149,3893,Hakuna,29,0,1,0.5150,1.8407,0.6669
peak_prom60,0149,4086,Hakuna,29,0,1,0.4549,1.9230,0.6069
peak_prom60,0150,0787,Potter,136,1,1,1.0497,2.8819,0.2915
peak_prom60,0150,0837,Potter,136,1,1,1.1147,2.9045,0.3787
peak_prom60,0150,1004,StarWars,136,0,1,1.0034,3.0068,0.1480
peak_prom60,0150,1042,StarWars,136,0,1,1.1182,2.8965,0.1370
peak_prom60,0150,3526,Hakuna,136,0,1,1.1558,2.9470,0.1478
peak_prom60,0150,3943,Hakuna,136,0,1,1.1558,2.9497,0.1449
peak_prom60,0157,0613,Potter,137,1,1,0.5512,1.7976,0.7802
peak_prom60,0157,0788,Potter,137,1,1,0.3976,2.3821,0.5699
peak_prom60,0157,1163,StarWars,137,0,1,0.5482,2.1877,0.6870
peak_prom60,0157,1177,StarWars,137,0,1,0.4367,2.2645,0.6696
peak_prom60,0157,3594,Hakuna,137,0,1,0.8102,2.0306,0.7115
peak_prom60,0157,3944,Hakuna,137,0,1,0.7018,2.6126,0.5344
peak_prom60,0159,0181,Potter,13,1,1,0.5740,1.1022,0.7844
peak_prom60,0159,0299,Potter,13,1,1,0.4314,1.1473,0.7708
peak_prom60,0159,1619,StarWars,13,0,1,0.3736,1.6315,0.4249
peak_prom60,0159,3353,Hakuna,13,0,1,0.4675,1.4172,0.5702
peak_prom60,0159,4020,Hakuna,13,0,1,0.5253,0.8913,0.8125
peak_prom60,0162,0553,Potter,0,1,1,0.2339,3.0574,0.8000
peak_prom60,0162,0590,Potter,0,1,1,0.2420,3.9372,0.5685
peak_prom60,0162,1140,StarWars,0,0,1,0.1004,5.5352,0.1745
peak_prom60,0162,3690,Hakuna,0,0,1,0.1536,4.8504,0.2204
peak_prom60,0162,4031,Hakuna,0,0,1,0.0994,4.2257,0.4531
peak_prom60,0165,0377,Potter,234,1,1,0.5110,3.0044,0.7035
peak_prom60,0165,0406,Potter,234,1,1,0.8033,1.8570,0.8903
peak_prom60,0165,0906,StarWars,234,0,1,0.8548,2.5731,0.7534
peak_prom60,0165,3484,Hakuna,234,0,1,0.7371,2.7531,0.7912
peak_prom60,0165,3975,Hakuna,234,0,1,0.8033,3.0279,0.6894
peak_prom60,0166,0424,Potter,38,1,1,1.0096,0.8450,0.9424
peak_prom60,0166,0829,Potter,38,1,1,0.9825,0.6559,0.9588
peak_prom60,0166,1149,StarWars,38,0,1,0.8471,1.8177,0.6996
peak_prom60,0166,1273,StarWars,38,0,1,0.8201,1.9070,0.6937
peak_prom60,0166,3506,Hakuna,38,0,1,0.7197,1.9078,0.5991
peak_prom60,0166,3732,Hakuna,38,0,1,0.8041,2.0490,0.4959
peak_prom60,0167,1160,StarWars,55,0,1,0.3619,2.4554,0.3462
peak_prom60,0167,1648,StarWars,55,0,1,0.7407,2.2844,0.4477
peak_prom60,0167,3887,Hakuna,55,0,1,0.8993,1.9074,0.6897
peak_prom60,0167,4060,Hakuna,55,0,1,0.7705,1.8674,0.6275
peak_prom60,0173,0320,Potter,24,1,1,0.2406,2.5756,0.7092
peak_prom60,0173,1045,StarWars,24,0,1,0.0839,3.4538,0.4029
peak_prom60,0173,3814,Hakuna,24,0,1,0.3231,3.2739,0.5032
peak_prom60,0173,4118,Hakuna,24,0,1,0.3594,3.2166,0.5939
peak_prom60,0174,0361,Potter,46,1,1,0.6094,0.7978,0.9543
peak_prom60,0174,0632,Potter,46,1,1,0.4441,1.3425,0.8834
peak_prom60,0174,0841,StarWars,46,0,1,0.4652,2.4013,0.6322
peak_prom60,0174,1237,StarWars,46,0,1,0.4408,1.9928,0.6922
peak_prom60,0174,3661,Hakuna,46,0,1,0.5316,1.6142,0.8146
peak_prom60,0174,4156,Hakuna,46,0,1,0.6467,1.6994,0.7724
peak_prom60,0179,0288,Potter,208,1,1,0.7086,2.4341,0.7445
peak_prom60,0179,0482,Potter,208,1,1,0.6603,2.4231,0.7051
peak_prom60,0179,1399,StarWars,208,0,1,0.3104,2.5319,0.4027
peak_prom60,0179,1436,StarWars,208,0,1,0.1698,2.5283,0.4519
peak_prom60,0179,3519,Hakuna,208,0,1,0.2064,2.4195,0.6588
peak_prom60,0180,0386,Potter,184,1,1,0.3917,2.5044,0.6435
peak_prom60,0180,0729,Potter,184,1,1,0.3809,1.3380,0.8774
peak_prom60,0180,0887,StarWars,184,0,1,0.1655,3.4135,0.3641
peak_prom60,0180,3612,Hakuna,184,0,1,0.3472,3.0617,0.4697
peak_prom60,0180,3844,Hakuna,184,0,1,0.4226,2.5842,0.6435
peak_prom60,0183,0437,Potter,40,1,1,0.2165,1.7633,0.8255
peak_prom60,0183,0892,StarWars,40,0,1,0.1516,2.7092,0.6511
peak_prom60,0183,1600,StarWars,40,0,1,0.2152,2.5535,0.6684
peak_prom60,0183,3966,Hakuna,40,0,1,0.3166,3.0326,0.5448
peak_prom60,0183,4094,Hakuna,40,0,1,0.2206,3.0313,0.5828
peak_prom60,0188,0198,Potter,67,1,1,0.5084,1.1384,0.9422
peak_prom60,0188,0369,Potter,67,1,1,0.4958,1.6829,0.8374
peak_prom60,0188,1298,StarWars,67,0,1,0.5432,2.9326,0.5802
peak_prom60,0188,1326,StarWars,67,0,1,0.4429,3.3958,0.4454
peak_prom60,0188,3412,Hakuna,67,0,1,0.4220,2.4610,0.7343
peak_prom60,0188,3447,Hakuna,67,0,1,0.4735,2.7246,0.6709
peak_prom60,0190,0732,Potter,150,1,1,0.2945,2.3787,0.6894
peak_prom60,0190,0825,Potter,150,1,1,0.3627,2.8374,0.4785
peak_prom60,0190,0844,StarWars,150,0,1,0.7288,2.8089,0.5423
peak_prom60,0190,1510,StarWars,150,0,1,0.6789,2.4616,0.6586
peak_prom60,0190,3493,Hakuna,150,0,1,0.3511,2.5878,0.5416
peak_prom60,0190,3767,Hakuna,150,0,1,0.2712,2.0037,0.7541
peak_prom60,0195,0370,Potter,153,1,1,0.6979,1.6060,0.7272
peak_prom60,0195,0710,Potter,153,1,1,0.8184,1.7190,0.7433
peak_prom60,0195,0882,StarWars,153,0,1,0.7489,2.0318,0.4920
peak_prom60,0195,1138,StarWars,153,0,1,0.7163,2.1820,0.3493
peak_prom60,0195,3534,Hakuna,153,0,1,0.6199,2.2055,0.4434
peak_prom60,0195,3689,Hakuna,153,0,1,0.7021,2.1342,0.4602
peak_prom60,0197,0060,Potter,222,1,1,0.7714,1.1340,0.8939
peak_prom60,0197,0107,Potter,222,1,1,0.8796,0.9804,0.9162
peak_prom60,0197,0959,StarWars,222,0,1,0.5375,1.9988,0.6922
peak_prom60,0197,1276,StarWars,222,0,1,0.5515,2.7650,0.2639
peak_prom60,0197,4064,Hakuna,222,0,1,0.8691,1.8286,0.6922
peak_prom60,0197,4085,Hakuna,222,0,1,0.9494,1.8275,0.6368
peak_prom60,0204,0102,Potter,191,1,1,0.6772,1.3634,0.8187
peak_prom60,0204,0426,Potter,191,1,1,0.6257,1.5210,0.8039
peak_prom60,0204,0993,StarWars,191,0,1,0.1406,2.2370,0.4295
peak_prom60,0204,1506,StarWars,191,0,1,0.5941,2.0848,0.4632
peak_prom60,0204,3928,Hakuna,191,0,1,0.6614,2.1086,0.5986
peak_prom60,0204,3984,Hakuna,191,0,1,0.4713,2.1693,0.4212
peak_prom60,0210,0055,Potter,200,1,1,0.7789,1.9017,0.6837
peak_prom60,0210,0417,Potter,200,1,1,0.6360,2.3861,0.6212
peak_prom60,0210,1015,StarWars,200,0,1,0.6791,2.7438,0.4850
peak_prom60,0210,1626,StarWars,200,0,1,0.6223,3.1047,0.2761
peak_prom60,0210,3586,Hakuna,200,0,1,0.6184,2.5674,0.3376
peak_prom60,0210,3862,Hakuna,200,0,1,0.6536,2.2831,0.5243
peak_prom60,0215,0229,Potter,230,1,1,0.4570,1.7251,0.9169
peak_prom60,0215,0245,Potter,230,1,1,0.4767,1.4828,0.9234
peak_prom60,0215,1010,StarWars,230,0,1,0.1326,2.9571,0.6145
peak_prom60,0215,1048,StarWars,230,0,1,0.3258,3.7018,0.6208
peak_prom60,0215,3670,Hakuna,230,0,1,0.3399,2.4088,0.7772
peak_prom60,0215,3702,Hakuna,230,0,1,0.3498,1.9507,0.8013
peak_prom60,0219,0076,Potter,30,1,1,0.1478,4.0924,0.1017
peak_prom60,0219,0151,Potter,30,1,1,0.1561,3.1360,0.3973
peak_prom60,0219,1101,StarWars,30,0,1,0.2674,3.4234,0.2838
peak_prom60,0219,1369,StarWars,30,0,1,0.2890,3.1722,0.4228
peak_prom60,0219,3443,Hakuna,30,0,1,0.2841,3.6668,-0.1735
peak_prom60,0219,3694,Hakuna,30,0,1,0.2309,3.3523,0.2578
peak_prom60,0220,0997,StarWars,135,0,1,0.1931,2.8027,0.0498
peak_prom60,0220,3501,Hakuna,135,0,1,0.2517,2.4863,0.2445
peak_prom60,0220,4070,Hakuna,135,0,1,0.3121,2.3242,0.4738
peak_prom60,0224,0445,Potter,146,1,1,0.1277,2.9507,-0.4054
peak_prom60,0224,0622,Potter,146,1,1,0.1227,2.3843,0.6534
peak_prom60,0224,0925,StarWars,146,0,1,0.1915,2.7507,0.1553
peak_prom60,0224,1456,StarWars,146,0,1,0.0851,2.8035,0.1258
peak_prom60,0224,3439,Hakuna,146,0,1,0.1162,2.5859,0.2936
peak_prom60,0225,0680,Potter,123,1,1,0.2669,1.7743,0.8319
peak_prom60,0225,1196,StarWars,123,0,1,0.1081,4.9791,0.1957
peak_prom60,0225,1378,StarWars,123,0,1,0.1756,5.2599,0.5452
peak_prom60,0225,3567,Hakuna,123,0,1,0.1053,4.0524,0.4602
peak_prom60,0225,3787,Hakuna,123,0,1,0.1840,3.6496,0.0734
peak_prom60,0228,0124,Potter,58,1,1,0.8793,1.5024,0.8869
peak_prom60,0228,0467,Potter,58,1,1,0.9918,1.6366,0.8472
peak_prom60,0228,1178,StarWars,58,0,1,0.8711,3.1666,0.5029
peak_prom60,0228,1262,StarWars,58,0,1,0.9135,2.4161,0.6890
peak_prom60,0228,3556,Hakuna,58,0,1,0.6623,2.3986,0.7627
peak_prom60,0228,3668,Hakuna,58,0,1,0.6998,2.6993,0.5981
peak_prom60,0230,0010,Potter,92,1,1,0.6409,0.7156,0.9819
peak_prom60,0230,0232,Potter,92,1,1,0.6080,0.6668,0.9782
peak_prom60,0230,0893,StarWars,92,0,1,0.5479,2.4540,0.7157
peak_prom60,0230,0922,StarWars,92,0,1,0.5923,2.4325,0.7122
peak_prom60,0230,4028,Hakuna,92,0,1,0.6180,2.2061,0.7743
peak_prom60,0231,0595,Potter,26,1,1,0.3976,1.1378,0.7358
peak_prom60,0231,0768,Potter,26,1,1,0.3062,1.8304,0.3634
peak_prom60,0231,1087,StarWars,26,0,1,0.2048,1.6323,0.3464
peak_prom60,0231,1132,StarWars,26,0,1,0.1750,1.3419,0.5999
peak_prom60,0233,0633,Potter,231,1,1,0.0902,2.3748,0.8170
peak_prom60,0233,0803,Potter,231,1,1,0.2059,2.0167,0.7908
peak_prom60,0233,1605,StarWars,231,0,1,0.0700,2.6641,0.6364
peak_prom60,0233,4112,Hakuna,231,0,1,0.0996,2.5603,0.6217
peak_prom60,0237,0542,Potter,44,1,1,0.6284,1.9282,0.7731
peak_prom60,0237,0739,Potter,44,1,1,0.6041,1.9369,0.7376
peak_prom60,0237,0964,StarWars,44,0,1,0.7637,2.6055,0.7614
peak_prom60,0237,1026,StarWars,44,0,1,0.6794,2.4527,0.7498
peak_prom60,0237,3485,Hakuna,44,0,1,0.6156,2.0366,0.8038
peak_prom60,0237,3781,Hakuna,44,0,1,0.6526,2.0767,0.8289
peak_prom60,0238,0243,Potter,139,1,1,0.7534,1.1204,0.9368
peak_prom60,0238,0824,Potter,139,1,1,0.6588,1.3197,0.9131
peak_prom60,0238,0999,StarWars,139,0,1,0.6216,2.0335,0.7730
peak_prom60,0238,1240,StarWars,139,0,1,0.5456,3.0001,0.3643
peak_prom60,0238,3969,Hakuna,139,0,1,0.6030,2.1734,0.7325
peak_prom60,0238,4035,Hakuna,139,0,1,0.6267,2.8298,0.5080
peak_prom60,0242,3410,Hakuna,69,0,1,0.3820,3.4075,-0.1224
peak_prom60,0253,0177,Potter,14,1,1,0.4210,2.4482,0.7278
peak_prom60,0253,0774,Potter,14,1,1,0.4759,1.8944,0.8481
peak_prom60,0253,1435,StarWars,14,0,1,0.5223,2.5609,0.6764
peak_prom60,0253,1519,StarWars,14,0,1,0.4914,2.5705,0.7160
peak_prom60,0253,3682,Hakuna,14,0,1,0.3608,2.8739,0.6753
peak_prom60,0253,3807,Hakuna,14,0,1,0.3608,3.1389,0.1662
peak_prom60,0258,0155,Potter,76,1,1,0.4515,1.2006,0.8777
peak_prom60,0258,0584,Potter,76,1,1,0.3575,1.5524,0.7530
peak_prom60,0258,1381,StarWars,76,0,1,0.2188,2.9320,0.0315
peak_prom60,0258,1445,StarWars,76,0,1,0.2450,2.1479,0.3618
peak_prom60,0258,3706,Hakuna,76,0,1,0.2357,2.3178,0.3574
peak_prom60,0258,4048,Hakuna,76,0,1,0.4022,2.0244,0.5492
peak_prom60,0259,0311,Potter,218,1,1,0.1356,3.5016,0.4578
peak_prom60,0259,0994,StarWars,218,0,1,0.2017,2.1790,0.8313
peak_prom60,0259,1220,StarWars,218,0,1,0.1373,2.3049,0.7090
peak_prom60,0259,3521,Hakuna,218,0,1,0.1288,4.1741,0.0140
peak_prom60,0262,0328,Potter,106,1,1,0.3813,1.3847,0.8272
peak_prom60,0262,0777,Potter,106,1,1,0.4255,1.9451,0.3167
peak_prom60,0262,3427,Hakuna,106,0,1,0.3404,2.2105,0.4110
peak_prom60,0262,4075,Hakuna,106,0,1,0.3241,1.9618,0.2998
peak_prom60,0263,0038,Potter,207,1,1,0.8444,0.6838,0.9672
peak_prom60,0263,0672,Potter,207,1,1,0.7780,0.4842,0.9827
peak_prom60,0263,1206,StarWars,207,0,1,0.4983,2.5618,0.6815
peak_prom60,0263,1265,StarWars,207,0,1,0.5280,2.8292,0.5615
peak_prom60,0263,3446,Hakuna,207,0,1,0.8357,2.1664,0.7500
peak_prom60,0263,3565,Hakuna,207,0,1,0.7552,2.2080,0.7325
peak_prom60,0270,0111,Potter,100,1,1,0.5646,1.5557,0.6972
peak_prom60,0270,0407,Potter,100,1,1,0.2571,1.9692,0.3787
peak_prom60,0270,1040,StarWars,100,0,1,0.6389,2.1212,0.4306
peak_prom60,0270,3448,Hakuna,100,0,1,0.2526,2.2800,0.2255
peak_prom60,0270,4068,Hakuna,100,0,1,0.4651,2.1906,0.4505
peak_prom60,0272,0756,Potter,219,1,1,0.3687,2.5041,0.6995
peak_prom60,0272,0805,Potter,219,1,1,0.5277,2.4848,0.6799
peak_prom60,0272,0988,StarWars,219,0,1,0.3205,2.7419,0.2644
peak_prom60,0272,1255,StarWars,219,0,1,0.2386,2.7791,0.1717
peak_prom60,0272,3355,Hakuna,219,0,1,0.5711,2.6411,0.5275
peak_prom60,0272,3635,Hakuna,219,0,1,0.4313,2.6171,0.4624
peak_prom60,0276,0680,Potter,123,1,1,0.2550,1.6015,0.8437
peak_prom60,0276,1196,StarWars,123,0,1,0.1034,4.9672,0.1647
peak_prom60,0276,1378,StarWars,123,0,1,0.1678,5.1303,0.5534
peak_prom60,0276,3567,Hakuna,123,0,1,0.1007,3.8823,0.4675
peak_prom60,0276,3787,Hakuna,123,0,1,0.1758,3.6999,0.0619
peak_prom60,0277,1314,StarWars,43,0,1,0.4437,3.0363,0.5696
peak_prom60,0277,1490,StarWars,43,0,1,0.2792,2.2314,0.6475
peak_prom60,0277,3478,Hakuna,43,0,1,0.2708,2.9223,0.2057
peak_prom60,0278,3654,Hakuna,82,0,1,0.3972,3.7511,-0.1171
peak_prom60,0281,0057,Potter,60,1,1,0.6368,1.9520,0.6526
peak_prom60,0281,0348,Potter,60,1,1,0.7131,1.9536,0.6939
peak_prom60,0284,0196,Potter,232,1,1,0.2599,2.4660,0.6751
peak_prom60,0284,0603,Potter,232,1,1,0.5950,2.3928,0.7005
peak_prom60,0284,0917,StarWars,232,0,1,0.3190,3.1278,0.2428
peak_prom60,0284,1278,StarWars,232,0,1,0.4283,3.0190,0.3783
peak_prom60,0284,3541,Hakuna,232,0,1,0.1649,3.1323,0.3687
peak_prom60,0284,4111,Hakuna,232,0,1,0.3530,3.4709,-0.1452
peak_prom60,0287,0131,Potter,53,1,1,1.0015,1.2777,0.8095
peak_prom60,0287,0689,Potter,53,1,1,0.9862,1.6072,0.6029
peak_prom60,0287,1269,StarWars,53,0,1,0.6330,3.4376,0.3694
peak_prom60,0287,1596,StarWars,53,0,1,0.6453,3.3843,0.3455
peak_prom60,0287,3585,Hakuna,53,0,1,0.5719,2.3816,0.6290
peak_prom60,0287,3856,Hakuna,53,0,1,0.5703,2.2451,0.6668
peak_prom60,0290,0477,Potter,17,1,1,0.5472,1.1471,0.8477
peak_prom60,0290,0558,Potter,17,1,1,0.5376,0.9219,0.8943
peak_prom60,0290,1609,StarWars,17,0,1,0.4733,1.4554,0.6320
peak_prom60,0290,1620,StarWars,17,0,1,0.4829,1.2795,0.7038
peak_prom60,0290,3878,Hakuna,17,0,1,0.5896,1.1943,0.7823
peak_prom60,0290,4105,Hakuna,17,0,1,0.5937,1.1321,0.8130
peak_prom60,0296,0427,Potter,174,1,1,0.4925,1.6286,0.9155
peak_prom60,0296,0577,Potter,174,1,1,0.4801,2.3787,0.8568
peak_prom60,0296,1403,StarWars,174,0,1,0.3498,3.0907,0.4842
peak_prom60,0296,1502,StarWars,174,0,1,0.4952,2.9182,0.6639
peak_prom60,0296,3424,Hakuna,174,0,1,0.3951,2.4328,0.7194
peak_prom60,0296,4122,Hakuna,174,0,1,0.2702,2.8176,0.6355
peak_prom60,0309,0198,Potter,67,1,1,0.5573,1.1629,0.9370
peak_prom60,0309,0369,Potter,67,1,1,0.5435,1.5906,0.8509
peak_prom60,0309,1298,StarWars,67,0,1,0.5954,2.9871,0.4893
peak_prom60,0309,1326,StarWars,67,0,1,0.4855,3.7532,0.0001
peak_prom60,0309,3412,Hakuna,67,0,1,0.4626,2.4308,0.7143
peak_prom60,0309,3447,Hakuna,67,0,1,0.5191,2.6749,0.6523
peak_prom60,0310,0504,Potter,90,1,1,0.8430,1.4500,0.8990
peak_prom60,0310,0597,Potter,90,1,1,0.7747,1.7729,0.8437
peak_prom60,0310,0886,StarWars,90,0,1,0.8968,2.9385,0.4331
peak_prom60,0310,1075,StarWars,90,0,1,0.9637,3.3024,0.2104
peak_prom60,0310,3378,Hakuna,90,0,1,0.7384,2.5023,0.6255
peak_prom60,0310,3455,Hakuna,90,0,1,0.8866,3.1625,0.2757
peak_prom60,0314,0352,Potter,220,1,1,0.1278,2.4726,0.3669
peak_prom60,0314,0755,Potter,220,1,1,0.4651,2.3314,0.5668
peak_prom60,0317,3956,Hakuna,59,0,1,0.1089,3.4502,0.1945
peak_prom60,0321,0425,Potter,5,1,1,1.0130,0.9642,0.9312
peak_prom60,0321,0528,Potter,5,1,1,1.0963,0.8761,0.9460
peak_prom60,0321,0854,StarWars,5,0,1,0.8907,2.7654,0.5493
peak_prom60,0321,1444,StarWars,5,0,1,0.8870,2.7601,0.3857
peak_prom60,0321,3606,Hakuna,5,0,1,0.7907,2.0813,0.6814
peak_prom60,0321,3860,Hakuna,5,0,1,0.7259,2.3346,0.6153
peak_prom60,0324,0081,Potter,49,1,1,0.4919,1.5613,0.8441
peak_prom60,0324,0423,Potter,49,1,1,0.5548,1.2726,0.9096
peak_prom60,0324,1420,StarWars,49,0,1,0.5129,2.1696,0.7411
peak_prom60,0324,3920,Hakuna,49,0,1,0.5081,2.3695,0.6613
peak_prom60,0324,4138,Hakuna,49,0,1,0.5919,1.7936,0.7942
peak_prom60,0329,0222,Potter,96,1,1,0.3428,1.3698,0.8269
peak_prom60,0329,0715,Potter,96,1,1,0.3875,1.5687,0.7650
peak_prom60,0331,0004,Potter,160,1,1,0.4530,1.4092,0.5082
peak_prom60,0331,0517,Potter,160,1,1,0.2591,1.4186,0.5563
peak_prom60,0331,1390,StarWars,160,0,1,0.6788,1.6375,0.3425
peak_prom60,0331,1641,StarWars,160,0,1,0.7606,1.4743,0.5112
peak_prom60,0331,3786,Hakuna,160,0,1,0.4773,1.2425,0.7823
peak_prom60,0331,3994,Hakuna,160,0,1,0.5061,1.2995,0.6676
peak_prom60,0333,3654,Hakuna,82,0,1,0.3821,3.2669,-0.1257
peak_prom60,0340,0666,Potter,185,1,1,0.3096,2.9780,0.5234
peak_prom60,0340,1173,StarWars,185,0,1,0.2466,2.8254,0.3545
peak_prom60,0340,3561,Hakuna,185,0,1,0.4973,2.7106,0.6017
peak_prom60,0345,0616,Potter,71,1,1,0.3379,3.5627,0.3357
peak_prom60,0345,0753,Potter,71,1,1,0.3359,3.1866,0.5362
peak_prom60,0346,1334,StarWars,128,0,1,0.1335,3.4280,-0.0263
peak_prom60,0349,0651,Potter,97,1,1,0.6206,1.7928,0.7024
peak_prom60,0349,0706,Potter,97,1,1,0.6221,1.1951,0.9164
peak_prom60,0349,1313,StarWars,97,0,1,0.3997,1.8568,0.7867
peak_prom60,0349,1418,StarWars,97,0,1,0.3866,2.1583,0.6557
peak_prom60,0349,3631,Hakuna,97,0,1,0.4041,1.9130,0.7678
peak_prom60,0349,3919,Hakuna,97,0,1,0.4099,2.1304,0.6967
peak_prom60,0358,0076,Potter,30,1,1,0.1466,4.3041,0.1258
peak_prom60,0358,0151,Potter,30,1,1,0.1549,3.3387,0.4509
peak_prom60,0358,1101,StarWars,30,0,1,0.2652,3.7497,0.2160
peak_prom60,0358,1369,StarWars,30,0,1,0.2867,3.3387,0.4113
peak_prom60,0358,3443,Hakuna,30,0,1,0.2817,3.7646,-0.0775
peak_prom60,0358,3694,Hakuna,30,0,1,0.2290,3.6417,0.2395
peak_prom60,0363,0155,Potter,76,1,1,0.4696,1.2246,0.8871
peak_prom60,0363,0584,Potter,76,1,1,0.3718,1.5954,0.7488
peak_prom60,0363,1381,StarWars,76,0,1,0.2276,2.6292,0.2686
peak_prom60,0363,1445,StarWars,76,0,1,0.2548,2.3758,0.2205
peak_prom60,0363,3706,Hakuna,76,0,1,0.2452,2.3969,0.3653
peak_prom60,0363,4048,Hakuna,76,0,1,0.4183,2.0771,0.5084
peak_prom60,0364,0044,Potter,217,1,1,0.4790,1.4950,0.8055
peak_prom60,0364,0101,Potter,217,1,1,0.5557,1.4746,0.8685
peak_prom60,0364,1131,StarWars,217,0,1,0.5022,2.3007,0.5284
peak_prom60,0364,1509,StarWars,217,0,1,0.5514,2.1689,0.5183
peak_prom60,0364,3701,Hakuna,217,0,1,0.1056,2.8370,0.2129
peak_prom60,0364,4103,Hakuna,217,0,1,0.1925,3.4277,0.4581
peak_prom60,0366,0424,Potter,38,1,1,0.9754,0.8960,0.9409
peak_prom60,0366,0829,Potter,38,1,1,0.9492,0.6249,0.9564
peak_prom60,0366,1149,StarWars,38,0,1,0.8185,1.8217,0.7261
peak_prom60,0366,1273,StarWars,38,0,1,0.7923,1.8292,0.7510
peak_prom60,0366,3506,Hakuna,38,0,1,0.6954,1.9934,0.6029
peak_prom60,0366,3732,Hakuna,38,0,1,0.7769,2.0370,0.5198
peak_prom60,0375,0408,Potter,145,1,1,0.6610,2.7017,0.7030
peak_prom60,0375,0619,Potter,145,1,1,0.8136,0.8417,0.9639
peak_prom60,0375,0956,StarWars,145,0,1,0.8798,3.5521,0.4558
peak_prom60,0375,1199,StarWars,145,0,1,0.8644,3.1284,0.6373
peak_prom60,0375,3712,Hakuna,145,0,1,0.8197,2.3009,0.7808
peak_prom60,0375,3793,Hakuna,145,0,1,0.9492,2.2355,0.7862
peak_prom60,0376,0311,Potter,218,1,1,0.1544,3.3224,0.4773
peak_prom60,0376,0994,StarWars,218,0,1,0.2297,1.8496,0.8592
peak_prom60,0376,1220,StarWars,218,0,1,0.1564,2.7495,0.6073
peak_prom60,0376,3521,Hakuna,218,0,1,0.1467,3.3178,0.3918
peak_prom60,0378,0295,Potter,83,1,1,0.5753,1.9646,0.7848
peak_prom60,0378,0648,Potter,83,1,1,0.7547,1.0939,0.9170
peak_prom60,0378,1165,StarWars,83,0,1,0.7107,2.7793,0.6852
peak_prom60,0378,1491,StarWars,83,0,1,0.6616,2.8771,0.5371
peak_prom60,0378,3452,Hakuna,83,0,1,0.8376,3.5689,0.3713
peak_prom60,0378,4101,Hakuna,83,0,1,0.7191,3.3132,0.4375
peak_prom60,0382,1646,StarWars,212,0,1,0.0770,2.6217,0.1036
peak_prom60,0382,3761,Hakuna,212,0,1,0.1310,2.2522,0.6691
peak_prom60,0383,0041,Potter,151,1,1,0.6027,1.6093,0.8907
peak_prom60,0383,0778,Potter,151,1,1,0.5874,1.4948,0.9052
peak_prom60,0383,1060,StarWars,151,0,1,0.6469,2.6824,0.5814
peak_prom60,0383,1252,StarWars,151,0,1,0.6520,2.2868,0.6861
peak_prom60,0383,3523,Hakuna,151,0,1,0.3905,2.3638,0.6527
peak_prom60,0383,3573,Hakuna,151,0,1,0.4720,2.2537,0.7003
peak_prom60,0391,0757,Potter,9,1,1,0.2844,2.1483,0.5258
peak_prom60,0392,0713,Potter,3,1,1,0.1600,2.2182,0.8307
peak_prom60,0392,0748,Potter,3,1,1,0.1294,2.9059,0.4973
peak_prom60,0393,1160,StarWars,55,0,1,0.3398,2.9193,0.3763
peak_prom60,0393,1648,StarWars,55,0,1,0.6953,2.6317,0.5077
peak_prom60,0393,3887,Hakuna,55,0,1,0.8441,2.3456,0.5471
peak_prom60,0393,4060,Hakuna,55,0,1,0.7233,2.3796,0.4643
peak_prom60,0398,0699,Potter,154,1,1,0.4340,1.7452,0.4084
peak_prom60,0398,0790,Potter,154,1,1,0.5113,1.4681,0.5939
peak_prom60,0398,1008,StarWars,154,0,1,0.1528,1.7016,0.4487
peak_prom60,0398,1152,StarWars,154,0,1,0.2264,1.9816,0.4461
peak_prom60,0398,3375,Hakuna,154,0,1,0.1000,2.2760,0.2225
peak_prom60,0398,3762,Hakuna,154,0,1,0.4283,1.9306,0.4378
peak_prom60,0399,0292,Potter,166,1,1,0.5862,1.5874,0.8095
peak_prom60,0399,0353,Potter,166,1,1,0.9959,1.8226,0.7942
peak_prom60,0399,1233,StarWars,166,0,1,0.4708,1.9635,0.6267
peak_prom60,0399,1267,StarWars,166,0,1,0.5332,1.8463,0.5770
peak_prom60,0401,0477,Potter,17,1,1,0.5472,1.2705,0.8464
peak_prom60,0401,0558,Potter,17,1,1,0.5376,0.9939,0.9085
peak_prom60,0401,1609,StarWars,17,0,1,0.4733,1.8008,0.6478
peak_prom60,0401,1620,StarWars,17,0,1,0.4829,1.6553,0.6593
peak_prom60,0401,3878,Hakuna,17,0,1,0.5896,1.5853,0.7173
peak_prom60,0401,4105,Hakuna,17,0,1,0.5937,1.4266,0.7559
peak_prom60,0402,0438,Potter,192,1,1,0.5726,1.6263,0.7345
peak_prom60,0402,0783,Potter,192,1,1,0.5047,1.8731,0.6811
peak_prom60,0402,0909,StarWars,192,0,1,0.6459,2.5701,0.1302
peak_prom60,0402,1642,StarWars,192,0,1,0.6377,2.3361,0.3213
peak_prom60,0402,3741,Hakuna,192,0,1,0.6187,2.0066,0.5784
peak_prom60,0402,4148,Hakuna,192,0,1,0.7313,2.1300,0.5116
peak_prom60,0405,0328,Potter,106,1,1,0.3832,1.8209,0.7345
peak_prom60,0405,0777,Potter,106,1,1,0.4276,1.9908,0.5226
peak_prom60,0405,3427,Hakuna,106,0,1,0.3421,2.3606,0.5005
peak_prom60,0405,4075,Hakuna,106,0,1,0.3257,2.3587,0.3394
peak_prom60,0413,0125,Potter,205,1,1,0.4353,1.8651,0.8172
peak_prom60,0413,0359,Potter,205,1,1,0.2131,1.8053,0.7921
peak_prom60,0413,0966,StarWars,205,0,1,0.4718,1.7795,0.7728
peak_prom60,0413,1480,StarWars,205,0,1,0.4171,1.9875,0.7117
peak_prom60,0413,3529,Hakuna,205,0,1,0.2204,2.1237,0.7375
peak_prom60,0413,3581,Hakuna,205,0,1,0.3406,2.3261,0.5817
peak_prom60,0414,0243,Potter,139,1,1,0.7676,1.0061,0.8932
peak_prom60,0414,0824,Potter,139,1,1,0.6713,1.1638,0.8993
peak_prom60,0414,0999,StarWars,139,0,1,0.6334,2.3699,0.6203
peak_prom60,0414,1240,StarWars,139,0,1,0.5559,2.1358,0.4859
peak_prom60,0414,3969,Hakuna,139,0,1,0.6145,2.1918,0.4241
peak_prom60,0414,4035,Hakuna,139,0,1,0.6386,2.3469,0.3990
peak_prom60,0415,0246,Potter,190,1,1,0.3939,1.0395,0.7385
peak_prom60,0415,0410,Potter,190,1,1,0.5072,0.9631,0.8027
peak_prom60,0415,1077,StarWars,190,0,1,0.5108,1.2246,0.7213
peak_prom60,0415,1085,StarWars,190,0,1,0.4353,1.3397,0.4887
peak_prom60,0415,3625,Hakuna,190,0,1,0.4928,1.4754,0.5356
peak_prom60,0415,3898,Hakuna,190,0,1,0.6673,1.1263,0.7856
peak_prom60,0419,0582,Potter,57,1,1,0.2267,2.4374,0.2533
peak_prom60,0419,0801,Potter,57,1,1,0.2629,2.1872,0.5281
peak_prom60,0419,3745,Hakuna,57,0,1,0.4457,2.2888,0.4449
peak_prom60,0419,3802,Hakuna,57,0,1,0.3505,2.0619,0.6851
peak_prom60,0420,0489,Potter,87,1,1,0.6651,1.7202,0.7023
peak_prom60,0420,0684,Potter,87,1,1,0.6224,1.5717,0.7450
peak_prom60,0420,1090,StarWars,87,0,1,0.5355,1.8136,0.6852
peak_prom60,0420,1460,StarWars,87,0,1,0.7141,2.1542,0.5070
peak_prom60,0420,3341,Hakuna,87,0,1,0.5671,2.4020,0.2976
peak_prom60,0420,3728,Hakuna,87,0,1,0.5671,2.0506,0.5079
peak_prom60,0429,0454,Potter,111,1,1,0.1341,2.4069,0.6015
peak_prom60,0429,0940,StarWars,111,0,1,0.1922,2.4934,0.5126
peak_prom60,0430,0286,Potter,47,1,1,0.4680,1.7574,0.7880
peak_prom60,0430,0443,Potter,47,1,1,0.3456,2.0818,0.7505
peak_prom60,0430,1258,StarWars,47,0,1,0.5631,2.4454,0.4982
peak_prom60,0430,1300,StarWars,47,0,1,0.3068,2.3816,0.4977
peak_prom60,0430,4019,Hakuna,47,0,1,0.4893,2.4527,0.3892
peak_prom60,0430,4044,Hakuna,47,0,1,0.6718,2.0103,0.6055
peak_prom60,0431,0187,Potter,214,1,1,0.1967,2.2373,0.1983
peak_prom60,0431,0702,Potter,214,1,1,0.1177,1.8588,0.6099
peak_prom60,0431,1540,StarWars,214,0,1,0.2012,2.0827,0.3441
peak_prom60,0431,1618,StarWars,214,0,1,0.2116,1.7435,0.6198
peak_prom60,0431,3941,Hakuna,214,0,1,0.3577,1.9631,0.3277
peak_prom60,0431,4078,Hakuna,214,0,1,0.3070,1.9724,0.4974
peak_prom60,0444,0194,Potter,169,1,1,0.2053,2.5646,0.3414
peak_prom60,0444,0848,StarWars,169,0,1,0.0815,2.5577,0.6660
peak_prom60,0444,1533,StarWars,169,0,1,0.1818,2.5987,0.5103
peak_prom60,0444,3399,Hakuna,169,0,1,0.2962,2.5317,0.3671
peak_prom60,0444,3605,Hakuna,169,0,1,0.3511,2.4457,0.5224
peak_prom60,0446,0131,Potter,53,1,1,1.0497,0.7506,0.9238
peak_prom60,0446,0689,Potter,53,1,1,1.0337,1.1638,0.6807
peak_prom60,0446,1269,StarWars,53,0,1,0.6635,3.6556,-0.0444
peak_prom60,0446,1596,StarWars,53,0,1,0.6763,3.4402,0.0763
peak_prom60,0446,3585,Hakuna,53,0,1,0.5994,1.7781,0.7422
peak_prom60,0446,3856,Hakuna,53,0,1,0.5978,1.8547,0.7483
peak_prom60,0448,0202,Potter,164,1,1,0.5070,1.7447,0.7675
peak_prom60,0448,0293,Potter,164,1,1,0.6976,1.1703,0.9164
peak_prom60,0448,1315,StarWars,164,0,1,0.7080,1.8994,0.6924
peak_prom60,0448,1482,StarWars,164,0,1,0.5227,1.8728,0.7137
peak_prom60,0448,3746,Hakuna,164,0,1,0.6573,2.0976,0.6688
peak_prom60,0448,3954,Hakuna,164,0,1,0.7115,1.8593,0.6884
peak_prom60,0452,0484,Potter,162,1,1,0.5119,1.3674,0.8842
peak_prom60,0452,0599,Potter,162,1,1,0.5341,1.3675,0.9095
peak_prom60,0452,1508,StarWars,162,0,1,0.6434,2.8943,0.6202
peak_prom60,0452,1606,StarWars,162,0,1,0.6577,2.3648,0.7490
peak_prom60,0453,0377,Potter,234,1,1,0.5527,2.9895,0.6637
peak_prom60,0453,0406,Potter,234,1,1,0.8688,2.0823,0.8174
peak_prom60,0453,0906,StarWars,234,0,1,0.9245,3.0896,0.6438
peak_prom60,0453,3484,Hakuna,234,0,1,0.7972,2.9115,0.8141
peak_prom60,0453,3975,Hakuna,234,0,1,0.8688,3.1213,0.6592
peak_prom60,0455,0758,Potter,175,1,1,0.1076,3.5448,0.5315
peak_prom60,0463,0286,Potter,47,1,1,0.5428,1.5060,0.7743
peak_prom60,0463,0443,Potter,47,1,1,0.4009,1.9894,0.6472
peak_prom60,0463,1258,StarWars,47,0,1,0.6532,2.3459,0.3983
peak_prom60,0463,1300,StarWars,47,0,1,0.3559,2.0398,0.5429
peak_prom60,0463,4019,Hakuna,47,0,1,0.5676,2.1850,0.5101
peak_prom60,0463,4044,Hakuna,47,0,1,0.7793,1.8944,0.6473
peak_prom60,0466,0181,Potter,13,1,1,0.6151,1.5790,0.7812
peak_prom60,0466,0299,Potter,13,1,1,0.4623,1.8097,0.6860
peak_prom60,0466,1619,StarWars,13,0,1,0.4004,2.0401,0.5706
peak_prom60,0466,3353,Hakuna,13,0,1,0.5010,2.2771,0.4029
peak_prom60,0466,4020,Hakuna,13,0,1,0.5629,1.6115,0.7128
peak_prom60,0472,0275,Potter,33,1,1,0.5473,1.6064,0.8836
peak_prom60,0472,0468,Potter,33,1,1,0.5762,1.5905,0.8688
peak_prom60,0472,0888,StarWars,33,0,1,0.4299,3.2112,0.4603
peak_prom60,0472,1174,StarWars,33,0,1,0.2744,3.4288,0.2144
peak_prom60,0472,3868,Hakuna,33,0,1,0.4634,3.3104,0.3441
peak_prom60,0474,0182,Potter,61,1,1,0.6450,1.9321,0.7532
peak_prom60,0474,0336,Potter,61,1,1,0.4978,2.8474,0.3628
peak_prom60,0474,1236,StarWars,61,0,1,0.2900,1.8054,0.6452
peak_prom60,0474,1318,StarWars,61,0,1,0.5758,2.3603,0.4033
peak_prom60,0474,3492,Hakuna,61,0,1,0.3160,1.8286,0.4252
peak_prom60,0474,3524,Hakuna,61,0,1,0.1861,2.1493,0.4414
peak_prom60,0478,0145,Potter,141,1,1,0.2106,3.1757,0.6029
peak_prom60,0478,1636,StarWars,141,0,1,0.4192,2.5401,0.1291
peak_prom60,0478,3687,Hakuna,141,0,1,0.3211,2.4070,0.4743
peak_prom60,0485,0649,Potter,197,1,1,0.4256,1.9378,0.8296
peak_prom60,0485,0688,Potter,197,1,1,0.5203,1.7360,0.8324
peak_prom60,0485,0921,StarWars,197,0,1,0.5549,2.2548,0.6422
peak_prom60,0485,1322,StarWars,197,0,1,0.3534,2.3906,0.7596
peak_prom60,0485,3512,Hakuna,197,0,1,0.5308,2.2138,0.6966
peak_prom60,0485,3851,Hakuna,197,0,1,0.5368,2.0364,0.8239
peak_prom60,0491,0008,Potter,213,1,1,0.8379,0.4609,0.9862
peak_prom60,0491,0681,Potter,213,1,1,0.8299,0.5924,0.9898
peak_prom60,0491,0860,StarWars,213,0,1,0.9358,2.2445,0.7810
peak_prom60,0491,1317,StarWars,213,0,1,0.8668,2.4095,0.7675
peak_prom60,0491,3548,Hakuna,213,0,1,0.5329,2.2688,0.7939
peak_prom60,0491,3720,Hakuna,213,0,1,0.6067,2.3778,0.7212
peak_prom60,0493,0282,Potter,8,1,1,0.7529,2.0398,0.7055
peak_prom60,0493,1046,StarWars,8,0,1,0.5655,2.2926,0.4751
peak_prom60,0493,1667,StarWars,8,0,1,0.4710,2.2164,0.5896
peak_prom60,0493,3795,Hakuna,8,0,1,0.4909,2.1132,0.6442
peak_prom60,0493,4144,Hakuna,8,0,1,0.4925,2.1661,0.6069
peak_prom60,0494,0808,Potter,171,1,1,0.5477,1.4530,0.8052
peak_prom60,0494,1079,StarWars,171,0,1,0.5883,2.0368,0.5589
peak_prom60,0494,1112,StarWars,171,0,1,0.2721,2.2916,0.4595
peak_prom60,0495,0125,Potter,205,1,1,0.3964,1.8653,0.7686
peak_prom60,0495,0359,Potter,205,1,1,0.1940,1.9947,0.6416
peak_prom60,0495,0966,StarWars,205,0,1,0.4295,1.8682,0.5809
peak_prom60,0495,1480,StarWars,205,0,1,0.3798,2.2480,0.3984
peak_prom60,0495,3529,Hakuna,205,0,1,0.2007,2.0675,0.7002
peak_prom60,0495,3581,Hakuna,205,0,1,0.3101,2.1985,0.6233
peak_prom60,0496,1646,StarWars,212,0,1,0.0790,2.3347,0.0753
peak_prom60,0496,3761,Hakuna,212,0,1,0.1343,2.0851,0.6121
peak_prom60,0498,0613,Potter,137,1,1,0.5562,1.5519,0.8071
peak_prom60,0498,0788,Potter,137,1,1,0.4012,2.2129,0.5796
peak_prom60,0498,1163,StarWars,137,0,1,0.5532,1.8773,0.7532
peak_prom60,0498,1177,StarWars,137,0,1,0.4407,1.9833,0.7066
peak_prom60,0498,3594,Hakuna,137,0,1,0.8176,1.8886,0.7163
peak_prom60,0498,3944,Hakuna,137,0,1,0.7082,2.2377,0.6059
peak_prom60,0499,0177,Potter,14,1,1,0.3603,2.7424,0.4714
peak_prom60,0499,0774,Potter,14,1,1,0.4074,2.1933,0.7041
peak_prom60,0499,1435,StarWars,14,0,1,0.4471,2.5065,0.6427
peak_prom60,0499,1519,StarWars,14,0,1,0.4206,2.4294,0.6650
peak_prom60,0499,3682,Hakuna,14,0,1,0.3088,2.6704,0.6416
peak_prom60,0499,3807,Hakuna,14,0,1,0.3088,3.0032,0.0249
peak_prom60,0500,0757,Potter,9,1,1,0.3002,2.1477,0.4954
peak_prom60,0507,0699,Potter,154,1,1,0.4381,1.4292,0.6677
peak_prom60,0507,0790,Potter,154,1,1,0.5162,1.3542,0.6352
peak_prom60,0507,1008,StarWars,154,0,1,0.1543,1.7695,0.3720
peak_prom60,0507,1152,StarWars,154,0,1,0.2286,2.0009,0.4502
peak_prom60,0507,3375,Hakuna,154,0,1,0.1010,2.1305,0.3193
peak_prom60,0507,3762,Hakuna,154,0,1,0.4324,1.6488,0.5304
peak_prom60,0510,0437,Potter,40,1,1,0.2125,1.6686,0.8404
peak_prom60,0510,0892,StarWars,40,0,1,0.1487,2.4221,0.7018
peak_prom60,0510,1600,StarWars,40,0,1,0.2112,2.5799,0.6173
peak_prom60,0510,3966,Hakuna,40,0,1,0.3108,3.2720,0.4581
peak_prom60,0510,4094,Hakuna,40,0,1,0.2165,3.2080,0.5501
peak_prom60,0512,0356,Potter,196,1,1,0.7456,1.3064,0.9447
peak_prom60,0512,0686,Potter,196,1,1,0.6504,1.4350,0.9037
peak_prom60,0512,0907,StarWars,196,0,1,0.5531,2.3111,0.7521
peak_prom60,0512,1611,StarWars,196,0,1,0.5796,2.4399,0.7485
peak_prom60,0512,4056,Hakuna,196,0,1,0.7279,2.6273,0.6421
peak_prom60,0512,4082,Hakuna,196,0,1,0.7832,2.3861,0.6913
peak_prom60,0515,0273,Potter,172,1,1,0.4838,2.3585,0.7287
peak_prom60,0515,1064,StarWars,172,0,1,0.5039,2.6394,0.7414
peak_prom60,0515,1498,StarWars,172,0,1,0.3539,2.9610,0.5810
peak_prom60,0515,3708,Hakuna,172,0,1,0.4529,3.1621,0.3867
peak_prom60,0515,4145,Hakuna,172,0,1,0.6182,2.8334,0.7237
peak_prom60,0526,0732,Potter,150,1,1,0.3207,2.3758,0.6706
peak_prom60,0526,0825,Potter,150,1,1,0.3949,2.7821,0.4697
peak_prom60,0526,0844,StarWars,150,0,1,0.7935,2.8805,0.5506
peak_prom60,0526,1510,StarWars,150,0,1,0.7391,2.6761,0.6145
peak_prom60,0526,3493,Hakuna,150,0,1,0.3822,2.5906,0.5323
peak_prom60,0526,3767,Hakuna,150,0,1,0.2953,2.1201,0.6527
peak_prom60,0527,0326,Potter,23,1,1,0.9505,1.2725,0.7696
peak_prom60,0527,0682,Potter,23,1,1,0.3960,1.8838,0.6355
peak_prom60,0527,1335,StarWars,23,0,1,0.6218,2.4777,0.4235
peak_prom60,0527,1448,StarWars,23,0,1,0.4594,2.4834,0.2782
peak_prom60,0530,0071,Potter,109,1,1,0.6260,2.8381,0.5128
peak_prom60,0530,0388,Potter,109,1,1,0.8881,2.4612,0.5877
peak_prom60,0530,0986,StarWars,109,0,1,0.8481,3.0362,0.3861
peak_prom60,0530,1078,StarWars,109,0,1,0.9165,3.4118,0.3027
peak_prom60,0530,3457,Hakuna,109,0,1,0.7362,2.3606,0.6359
peak_prom60,0530,3837,Hakuna,109,0,1,0.6528,2.5482,0.5652
peak_prom60,0540,0319,Potter,54,1,1,0.6777,1.4858,0.8353
peak_prom60,0540,0573,Potter,54,1,1,0.6475,1.4011,0.8695
peak_prom60,0540,0885,StarWars,54,0,1,0.8576,2.5310,0.7227
peak_prom60,0540,1561,StarWars,54,0,1,0.5655,3.1169,0.6479
peak_prom60,0540,3395,Hakuna,54,0,1,0.6475,1.9142,0.8131
peak_prom60,0540,3880,Hakuna,54,0,1,0.6173,2.3337,0.7207
peak_prom60,0543,0454,Potter,111,1,1,0.1237,2.7297,0.6301
peak_prom60,0543,0940,StarWars,111,0,1,0.1773,2.7058,0.6660
peak_prom60,0545,3876,Hakuna,216,0,1,0.0913,3.4559,0.3770
peak_prom60,0549,0361,Potter,46,1,1,0.6714,0.7291,0.9540
peak_prom60,0549,0632,Potter,46,1,1,0.4893,1.6121,0.8370
peak_prom60,0549,0841,StarWars,46,0,1,0.5125,2.3337,0.6554
peak_prom60,0549,1237,StarWars,46,0,1,0.4857,2.0954,0.7077
peak_prom60,0549,3661,Hakuna,46,0,1,0.5857,1.4779,0.8230
peak_prom60,0549,4156,Hakuna,46,0,1,0.7125,1.3666,0.8124
peak_prom60,0555,0295,Potter,83,1,1,0.5695,2.1283,0.7798
peak_prom60,0555,0648,Potter,83,1,1,0.7471,1.2208,0.9159
peak_prom60,0555,1165,StarWars,83,0,1,0.7035,2.6707,0.7041
peak_prom60,0555,1491,StarWars,83,0,1,0.6549,2.9454,0.5763
peak_prom60,0555,3452,Hakuna,83,0,1,0.8291,3.5454,0.4292
peak_prom60,0555,4101,Hakuna,83,0,1,0.7119,3.5457,0.4479
peak_prom60,0561,1334,StarWars,128,0,1,0.1295,3.1772,0.1934
peak_prom60,0579,0275,Potter,33,1,1,0.5837,1.4218,0.8744
peak_prom60,0579,0468,Potter,33,1,1,0.6146,1.4914,0.9011
peak_prom60,0579,0888,StarWars,33,0,1,0.4585,3.1136,0.5150
peak_prom60,0579,1174,StarWars,33,0,1,0.2927,3.3815,0.3236
peak_prom60,0579,3868,Hakuna,33,0,1,0.4943,3.2971,0.4242
peak_prom60,0580,0060,Potter,222,1,1,0.7517,1.3955,0.8906
peak_prom60,0580,0107,Potter,222,1,1,0.8571,1.1016,0.9166
peak_prom60,0580,0959,StarWars,222,0,1,0.5238,2.1974,0.7623
peak_prom60,0580,1276,StarWars,222,0,1,0.5374,2.7082,0.4641
peak_prom60,0580,4064,Hakuna,222,0,1,0.8469,2.0603,0.7795
peak_prom60,0580,4085,Hakuna,222,0,1,0.9252,2.0847,0.7014
peak_prom60,0581,0352,Potter,220,1,1,0.1218,2.2825,0.4732
peak_prom60,0581,0755,Potter,220,1,1,0.4432,2.1941,0.5809
peak_prom60,0586,0386,Potter,184,1,1,0.4081,2.7033,0.6389
peak_prom60,0586,0729,Potter,184,1,1,0.3969,1.5371,0.8639
peak_prom60,0586,0887,StarWars,184,0,1,0.1725,3.8126,-0.0385
peak_prom60,0586,3612,Hakuna,184,0,1,0.3619,3.2210,0.4234
peak_prom60,0586,3844,Hakuna,184,0,1,0.4404,2.6512,0.5904
peak_prom60,0588,1646,StarWars,212,0,1,0.0693,3.5534,0.1301
peak_prom60,0588,3761,Hakuna,212,0,1,0.1179,3.2241,0.6211
peak_prom60,0592,0182,Potter,61,1,1,0.6667,1.8718,0.8026
peak_prom60,0592,0336,Potter,61,1,1,0.5145,3.5603,0.0023
peak_prom60,0592,1236,StarWars,61,0,1,0.2998,2.3525,0.6116
peak_prom60,0592,1318,StarWars,61,0,1,0.5951,2.6050,0.5548
peak_prom60,0592,3492,Hakuna,61,0,1,0.3266,2.7155,0.2637
peak_prom60,0592,3524,Hakuna,61,0,1,0.1924,2.5310,0.5761
peak_prom60,0594,0425,Potter,5,1,1,0.7362,1.5716,0.8493
peak_prom60,0594,0528,Potter,5,1,1,0.7968,1.4943,0.8178
peak_prom60,0594,0854,StarWars,5,0,1,0.6474,2.4444,0.5529
peak_prom60,0594,1444,StarWars,5,0,1,0.6447,2.6458,0.4750
peak_prom60,0594,3606,Hakuna,5,0,1,0.5747,2.3298,0.6225
peak_prom60,0594,3860,Hakuna,5,0,1,0.5276,2.5961,0.4665
peak_prom60,0601,0187,Potter,214,1,1,0.2082,2.6929,0.3317
peak_prom60,0601,0702,Potter,214,1,1,0.1246,2.2547,0.6193
peak_prom60,0601,1540,StarWars,214,0,1,0.2129,2.6423,0.3377
peak_prom60,0601,1618,StarWars,214,0,1,0.2240,2.4305,0.4724
peak_prom60,0601,3941,Hakuna,214,0,1,0.3785,2.3223,0.5305
peak_prom60,0601,4078,Hakuna,214,0,1,0.3249,2.5222,0.2288
peak_prom60,0602,0787,Potter,136,1,1,1.0736,2.3801,0.4198
peak_prom60,0602,0837,Potter,136,1,1,1.1401,2.4029,0.4385
peak_prom60,0602,1004,StarWars,136,0,1,1.0263,2.4129,0.3363
peak_prom60,0602,1042,StarWars,136,0,1,1.1436,2.3987,0.3684
peak_prom60,0602,3526,Hakuna,136,0,1,1.1821,2.4490,0.3202
peak_prom60,0602,3943,Hakuna,136,0,1,1.1821,2.4486,0.3202
peak_prom60,0604,0713,Potter,3,1,1,0.1642,2.0891,0.8267
peak_prom60,0604,0748,Potter,3,1,1,0.1328,2.7926,0.4695
peak_prom60,0611,0124,Potter,58,1,1,0.8998,1.1256,0.8842
peak_prom60,0611,0467,Potter,58,1,1,1.0150,1.2601,0.8849
peak_prom60,0611,1178,StarWars,58,0,1,0.8915,2.4965,0.4994
peak_prom60,0611,1262,StarWars,58,0,1,0.9349,2.2237,0.6798
peak_prom60,0611,3556,Hakuna,58,0,1,0.6778,1.9778,0.7828
peak_prom60,0611,3668,Hakuna,58,0,1,0.7162,2.1276,0.6814
peak_prom60,0615,0623,Potter,10,1,1,0.8285,1.3546,0.8982
peak_prom60,0615,0830,Potter,10,1,1,0.7592,1.4308,0.8482
peak_prom60,0615,1176,StarWars,10,0,1,0.8651,1.9592,0.5830
peak_prom60,0615,1321,StarWars,10,0,1,0.7707,2.1393,0.4943
peak_prom60,0615,3717,Hakuna,10,0,1,0.7592,1.9579,0.7223
peak_prom60,0615,3891,Hakuna,10,0,1,0.5973,1.9655,0.5893
peak_prom60,0624,0326,Potter,23,1,1,1.0619,1.9545,0.7918
peak_prom60,0624,0682,Potter,23,1,1,0.4425,2.8404,0.4271
peak_prom60,0624,1335,StarWars,23,0,1,0.6947,2.5219,0.6509
peak_prom60,0624,1448,StarWars,23,0,1,0.5133,3.3078,0.2978
peak_prom60,0626,0254,Potter,129,1,1,0.8065,1.0809,0.9128
peak_prom60,0626,0554,Potter,129,1,1,0.8065,1.0456,0.9423
peak_prom60,0626,1014,StarWars,129,0,1,0.1962,2.0944,0.8042
peak_prom60,0626,1167,StarWars,129,0,1,0.3433,2.2778,0.7448
peak_prom60,0626,3576,Hakuna,129,0,1,0.3951,2.9076,0.4796
peak_prom60,0626,3651,Hakuna,129,0,1,0.3978,3.2564,0.3516
peak_prom60,0628,0055,Potter,200,1,1,0.7107,1.6903,0.7689
peak_prom60,0628,0417,Potter,200,1,1,0.5804,2.3368,0.6500
peak_prom60,0628,1015,StarWars,200,0,1,0.6196,2.5613,0.5705
peak_prom60,0628,1626,StarWars,200,0,1,0.5679,2.8994,0.3969
peak_prom60,0628,3586,Hakuna,200,0,1,0.5643,2.6204,0.3114
peak_prom60,0628,3862,Hakuna,200,0,1,0.5964,2.2817,0.5536
peak_prom60,0630,0666,Potter,185,1,1,0.3143,3.0966,0.5292
peak_prom60,0630,1173,StarWars,185,0,1,0.2503,3.0995,0.3399
peak_prom60,0630,3561,Hakuna,185,0,1,0.5049,2.9371,0.5839
peak_prom60,0640,0236,Potter,170,1,1,0.1512,3.0941,-0.1674
peak_prom60,0640,0668,Potter,170,1,1,0.5184,2.5864,0.7201
peak_prom60,0640,1565,StarWars,170,0,1,0.5683,2.7613,0.7458
peak_prom60,0641,0282,Potter,8,1,1,0.8195,2.8051,0.5647
peak_prom60,0641,1046,StarWars,8,0,1,0.6155,2.8975,0.5599
peak_prom60,0641,1667,StarWars,8,0,1,0.5126,2.8725,0.5379
peak_prom60,0641,3795,Hakuna,8,0,1,0.5343,2.9362,0.5240
peak_prom60,0641,4144,Hakuna,8,0,1,0.5361,2.8546,0.5415
peak_prom60,0643,0649,Potter,197,1,1,0.4168,2.0110,0.8272
peak_prom60,0643,0688,Potter,197,1,1,0.5096,1.8998,0.8128
peak_prom60,0643,0921,StarWars,197,0,1,0.5434,2.3951,0.6436
peak_prom60,0643,1322,StarWars,197,0,1,0.3461,2.5361,0.7536
peak_prom60,0643,3512,Hakuna,197,0,1,0.5199,2.2813,0.7004
peak_prom60,0643,3851,Hakuna,197,0,1,0.5258,2.1160,0.8169
peak_prom60,0644,0350,Potter,72,1,1,0.3867,1.1879,0.9190
peak_prom60,0644,0506,Potter,72,1,1,0.3981,1.2756,0.9114
peak_prom60,0644,1215,StarWars,72,0,1,0.4660,2.5672,0.6605
peak_prom60,0644,1478,StarWars,72,0,1,0.6731,3.0551,0.5783
peak_prom60,0644,3666,Hakuna,72,0,1,0.5485,1.4433,0.8448
peak_prom60,0644,4069,Hakuna,72,0,1,0.5712,1.6929,0.7566
peak_prom60,0653,0623,Potter,10,1,1,0.8687,1.3774,0.8948
peak_prom60,0653,0830,Potter,10,1,1,0.7960,1.3792,0.8199
peak_prom60,0653,1176,StarWars,10,0,1,0.9071,2.1665,0.5224
peak_prom60,0653,1321,StarWars,10,0,1,0.8081,2.2484,0.2462
peak_prom60,0653,3717,Hakuna,10,0,1,0.7960,2.0012,0.7012
peak_prom60,0653,3891,Hakuna,10,0,1,0.6263,1.9955,0.6245
peak_prom60,0655,0470,Potter,91,1,1,0.9249,1.5127,0.7671
peak_prom60,0655,0596,Potter,91,1,1,0.9769,1.3523,0.8294
peak_prom60,0655,1006,StarWars,91,0,1,0.9769,2.2365,0.4868
peak_prom60,0655,1366,StarWars,91,0,1,1.0077,2.1688,0.4980
peak_prom60,0655,3411,Hakuna,91,0,1,0.9653,2.2752,0.4564
peak_prom60,0655,3440,Hakuna,91,0,1,0.8863,2.5245,0.1963
peak_prom60,0656,0288,Potter,208,1,1,0.7516,2.3936,0.6641
peak_prom60,0656,0482,Potter,208,1,1,0.7003,2.4218,0.6352
peak_prom60,0656,1399,StarWars,208,0,1,0.3292,2.5440,0.2706
peak_prom60,0656,1436,StarWars,208,0,1,0.1801,2.5148,0.4009
peak_prom60,0656,3519,Hakuna,208,0,1,0.2189,2.4045,0.6636
peak_prom60,0657,0279,Potter,223,1,1,0.3977,2.5570,0.6672
peak_prom60,0657,0609,Potter,223,1,1,0.3934,2.3987,0.7374
peak_prom60,0657,1197,StarWars,223,0,1,0.1660,3.4723,0.2939
peak_prom60,0657,3343,Hakuna,223,0,1,0.3305,3.1289,0.3707
peak_prom60,0657,4153,Hakuna,223,0,1,0.3348,2.9765,0.5053
peak_prom60,0664,0271,Potter,121,1,1,0.6763,1.9877,0.7041
peak_prom60,0664,0416,Potter,121,1,1,0.4952,2.4226,0.5449
peak_prom60,0664,0852,StarWars,121,0,1,0.7585,2.3298,0.6353
peak_prom60,0664,1525,StarWars,121,0,1,0.5894,2.6388,0.4225
peak_prom60,0664,3647,Hakuna,121,0,1,0.4928,2.5527,0.5368
peak_prom60,0664,4058,Hakuna,121,0,1,0.5531,2.2500,0.6970
peak_prom60,0676,0531,Potter,105,1,1,0.4960,1.7088,0.7701
peak_prom60,0676,0583,Potter,105,1,1,0.4753,1.9533,0.6401
peak_prom60,0676,1579,StarWars,105,0,1,0.5215,2.8427,0.7078
peak_prom60,0676,3587,Hakuna,105,0,1,0.4163,3.3168,0.4501
peak_prom60,0676,3906,Hakuna,105,0,1,0.5120,2.5374,0.6959
peak_prom60,0677,0044,Potter,217,1,1,0.4875,1.6663,0.8340
peak_prom60,0677,0101,Potter,217,1,1,0.5655,1.2019,0.8985
peak_prom60,0677,1131,StarWars,217,0,1,0.5110,2.4364,0.4199
peak_prom60,0677,1509,StarWars,217,0,1,0.5611,2.2415,0.4945
peak_prom60,0677,3701,Hakuna,217,0,1,0.1075,3.0415,0.2490
peak_prom60,0677,4103,Hakuna,217,0,1,0.1959,2.9303,0.5192
peak_prom60,0683,0136,Potter,144,1,1,0.3767,2.4461,0.7315
peak_prom60,0683,0330,Potter,144,1,1,0.3190,2.6942,0.5135
peak_prom60,0683,1216,StarWars,144,0,1,0.1823,2.8215,0.6651
peak_prom60,0683,1421,StarWars,144,0,1,0.2306,2.5826,0.6844
peak_prom60,0683,3420,Hakuna,144,0,1,0.2118,3.0246,0.3760
peak_prom60,0683,3673,Hakuna,144,0,1,0.2440,2.8711,0.4852
peak_prom60,0685,0808,Potter,171,1,1,0.5124,1.2820,0.7521
peak_prom60,0685,1079,StarWars,171,0,1,0.5504,1.5379,0.5713
peak_prom60,0685,1112,StarWars,171,0,1,0.2545,2.0592,0.3861
peak_prom60,0704,0489,Potter,87,1,1,0.6084,2.0448,0.3704
peak_prom60,0704,0684,Potter,87,1,1,0.5694,1.3269,0.6992
peak_prom60,0704,1090,StarWars,87,0,1,0.4899,1.3835,0.6324
peak_prom60,0704,1460,StarWars,87,0,1,0.6532,1.7306,0.4571
peak_prom60,0704,3341,Hakuna,87,0,1,0.5188,1.7614,0.3753
peak_prom60,0704,3728,Hakuna,87,0,1,0.5188,1.4271,0.6423
peak_prom60,0705,0186,Potter,22,1,1,0.4701,1.5119,0.7645
peak_prom60,0705,1340,StarWars,22,0,1,0.2500,2.6304,0.3998
peak_prom60,0705,3791,Hakuna,22,0,1,0.7077,2.0638,0.5802
peak_prom60,0705,3834,Hakuna,22,0,1,0.7289,2.2741,0.5073
peak_prom60,0709,0246,Potter,190,1,1,0.3782,1.1517,0.7746
peak_prom60,0709,0410,Potter,190,1,1,0.4870,0.9836,0.8852
peak_prom60,0709,1077,StarWars,190,0,1,0.4905,1.3407,0.7154
peak_prom60,0709,1085,StarWars,190,0,1,0.4180,1.4974,0.5851
peak_prom60,0709,3625,Hakuna,190,0,1,0.4732,1.7173,0.5289
peak_prom60,0709,3898,Hakuna,190,0,1,0.6408,1.4680,0.7268
peak_prom60,0712,0071,Potter,109,1,1,0.5443,2.6217,0.5542
peak_prom60,0712,0388,Potter,109,1,1,0.7721,2.2262,0.6967
peak_prom60,0712,0986,StarWars,109,0,1,0.7373,1.9315,0.7503
peak_prom60,0712,1078,StarWars,109,0,1,0.7968,2.1849,0.6974
peak_prom60,0712,3457,Hakuna,109,0,1,0.6401,2.6633,0.5413
peak_prom60,0712,3837,Hakuna,109,0,1,0.5675,2.5497,0.5864
peak_prom60,0716,0229,Potter,230,1,1,0.4765,1.7036,0.8978
peak_prom60,0716,0245,Potter,230,1,1,0.4971,1.6547,0.9094
peak_prom60,0716,1010,StarWars,230,0,1,0.1382,2.8178,0.5562
peak_prom60,0716,1048,StarWars,230,0,1,0.3397,3.5408,0.6089
peak_prom60,0716,3670,Hakuna,230,0,1,0.3544,2.2224,0.7869
peak_prom60,0716,3702,Hakuna,230,0,1,0.3647,1.8833,0.7865
peak_prom60,0717,0595,Potter,26,1,1,0.3676,1.1230,0.7059
peak_prom60,0717,0768,Potter,26,1,1,0.2831,1.4656,0.5638
peak_prom60,0717,1087,StarWars,26,0,1,0.1893,1.5450,0.3157
peak_prom60,0717,1132,StarWars,26,0,1,0.1618,1.4570,0.3555
peak_prom60,0718,0017,Potter,70,1,1,0.6382,1.6694,0.6784
peak_prom60,0718,0161,Potter,70,1,1,0.7730,1.3789,0.8085
peak_prom60,0718,0929,StarWars,70,0,1,0.3569,2.1470,0.4923
peak_prom60,0718,3334,Hakuna,70,0,1,0.5576,1.9355,0.5181
peak_prom60,0718,3384,Hakuna,70,0,1,0.3306,1.5189,0.7377
peak_prom60,0733,0202,Potter,164,1,1,0.4361,2.2317,0.6465
peak_prom60,0733,0293,Potter,164,1,1,0.6000,1.5758,0.8812
peak_prom60,0733,1315,StarWars,164,0,1,0.6090,2.8937,0.3338
peak_prom60,0733,1482,StarWars,164,0,1,0.4496,2.3401,0.6574
peak_prom60,0733,3746,Hakuna,164,0,1,0.5654,2.4514,0.7382
peak_prom60,0733,3954,Hakuna,164,0,1,0.6120,2.3017,0.6992
peak_prom60,0734,0927,StarWars,201,0,1,0.1558,1.4907,0.6038
peak_prom60,0734,1129,StarWars,201,0,1,0.2626,1.4841,0.5113
peak_prom60,0740,0997,StarWars,135,0,1,0.1761,2.3954,0.1917
peak_prom60,0740,3501,Hakuna,135,0,1,0.2296,2.0648,0.5177
peak_prom60,0740,4070,Hakuna,135,0,1,0.2846,2.3128,0.1453
peak_prom60,0741,0756,Potter,219,1,1,0.4262,2.8069,0.6090
peak_prom60,0741,0805,Potter,219,1,1,0.6100,2.8876,0.5052
peak_prom60,0741,0988,StarWars,219,0,1,0.3705,2.9486,0.4982
peak_prom60,0741,1255,StarWars,219,0,1,0.2758,3.0529,0.1598
peak_prom60,0741,3355,Hakuna,219,0,1,0.6602,2.8747,0.5557
peak_prom60,0741,3635,Hakuna,219,0,1,0.4986,2.8002,0.4548
peak_prom60,0742,0017,Potter,70,1,1,0.6929,1.6174,0.6320
peak_prom60,0742,0161,Potter,70,1,1,0.8393,1.4368,0.7876
peak_prom60,0742,0929,StarWars,70,0,1,0.3875,2.2601,0.3869
peak_prom60,0742,3334,Hakuna,70,0,1,0.6054,2.0592,0.2957
peak_prom60,0742,3384,Hakuna,70,0,1,0.3589,1.8617,0.5267
peak_prom60,0743,0394,Potter,215,1,1,0.9984,3.2445,0.5299
peak_prom60,0743,0975,StarWars,215,0,1,0.7099,2.2900,0.7762
peak_prom60,0743,1423,StarWars,215,0,1,0.8462,2.5280,0.7422
peak_prom60,0743,3480,Hakuna,215,0,1,0.8333,2.0111,0.8072
peak_prom60,0743,3858,Hakuna,215,0,1,0.8718,1.9484,0.8243
peak_prom60,0746,0427,Potter,174,1,1,0.5021,1.1035,0.8654
peak_prom60,0746,0577,Potter,174,1,1,0.4895,1.2161,0.8332
peak_prom60,0746,1403,StarWars,174,0,1,0.3566,1.9588,0.4743
peak_prom60,0746,1502,StarWars,174,0,1,0.5049,2.4854,0.3160
peak_prom60,0746,3424,Hakuna,174,0,1,0.4028,1.8370,0.5887
peak_prom60,0746,4122,Hakuna,174,0,1,0.2755,1.7603,0.6658
peak_prom60,0751,0373,Potter,122,1,1,0.1967,2.6901,0.8237
peak_prom60,0751,0547,Potter,122,1,1,0.1343,2.8059,0.7586
peak_prom60,0766,1646,StarWars,212,0,1,0.0723,2.7535,0.2593
peak_prom60,0766,3761,Hakuna,212,0,1,0.1228,2.5249,0.5844
peak_prom60,0767,0019,Potter,73,1,1,0.4769,1.9530,0.7843
peak_prom60,0767,0078,Potter,73,1,1,0.5969,1.7461,0.8713
peak_prom60,0767,1154,StarWars,73,0,1,0.4246,2.2639,0.7377
peak_prom60,0767,1359,StarWars,73,0,1,0.5154,2.6132,0.4706
peak_prom60,0767,3857,Hakuna,73,0,1,0.4769,2.5860,0.6347
peak_prom60,0770,0194,Potter,169,1,1,0.2070,2.9689,0.4881
peak_prom60,0770,0848,StarWars,169,0,1,0.0821,3.3091,0.3119
peak_prom60,0770,1533,StarWars,169,0,1,0.1833,3.3160,0.3555
peak_prom60,0770,3399,Hakuna,169,0,1,0.2986,3.2790,0.1844
peak_prom60,0770,3605,Hakuna,169,0,1,0.3539,3.0800,0.5309
peak_prom60,0776,3654,Hakuna,82,0,1,0.3628,3.4744,-0.1225
peak_prom60,0781,3410,Hakuna,69,0,1,0.4371,3.1047,0.2286
peak_prom60,0782,0927,StarWars,201,0,1,0.1466,1.3166,0.5261
peak_prom60,0782,1129,StarWars,201,0,1,0.2472,1.3446,0.4772
peak_prom60,0791,0073,Potter,189,1,1,0.4390,1.8050,0.8327
peak_prom60,0791,0298,Potter,189,1,1,0.4321,2.1707,0.7953
peak_prom60,0791,1251,StarWars,189,0,1,0.5941,3.0895,0.5585
peak_prom60,0791,1497,StarWars,189,0,1,0.5383,3.0856,0.4895
peak_prom60,0791,3342,Hakuna,189,0,1,0.5976,2.5494,0.7339
peak_prom60,0792,0371,Potter,52,1,1,0.2933,4.0374,0.4845
peak_prom60,0792,0529,Potter,52,1,1,0.3289,3.1617,0.4542
peak_prom60,0792,0954,StarWars,52,0,1,0.3356,3.1252,0.4164
peak_prom60,0792,1331,StarWars,52,0,1,0.3978,2.9994,0.4955
peak_prom60,0792,3349,Hakuna,52,0,1,0.7600,2.8570,0.3701
peak_prom60,0792,3915,Hakuna,52,0,1,0.7800,2.7240,0.5871
peak_prom60,0794,1314,StarWars,43,0,1,0.4392,3.2987,0.4578
peak_prom60,0794,1490,StarWars,43,0,1,0.2763,2.3026,0.6872
peak_prom60,0794,3478,Hakuna,43,0,1,0.2680,3.0597,0.1732
peak_prom60,0806,0633,Potter,231,1,1,0.0875,2.4637,0.8133
peak_prom60,0806,0803,Potter,231,1,1,0.1997,2.0936,0.7608
peak_prom60,0806,1605,StarWars,231,0,1,0.0679,2.8454,0.6621
peak_prom60,0806,4112,Hakuna,231,0,1,0.0966,2.6794,0.6385
peak_prom60,0807,0508,Potter,120,1,1,0.9302,0.7777,0.9733
peak_prom60,0807,0559,Potter,120,1,1,0.8331,0.7687,0.9743
peak_prom60,0807,0878,StarWars,120,0,1,0.5675,3.0422,0.5629
peak_prom60,0807,1449,StarWars,120,0,1,0.5266,3.1774,0.4669
peak_prom60,0807,3503,Hakuna,120,0,1,0.3566,2.8041,0.5189
peak_prom60,0807,3549,Hakuna,120,0,1,0.4947,3.6390,0.0935
peak_prom60,0809,0461,Potter,198,1,1,0.1717,2.4786,0.1324
peak_prom60,0810,0371,Potter,52,1,1,0.2391,4.0179,0.3932
peak_prom60,0810,0529,Potter,52,1,1,0.2681,3.0006,0.0608
peak_prom60,0810,0954,StarWars,52,0,1,0.2736,2.4634,0.4661
peak_prom60,0810,1331,StarWars,52,0,1,0.3243,2.4039,0.5311
peak_prom60,0810,3349,Hakuna,52,0,1,0.6196,2.2001,0.5667
peak_prom60,0810,3915,Hakuna,52,0,1,0.6359,2.2672,0.4676
peak_prom60,0811,0350,Potter,72,1,1,0.4338,1.2402,0.9034
peak_prom60,0811,0506,Potter,72,1,1,0.4465,1.3275,0.8969
peak_prom60,0811,1215,StarWars,72,0,1,0.5227,2.6201,0.6864
peak_prom60,0811,1478,StarWars,72,0,1,0.7550,3.2714,0.5013
peak_prom60,0811,3666,Hakuna,72,0,1,0.6152,1.5542,0.8285
peak_prom60,0811,4069,Hakuna,72,0,1,0.6407,1.7607,0.7517
peak_prom60,0813,0531,Potter,105,1,1,0.5325,1.7485,0.7846
peak_prom60,0813,0583,Potter,105,1,1,0.5103,1.9132,0.6752
peak_prom60,0813,1579,StarWars,105,0,1,0.5599,2.6256,0.7202
peak_prom60,0813,3587,Hakuna,105,0,1,0.4469,3.3949,0.4179
peak_prom60,0813,3906,Hakuna,105,0,1,0.5497,2.5041,0.7285
peak_prom60,0814,0508,Potter,120,1,1,0.8936,0.6497,0.9794
peak_prom60,0814,0559,Potter,120,1,1,0.8003,0.8339,0.9689
peak_prom60,0814,0878,StarWars,120,0,1,0.5452,2.7370,0.6011
peak_prom60,0814,1449,StarWars,120,0,1,0.5058,2.7711,0.5197
peak_prom60,0814,3503,Hakuna,120,0,1,0.3426,2.9827,0.3533
peak_prom60,0814,3549,Hakuna,120,0,1,0.4752,3.1412,0.2716
peak_prom60,0817,0136,Potter,144,1,1,0.3772,2.0987,0.8191
peak_prom60,0817,0330,Potter,144,1,1,0.3195,2.4687,0.5595
peak_prom60,0817,1216,StarWars,144,0,1,0.1826,2.7660,0.4843
peak_prom60,0817,1421,StarWars,144,0,1,0.2309,2.4222,0.7178
peak_prom60,0817,3420,Hakuna,144,0,1,0.2121,2.8682,0.2952
peak_prom60,0817,3673,Hakuna,144,0,1,0.2443,2.9607,0.1853
peak_prom60,0822,0373,Potter,122,1,1,0.1891,2.3644,0.6256
peak_prom60,0822,0547,Potter,122,1,1,0.1292,2.4619,0.6463
peak_prom60,0827,0041,Potter,151,1,1,0.5917,1.3590,0.8566
peak_prom60,0827,0778,Potter,151,1,1,0.5767,1.3669,0.8834
peak_prom60,0827,1060,StarWars,151,0,1,0.6350,2.6973,0.4916
peak_prom60,0827,1252,StarWars,151,0,1,0.6400,2.3641,0.6070
peak_prom60,0827,3523,Hakuna,151,0,1,0.3833,2.1856,0.6186
peak_prom60,0827,3573,Hakuna,151,0,1,0.4633,2.0384,0.6633
peak_prom60,0828,0123,Potter,29,1,1,0.1311,2.6073,0.2445
peak_prom60,0828,0631,Potter,29,1,1,0.1742,2.4184,0.4823
peak_prom60,0828,1142,StarWars,29,0,1,0.1840,2.1663,0.6280
peak_prom60,0828,1493,StarWars,29,0,1,0.7339,2.1924,0.6073
peak_prom60,0828,3893,Hakuna,29,0,1,0.4697,2.2309,0.6287
peak_prom60,0828,4086,Hakuna,29,0,1,0.4149,2.2000,0.6139
peak_prom60,0832,0553,Potter,0,1,1,0.2471,3.4547,0.6953
peak_prom60,0832,0590,Potter,0,1,1,0.2556,4.3674,0.3646
peak_prom60,0832,1140,StarWars,0,0,1,0.1060,5.6084,0.1704
peak_prom60,0832,3690,Hakuna,0,0,1,0.1622,4.4795,0.2934
peak_prom60,0832,4031,Hakuna,0,0,1,0.1050,4.0733,0.3749
peak_prom60,0834,0236,Potter,170,1,1,0.1544,2.9396,0.0309
peak_prom60,0834,0668,Potter,170,1,1,0.5292,2.5063,0.6852
peak_prom60,0834,1565,StarWars,170,0,1,0.5802,2.6004,0.7041
peak_prom60,0836,0470,Potter,91,1,1,0.8649,1.6392,0.7764
peak_prom60,0836,0596,Potter,91,1,1,0.9135,1.2834,0.8825
peak_prom60,0836,1006,StarWars,91,0,1,0.9135,2.3452,0.3747
peak_prom60,0836,1366,StarWars,91,0,1,0.9423,2.1228,0.5543
peak_prom60,0836,3411,Hakuna,91,0,1,0.9027,2.4481,0.2519
peak_prom60,0836,3440,Hakuna,91,0,1,0.8288,2.5920,0.1789
peak_tonal_db6,0000,0005,Potter,216,1,1,0.6582,2.8767,0.7751
peak_tonal_db6,0000,0036,Potter,216,1,1,0.7753,2.2771,0.9003
peak_tonal_db6,0000,3704,Hakuna,216,0,1,0.5269,3.2711,0.6119
peak_tonal_db6,0000,3876,Hakuna,216,0,1,0.6266,3.4370,0.5884
peak_tonal_db6,0001,0111,Potter,100,1,1,0.9721,1.3932,0.8799
peak_tonal_db6,0001,0407,Potter,100,1,1,0.7434,1.3829,0.8391
peak_tonal_db6,0001,1040,StarWars,100,0,1,0.9927,1.9931,0.6029
peak_tonal_db6,0001,1344,StarWars,100,0,1,0.5587,2.1167,0.3876
peak_tonal_db6,0001,3448,Hakuna,100,0,1,0.6774,2.1019,0.3516
peak_tonal_db6,0001,4068,Hakuna,100,0,1,0.7654,2.1244,0.4002
peak_tonal_db6,0007,0019,Potter,73,1,1,0.4716,1.7919,0.7709
peak_tonal_db6,0007,0078,Potter,73,1,1,0.6856,1.7215,0.8423
peak_tonal_db6,0007,1154,StarWars,73,0,1,0.5254,2.1541,0.7500
peak_tonal_db6,0007,1359,StarWars,73,0,1,0.6198,2.2819,0.6215
peak_tonal_db6,0007,3857,Hakuna,73,0,1,0.5569,2.5089,0.5878
peak_tonal_db6,0011,0081,Potter,49,1,1,0.6934,1.0268,0.9097
peak_tonal_db6,0011,0423,Potter,49,1,1,0.7817,0.8684,0.9482
peak_tonal_db6,0011,1420,StarWars,49,0,1,0.8074,2.1195,0.6193
peak_tonal_db6,0011,3920,Hakuna,49,0,1,0.7705,2.1322,0.6411
peak_tonal_db6,0011,4138,Hakuna,49,0,1,0.7608,1.7712,0.7651
peak_tonal_db6,0021,0168,Potter,198,1,1,0.2217,2.1958,0.4626
peak_tonal_db6,0021,0461,Potter,198,1,1,0.7101,2.1548,0.4472
peak_tonal_db6,0021,1354,StarWars,198,0,1,0.1406,2.3112,0.2935
peak_tonal_db6,0021,1535,StarWars,198,0,1,0.1971,2.1179,0.4906
peak_tonal_db6,0021,3607,Hakuna,198,0,1,0.4609,2.0931,0.5821
peak_tonal_db6,0021,4013,Hakuna,198,0,1,0.2855,1.8497,0.6959
peak_tonal_db6,0024,0397,Potter,20,1,1,0.6661,1.0527,0.9288
peak_tonal_db6,0024,0513,Potter,20,1,1,0.5577,0.7148,0.9617
peak_tonal_db6,0024,1297,StarWars,20,0,1,0.6437,3.3165,0.0797
peak_tonal_db6,0024,1582,StarWars,20,0,1,0.5921,1.8314,0.7830
peak_tonal_db6,0024,3642,Hakuna,20,0,1,0.7040,1.7102,0.7816
peak_tonal_db6,0024,3992,Hakuna,20,0,1,0.6644,1.7306,0.7747
peak_tonal_db6,0025,3474,Hakuna,82,0,1,1.0391,3.3444,0.6983
peak_tonal_db6,0025,3654,Hakuna,82,0,1,1.1155,3.5272,0.4147
peak_tonal_db6,0026,0319,Potter,54,1,1,0.9471,0.6729,0.9722
peak_tonal_db6,0026,0573,Potter,54,1,1,0.9610,0.6069,0.9776
peak_tonal_db6,0026,0885,StarWars,54,0,1,0.9596,2.5080,0.7572
peak_tonal_db6,0026,1561,StarWars,54,0,1,0.8175,2.7120,0.7420
peak_tonal_db6,0026,3395,Hakuna,54,0,1,0.8510,1.9690,0.8277
peak_tonal_db6,0026,3880,Hakuna,54,0,1,0.7994,1.8930,0.8514
peak_tonal_db6,0027,0102,Potter,191,1,1,0.7911,1.1512,0.8978
peak_tonal_db6,0027,0426,Potter,191,1,1,0.8466,1.1517,0.8901
peak_tonal_db6,0027,0993,StarWars,191,0,1,0.8503,2.2296,0.3864
peak_tonal_db6,0027,1506,StarWars,191,0,1,0.8133,2.2780,0.3261
peak_tonal_db6,0027,3928,Hakuna,191,0,1,0.9390,2.0194,0.6776
peak_tonal_db6,0027,3984,Hakuna,191,0,1,0.7209,1.9518,0.5857
peak_tonal_db6,0028,0408,Potter,145,1,1,0.9444,2.7113,0.6418
peak_tonal_db6,0028,0619,Potter,145,1,1,1.0095,0.5869,0.9861
peak_tonal_db6,0028,0956,StarWars,145,0,1,1.1413,2.9253,0.6910
peak_tonal_db6,0028,1199,StarWars,145,0,1,1.1540,2.4811,0.7534
peak_tonal_db6,0028,3712,Hakuna,145,0,1,0.9746,2.0263,0.7877
peak_tonal_db6,0028,3793,Hakuna,145,0,1,1.0413,1.9979,0.7987
peak_tonal_db6,0030,0196,Potter,232,1,1,0.8402,1.5059,0.8952
peak_tonal_db6,0030,0603,Potter,232,1,1,0.9641,1.6729,0.8781
peak_tonal_db6,0030,0917,StarWars,232,0,1,1.0557,3.1071,0.2279
peak_tonal_db6,0030,1278,StarWars,232,0,1,0.9228,2.6974,0.3202
peak_tonal_db6,0030,3541,Hakuna,232,0,1,0.8797,2.6136,0.4792
peak_tonal_db6,0030,4111,Hakuna,232,0,1,0.9102,2.3251,0.7412
peak_tonal_db6,0032,0140,Potter,175,1,1,0.7325,1.5344,0.8360
peak_tonal_db6,0032,0758,Potter,175,1,1,0.8760,3.9820,0.4096
peak_tonal_db6,0032,1428,StarWars,175,0,1,0.7667,2.8475,0.6362
peak_tonal_db6,0032,1599,StarWars,175,0,1,0.8075,2.8934,0.5759
peak_tonal_db6,0033,0186,Potter,22,1,1,0.9870,1.2454,0.8377
peak_tonal_db6,0033,1340,StarWars,22,0,1,0.9666,1.7076,0.7329
peak_tonal_db6,0033,3791,Hakuna,22,0,1,1.0056,1.9246,0.6643
peak_tonal_db6,0033,3834,Hakuna,22,0,1,1.0093,1.9758,0.6205
peak_tonal_db6,0048,0663,Potter,149,1,1,0.7056,2.3455,0.7469
peak_tonal_db6,0048,1284,StarWars,149,0,1,0.5724,2.4537,0.4833
peak_tonal_db6,0048,3578,Hakuna,149,0,1,0.1546,2.4975,0.5376
peak_tonal_db6,0050,0254,Potter,129,1,1,0.9636,1.3067,0.8929
peak_tonal_db6,0050,0554,Potter,129,1,1,0.9650,1.3124,0.9349
peak_tonal_db6,0050,1014,StarWars,129,0,1,0.5458,2.3651,0.7412
peak_tonal_db6,0050,1167,StarWars,129,0,1,0.5054,2.4211,0.7182
peak_tonal_db6,0050,3576,Hakuna,129,0,1,0.5013,3.1198,0.4638
peak_tonal_db6,0050,3651,Hakuna,129,0,1,0.4865,3.2720,0.4047
peak_tonal_db6,0054,0370,Potter,153,1,1,0.8853,1.3031,0.6821
peak_tonal_db6,0054,0710,Potter,153,1,1,0.9264,1.4389,0.6537
peak_tonal_db6,0054,0882,StarWars,153,0,1,0.9640,1.5325,0.5176
peak_tonal_db6,0054,1138,StarWars,153,0,1,0.8271,1.4132,0.5960
peak_tonal_db6,0054,3534,Hakuna,153,0,1,1.0086,1.6445,0.3252
peak_tonal_db6,0054,3689,Hakuna,153,0,1,0.9110,1.5860,0.3975
peak_tonal_db6,0056,0073,Potter,189,1,1,0.6540,1.3404,0.8975
peak_tonal_db6,0056,0298,Potter,189,1,1,0.7595,1.1690,0.9220
peak_tonal_db6,0056,1251,StarWars,189,0,1,0.8040,2.0959,0.7173
peak_tonal_db6,0056,1497,StarWars,189,0,1,0.8386,2.2524,0.5754
peak_tonal_db6,0056,3342,Hakuna,189,0,1,0.8023,2.0452,0.7937
peak_tonal_db6,0063,0206,Potter,84,1,1,1.2618,1.7466,0.9592
peak_tonal_db6,0063,1341,StarWars,84,0,1,1.3641,3.7122,0.0647
peak_tonal_db6,0063,1504,StarWars,84,0,1,1.2269,2.9882,0.6140
peak_tonal_db6,0065,0010,Potter,92,1,1,0.8785,0.7288,0.9821
peak_tonal_db6,0065,0232,Potter,92,1,1,0.8214,0.6462,0.9808
peak_tonal_db6,0065,0893,StarWars,92,0,1,0.7804,2.3620,0.7481
peak_tonal_db6,0065,0922,StarWars,92,0,1,0.8463,2.3903,0.7216
peak_tonal_db6,0065,4028,Hakuna,92,0,1,0.8067,1.9677,0.8062
peak_tonal_db6,0066,0038,Potter,207,1,1,1.0357,0.8401,0.9791
peak_tonal_db6,0066,0672,Potter,207,1,1,1.0238,0.8190,0.9784
peak_tonal_db6,0066,1206,StarWars,207,0,1,0.8554,2.6600,0.6447
peak_tonal_db6,0066,1265,StarWars,207,0,1,0.8180,2.7020,0.6310
peak_tonal_db6,0066,3446,Hakuna,207,0,1,0.8895,2.0460,0.7779
peak_tonal_db6,0066,3565,Hakuna,207,0,1,0.8537,2.1863,0.7416
peak_tonal_db6,0070,0504,Potter,90,1,1,0.9349,1.3448,0.9072
peak_tonal_db6,0070,0597,Potter,90,1,1,0.9985,1.4488,0.9112
peak_tonal_db6,0070,0886,StarWars,90,0,1,1.0590,2.7764,0.4638
peak_tonal_db6,0070,1075,StarWars,90,0,1,1.1316,3.2037,0.1653
peak_tonal_db6,0070,3378,Hakuna,90,0,1,0.7958,2.3325,0.6684
peak_tonal_db6,0070,3455,Hakuna,90,0,1,1.0212,2.9872,0.2307
peak_tonal_db6,0079,0445,Potter,146,1,1,0.7986,1.8508,0.7963
peak_tonal_db6,0079,0622,Potter,146,1,1,0.8993,1.2923,0.8904
peak_tonal_db6,0079,0925,StarWars,146,0,1,0.6195,2.6137,0.6091
peak_tonal_db6,0079,1456,StarWars,146,0,1,0.7082,2.7675,0.4088
peak_tonal_db6,0079,3439,Hakuna,146,0,1,0.5734,2.5545,0.5303
peak_tonal_db6,0079,3822,Hakuna,146,0,1,0.6024,2.7856,0.4416
peak_tonal_db6,0080,0292,Potter,166,1,1,1.2243,2.1264,0.5922
peak_tonal_db6,0080,0353,Potter,166,1,1,1.7484,1.6935,0.7510
peak_tonal_db6,0080,1233,StarWars,166,0,1,1.0335,3.1960,0.0421
peak_tonal_db6,0080,1267,StarWars,166,0,1,1.0314,2.3809,0.7001
peak_tonal_db6,0084,3332,Hakuna,6,0,1,0.9537,2.1370,0.8487
peak_tonal_db6,0088,0239,Potter,59,1,1,0.6401,2.8102,0.4754
peak_tonal_db6,0088,0798,Potter,59,1,1,0.4703,2.9047,0.4831
peak_tonal_db6,0088,0923,StarWars,59,0,1,0.3056,2.9507,0.4198
peak_tonal_db6,0088,1246,StarWars,59,0,1,0.4584,3.0003,0.2122
peak_tonal_db6,0088,3956,Hakuna,59,0,1,0.3769,3.0283,0.3638
peak_tonal_db6,0088,4124,Hakuna,59,0,1,0.4075,2.8985,0.4626
peak_tonal_db6,0091,0008,Potter,213,1,1,0.8562,0.5359,0.9814
peak_tonal_db6,0091,0681,Potter,213,1,1,0.8243,0.5070,0.9759
peak_tonal_db6,0091,0860,StarWars,213,0,1,0.8339,2.5326,0.7775
peak_tonal_db6,0091,1317,StarWars,213,0,1,0.7939,2.4310,0.7070
peak_tonal_db6,0091,3548,Hakuna,213,0,1,0.6374,1.7456,0.8411
peak_tonal_db6,0091,3720,Hakuna,213,0,1,0.6885,2.0043,0.7711
peak_tonal_db6,0093,0271,Potter,121,1,1,0.9888,0.8301,0.9575
peak_tonal_db6,0093,0416,Potter,121,1,1,0.8054,2.0233,0.7432
peak_tonal_db6,0093,0852,StarWars,121,0,1,1.0000,2.2383,0.6778
peak_tonal_db6,0093,1525,StarWars,121,0,1,0.9553,2.5270,0.5757
peak_tonal_db6,0093,3647,Hakuna,121,0,1,0.9351,2.6651,0.5031
peak_tonal_db6,0093,4058,Hakuna,121,0,1,0.9553,2.8259,0.4042
peak_tonal_db6,0098,0616,Potter,71,1,1,0.6704,3.0263,0.5186
peak_tonal_db6,0098,0753,Potter,71,1,1,0.7190,2.1098,0.7364
peak_tonal_db6,0098,1170,StarWars,71,0,1,0.2699,3.0394,0.2258
peak_tonal_db6,0098,1327,StarWars,71,0,1,0.2412,2.6338,0.4667
peak_tonal_db6,0098,3542,Hakuna,71,0,1,0.3562,2.6243,0.4221
peak_tonal_db6,0098,3755,Hakuna,71,0,1,0.3650,2.4880,0.6041
peak_tonal_db6,0099,3332,Hakuna,6,0,1,0.9355,2.0078,0.8401
peak_tonal_db6,0100,0090,Potter,24,1,1,0.7006,1.2764,0.9484
peak_tonal_db6,0100,0320,Potter,24,1,1,0.6555,1.4155,0.9386
peak_tonal_db6,0100,1045,StarWars,24,0,1,0.7573,3.3582,0.4412
peak_tonal_db6,0100,1325,StarWars,24,0,1,0.6831,2.9764,0.6262
peak_tonal_db6,0100,3814,Hakuna,24,0,1,0.7020,2.8783,0.7371
peak_tonal_db6,0100,4118,Hakuna,24,0,1,0.6323,3.0645,0.6101
peak_tonal_db6,0105,0057,Potter,60,1,1,0.8208,2.6875,0.7226
peak_tonal_db6,0105,0348,Potter,60,1,1,0.7939,2.8508,0.5930
peak_tonal_db6,0112,0484,Potter,162,1,1,0.6960,0.8355,0.9691
peak_tonal_db6,0112,0599,Potter,162,1,1,0.7664,0.8217,0.9716
peak_tonal_db6,0112,1508,StarWars,162,0,1,0.7184,2.5263,0.7307
peak_tonal_db6,0112,1606,StarWars,162,0,1,0.7568,2.3785,0.7645
peak_tonal_db6,0113,0651,Potter,97,1,1,1.0093,1.2169,0.8889
peak_tonal_db6,0113,0706,Potter,97,1,1,0.9598,0.8868,0.9188
peak_tonal_db6,0113,1313,StarWars,97,0,1,0.8777,2.5188,0.6562
peak_tonal_db6,0113,1418,StarWars,97,0,1,0.8607,2.2864,0.7328
peak_tonal_db6,0113,3631,Hakuna,97,0,1,0.8406,2.5021,0.7039
peak_tonal_db6,0113,3919,Hakuna,97,0,1,0.8978,2.8645,0.5711
peak_tonal_db6,0115,0438,Potter,192,1,1,0.7016,1.7003,0.8064
peak_tonal_db6,0115,0783,Potter,192,1,1,0.7238,1.8098,0.8095
peak_tonal_db6,0115,0909,StarWars,192,0,1,0.7873,2.6407,0.2191
peak_tonal_db6,0115,1642,StarWars,192,0,1,0.7814,2.3854,0.5560
peak_tonal_db6,0115,3741,Hakuna,192,0,1,0.7326,2.2267,0.6223
peak_tonal_db6,0115,4148,Hakuna,192,0,1,0.7651,2.2639,0.6176
peak_tonal_db6,0116,0356,Potter,196,1,1,0.8240,0.8065,0.9402
peak_tonal_db6,0116,0686,Potter,196,1,1,0.7560,1.2192,0.9005
peak_tonal_db6,0116,0907,StarWars,196,0,1,0.7320,2.2343,0.7782
peak_tonal_db6,0116,1611,StarWars,196,0,1,0.7120,2.1100,0.7924
peak_tonal_db6,0116,4056,Hakuna,196,0,1,0.7560,2.4625,0.7164
peak_tonal_db6,0116,4082,Hakuna,196,0,1,0.7960,2.3394,0.7392
peak_tonal_db6,0118,0004,Potter,160,1,1,0.6862,1.3046,0.5359
peak_tonal_db6,0118,0517,Potter,160,1,1,0.5741,1.1630,0.6099
peak_tonal_db6,0118,1390,StarWars,160,0,1,0.7759,1.4741,0.3414
peak_tonal_db6,0118,1641,StarWars,160,0,1,0.7586,1.4424,0.4382
peak_tonal_db6,0118,3786,Hakuna,160,0,1,0.6328,0.9377,0.8132
peak_tonal_db6,0118,3994,Hakuna,160,0,1,0.6241,1.1105,0.7001
peak_tonal_db6,0121,0222,Potter,96,1,1,0.6748,1.6941,0.7256
peak_tonal_db6,0121,0715,Potter,96,1,1,0.6148,1.5308,0.7511
peak_tonal_db6,0121,1027,StarWars,96,0,1,0.7318,2.2847,0.5469
peak_tonal_db6,0121,1402,StarWars,96,0,1,0.7518,2.1137,0.5667
peak_tonal_db6,0121,3406,Hakuna,96,0,1,0.6348,2.0120,0.6973
peak_tonal_db6,0121,3938,Hakuna,96,0,1,0.6419,1.8833,0.7283
peak_tonal_db6,0122,0582,Potter,57,1,1,0.8014,3.1207,0.5612
peak_tonal_db6,0122,0801,Potter,57,1,1,0.8271,2.7723,0.7324
peak_tonal_db6,0122,0985,StarWars,57,0,1,0.8408,3.3731,0.5063
peak_tonal_db6,0122,1249,StarWars,57,0,1,0.7842,3.2632,0.6155
peak_tonal_db6,0122,3745,Hakuna,57,0,1,1.2740,3.4969,0.3672
peak_tonal_db6,0122,3802,Hakuna,57,0,1,1.2705,3.2887,0.4094
peak_tonal_db6,0127,0384,Potter,228,1,1,0.5974,1.1790,0.7762
peak_tonal_db6,0127,0820,Potter,228,1,1,0.1718,1.4479,0.8191
peak_tonal_db6,0127,1339,StarWars,228,0,1,0.1282,2.0824,0.4958
peak_tonal_db6,0127,3896,Hakuna,228,0,1,0.1615,2.0421,0.5117
peak_tonal_db6,0133,0538,Potter,16,1,1,0.1856,2.9643,0.3693
peak_tonal_db6,0133,0797,Potter,16,1,1,0.1572,3.1387,0.3889
peak_tonal_db6,0133,1261,StarWars,16,0,1,0.1505,4.1203,0.0980
peak_tonal_db6,0133,1522,StarWars,16,0,1,0.0903,3.6236,-0.0906
peak_tonal_db6,0133,3846,Hakuna,16,0,1,0.8528,3.2025,0.4505
peak_tonal_db6,0133,4150,Hakuna,16,0,1,0.8428,3.2720,0.3656
peak_tonal_db6,0135,0279,Potter,223,1,1,0.8081,1.5356,0.8759
peak_tonal_db6,0135,0609,Potter,223,1,1,0.8068,1.4803,0.8772
peak_tonal_db6,0135,1197,StarWars,223,0,1,0.6514,2.7279,0.4101
peak_tonal_db6,0135,3343,Hakuna,223,0,1,0.6230,2.1629,0.7063
peak_tonal_db6,0135,4153,Hakuna,223,0,1,0.6243,2.1635,0.6765
peak_tonal_db6,0138,0397,Potter,20,1,1,0.6850,1.2776,0.8897
peak_tonal_db6,0138,0513,Potter,20,1,1,0.5735,0.5492,0.9781
peak_tonal_db6,0138,1297,StarWars,20,0,1,0.6619,3.2735,0.1657
peak_tonal_db6,0138,1582,StarWars,20,0,1,0.6088,1.8127,0.7817
peak_tonal_db6,0138,3642,Hakuna,20,0,1,0.7239,1.7167,0.7869
peak_tonal_db6,0138,3992,Hakuna,20,0,1,0.6832,1.7826,0.7491
peak_tonal_db6,0139,0068,Potter,134,1,1,1.1551,2.3340,0.4368
peak_tonal_db6,0139,0695,Potter,134,1,1,0.7789,2.2709,0.4128
peak_tonal_db6,0139,1461,StarWars,134,0,1,0.7409,2.3925,0.2191
peak_tonal_db6,0139,1589,StarWars,134,0,1,0.7228,2.3309,0.3954
peak_tonal_db6,0139,3780,Hakuna,134,0,1,0.7492,2.1829,0.6357
peak_tonal_db6,0139,3912,Hakuna,134,0,1,0.7442,2.1686,0.6524
peak_tonal_db6,0142,0542,Potter,44,1,1,0.8490,0.6135,0.9721
peak_tonal_db6,0142,0739,Potter,44,1,1,0.9099,0.5566,0.9589
peak_tonal_db6,0142,0964,StarWars,44,0,1,0.9033,2.4165,0.7513
peak_tonal_db6,0142,1026,StarWars,44,0,1,0.8689,2.3791,0.7507
peak_tonal_db6,0142,3485,Hakuna,44,0,1,0.8199,1.8947,0.8241
peak_tonal_db6,0142,3781,Hakuna,44,0,1,0.7603,1.9649,0.8096
peak_tonal_db6,0143,0158,Potter,98,1,1,0.6214,1.5267,0.4346
peak_tonal_db6,0143,0450,Potter,98,1,1,0.6123,1.4707,0.5500
peak_tonal_db6,0143,0904,StarWars,98,0,1,0.3264,3.1011,0.1088
peak_tonal_db6,0143,1654,StarWars,98,0,1,0.5261,1.2867,0.5942
peak_tonal_db6,0143,3835,Hakuna,98,0,1,0.4373,1.3921,0.5479
peak_tonal_db6,0143,3993,Hakuna,98,0,1,0.3355,2.5688,0.2415
peak_tonal_db6,0147,0145,Potter,141,1,1,0.7728,1.6865,0.7650
peak_tonal_db6,0147,0620,Potter,141,1,1,0.4718,1.6949,0.7608
peak_tonal_db6,0147,1636,StarWars,141,0,1,0.8214,2.1077,0.2806
peak_tonal_db6,0147,1652,StarWars,141,0,1,0.7670,2.6218,-0.3728
peak_tonal_db6,0147,3687,Hakuna,141,0,1,0.7573,1.9942,0.5019
peak_tonal_db6,0147,3895,Hakuna,141,0,1,0.7534,1.9370,0.5741
peak_tonal_db6,0149,0123,Potter,29,1,1,0.8240,1.6412,0.7672
peak_tonal_db6,0149,0631,Potter,29,1,1,0.8519,0.9293,0.9218
peak_tonal_db6,0149,1142,StarWars,29,0,1,0.9185,1.9662,0.5287
peak_tonal_db6,0149,1493,StarWars,29,0,1,1.0687,1.8969,0.5013
peak_tonal_db6,0149,3893,Hakuna,29,0,1,0.8433,1.9678,0.5122
peak_tonal_db6,0149,4086,Hakuna,29,0,1,0.7876,1.9086,0.5496
peak_tonal_db6,0150,0787,Potter,136,1,1,1.0291,2.8876,0.2761
peak_tonal_db6,0150,0837,Potter,136,1,1,1.0257,2.8900,0.4164
peak_tonal_db6,0150,1004,StarWars,136,0,1,0.9435,2.9566,0.2020
peak_tonal_db6,0150,1042,StarWars,136,0,1,1.1147,2.8926,0.1301
peak_tonal_db6,0150,3526,Hakuna,136,0,1,1.1062,2.9526,0.1585
peak_tonal_db6,0150,3943,Hakuna,136,0,1,1.1062,2.9526,0.1585
peak_tonal_db6,0157,0613,Potter,137,1,1,1.3223,1.2403,0.9096
peak_tonal_db6,0157,0788,Potter,137,1,1,1.2199,1.5481,0.8626
peak_tonal_db6,0157,1163,StarWars,137,0,1,1.3825,2.0723,0.7225
peak_tonal_db6,0157,1177,StarWars,137,0,1,1.4518,2.1178,0.6769
peak_tonal_db6,0157,3594,Hakuna,137,0,1,1.5843,2.0035,0.7160
peak_tonal_db6,0157,3944,Hakuna,137,0,1,1.4458,1.7444,0.7891
peak_tonal_db6,0159,0181,Potter,13,1,1,0.8574,1.2491,0.8089
peak_tonal_db6,0159,0299,Potter,13,1,1,0.7419,1.3577,0.8298
peak_tonal_db6,0159,1619,StarWars,13,0,1,0.5794,1.4245,0.6452
peak_tonal_db6,0159,3353,Hakuna,13,0,1,0.7401,1.1501,0.7128
peak_tonal_db6,0159,4020,Hakuna,13,0,1,0.6931,0.9917,0.7151
peak_tonal_db6,0162,0553,Potter,0,1,1,0.6104,2.8310,0.8118
peak_tonal_db6,0162,0590,Potter,0,1,1,0.6637,3.0100,0.7727
peak_tonal_db6,0162,0915,StarWars,0,0,1,0.4307,4.4957,0.5384
peak_tonal_db6,0162,1140,StarWars,0,0,1,0.4026,4.5984,0.5110
peak_tonal_db6,0162,3690,Hakuna,0,0,1,0.5693,4.2057,0.4824
peak_tonal_db6,0162,4031,Hakuna,0,0,1,0.5733,3.7526,0.5788
peak_tonal_db6,0165,0377,Potter,234,1,1,0.8290,2.0473,0.8957
peak_tonal_db6,0165,0406,Potter,234,1,1,0.9173,1.8255,0.8945
peak_tonal_db6,0165,0906,StarWars,234,0,1,0.9228,2.5204,0.7675
peak_tonal_db6,0165,3484,Hakuna,234,0,1,0.7923,2.6503,0.7853
peak_tonal_db6,0165,3975,Hakuna,234,0,1,0.8474,2.9515,0.7062
peak_tonal_db6,0166,0424,Potter,38,1,1,1.0732,0.8396,0.9422
peak_tonal_db6,0166,0829,Potter,38,1,1,1.0685,0.6500,0.9591
peak_tonal_db6,0166,1149,StarWars,38,0,1,0.9204,1.8367,0.6903
peak_tonal_db6,0166,1273,StarWars,38,0,1,0.9140,1.8781,0.7311
peak_tonal_db6,0166,3506,Hakuna,38,0,1,0.8169,1.9288,0.5754
peak_tonal_db6,0166,3732,Hakuna,38,0,1,0.8933,2.1212,0.4498
peak_tonal_db6,0167,0075,Potter,55,1,1,0.8284,1.9020,0.7664
peak_tonal_db6,0167,0785,Potter,55,1,1,0.7743,1.5772,0.8143
peak_tonal_db6,0167,1160,StarWars,55,0,1,0.6959,2.2460,0.5409
peak_tonal_db6,0167,1648,StarWars,55,0,1,1.0112,2.0957,0.5730
peak_tonal_db6,0167,3887,Hakuna,55,0,1,0.9235,1.9288,0.6620
peak_tonal_db6,0167,4060,Hakuna,55,0,1,0.8265,1.8916,0.6161
peak_tonal_db6,0173,0090,Potter,24,1,1,0.6741,1.2275,0.9457
peak_tonal_db6,0173,0320,Potter,24,1,1,0.6308,1.3026,0.9463
peak_tonal_db6,0173,1045,StarWars,24,0,1,0.7287,3.1255,0.5719
peak_tonal_db6,0173,1325,StarWars,24,0,1,0.6573,2.9316,0.6272
peak_tonal_db6,0173,3814,Hakuna,24,0,1,0.6755,2.8229,0.7358
peak_tonal_db6,0173,4118,Hakuna,24,0,1,0.6084,3.0830,0.6456
peak_tonal_db6,0174,0361,Potter,46,1,1,0.9984,0.6798,0.9651
peak_tonal_db6,0174,0632,Potter,46,1,1,0.9319,0.7530,0.9562
peak_tonal_db6,0174,0841,StarWars,46,0,1,0.8541,2.0361,0.6984
peak_tonal_db6,0174,1237,StarWars,46,0,1,0.9206,1.9129,0.6169
peak_tonal_db6,0174,3661,Hakuna,46,0,1,0.7861,1.5536,0.8303
peak_tonal_db6,0174,4156,Hakuna,46,0,1,0.8136,1.7038,0.7854
peak_tonal_db6,0179,0288,Potter,208,1,1,0.7291,2.4421,0.7021
peak_tonal_db6,0179,0482,Potter,208,1,1,0.7116,2.4371,0.6549
peak_tonal_db6,0179,1399,StarWars,208,0,1,0.4056,2.4838,0.4248
peak_tonal_db6,0179,1436,StarWars,208,0,1,0.1903,2.5880,0.2606
peak_tonal_db6,0179,3519,Hakuna,208,0,1,0.4773,2.4645,0.5461
peak_tonal_db6,0180,0386,Potter,184,1,1,0.7900,1.6305,0.8702
peak_tonal_db6,0180,0729,Potter,184,1,1,0.8183,0.8004,0.9784
peak_tonal_db6,0180,0887,StarWars,184,0,1,0.6272,2.5390,0.7270
peak_tonal_db6,0180,3612,Hakuna,184,0,1,0.6124,2.6546,0.6466
peak_tonal_db6,0180,3844,Hakuna,184,0,1,0.6258,2.3944,0.7023
peak_tonal_db6,0183,0437,Potter,40,1,1,0.6793,1.3587,0.9326
peak_tonal_db6,0183,0502,Potter,40,1,1,0.5304,1.9637,0.8338
peak_tonal_db6,0183,0892,StarWars,40,0,1,0.5467,2.3927,0.7134
peak_tonal_db6,0183,1600,StarWars,40,0,1,0.5291,2.7580,0.6337
peak_tonal_db6,0183,3966,Hakuna,40,0,1,0.5602,2.8377,0.6292
peak_tonal_db6,0183,4094,Hakuna,40,0,1,0.5088,2.7791,0.6439
peak_tonal_db6,0188,0198,Potter,67,1,1,0.8120,0.8033,0.9753
peak_tonal_db6,0188,0369,Potter,67,1,1,0.7033,1.2234,0.9122
peak_tonal_db6,0188,1298,StarWars,67,0,1,0.7493,3.1531,0.5045
peak_tonal_db6,0188,1326,StarWars,67,0,1,0.6992,3.1977,0.4217
peak_tonal_db6,0188,3412,Hakuna,67,0,1,0.5306,2.4575,0.7041
peak_tonal_db6,0188,3447,Hakuna,67,0,1,0.5487,2.7144,0.6885
peak_tonal_db6,0190,0732,Potter,150,1,1,0.8686,0.8199,0.9638
peak_tonal_db6,0190,0825,Potter,150,1,1,1.1298,0.6669,0.9729
peak_tonal_db6,0190,0844,StarWars,150,0,1,1.0383,2.9290,0.4450
peak_tonal_db6,0190,1510,StarWars,150,0,1,0.9917,2.5822,0.5695
peak_tonal_db6,0190,3493,Hakuna,150,0,1,0.9384,2.1303,0.7526
peak_tonal_db6,0190,3767,Hakuna,150,0,1,0.8852,1.3842,0.8890
peak_tonal_db6,0195,0370,Potter,153,1,1,0.7333,1.6606,0.7173
peak_tonal_db6,0195,0710,Potter,153,1,1,0.7674,1.6107,0.7630
peak_tonal_db6,0195,0882,StarWars,153,0,1,0.7986,2.0538,0.4623
peak_tonal_db6,0195,1138,StarWars,153,0,1,0.6851,2.1048,0.4361
peak_tonal_db6,0195,3534,Hakuna,153,0,1,0.8355,2.1796,0.4078
peak_tonal_db6,0195,3689,Hakuna,153,0,1,0.7546,2.1750,0.4926
peak_tonal_db6,0197,0060,Potter,222,1,1,0.8150,1.1830,0.8984
peak_tonal_db6,0197,0107,Potter,222,1,1,0.9250,0.9488,0.9173
peak_tonal_db6,0197,0959,StarWars,222,0,1,0.7452,1.9783,0.7064
peak_tonal_db6,0197,1276,StarWars,222,0,1,0.7208,2.5829,0.3773
peak_tonal_db6,0197,4064,Hakuna,222,0,1,0.8429,1.9187,0.6786
peak_tonal_db6,0197,4085,Hakuna,222,0,1,0.8325,1.7938,0.6035
peak_tonal_db6,0204,0102,Potter,191,1,1,0.8475,1.0722,0.9078
peak_tonal_db6,0204,0426,Potter,191,1,1,0.9069,1.1972,0.8777
peak_tonal_db6,0204,0993,StarWars,191,0,1,0.9109,2.1204,0.4356
peak_tonal_db6,0204,1506,StarWars,191,0,1,0.8713,2.3389,0.3225
peak_tonal_db6,0204,3928,Hakuna,191,0,1,1.0059,1.9909,0.6600
peak_tonal_db6,0204,3984,Hakuna,191,0,1,0.7723,1.9524,0.6038
peak_tonal_db6,0210,0055,Potter,200,1,1,1.0411,1.4564,0.8501
peak_tonal_db6,0210,0417,Potter,200,1,1,0.9883,1.3122,0.8669
peak_tonal_db6,0210,1015,StarWars,200,0,1,1.0646,2.5664,0.5443
peak_tonal_db6,0210,1626,StarWars,200,0,1,1.0020,3.0384,0.3798
peak_tonal_db6,0210,3586,Hakuna,200,0,1,0.7906,2.3324,0.4596
peak_tonal_db6,0210,3862,Hakuna,200,0,1,0.8650,2.2542,0.5727
peak_tonal_db6,0215,0229,Potter,230,1,1,0.9365,1.1066,0.9650
peak_tonal_db6,0215,0245,Potter,230,1,1,0.7701,1.3304,0.9395
peak_tonal_db6,0215,1010,StarWars,230,0,1,0.8688,3.1134,0.6672
peak_tonal_db6,0215,1048,StarWars,230,0,1,0.9168,3.5303,0.5331
peak_tonal_db6,0215,3670,Hakuna,230,0,1,0.7250,2.1422,0.7966
peak_tonal_db6,0215,3702,Hakuna,230,0,1,0.7165,2.0544,0.7873
peak_tonal_db6,0219,0076,Potter,30,1,1,0.6894,2.1630,0.8119
peak_tonal_db6,0219,0151,Potter,30,1,1,0.7741,1.8484,0.8472
peak_tonal_db6,0219,1101,StarWars,30,0,1,0.9236,2.9154,0.5678
peak_tonal_db6,0219,1369,StarWars,30,0,1,0.8571,3.1618,0.4918
peak_tonal_db6,0219,3443,Hakuna,30,0,1,0.7226,2.2829,0.7938
peak_tonal_db6,0219,3694,Hakuna,30,0,1,0.6711,2.5707,0.6542
peak_tonal_db6,0220,0997,StarWars,135,0,1,0.7759,2.8108,0.5507
peak_tonal_db6,0220,1195,StarWars,135,0,1,0.9328,2.7189,0.5294
peak_tonal_db6,0220,3501,Hakuna,135,0,1,0.5655,2.3404,0.5748
peak_tonal_db6,0220,4070,Hakuna,135,0,1,0.7466,2.3224,0.4938
peak_tonal_db6,0224,0445,Potter,146,1,1,0.7660,1.4981,0.8513
peak_tonal_db6,0224,0622,Potter,146,1,1,0.8625,1.0341,0.9077
peak_tonal_db6,0224,0925,StarWars,146,0,1,0.5941,2.3869,0.5771
peak_tonal_db6,0224,1456,StarWars,146,0,1,0.6792,2.3608,0.5263
peak_tonal_db6,0224,3439,Hakuna,146,0,1,0.5499,2.3452,0.5590
peak_tonal_db6,0224,3822,Hakuna,146,0,1,0.5777,2.4487,0.5012
peak_tonal_db6,0225,0680,Potter,123,1,1,0.8469,0.5893,0.9881
peak_tonal_db6,0225,0835,Potter,123,1,1,0.8469,0.6786,0.9860
peak_tonal_db6,0225,1196,StarWars,123,0,1,0.7500,2.5524,0.7085
peak_tonal_db6,0225,1378,StarWars,123,0,1,0.7907,3.0694,0.6959
peak_tonal_db6,0225,3567,Hakuna,123,0,1,0.5787,2.4068,0.5955
peak_tonal_db6,0225,3787,Hakuna,123,0,1,0.6489,2.6802,0.5291
peak_tonal_db6,0228,0124,Potter,58,1,1,0.9445,1.4152,0.9026
peak_tonal_db6,0228,0467,Potter,58,1,1,0.9625,1.4195,0.8946
peak_tonal_db6,0228,1178,StarWars,58,0,1,0.8809,2.8486,0.5720
peak_tonal_db6,0228,1262,StarWars,58,0,1,0.8891,2.4113,0.6902
peak_tonal_db6,0228,3556,Hakuna,58,0,1,0.6868,2.3608,0.7891
peak_tonal_db6,0228,3668,Hakuna,58,0,1,0.6998,2.6564,0.7384
peak_tonal_db6,0230,0010,Potter,92,1,1,0.8584,0.6493,0.9849
peak_tonal_db6,0230,0232,Potter,92,1,1,0.8026,0.5819,0.9830
peak_tonal_db6,0230,0893,StarWars,92,0,1,0.7625,2.2825,0.7352
peak_tonal_db6,0230,0922,StarWars,92,0,1,0.8269,2.3221,0.7190
peak_tonal_db6,0230,4028,Hakuna,92,0,1,0.7883,1.8276,0.8294
peak_tonal_db6,0231,0595,Potter,26,1,1,0.7078,1.0673,0.7608
peak_tonal_db6,0231,0768,Potter,26,1,1,0.6680,1.4297,0.6602
peak_tonal_db6,0231,1087,StarWars,26,0,1,0.5149,1.5178,0.5270
peak_tonal_db6,0231,1132,StarWars,26,0,1,0.4095,1.2382,0.6818
peak_tonal_db6,0231,3392,Hakuna,26,0,1,0.2565,1.5610,0.4253
peak_tonal_db6,0231,4137,Hakuna,26,0,1,0.3419,1.5400,0.5159
peak_tonal_db6,0233,0633,Potter,231,1,1,0.4778,0.5220,0.9841
peak_tonal_db6,0233,0803,Potter,231,1,1,0.6151,0.3888,0.9936
peak_tonal_db6,0233,1150,StarWars,231,0,1,0.6541,2.7862,0.5196
peak_tonal_db6,0233,1605,StarWars,231,0,1,0.6999,2.5089,0.6142
peak_tonal_db6,0233,4049,Hakuna,231,0,1,0.7052,1.6317,0.8383
peak_tonal_db6,0233,4112,Hakuna,231,0,1,0.7227,1.5967,0.8411
peak_tonal_db6,0237,0542,Potter,44,1,1,0.8186,0.6587,0.9692
peak_tonal_db6,0237,0739,Potter,44,1,1,0.8774,0.7369,0.9507
peak_tonal_db6,0237,0964,StarWars,44,0,1,0.8710,2.3561,0.7826
peak_tonal_db6,0237,1026,StarWars,44,0,1,0.8378,2.3577,0.7744
peak_tonal_db6,0237,3485,Hakuna,44,0,1,0.7905,2.0199,0.8275
peak_tonal_db6,0237,3781,Hakuna,44,0,1,0.7331,2.0830,0.8160
peak_tonal_db6,0238,0243,Potter,139,1,1,0.8784,1.0891,0.9370
peak_tonal_db6,0238,0824,Potter,139,1,1,0.7753,1.1819,0.9509
peak_tonal_db6,0238,0999,StarWars,139,0,1,0.7314,2.0826,0.7303
peak_tonal_db6,0238,1240,StarWars,139,0,1,0.6807,2.9839,0.4066
peak_tonal_db6,0238,3969,Hakuna,139,0,1,0.7145,2.0839,0.7511
peak_tonal_db6,0238,4035,Hakuna,139,0,1,0.6824,2.6014,0.5830
peak_tonal_db6,0242,0762,Potter,69,1,1,0.4893,2.3322,0.4042
peak_tonal_db6,0242,0771,Potter,69,1,1,0.8646,2.3651,0.3416
peak_tonal_db6,0242,1323,StarWars,69,0,1,0.6220,2.3053,0.3669
peak_tonal_db6,0242,1496,StarWars,69,0,1,0.4799,2.2504,0.4567
peak_tonal_db6,0242,3410,Hakuna,69,0,1,0.5992,2.2923,0.1624
peak_tonal_db6,0242,3782,Hakuna,69,0,1,0.5335,1.7005,0.6051
peak_tonal_db6,0249,0365,Potter,80,1,1,0.1423,2.1962,0.2687
peak_tonal_db6,0249,0514,Potter,80,1,1,0.0832,2.2703,0.2009
peak_tonal_db6,0253,0177,Potter,14,1,1,0.9141,1.7309,0.8707
peak_tonal_db6,0253,0774,Potter,14,1,1,0.9141,1.4542,0.9263
peak_tonal_db6,0253,1435,StarWars,14,0,1,0.8041,2.5832,0.6866
peak_tonal_db6,0253,1519,StarWars,14,0,1,0.7474,2.6631,0.5961
peak_tonal_db6,0253,3682,Hakuna,14,0,1,0.6409,2.7416,0.5804
peak_tonal_db6,0253,3807,Hakuna,14,0,1,0.6667,2.7211,0.6995
peak_tonal_db6,0258,0155,Potter,76,1,1,0.8012,1.1716,0.8530
peak_tonal_db6,0258,0584,Potter,76,1,1,0.7535,1.1053,0.8910
peak_tonal_db6,0258,1381,StarWars,76,0,1,0.7211,2.5791,0.3643
peak_tonal_db6,0258,1445,StarWars,76,0,1,0.8059,2.0780,0.4912
peak_tonal_db6,0258,3706,Hakuna,76,0,1,0.8012,1.8386,0.6416
peak_tonal_db6,0258,4048,Hakuna,76,0,1,0.8536,1.6553,0.7061
peak_tonal_db6,0259,0311,Potter,218,1,1,0.8322,1.3629,0.9216
peak_tonal_db6,0259,0518,Potter,218,1,1,0.7373,1.6881,0.8479
peak_tonal_db6,0259,0994,StarWars,218,0,1,0.8915,3.5165,0.4291
peak_tonal_db6,0259,1220,StarWars,218,0,1,0.7780,3.4405,0.3999
peak_tonal_db6,0259,3475,Hakuna,218,0,1,0.9000,2.3156,0.7292
peak_tonal_db6,0259,3521,Hakuna,218,0,1,0.9220,2.4004,0.6876
peak_tonal_db6,0262,0328,Potter,106,1,1,0.5925,1.2952,0.8561
peak_tonal_db6,0262,0777,Potter,106,1,1,0.6645,1.4869,0.7652
peak_tonal_db6,0262,1062,StarWars,106,0,1,0.6563,2.1347,0.2229
peak_tonal_db6,0262,1581,StarWars,106,0,1,0.3781,2.2297,0.0379
peak_tonal_db6,0262,3427,Hakuna,106,0,1,0.6252,1.9673,0.5987
peak_tonal_db6,0262,4075,Hakuna,106,0,1,0.5696,1.9521,0.2975
peak_tonal_db6,0263,0038,Potter,207,1,1,1.0647,0.5228,0.9882
peak_tonal_db6,0263,0672,Potter,207,1,1,1.0524,0.5412,0.9880
peak_tonal_db6,0263,1206,StarWars,207,0,1,0.8794,2.5087,0.6876
peak_tonal_db6,0263,1265,StarWars,207,0,1,0.8409,2.4222,0.6891
peak_tonal_db6,0263,3446,Hakuna,207,0,1,0.9143,2.0546,0.7810
peak_tonal_db6,0263,3565,Hakuna,207,0,1,0.8776,2.0498,0.7631
peak_tonal_db6,0270,0111,Potter,100,1,1,0.9851,1.4200,0.7822
peak_tonal_db6,0270,0407,Potter,100,1,1,0.7533,1.5851,0.6001
peak_tonal_db6,0270,1040,StarWars,100,0,1,1.0059,2.0552,0.4421
peak_tonal_db6,0270,1344,StarWars,100,0,1,0.5661,2.1580,0.3415
peak_tonal_db6,0270,3448,Hakuna,100,0,1,0.6865,2.1642,0.2454
peak_tonal_db6,0270,4068,Hakuna,100,0,1,0.7756,2.1476,0.4859
peak_tonal_db6,0272,0756,Potter,219,1,1,0.6530,2.3179,0.7747
peak_tonal_db6,0272,0805,Potter,219,1,1,0.8723,2.3495,0.6828
peak_tonal_db6,0272,0988,StarWars,219,0,1,0.9325,2.6499,0.4949
peak_tonal_db6,0272,1255,StarWars,219,0,1,0.8554,2.6648,0.4500
peak_tonal_db6,0272,3355,Hakuna,219,0,1,0.8096,2.6620,0.3741
peak_tonal_db6,0272,3635,Hakuna,219,0,1,0.9614,2.6614,0.3837
peak_tonal_db6,0276,0680,Potter,123,1,1,0.8094,0.8142,0.9842
peak_tonal_db6,0276,0835,Potter,123,1,1,0.8094,0.4271,0.9897
peak_tonal_db6,0276,1196,StarWars,123,0,1,0.7168,2.7979,0.6746
peak_tonal_db6,0276,1378,StarWars,123,0,1,0.7557,3.4416,0.6407
peak_tonal_db6,0276,3567,Hakuna,123,0,1,0.5530,2.3839,0.6242
peak_tonal_db6,0276,3787,Hakuna,123,0,1,0.6201,2.6334,0.5286
peak_tonal_db6,0277,0087,Potter,43,1,1,0.8917,0.9296,0.9586
peak_tonal_db6,0277,0212,Potter,43,1,1,0.9167,0.9705,0.9407
peak_tonal_db6,0277,1314,StarWars,43,0,1,1.0167,2.2084,0.7014
peak_tonal_db6,0277,1490,StarWars,43,0,1,0.9854,2.2276,0.6539
peak_tonal_db6,0277,3478,Hakuna,43,0,1,0.8750,2.2992,0.6649
peak_tonal_db6,0277,3825,Hakuna,43,0,1,0.8333,2.3191,0.6618
peak_tonal_db6,0278,3474,Hakuna,82,0,1,0.9171,3.5657,0.5644
peak_tonal_db6,0278,3654,Hakuna,82,0,1,0.9845,3.6508,0.3316
peak_tonal_db6,0281,0057,Potter,60,1,1,0.7595,1.7908,0.7652
peak_tonal_db6,0281,0348,Potter,60,1,1,0.7347,1.9459,0.7019
peak_tonal_db6,0284,0196,Potter,232,1,1,0.8387,1.7381,0.8649
peak_tonal_db6,0284,0603,Potter,232,1,1,0.9624,1.8485,0.8522
peak_tonal_db6,0284,0917,StarWars,232,0,1,1.0538,3.4524,0.1834
peak_tonal_db6,0284,1278,StarWars,232,0,1,0.9211,3.0546,0.3197
peak_tonal_db6,0284,3541,Hakuna,232,0,1,0.8781,2.8358,0.5607
peak_tonal_db6,0284,4111,Hakuna,232,0,1,0.9086,2.6417,0.7028
peak_tonal_db6,0287,0131,Potter,53,1,1,1.0979,1.2311,0.8199
peak_tonal_db6,0287,0689,Potter,53,1,1,1.0657,1.3170,0.8056
peak_tonal_db6,0287,1269,StarWars,53,0,1,0.7691,3.4546,0.3294
peak_tonal_db6,0287,1596,StarWars,53,0,1,0.7752,3.3483,0.3836
peak_tonal_db6,0287,3585,Hakuna,53,0,1,0.6927,2.3745,0.6510
peak_tonal_db6,0287,3856,Hakuna,53,0,1,0.6346,2.1752,0.6931
peak_tonal_db6,0290,0477,Potter,17,1,1,0.8386,1.0875,0.8703
peak_tonal_db6,0290,0558,Potter,17,1,1,0.7962,1.0692,0.8887
peak_tonal_db6,0290,1609,StarWars,17,0,1,0.7907,2.0111,0.5962
peak_tonal_db6,0290,1620,StarWars,17,0,1,0.7360,1.9663,0.6382
peak_tonal_db6,0290,3878,Hakuna,17,0,1,0.7415,1.2441,0.7933
peak_tonal_db6,0290,4105,Hakuna,17,0,1,0.6908,1.2762,0.7881
peak_tonal_db6,0296,0427,Potter,174,1,1,0.6420,1.5049,0.9235
peak_tonal_db6,0296,0577,Potter,174,1,1,0.7010,2.3306,0.8714
peak_tonal_db6,0296,1403,StarWars,174,0,1,0.5693,2.8249,0.7174
peak_tonal_db6,0296,1502,StarWars,174,0,1,0.7476,3.4384,0.5062
peak_tonal_db6,0296,3424,Hakuna,174,0,1,0.5940,2.3990,0.7072
peak_tonal_db6,0296,4122,Hakuna,174,0,1,0.4678,2.2917,0.7817
peak_tonal_db6,0309,0198,Potter,67,1,1,0.8901,0.8682,0.9695
peak_tonal_db6,0309,0369,Potter,67,1,1,0.7710,1.2136,0.9167
peak_tonal_db6,0309,1298,StarWars,67,0,1,0.8214,3.6357,0.0695
peak_tonal_db6,0309,1326,StarWars,67,0,1,0.7664,3.7300,0.1304
peak_tonal_db6,0309,3412,Hakuna,67,0,1,0.5817,2.3844,0.7113
peak_tonal_db6,0309,3447,Hakuna,67,0,1,0.6015,2.6601,0.6742
peak_tonal_db6,0310,0504,Potter,90,1,1,0.8983,1.3916,0.9046
peak_tonal_db6,0310,0597,Potter,90,1,1,0.9593,1.5606,0.9133
peak_tonal_db6,0310,0886,StarWars,90,0,1,1.0174,2.9278,0.4226
peak_tonal_db6,0310,1075,StarWars,90,0,1,1.0872,3.3131,0.1914
peak_tonal_db6,0310,3378,Hakuna,90,0,1,0.7645,2.4407,0.6457
peak_tonal_db6,0310,3455,Hakuna,90,0,1,0.9811,3.1991,0.2329
peak_tonal_db6,0314,0352,Potter,220,1,1,0.9267,2.2982,0.5157
peak_tonal_db6,0314,0755,Potter,220,1,1,0.9932,2.3079,0.4976
peak_tonal_db6,0314,1052,StarWars,220,0,1,0.5503,2.1134,0.6614
peak_tonal_db6,0314,1207,StarWars,220,0,1,0.9012,2.1996,0.4822
peak_tonal_db6,0314,3568,Hakuna,220,0,1,0.6848,2.2509,0.5895
peak_tonal_db6,0314,3759,Hakuna,220,0,1,0.3663,2.2238,0.5730
peak_tonal_db6,0317,0239,Potter,59,1,1,0.6130,2.8675,0.5859
peak_tonal_db6,0317,0798,Potter,59,1,1,0.4504,2.9802,0.5592
peak_tonal_db6,0317,0923,StarWars,59,0,1,0.2927,2.9614,0.4877
peak_tonal_db6,0317,1246,StarWars,59,0,1,0.4390,3.2281,0.2504
peak_tonal_db6,0317,3956,Hakuna,59,0,1,0.3610,3.2066,0.4209
peak_tonal_db6,0317,4124,Hakuna,59,0,1,0.3902,2.9405,0.5407
peak_tonal_db6,0321,0425,Potter,5,1,1,1.1833,0.8272,0.9443
peak_tonal_db6,0321,0528,Potter,5,1,1,1.2389,0.8451,0.9438
peak_tonal_db6,0321,0854,StarWars,5,0,1,1.2352,2.4512,0.6379
peak_tonal_db6,0321,1444,StarWars,5,0,1,1.3241,2.5396,0.4938
peak_tonal_db6,0321,3606,Hakuna,5,0,1,0.9667,2.0928,0.6921
peak_tonal_db6,0321,3860,Hakuna,5,0,1,1.0315,2.3616,0.6248
peak_tonal_db6,0324,0081,Potter,49,1,1,0.6968,1.2781,0.8866
peak_tonal_db6,0324,0423,Potter,49,1,1,0.7855,1.0101,0.9384
peak_tonal_db6,0324,1420,StarWars,49,0,1,0.8113,2.4026,0.6588
peak_tonal_db6,0324,3920,Hakuna,49,0,1,0.7742,2.1898,0.6769
peak_tonal_db6,0324,4138,Hakuna,49,0,1,0.7645,2.0554,0.7622
peak_tonal_db6,0329,0222,Potter,96,1,1,0.7049,1.3551,0.8216
peak_tonal_db6,0329,0715,Potter,96,1,1,0.6423,1.3378,0.8217
peak_tonal_db6,0329,1027,StarWars,96,0,1,0.7645,2.1886,0.5949
peak_tonal_db6,0329,1402,StarWars,96,0,1,0.7854,2.1436,0.5532
peak_tonal_db6,0329,3406,Hakuna,96,0,1,0.6632,1.9004,0.7602
peak_tonal_db6,0329,3938,Hakuna,96,0,1,0.6706,1.9018,0.6660
peak_tonal_db6,0331,0004,Potter,160,1,1,0.6030,1.4128,0.4857
peak_tonal_db6,0331,0517,Potter,160,1,1,0.5045,1.3641,0.6035
peak_tonal_db6,0331,1390,StarWars,160,0,1,0.6818,1.6097,0.4387
peak_tonal_db6,0331,1641,StarWars,160,0,1,0.6667,1.5679,0.4077
peak_tonal_db6,0331,3786,Hakuna,160,0,1,0.5561,1.2904,0.5915
peak_tonal_db6,0331,3994,Hakuna,160,0,1,0.5485,1.3102,0.6309
peak_tonal_db6,0333,3474,Hakuna,82,0,1,0.8821,3.1403,0.4421
peak_tonal_db6,0333,3654,Hakuna,82,0,1,0.9468,3.1154,0.4094
peak_tonal_db6,0337,0538,Potter,16,1,1,0.1724,3.1142,0.2995
peak_tonal_db6,0337,0797,Potter,16,1,1,0.1460,3.5058,0.0567
peak_tonal_db6,0337,1261,StarWars,16,0,1,0.1398,4.4246,-0.0351
peak_tonal_db6,0337,1522,StarWars,16,0,1,0.0839,3.6682,-0.1408
peak_tonal_db6,0337,3846,Hakuna,16,0,1,0.7919,3.2214,0.4873
peak_tonal_db6,0337,4150,Hakuna,16,0,1,0.7826,3.3536,0.3664
peak_tonal_db6,0340,0435,Potter,185,1,1,0.5027,2.3217,0.8705
peak_tonal_db6,0340,0666,Potter,185,1,1,0.8411,1.3254,0.9354
peak_tonal_db6,0340,1173,StarWars,185,0,1,0.8425,3.1902,0.1995
peak_tonal_db6,0340,1575,StarWars,185,0,1,0.4945,3.5123,-0.0659
peak_tonal_db6,0340,3561,Hakuna,185,0,1,0.7932,2.4233,0.7893
peak_tonal_db6,0340,3613,Hakuna,185,0,1,0.6466,2.6440,0.6172
peak_tonal_db6,0345,0616,Potter,71,1,1,0.5918,2.9939,0.4770
peak_tonal_db6,0345,0753,Potter,71,1,1,0.6348,2.4413,0.6389
peak_tonal_db6,0345,1170,StarWars,71,0,1,0.2383,3.0768,0.1587
peak_tonal_db6,0345,1327,StarWars,71,0,1,0.2129,2.9135,0.3280
peak_tonal_db6,0345,3542,Hakuna,71,0,1,0.3145,2.5443,0.4742
peak_tonal_db6,0345,3755,Hakuna,71,0,1,0.3223,2.9728,0.2069
peak_tonal_db6,0346,0372,Potter,128,1,1,0.6674,1.5350,0.8313
peak_tonal_db6,0346,0440,Potter,128,1,1,0.7190,1.9517,0.7167
peak_tonal_db6,0346,1334,StarWars,128,0,1,0.8642,2.5958,0.6584
peak_tonal_db6,0346,1570,StarWars,128,0,1,0.6323,2.6141,0.5542
peak_tonal_db6,0346,3882,Hakuna,128,0,1,0.7939,3.1993,0.1198
peak_tonal_db6,0346,4119,Hakuna,128,0,1,0.7916,2.8229,0.3980
peak_tonal_db6,0349,0651,Potter,97,1,1,0.9477,0.9695,0.9511
peak_tonal_db6,0349,0706,Potter,97,1,1,0.9012,0.4766,0.9761
peak_tonal_db6,0349,1313,StarWars,97,0,1,0.8241,1.9442,0.7203
peak_tonal_db6,0349,1418,StarWars,97,0,1,0.8081,2.0005,0.7238
peak_tonal_db6,0349,3631,Hakuna,97,0,1,0.7892,1.6409,0.8382
peak_tonal_db6,0349,3919,Hakuna,97,0,1,0.8430,1.9537,0.7843
peak_tonal_db6,0358,0076,Potter,30,1,1,0.6837,2.1953,0.8093
peak_tonal_db6,0358,0151,Potter,30,1,1,0.7677,1.7261,0.8746
peak_tonal_db6,0358,1101,StarWars,30,0,1,0.9160,2.9744,0.6184
peak_tonal_db6,0358,1369,StarWars,30,0,1,0.8501,3.2873,0.5120
peak_tonal_db6,0358,3443,Hakuna,30,0,1,0.7166,2.3233,0.8134
peak_tonal_db6,0358,3694,Hakuna,30,0,1,0.6656,2.7543,0.7103
peak_tonal_db6,0363,0155,Potter,76,1,1,0.8333,1.1154,0.9011
peak_tonal_db6,0363,0584,Potter,76,1,1,0.7837,1.1193,0.8941
peak_tonal_db6,0363,1381,StarWars,76,0,1,0.7500,2.4184,0.4812
peak_tonal_db6,0363,1445,StarWars,76,0,1,0.8381,2.2753,0.3375
peak_tonal_db6,0363,3706,Hakuna,76,0,1,0.8333,1.9512,0.6070
peak_tonal_db6,0363,4048,Hakuna,76,0,1,0.8878,1.7103,0.6545
peak_tonal_db6,0364,0044,Potter,217,1,1,0.9696,0.8668,0.9201
peak_tonal_db6,0364,0101,Potter,217,1,1,0.9841,0.9700,0.9232
peak_tonal_db6,0364,1131,StarWars,217,0,1,0.9768,2.4784,0.4906
peak_tonal_db6,0364,1509,StarWars,217,0,1,1.0839,2.5600,0.4271
peak_tonal_db6,0364,3701,Hakuna,217,0,1,0.8480,1.9967,0.6084
peak_tonal_db6,0364,4103,Hakuna,217,0,1,0.8205,1.7574,0.7068
peak_tonal_db6,0366,0424,Potter,38,1,1,1.0369,0.8923,0.9412
peak_tonal_db6,0366,0829,Potter,38,1,1,1.0323,0.6204,0.9554
peak_tonal_db6,0366,1149,StarWars,38,0,1,0.8892,1.8404,0.7173
peak_tonal_db6,0366,1273,StarWars,38,0,1,0.8831,1.8860,0.7466
peak_tonal_db6,0366,3506,Hakuna,38,0,1,0.7892,2.0600,0.5759
peak_tonal_db6,0366,3732,Hakuna,38,0,1,0.8631,2.1029,0.4959
peak_tonal_db6,0375,0408,Potter,145,1,1,0.9168,2.7992,0.5984
peak_tonal_db6,0375,0619,Potter,145,1,1,0.9800,0.9176,0.9686
peak_tonal_db6,0375,0956,StarWars,145,0,1,1.1079,3.2051,0.6565
peak_tonal_db6,0375,1199,StarWars,145,0,1,1.1202,2.9974,0.6965
peak_tonal_db6,0375,3712,Hakuna,145,0,1,0.9461,2.2426,0.7775
peak_tonal_db6,0375,3793,Hakuna,145,0,1,1.0108,2.2746,0.7742
peak_tonal_db6,0376,0311,Potter,218,1,1,0.9479,1.8231,0.7579
peak_tonal_db6,0376,0518,Potter,218,1,1,0.8398,2.1197,0.6533
peak_tonal_db6,0376,0994,StarWars,218,0,1,1.0154,2.1648,0.8417
peak_tonal_db6,0376,1220,StarWars,218,0,1,0.8861,1.7872,0.8740
peak_tonal_db6,0376,3475,Hakuna,218,0,1,1.0251,3.4867,0.2849
peak_tonal_db6,0376,3521,Hakuna,218,0,1,1.0502,3.8729,-0.0372
peak_tonal_db6,0378,0295,Potter,83,1,1,1.0423,0.6123,0.9777
peak_tonal_db6,0378,0648,Potter,83,1,1,1.1387,0.5845,0.9788
peak_tonal_db6,0378,1165,StarWars,83,0,1,1.0711,2.9642,0.6685
peak_tonal_db6,0378,1491,StarWars,83,0,1,1.0694,2.5224,0.6500
peak_tonal_db6,0378,3452,Hakuna,83,0,1,0.9052,3.6071,0.3895
peak_tonal_db6,0378,4101,Hakuna,83,0,1,0.8748,3.3676,0.4243
peak_tonal_db6,0382,1030,StarWars,212,0,1,0.6518,2.3463,0.4518
peak_tonal_db6,0382,1646,StarWars,212,0,1,0.7550,2.3530,0.3346
peak_tonal_db6,0382,3761,Hakuna,212,0,1,0.6626,1.7403,0.8006
peak_tonal_db6,0382,3907,Hakuna,212,0,1,0.7211,1.9141,0.7498
peak_tonal_db6,0383,0041,Potter,151,1,1,0.8438,1.2442,0.9332
peak_tonal_db6,0383,0778,Potter,151,1,1,0.7912,1.2276,0.9438
peak_tonal_db6,0383,1060,StarWars,151,0,1,1.0679,2.3438,0.6751
peak_tonal_db6,0383,1252,StarWars,151,0,1,1.0306,2.2377,0.6983
peak_tonal_db6,0383,3523,Hakuna,151,0,1,0.7267,2.1987,0.7137
peak_tonal_db6,0383,3573,Hakuna,151,0,1,0.7351,2.2517,0.7179
peak_tonal_db6,0391,0708,Potter,9,1,1,0.7081,1.5857,0.7081
peak_tonal_db6,0391,0757,Potter,9,1,1,0.8493,1.2481,0.8372
peak_tonal_db6,0391,1280,StarWars,9,0,1,0.5518,1.8267,0.6470
peak_tonal_db6,0391,1463,StarWars,9,0,1,0.5989,1.6773,0.7202
peak_tonal_db6,0391,3431,Hakuna,9,0,1,0.3164,1.9269,0.5362
peak_tonal_db6,0391,3525,Hakuna,9,0,1,0.3691,1.5188,0.7691
peak_tonal_db6,0392,0713,Potter,3,1,1,0.3346,2.1910,0.8551
peak_tonal_db6,0392,0748,Potter,3,1,1,0.2955,2.4392,0.7001
peak_tonal_db6,0392,0974,StarWars,3,0,1,0.3895,2.8274,0.5905
peak_tonal_db6,0393,0075,Potter,55,1,1,0.7776,2.2995,0.7963
peak_tonal_db6,0393,0785,Potter,55,1,1,0.7268,1.9692,0.7980
peak_tonal_db6,0393,1160,StarWars,55,0,1,0.6532,2.6703,0.4939
peak_tonal_db6,0393,1648,StarWars,55,0,1,0.9492,2.2619,0.6078
peak_tonal_db6,0393,3887,Hakuna,55,0,1,0.8669,2.3779,0.5343
peak_tonal_db6,0393,4060,Hakuna,55,0,1,0.7758,2.4111,0.4377
peak_tonal_db6,0398,0699,Potter,154,1,1,0.5113,1.5937,0.5641
peak_tonal_db6,0398,0790,Potter,154,1,1,0.5887,1.7311,0.5971
peak_tonal_db6,0398,1008,StarWars,154,0,1,0.3057,1.5720,0.6486
peak_tonal_db6,0398,1152,StarWars,154,0,1,0.4226,1.5619,0.6393
peak_tonal_db6,0398,3375,Hakuna,154,0,1,0.5170,1.6345,0.5228
peak_tonal_db6,0398,3762,Hakuna,154,0,1,0.7377,2.0552,0.3978
peak_tonal_db6,0399,0292,Potter,166,1,1,0.7924,1.5618,0.7925
peak_tonal_db6,0399,0353,Potter,166,1,1,1.1316,1.8866,0.7659
peak_tonal_db6,0399,1233,StarWars,166,0,1,0.6689,1.7502,0.6771
peak_tonal_db6,0399,1267,StarWars,166,0,1,0.6676,2.2741,0.5592
peak_tonal_db6,0401,0477,Potter,17,1,1,0.8386,1.2106,0.8649
peak_tonal_db6,0401,0558,Potter,17,1,1,0.7962,1.0763,0.9068
peak_tonal_db6,0401,1609,StarWars,17,0,1,0.7907,1.9662,0.6599
peak_tonal_db6,0401,1620,StarWars,17,0,1,0.7360,1.9162,0.6992
peak_tonal_db6,0401,3878,Hakuna,17,0,1,0.7415,1.3913,0.8126
peak_tonal_db6,0401,4105,Hakuna,17,0,1,0.6908,1.3990,0.8115
peak_tonal_db6,0402,0438,Potter,192,1,1,0.6445,1.6621,0.7318
peak_tonal_db6,0402,0783,Potter,192,1,1,0.6649,1.7541,0.7068
peak_tonal_db6,0402,0909,StarWars,192,0,1,0.7232,2.4926,0.1871
peak_tonal_db6,0402,1642,StarWars,192,0,1,0.7178,2.3091,0.3892
peak_tonal_db6,0402,3741,Hakuna,192,0,1,0.6730,2.0460,0.5823
peak_tonal_db6,0402,4148,Hakuna,192,0,1,0.7028,2.1807,0.5499
peak_tonal_db6,0405,0328,Potter,106,1,1,0.5954,1.7411,0.7373
peak_tonal_db6,0405,0777,Potter,106,1,1,0.6678,1.5677,0.7714
peak_tonal_db6,0405,1062,StarWars,106,0,1,0.6595,2.3330,0.4446
peak_tonal_db6,0405,1581,StarWars,106,0,1,0.3799,2.4036,0.2984
peak_tonal_db6,0405,3427,Hakuna,106,0,1,0.6283,2.2458,0.5426
peak_tonal_db6,0405,4075,Hakuna,106,0,1,0.5724,2.1478,0.6200
peak_tonal_db6,0413,0125,Potter,205,1,1,0.5993,1.9564,0.7827
peak_tonal_db6,0413,0359,Potter,205,1,1,0.6157,1.6660,0.7876
peak_tonal_db6,0413,0966,StarWars,205,0,1,0.6230,1.5586,0.8224
peak_tonal_db6,0413,1480,StarWars,205,0,1,0.6029,2.3464,0.5279
peak_tonal_db6,0413,3529,Hakuna,205,0,1,0.4736,2.3951,0.5006
peak_tonal_db6,0413,3581,Hakuna,205,0,1,0.5446,2.4534,0.4972
peak_tonal_db6,0414,0243,Potter,139,1,1,0.8950,0.9760,0.9010
peak_tonal_db6,0414,0824,Potter,139,1,1,0.7900,1.0708,0.9069
peak_tonal_db6,0414,0999,StarWars,139,0,1,0.7453,2.4650,0.5932
peak_tonal_db6,0414,1240,StarWars,139,0,1,0.6936,2.1015,0.5444
peak_tonal_db6,0414,3969,Hakuna,139,0,1,0.7281,2.0765,0.5054
peak_tonal_db6,0414,4035,Hakuna,139,0,1,0.6954,2.3944,0.4027
peak_tonal_db6,0415,0246,Potter,190,1,1,0.7698,0.8060,0.8464
peak_tonal_db6,0415,0410,Potter,190,1,1,0.8309,0.8377,0.8659
peak_tonal_db6,0415,1077,StarWars,190,0,1,0.7392,1.2061,0.7016
peak_tonal_db6,0415,1085,StarWars,190,0,1,0.6565,1.3508,0.5171
peak_tonal_db6,0415,3625,Hakuna,190,0,1,0.7374,1.4263,0.5524
peak_tonal_db6,0415,3898,Hakuna,190,0,1,0.7914,1.1207,0.8022
peak_tonal_db6,0419,0582,Potter,57,1,1,0.8914,1.8700,0.7402
peak_tonal_db6,0419,0801,Potter,57,1,1,0.9200,1.5633,0.8601
peak_tonal_db6,0419,0985,StarWars,57,0,1,0.9352,2.0910,0.6248
peak_tonal_db6,0419,1249,StarWars,57,0,1,0.8724,2.0447,0.6590
peak_tonal_db6,0419,3745,Hakuna,57,0,1,1.4171,2.3149,0.3696
peak_tonal_db6,0419,3802,Hakuna,57,0,1,1.4133,2.1298,0.5896
peak_tonal_db6,0420,0489,Potter,87,1,1,0.8278,1.1304,0.8760
peak_tonal_db6,0420,0684,Potter,87,1,1,0.7314,1.1714,0.8646
peak_tonal_db6,0420,1090,StarWars,87,0,1,0.7425,1.7110,0.6039
peak_tonal_db6,0420,1460,StarWars,87,0,1,0.7788,2.2975,0.4264
peak_tonal_db6,0420,3341,Hakuna,87,0,1,0.7330,2.1123,0.5018
peak_tonal_db6,0420,3728,Hakuna,87,0,1,0.7077,2.0958,0.5146
peak_tonal_db6,0429,0418,Potter,111,1,1,0.9176,2.1494,0.7427
peak_tonal_db6,0429,0454,Potter,111,1,1,0.6430,2.3927,0.5472
peak_tonal_db6,0429,0940,StarWars,111,0,1,0.5153,2.3166,0.6312
peak_tonal_db6,0429,1398,StarWars,111,0,1,0.5121,2.4122,0.5629
peak_tonal_db6,0429,4091,Hakuna,111,0,1,0.7157,2.3165,0.5706
peak_tonal_db6,0429,4133,Hakuna,111,0,1,0.5816,2.4247,0.5521
peak_tonal_db6,0430,0286,Potter,47,1,1,0.6621,1.5848,0.8232
peak_tonal_db6,0430,0443,Potter,47,1,1,0.5592,1.6283,0.8002
peak_tonal_db6,0430,1258,StarWars,47,0,1,0.7728,2.3502,0.5927
peak_tonal_db6,0430,1300,StarWars,47,0,1,0.5515,2.3004,0.5916
peak_tonal_db6,0430,4019,Hakuna,47,0,1,0.8175,2.1753,0.5164
peak_tonal_db6,0430,4044,Hakuna,47,0,1,0.8738,1.8155,0.6787
peak_tonal_db6,0431,0187,Potter,214,1,1,0.7928,1.4456,0.7660
peak_tonal_db6,0431,0702,Potter,214,1,1,0.9359,1.4133,0.7403
peak_tonal_db6,0431,1540,StarWars,214,0,1,0.7496,1.8066,0.5121
peak_tonal_db6,0431,1618,StarWars,214,0,1,0.8882,1.8024,0.5625
peak_tonal_db6,0431,3941,Hakuna,214,0,1,0.8539,1.7979,0.5383
peak_tonal_db6,0431,4078,Hakuna,214,0,1,0.8480,1.8759,0.5175
peak_tonal_db6,0444,0194,Potter,169,1,1,0.6599,2.0354,0.7081
peak_tonal_db6,0444,0728,Potter,169,1,1,0.6959,1.8144,0.8698
peak_tonal_db6,0444,0848,StarWars,169,0,1,0.7257,2.3211,0.5624
peak_tonal_db6,0444,1533,StarWars,169,0,1,0.6865,2.4399,0.4929
peak_tonal_db6,0444,3399,Hakuna,169,0,1,0.7288,2.3487,0.4986
peak_tonal_db6,0444,3605,Hakuna,169,0,1,0.6614,2.2892,0.5692
peak_tonal_db6,0446,0131,Potter,53,1,1,1.1506,0.7392,0.9268
peak_tonal_db6,0446,0689,Potter,53,1,1,1.1170,0.8021,0.9251
peak_tonal_db6,0446,1269,StarWars,53,0,1,0.8061,3.5980,-0.0026
peak_tonal_db6,0446,1596,StarWars,53,0,1,0.8125,3.6234,0.0603
peak_tonal_db6,0446,3585,Hakuna,53,0,1,0.7260,2.0528,0.7012
peak_tonal_db6,0446,3856,Hakuna,53,0,1,0.6651,1.8323,0.7472
peak_tonal_db6,0447,0384,Potter,228,1,1,0.5601,1.4436,0.6900
peak_tonal_db6,0447,0820,Potter,228,1,1,0.1611,1.5628,0.8751
peak_tonal_db6,0447,1339,StarWars,228,0,1,0.1202,1.8312,0.5022
peak_tonal_db6,0447,3896,Hakuna,228,0,1,0.1514,2.1746,0.4569
peak_tonal_db6,0448,0202,Potter,164,1,1,0.9423,1.1531,0.8945
peak_tonal_db6,0448,0293,Potter,164,1,1,0.9266,1.1547,0.8999
peak_tonal_db6,0448,1315,StarWars,164,0,1,1.0017,2.1304,0.6631
peak_tonal_db6,0448,1482,StarWars,164,0,1,0.9266,1.9359,0.7024
peak_tonal_db6,0448,3746,Hakuna,164,0,1,0.7920,1.9343,0.7589
peak_tonal_db6,0448,3954,Hakuna,164,0,1,0.7902,1.8535,0.7489
peak_tonal_db6,0452,0484,Potter,162,1,1,0.6894,1.0166,0.9581
peak_tonal_db6,0452,0599,Potter,162,1,1,0.7591,0.6663,0.9804
peak_tonal_db6,0452,1508,StarWars,162,0,1,0.7116,2.8712,0.6404
peak_tonal_db6,0452,1606,StarWars,162,0,1,0.7496,2.4089,0.7241
peak_tonal_db6,0453,0377,Potter,234,1,1,0.8966,2.2895,0.8172
peak_tonal_db6,0453,0406,Potter,234,1,1,0.9920,2.0261,0.8235
peak_tonal_db6,0453,0906,StarWars,234,0,1,0.9980,3.0540,0.6511
peak_tonal_db6,0453,3484,Hakuna,234,0,1,0.8569,2.6990,0.8342
peak_tonal_db6,0453,3975,Hakuna,234,0,1,0.9165,3.1144,0.6624
peak_tonal_db6,0455,0140,Potter,175,1,1,0.6526,1.2947,0.8966
peak_tonal_db6,0455,0758,Potter,175,1,1,0.7805,3.5937,0.4688
peak_tonal_db6,0455,1428,StarWars,175,0,1,0.6831,3.3166,0.5801
peak_tonal_db6,0455,1599,StarWars,175,0,1,0.7195,2.7304,0.6746
peak_tonal_db6,0463,0286,Potter,47,1,1,0.7680,1.3823,0.8604
peak_tonal_db6,0463,0443,Potter,47,1,1,0.6486,1.4960,0.8128
peak_tonal_db6,0463,1258,StarWars,47,0,1,0.8964,2.3780,0.2662
peak_tonal_db6,0463,1300,StarWars,47,0,1,0.6396,2.1114,0.5753
peak_tonal_db6,0463,4019,Hakuna,47,0,1,0.9482,2.0529,0.5241
peak_tonal_db6,0463,4044,Hakuna,47,0,1,1.0135,1.6431,0.7491
peak_tonal_db6,0466,0181,Potter,13,1,1,0.9188,1.4912,0.8116
peak_tonal_db6,0466,0299,Potter,13,1,1,0.7950,1.6152,0.7649
peak_tonal_db6,0466,1619,StarWars,13,0,1,0.6209,1.7569,0.6970
peak_tonal_db6,0466,3353,Hakuna,13,0,1,0.7930,1.8809,0.6434
peak_tonal_db6,0466,4020,Hakuna,13,0,1,0.7427,1.7023,0.6080
peak_tonal_db6,0472,0275,Potter,33,1,1,0.8399,1.2752,0.8961
peak_tonal_db6,0472,0468,Potter,33,1,1,0.8811,1.5533,0.8580
peak_tonal_db6,0472,0888,StarWars,33,0,1,0.8994,3.5350,0.2668
peak_tonal_db6,0472,1174,StarWars,33,0,1,0.8720,3.4939,0.1637
peak_tonal_db6,0472,3868,Hakuna,33,0,1,0.7210,3.7020,0.2222
peak_tonal_db6,0474,0182,Potter,61,1,1,0.8442,2.3098,0.4495
peak_tonal_db6,0474,0336,Potter,61,1,1,0.6342,2.1939,0.6136
peak_tonal_db6,0474,1236,StarWars,61,0,1,0.3874,2.1295,0.4889
peak_tonal_db6,0474,1318,StarWars,61,0,1,0.6450,2.4502,0.3900
peak_tonal_db6,0474,3492,Hakuna,61,0,1,0.4026,1.2029,0.8567
peak_tonal_db6,0474,3524,Hakuna,61,0,1,0.3225,1.9178,0.6371
peak_tonal_db6,0478,0145,Potter,141,1,1,0.8139,1.7597,0.7623
peak_tonal_db6,0478,0620,Potter,141,1,1,0.4969,1.9905,0.6712
peak_tonal_db6,0478,1636,StarWars,141,0,1,0.8650,2.3907,0.2530
peak_tonal_db6,0478,1652,StarWars,141,0,1,0.8078,2.7902,-0.2988
peak_tonal_db6,0478,3687,Hakuna,141,0,1,0.7975,2.3179,0.4055
peak_tonal_db6,0478,3895,Hakuna,141,0,1,0.7935,2.2484,0.5489
peak_tonal_db6,0485,0649,Potter,197,1,1,0.7038,0.8905,0.9643
peak_tonal_db6,0485,0688,Potter,197,1,1,0.7880,1.0582,0.8974
peak_tonal_db6,0485,0921,StarWars,197,0,1,0.7474,2.8283,0.5427
peak_tonal_db6,0485,1322,StarWars,197,0,1,0.5820,2.5050,0.6753
peak_tonal_db6,0485,3512,Hakuna,197,0,1,0.6782,1.6945,0.8620
peak_tonal_db6,0485,3851,Hakuna,197,0,1,0.6887,1.7020,0.8541
peak_tonal_db6,0491,0008,Potter,213,1,1,0.8604,0.4364,0.9812
peak_tonal_db6,0491,0681,Potter,213,1,1,0.8283,0.4579,0.9825
peak_tonal_db6,0491,0860,StarWars,213,0,1,0.8379,2.3806,0.7892
peak_tonal_db6,0491,1317,StarWars,213,0,1,0.7978,2.3519,0.7486
peak_tonal_db6,0491,3548,Hakuna,213,0,1,0.6404,1.7500,0.8455
peak_tonal_db6,0491,3720,Hakuna,213,0,1,0.6918,1.9652,0.7972
peak_tonal_db6,0493,0282,Potter,8,1,1,1.0614,1.8541,0.7794
peak_tonal_db6,0493,0802,Potter,8,1,1,0.9187,1.1877,0.8845
peak_tonal_db6,0493,1046,StarWars,8,0,1,0.8109,2.2637,0.5162
peak_tonal_db6,0493,1667,StarWars,8,0,1,0.8275,2.1736,0.5664
peak_tonal_db6,0493,3795,Hakuna,8,0,1,0.7280,2.0919,0.5699
peak_tonal_db6,0493,4144,Hakuna,8,0,1,0.7297,2.1194,0.5420
peak_tonal_db6,0494,0808,Potter,171,1,1,1.0247,1.1165,0.9154
peak_tonal_db6,0494,1079,StarWars,171,0,1,1.0300,1.9661,0.5692
peak_tonal_db6,0494,1112,StarWars,171,0,1,0.9240,2.0929,0.5620
peak_tonal_db6,0495,0125,Potter,205,1,1,0.5456,1.9591,0.6755
peak_tonal_db6,0495,0359,Potter,205,1,1,0.5605,1.7332,0.7090
peak_tonal_db6,0495,0966,StarWars,205,0,1,0.5672,1.7380,0.6322
peak_tonal_db6,0495,1480,StarWars,205,0,1,0.5489,2.2543,0.4151
peak_tonal_db6,0495,3529,Hakuna,205,0,1,0.4312,2.3622,0.4747
peak_tonal_db6,0495,3581,Hakuna,205,0,1,0.4959,2.1820,0.6100
peak_tonal_db6,0496,1030,StarWars,212,0,1,0.6682,2.0802,0.4426
peak_tonal_db6,0496,1646,StarWars,212,0,1,0.7741,2.1357,0.3145
peak_tonal_db6,0496,3761,Hakuna,212,0,1,0.6793,1.6724,0.7399
peak_tonal_db6,0496,3907,Hakuna,212,0,1,0.7393,1.7655,0.6936
peak_tonal_db6,0498,0613,Potter,137,1,1,1.3343,1.1252,0.9090
peak_tonal_db6,0498,0788,Potter,137,1,1,1.2310,1.3041,0.8734
peak_tonal_db6,0498,1163,StarWars,137,0,1,1.3951,1.9510,0.7067
peak_tonal_db6,0498,1177,StarWars,137,0,1,1.4650,2.1348,0.6115
peak_tonal_db6,0498,3594,Hakuna,137,0,1,1.5988,1.8507,0.7262
peak_tonal_db6,0498,3944,Hakuna,137,0,1,1.4590,1.5530,0.8102
peak_tonal_db6,0499,0177,Potter,14,1,1,0.7824,1.9196,0.8044
peak_tonal_db6,0499,0774,Potter,14,1,1,0.7824,1.7226,0.8290
peak_tonal_db6,0499,1435,StarWars,14,0,1,0.6882,2.5562,0.6488
peak_tonal_db6,0499,1519,StarWars,14,0,1,0.6397,2.5340,0.6105
peak_tonal_db6,0499,3682,Hakuna,14,0,1,0.5485,2.5516,0.5913
peak_tonal_db6,0499,3807,Hakuna,14,0,1,0.5706,2.5697,0.6853
peak_tonal_db6,0500,0708,Potter,9,1,1,0.7475,1.6428,0.7372
peak_tonal_db6,0500,0757,Potter,9,1,1,0.8966,1.4230,0.8300
peak_tonal_db6,0500,1280,StarWars,9,0,1,0.5825,2.0113,0.5505
peak_tonal_db6,0500,1463,StarWars,9,0,1,0.6322,2.0451,0.5983
peak_tonal_db6,0500,3431,Hakuna,9,0,1,0.3340,1.8897,0.7119
peak_tonal_db6,0500,3525,Hakuna,9,0,1,0.3897,1.6845,0.7540
peak_tonal_db6,0507,0699,Potter,154,1,1,0.5162,1.3411,0.6581
peak_tonal_db6,0507,0790,Potter,154,1,1,0.5943,1.4144,0.7180
peak_tonal_db6,0507,1008,StarWars,154,0,1,0.3086,1.4302,0.7001
peak_tonal_db6,0507,1152,StarWars,154,0,1,0.4267,1.5497,0.6874
peak_tonal_db6,0507,3375,Hakuna,154,0,1,0.5219,1.5538,0.6196
peak_tonal_db6,0507,3762,Hakuna,154,0,1,0.7448,1.9158,0.5126
peak_tonal_db6,0510,0437,Potter,40,1,1,0.6667,1.3620,0.9289
peak_tonal_db6,0510,0502,Potter,40,1,1,0.5206,2.4109,0.7387
peak_tonal_db6,0510,0892,StarWars,40,0,1,0.5365,2.4129,0.7134
peak_tonal_db6,0510,1600,StarWars,40,0,1,0.5193,2.7076,0.6687
peak_tonal_db6,0510,3966,Hakuna,40,0,1,0.5498,3.0662,0.4943
peak_tonal_db6,0510,4094,Hakuna,40,0,1,0.4993,2.9001,0.6421
peak_tonal_db6,0512,0356,Potter,196,1,1,0.9115,0.9652,0.9329
peak_tonal_db6,0512,0686,Potter,196,1,1,0.8363,1.3928,0.9072
peak_tonal_db6,0512,0907,StarWars,196,0,1,0.8097,2.2321,0.7472
peak_tonal_db6,0512,1611,StarWars,196,0,1,0.7876,2.2344,0.7495
peak_tonal_db6,0512,4056,Hakuna,196,0,1,0.8363,2.2670,0.7520
peak_tonal_db6,0512,4082,Hakuna,196,0,1,0.8805,2.1728,0.7806
peak_tonal_db6,0515,0273,Potter,172,1,1,0.7481,1.7819,0.8374
peak_tonal_db6,0515,1064,StarWars,172,0,1,0.7527,2.6492,0.6812
peak_tonal_db6,0515,1498,StarWars,172,0,1,0.6352,2.8215,0.5986
peak_tonal_db6,0515,3708,Hakuna,172,0,1,0.7403,3.8117,0.2217
peak_tonal_db6,0515,4145,Hakuna,172,0,1,0.7543,2.7486,0.7126
peak_tonal_db6,0526,0732,Potter,150,1,1,0.9457,0.8302,0.9585
peak_tonal_db6,0526,0825,Potter,150,1,1,1.2301,0.7037,0.9621
peak_tonal_db6,0526,0844,StarWars,150,0,1,1.1304,2.8765,0.4904
peak_tonal_db6,0526,1510,StarWars,150,0,1,1.0797,2.6478,0.5949
peak_tonal_db6,0526,3493,Hakuna,150,0,1,1.0217,2.1421,0.7419
peak_tonal_db6,0526,3767,Hakuna,150,0,1,0.9638,1.4172,0.8840
peak_tonal_db6,0527,0326,Potter,23,1,1,1.0337,1.2193,0.7774
peak_tonal_db6,0527,0682,Potter,23,1,1,0.7802,1.1186,0.8951
peak_tonal_db6,0527,1335,StarWars,23,0,1,0.9188,2.4524,0.5019
peak_tonal_db6,0527,1448,StarWars,23,0,1,0.8396,2.0996,0.5558
peak_tonal_db6,0530,0071,Potter,109,1,1,0.9382,2.5096,0.5935
peak_tonal_db6,0530,0388,Potter,109,1,1,1.0067,2.2352,0.5679
peak_tonal_db6,0530,0986,StarWars,109,0,1,0.9082,2.6068,0.5149
peak_tonal_db6,0530,1078,StarWars,109,0,1,0.9699,2.8552,0.4461
peak_tonal_db6,0530,3457,Hakuna,109,0,1,0.7462,2.4285,0.6081
peak_tonal_db6,0530,3837,Hakuna,109,0,1,0.6895,2.5956,0.5909
peak_tonal_db6,0540,0319,Potter,54,1,1,0.9784,0.5335,0.9822
peak_tonal_db6,0540,0573,Potter,54,1,1,0.9928,0.5245,0.9800
peak_tonal_db6,0540,0885,StarWars,54,0,1,0.9914,2.4427,0.7469
peak_tonal_db6,0540,1561,StarWars,54,0,1,0.8446,2.5699,0.7486
peak_tonal_db6,0540,3395,Hakuna,54,0,1,0.8791,1.8510,0.8127
peak_tonal_db6,0540,3880,Hakuna,54,0,1,0.8259,1.8074,0.8317
peak_tonal_db6,0543,0418,Potter,111,1,1,0.8465,2.5547,0.6958
peak_tonal_db6,0543,0454,Potter,111,1,1,0.5931,2.7212,0.5804
peak_tonal_db6,0543,0940,StarWars,111,0,1,0.4754,2.5885,0.6582
peak_tonal_db6,0543,1398,StarWars,111,0,1,0.4724,2.7135,0.5526
peak_tonal_db6,0543,4091,Hakuna,111,0,1,0.6602,2.6543,0.5751
peak_tonal_db6,0543,4133,Hakuna,111,0,1,0.5365,2.8054,0.4451
peak_tonal_db6,0545,0005,Potter,216,1,1,0.6332,2.7588,0.7537
peak_tonal_db6,0545,0036,Potter,216,1,1,0.7458,2.1675,0.8799
peak_tonal_db6,0545,3704,Hakuna,216,0,1,0.5068,3.0077,0.6157
peak_tonal_db6,0545,3876,Hakuna,216,0,1,0.6027,3.1827,0.7004
peak_tonal_db6,0549,0361,Potter,46,1,1,1.1000,0.6337,0.9646
peak_tonal_db6,0549,0632,Potter,46,1,1,1.0268,0.6005,0.9638
peak_tonal_db6,0549,0841,StarWars,46,0,1,0.9411,1.8737,0.7354
peak_tonal_db6,0549,1237,StarWars,46,0,1,1.0143,1.8795,0.7262
peak_tonal_db6,0549,3661,Hakuna,46,0,1,0.8661,1.4129,0.8249
peak_tonal_db6,0549,4156,Hakuna,46,0,1,0.8964,1.4903,0.7991
peak_tonal_db6,0555,0295,Potter,83,1,1,1.0318,0.5762,0.9834
peak_tonal_db6,0555,0648,Potter,83,1,1,1.1273,0.6282,0.9831
peak_tonal_db6,0555,1165,StarWars,83,0,1,1.0603,2.8349,0.6815
peak_tonal_db6,0555,1491,StarWars,83,0,1,1.0586,2.8170,0.6622
peak_tonal_db6,0555,3452,Hakuna,83,0,1,0.8961,3.5967,0.4682
peak_tonal_db6,0555,4101,Hakuna,83,0,1,0.8660,3.2329,0.5138
peak_tonal_db6,0556,0365,Potter,80,1,1,0.1506,2.2507,0.1950
peak_tonal_db6,0556,0514,Potter,80,1,1,0.0881,2.4424,0.0649
peak_tonal_db6,0561,0372,Potter,128,1,1,0.6477,1.4993,0.8738
peak_tonal_db6,0561,0440,Potter,128,1,1,0.6977,1.6366,0.8431
peak_tonal_db6,0561,1334,StarWars,128,0,1,0.8386,3.0056,0.6323
peak_tonal_db6,0561,1570,StarWars,128,0,1,0.6136,2.3113,0.6861
peak_tonal_db6,0561,3882,Hakuna,128,0,1,0.7705,2.8603,0.3964
peak_tonal_db6,0561,4119,Hakuna,128,0,1,0.7682,2.7128,0.5159
peak_tonal_db6,0579,0275,Potter,33,1,1,0.8959,1.2308,0.9055
peak_tonal_db6,0579,0468,Potter,33,1,1,0.9398,1.3672,0.8976
peak_tonal_db6,0579,0888,StarWars,33,0,1,0.9593,3.3560,0.3065
peak_tonal_db6,0579,1174,StarWars,33,0,1,0.9301,3.7155,0.1847
peak_tonal_db6,0579,3868,Hakuna,33,0,1,0.7691,3.5027,0.2829
peak_tonal_db6,0580,0060,Potter,222,1,1,0.7942,1.3739,0.8947
peak_tonal_db6,0580,0107,Potter,222,1,1,0.9014,1.1060,0.9184
peak_tonal_db6,0580,0959,StarWars,222,0,1,0.7262,2.2236,0.7434
peak_tonal_db6,0580,1276,StarWars,222,0,1,0.7024,2.9939,0.3752
peak_tonal_db6,0580,4064,Hakuna,222,0,1,0.8214,2.1117,0.7695
peak_tonal_db6,0580,4085,Hakuna,222,0,1,0.8112,2.0031,0.7027
peak_tonal_db6,0581,0352,Potter,220,1,1,0.8831,2.0523,0.5934
peak_tonal_db6,0581,0755,Potter,220,1,1,0.9464,2.1874,0.4862
peak_tonal_db6,0581,1052,StarWars,220,0,1,0.5244,1.9023,0.6969
peak_tonal_db6,0581,1207,StarWars,220,0,1,0.8588,2.0708,0.4119
peak_tonal_db6,0581,3568,Hakuna,220,0,1,0.6526,1.9041,0.5456
peak_tonal_db6,0581,3759,Hakuna,220,0,1,0.3490,2.0438,0.6262
peak_tonal_db6,0586,0386,Potter,184,1,1,0.8233,1.9481,0.8482
peak_tonal_db6,0586,0729,Potter,184,1,1,0.8527,0.7407,0.9650
peak_tonal_db6,0586,0887,StarWars,184,0,1,0.6536,2.5324,0.7573
peak_tonal_db6,0586,3612,Hakuna,184,0,1,0.6381,2.6307,0.6065
peak_tonal_db6,0586,3844,Hakuna,184,0,1,0.6522,2.6366,0.5733
peak_tonal_db6,0588,1030,StarWars,212,0,1,0.5867,3.3332,0.2483
peak_tonal_db6,0588,1646,StarWars,212,0,1,0.6796,3.4863,0.1342
peak_tonal_db6,0588,3761,Hakuna,212,0,1,0.5964,2.9280,0.3742
peak_tonal_db6,0588,3907,Hakuna,212,0,1,0.6491,3.1782,0.2203
peak_tonal_db6,0592,0182,Potter,61,1,1,0.8725,1.9017,0.7479
peak_tonal_db6,0592,0336,Potter,61,1,1,0.6555,2.6583,0.3723
peak_tonal_db6,0592,1236,StarWars,61,0,1,0.4004,2.5096,0.5500
peak_tonal_db6,0592,1318,StarWars,61,0,1,0.6667,2.6087,0.5597
peak_tonal_db6,0592,3492,Hakuna,61,0,1,0.4161,1.8390,0.7942
peak_tonal_db6,0592,3524,Hakuna,61,0,1,0.3333,2.5477,0.4503
peak_tonal_db6,0594,0425,Potter,5,1,1,0.8600,1.3794,0.8839
peak_tonal_db6,0594,0528,Potter,5,1,1,0.9004,1.2997,0.8670
peak_tonal_db6,0594,0854,StarWars,5,0,1,0.8977,2.5486,0.6323
peak_tonal_db6,0594,1444,StarWars,5,0,1,0.9623,2.6359,0.5924
peak_tonal_db6,0594,3606,Hakuna,5,0,1,0.7026,2.3261,0.6142
peak_tonal_db6,0594,3860,Hakuna,5,0,1,0.7497,2.5667,0.4738
peak_tonal_db6,0601,0187,Potter,214,1,1,0.8391,1.7691,0.7463
peak_tonal_db6,0601,0702,Potter,214,1,1,0.9905,2.0380,0.5831
peak_tonal_db6,0601,1540,StarWars,214,0,1,0.7934,2.3263,0.4512
peak_tonal_db6,0601,1618,StarWars,214,0,1,0.9401,2.3449,0.4843
peak_tonal_db6,0601,3941,Hakuna,214,0,1,0.9038,2.4576,0.3347
peak_tonal_db6,0601,4078,Hakuna,214,0,1,0.8975,2.4011,0.3290
peak_tonal_db6,0602,0787,Potter,136,1,1,1.0525,2.3797,0.4112
peak_tonal_db6,0602,0837,Potter,136,1,1,1.0490,2.4053,0.4288
peak_tonal_db6,0602,1004,StarWars,136,0,1,0.9650,2.3979,0.3292
peak_tonal_db6,0602,1042,StarWars,136,0,1,1.1401,2.4076,0.3731
peak_tonal_db6,0602,3526,Hakuna,136,0,1,1.1313,2.4421,0.2867
peak_tonal_db6,0602,3943,Hakuna,136,0,1,1.1313,2.4421,0.2867
peak_tonal_db6,0604,0713,Potter,3,1,1,0.3434,2.0017,0.8433
peak_tonal_db6,0604,0748,Potter,3,1,1,0.3033,2.2340,0.7298
peak_tonal_db6,0604,0974,StarWars,3,0,1,0.3997,2.7281,0.5903
peak_tonal_db6,0611,0124,Potter,58,1,1,0.9666,1.0680,0.8918
peak_tonal_db6,0611,0467,Potter,58,1,1,0.9850,1.0885,0.9198
peak_tonal_db6,0611,1178,StarWars,58,0,1,0.9015,2.5236,0.6088
peak_tonal_db6,0611,1262,StarWars,58,0,1,0.9098,2.1063,0.7150
peak_tonal_db6,0611,3556,Hakuna,58,0,1,0.7028,1.9097,0.8044
peak_tonal_db6,0611,3668,Hakuna,58,0,1,0.7162,2.1124,0.7723
peak_tonal_db6,0615,0623,Potter,10,1,1,0.9461,1.3266,0.8969
peak_tonal_db6,0615,0830,Potter,10,1,1,0.8690,1.4043,0.8621
peak_tonal_db6,0615,1176,StarWars,10,0,1,0.9499,1.9178,0.6060
peak_tonal_db6,0615,1321,StarWars,10,0,1,0.9037,2.1703,0.4470
peak_tonal_db6,0615,3717,Hakuna,10,0,1,0.8805,1.9135,0.7470
peak_tonal_db6,0615,3891,Hakuna,10,0,1,0.7033,2.1561,0.3544
peak_tonal_db6,0624,0326,Potter,23,1,1,1.1549,1.8572,0.8175
peak_tonal_db6,0624,0682,Potter,23,1,1,0.8717,2.1489,0.7972
peak_tonal_db6,0624,1335,StarWars,23,0,1,1.0265,2.7289,0.3755
peak_tonal_db6,0624,1448,StarWars,23,0,1,0.9381,2.7694,0.5289
peak_tonal_db6,0626,0254,Potter,129,1,1,0.9741,1.1527,0.9197
peak_tonal_db6,0626,0554,Potter,129,1,1,0.9755,1.1637,0.9408
peak_tonal_db6,0626,1014,StarWars,129,0,1,0.5518,2.1903,0.7455
peak_tonal_db6,0626,1167,StarWars,129,0,1,0.5109,2.2634,0.7295
peak_tonal_db6,0626,3576,Hakuna,129,0,1,0.5068,2.9320,0.4580
peak_tonal_db6,0626,3651,Hakuna,129,0,1,0.4918,3.1020,0.4226
peak_tonal_db6,0628,0055,Potter,200,1,1,0.9500,1.3288,0.8837
peak_tonal_db6,0628,0417,Potter,200,1,1,0.9018,1.2340,0.8959
peak_tonal_db6,0628,1015,StarWars,200,0,1,0.9714,2.4778,0.5559
peak_tonal_db6,0628,1626,StarWars,200,0,1,0.9143,3.2222,0.4403
peak_tonal_db6,0628,3586,Hakuna,200,0,1,0.7214,2.4498,0.3432
peak_tonal_db6,0628,3862,Hakuna,200,0,1,0.7893,2.4237,0.4322
peak_tonal_db6,0630,0435,Potter,185,1,1,0.5104,2.4821,0.8381
peak_tonal_db6,0630,0666,Potter,185,1,1,0.8540,1.5436,0.9353
peak_tonal_db6,0630,1173,StarWars,185,0,1,0.8554,3.3757,0.2791
peak_tonal_db6,0630,1575,StarWars,185,0,1,0.5021,3.4852,0.1332
peak_tonal_db6,0630,3561,Hakuna,185,0,1,0.8053,2.6437,0.7546
peak_tonal_db6,0630,3613,Hakuna,185,0,1,0.6565,2.8871,0.6113
peak_tonal_db6,0640,0236,Potter,170,1,1,0.5551,3.0380,-0.0187
peak_tonal_db6,0640,0668,Potter,170,1,1,0.8179,2.4814,0.8189
peak_tonal_db6,0640,1565,StarWars,170,0,1,0.8341,2.7843,0.6340
peak_tonal_db6,0640,3482,Hakuna,170,0,1,0.4978,2.6759,0.5257
peak_tonal_db6,0640,4088,Hakuna,170,0,1,0.4978,3.2524,-0.3579
peak_tonal_db6,0641,0282,Potter,8,1,1,1.1552,2.6817,0.6938
peak_tonal_db6,0641,0802,Potter,8,1,1,1.0000,2.1172,0.7994
peak_tonal_db6,0641,1046,StarWars,8,0,1,0.8827,2.9393,0.4729
peak_tonal_db6,0641,1667,StarWars,8,0,1,0.9007,2.8326,0.6446
peak_tonal_db6,0641,3795,Hakuna,8,0,1,0.7924,2.8355,0.5261
peak_tonal_db6,0641,4144,Hakuna,8,0,1,0.7942,2.8868,0.3601
peak_tonal_db6,0643,0649,Potter,197,1,1,0.6892,1.0478,0.9551
peak_tonal_db6,0643,0688,Potter,197,1,1,0.7717,1.2125,0.8801
peak_tonal_db6,0643,0921,StarWars,197,0,1,0.7320,2.7375,0.5601
peak_tonal_db6,0643,1322,StarWars,197,0,1,0.5700,2.6864,0.6331
peak_tonal_db6,0643,3512,Hakuna,197,0,1,0.6642,1.7573,0.8630
peak_tonal_db6,0643,3851,Hakuna,197,0,1,0.6745,1.9073,0.8126
peak_tonal_db6,0644,0350,Potter,72,1,1,0.7767,0.7799,0.9685
peak_tonal_db6,0644,0506,Potter,72,1,1,0.7540,1.0695,0.9551
peak_tonal_db6,0644,1215,StarWars,72,0,1,0.7395,2.7062,0.6537
peak_tonal_db6,0644,1478,StarWars,72,0,1,0.8997,2.6828,0.5633
peak_tonal_db6,0644,3666,Hakuna,72,0,1,0.6570,1.4716,0.8396
peak_tonal_db6,0644,4069,Hakuna,72,0,1,0.6036,1.6311,0.8144
peak_tonal_db6,0645,0158,Potter,98,1,1,0.6979,1.6335,0.4460
peak_tonal_db6,0645,0450,Potter,98,1,1,0.6877,1.5103,0.4929
peak_tonal_db6,0645,0904,StarWars,98,0,1,0.3666,3.4742,0.0448
peak_tonal_db6,0645,1654,StarWars,98,0,1,0.5909,1.4259,0.5451
peak_tonal_db6,0645,3835,Hakuna,98,0,1,0.4912,1.4748,0.5338
peak_tonal_db6,0645,3993,Hakuna,98,0,1,0.3768,2.5965,0.3215
peak_tonal_db6,0653,0623,Potter,10,1,1,0.9919,1.3578,0.8970
peak_tonal_db6,0653,0830,Potter,10,1,1,0.9111,1.3795,0.8377
peak_tonal_db6,0653,1176,StarWars,10,0,1,0.9960,2.1165,0.5538
peak_tonal_db6,0653,1321,StarWars,10,0,1,0.9475,2.2319,0.2709
peak_tonal_db6,0653,3717,Hakuna,10,0,1,0.9232,1.9654,0.7235
peak_tonal_db6,0653,3891,Hakuna,10,0,1,0.7374,1.9419,0.7013
peak_tonal_db6,0655,0470,Potter,91,1,1,0.9037,1.3599,0.8426
peak_tonal_db6,0655,0596,Potter,91,1,1,1.0058,1.3174,0.8382
peak_tonal_db6,0655,1006,StarWars,91,0,1,0.8478,2.3241,0.4544
peak_tonal_db6,0655,1366,StarWars,91,0,1,1.0308,2.0491,0.6182
peak_tonal_db6,0655,3411,Hakuna,91,0,1,0.7823,2.4062,0.3063
peak_tonal_db6,0655,3440,Hakuna,91,0,1,0.7630,2.4321,0.3380
peak_tonal_db6,0656,0288,Potter,208,1,1,0.7733,2.3776,0.6444
peak_tonal_db6,0656,0482,Potter,208,1,1,0.7547,2.4306,0.5771
peak_tonal_db6,0656,1399,StarWars,208,0,1,0.4301,2.4439,0.4006
peak_tonal_db6,0656,1436,StarWars,208,0,1,0.2019,2.5385,0.2688
peak_tonal_db6,0656,3519,Hakuna,208,0,1,0.5062,2.4141,0.4830
peak_tonal_db6,0657,0279,Potter,223,1,1,0.8555,1.8218,0.9344
peak_tonal_db6,0657,0609,Potter,223,1,1,0.8541,1.8209,0.8953
peak_tonal_db6,0657,1197,StarWars,223,0,1,0.6896,2.6185,0.6056
peak_tonal_db6,0657,3343,Hakuna,223,0,1,0.6595,2.5733,0.6732
peak_tonal_db6,0657,4153,Hakuna,223,0,1,0.6609,2.3853,0.7350
peak_tonal_db6,0664,0271,Potter,121,1,1,1.0676,0.9173,0.9470
peak_tonal_db6,0664,0416,Potter,121,1,1,0.8696,1.8874,0.7061
peak_tonal_db6,0664,0852,StarWars,121,0,1,1.0797,2.1541,0.6629
peak_tonal_db6,0664,1525,StarWars,121,0,1,1.0314,2.4655,0.5409
peak_tonal_db6,0664,3647,Hakuna,121,0,1,1.0097,2.9817,0.2038
peak_tonal_db6,0664,4058,Hakuna,121,0,1,1.0314,2.4494,0.5430
peak_tonal_db6,0676,0531,Potter,105,1,1,0.8150,1.0456,0.9342
peak_tonal_db6,0676,0583,Potter,105,1,1,0.8214,0.5382,0.9719
peak_tonal_db6,0676,1579,StarWars,105,0,1,0.7592,2.3961,0.7447
peak_tonal_db6,0676,3587,Hakuna,105,0,1,0.7161,2.1218,0.7712
peak_tonal_db6,0676,3906,Hakuna,105,0,1,0.7592,2.2264,0.7715
peak_tonal_db6,0677,0044,Potter,217,1,1,0.9867,0.8150,0.9312
peak_tonal_db6,0677,0101,Potter,217,1,1,1.0015,0.9017,0.9308
peak_tonal_db6,0677,1131,StarWars,217,0,1,0.9941,2.4426,0.5448
peak_tonal_db6,0677,1509,StarWars,217,0,1,1.1031,2.5256,0.5142
peak_tonal_db6,0677,3701,Hakuna,217,0,1,0.8630,1.7464,0.6603
peak_tonal_db6,0677,4103,Hakuna,217,0,1,0.8351,1.7328,0.7682
peak_tonal_db6,0683,0136,Potter,144,1,1,0.5550,2.2201,0.7408
peak_tonal_db6,0683,0330,Potter,144,1,1,0.5496,2.6480,0.4570
peak_tonal_db6,0683,1216,StarWars,144,0,1,0.5335,2.9299,0.2942
peak_tonal_db6,0683,1421,StarWars,144,0,1,0.5603,2.3515,0.7094
peak_tonal_db6,0683,3420,Hakuna,144,0,1,0.5094,2.9839,0.3734
peak_tonal_db6,0683,3673,Hakuna,144,0,1,0.5054,3.0822,0.3307
peak_tonal_db6,0685,0808,Potter,171,1,1,0.9587,1.0148,0.8634
peak_tonal_db6,0685,1079,StarWars,171,0,1,0.9636,1.4894,0.5954
peak_tonal_db6,0685,1112,StarWars,171,0,1,0.8645,1.7465,0.5483
peak_tonal_db6,0704,0489,Potter,87,1,1,0.7572,1.0400,0.8027
peak_tonal_db6,0704,0684,Potter,87,1,1,0.6691,0.8934,0.8532
peak_tonal_db6,0704,1090,StarWars,87,0,1,0.6792,1.2494,0.6852
peak_tonal_db6,0704,1460,StarWars,87,0,1,0.7124,1.8402,0.2220
peak_tonal_db6,0704,3341,Hakuna,87,0,1,0.6705,1.5174,0.5700
peak_tonal_db6,0704,3728,Hakuna,87,0,1,0.6474,1.4910,0.5570
peak_tonal_db6,0705,0186,Potter,22,1,1,0.9366,1.0988,0.8591
peak_tonal_db6,0705,1340,StarWars,22,0,1,0.9173,1.8745,0.6838
peak_tonal_db6,0705,3791,Hakuna,22,0,1,0.9542,2.1317,0.5577
peak_tonal_db6,0705,3834,Hakuna,22,0,1,0.9577,2.2589,0.5391
peak_tonal_db6,0709,0246,Potter,190,1,1,0.7392,1.0700,0.8011
peak_tonal_db6,0709,0410,Potter,190,1,1,0.7979,0.8742,0.9310
peak_tonal_db6,0709,1077,StarWars,190,0,1,0.7098,1.3391,0.7019
peak_tonal_db6,0709,1085,StarWars,190,0,1,0.6304,1.3580,0.6483
peak_tonal_db6,0709,3625,Hakuna,190,0,1,0.7081,1.5117,0.6604
peak_tonal_db6,0709,3898,Hakuna,190,0,1,0.7599,1.3883,0.7529
peak_tonal_db6,0712,0071,Potter,109,1,1,0.8157,1.8608,0.8012
peak_tonal_db6,0712,0388,Potter,109,1,1,0.8752,1.8037,0.7176
peak_tonal_db6,0712,0986,StarWars,109,0,1,0.7896,2.0125,0.7103
peak_tonal_db6,0712,1078,StarWars,109,0,1,0.8433,2.1475,0.7099
peak_tonal_db6,0712,3457,Hakuna,109,0,1,0.6488,2.2954,0.6610
peak_tonal_db6,0712,3837,Hakuna,109,0,1,0.5994,2.4719,0.6045
peak_tonal_db6,0716,0229,Potter,230,1,1,0.9765,1.0407,0.9702
peak_tonal_db6,0716,0245,Potter,230,1,1,0.8029,1.3046,0.9474
peak_tonal_db6,0716,1010,StarWars,230,0,1,0.9059,2.9479,0.6796
peak_tonal_db6,0716,1048,StarWars,230,0,1,0.9559,3.4644,0.5287
peak_tonal_db6,0716,3670,Hakuna,230,0,1,0.7559,1.9650,0.7926
peak_tonal_db6,0716,3702,Hakuna,230,0,1,0.7471,1.9291,0.7853
peak_tonal_db6,0717,0595,Potter,26,1,1,0.6544,1.0369,0.7260
peak_tonal_db6,0717,0768,Potter,26,1,1,0.6176,1.3365,0.5432
peak_tonal_db6,0717,1087,StarWars,26,0,1,0.4761,1.4345,0.4792
peak_tonal_db6,0717,1132,StarWars,26,0,1,0.3787,1.2711,0.6008
peak_tonal_db6,0717,3392,Hakuna,26,0,1,0.2371,1.6468,0.3610
peak_tonal_db6,0717,4137,Hakuna,26,0,1,0.3162,1.4384,0.5332
peak_tonal_db6,0718,0017,Potter,70,1,1,0.9408,1.4269,0.7599
peak_tonal_db6,0718,0161,Potter,70,1,1,0.9474,1.3804,0.8064
peak_tonal_db6,0718,0929,StarWars,70,0,1,0.9490,2.2410,0.5477
peak_tonal_db6,0718,3334,Hakuna,70,0,1,0.8750,1.8571,0.5334
peak_tonal_db6,0718,3384,Hakuna,70,0,1,0.8832,1.6836,0.6243
peak_tonal_db6,0733,0202,Potter,164,1,1,0.8105,1.4407,0.8965
peak_tonal_db6,0733,0293,Potter,164,1,1,0.7970,1.5481,0.8683
peak_tonal_db6,0733,1315,StarWars,164,0,1,0.8617,2.9578,0.2149
peak_tonal_db6,0733,1482,StarWars,164,0,1,0.7970,2.5166,0.5904
peak_tonal_db6,0733,3746,Hakuna,164,0,1,0.6812,2.3373,0.8005
peak_tonal_db6,0733,3954,Hakuna,164,0,1,0.6797,2.2164,0.7629
peak_tonal_db6,0734,0097,Potter,201,1,1,0.5593,1.2739,0.6842
peak_tonal_db6,0734,0396,Potter,201,1,1,0.6454,1.4802,0.4048
peak_tonal_db6,0734,0927,StarWars,201,0,1,0.6276,1.2517,0.7113
peak_tonal_db6,0734,1129,StarWars,201,0,1,0.6113,1.3503,0.5701
peak_tonal_db6,0734,3870,Hakuna,201,0,1,0.4614,1.3456,0.6130
peak_tonal_db6,0734,4154,Hakuna,201,0,1,0.5045,1.4773,0.4783
peak_tonal_db6,0740,0997,StarWars,135,0,1,0.7075,2.5754,0.4538
peak_tonal_db6,0740,1195,StarWars,135,0,1,0.8506,2.3563,0.5106
peak_tonal_db6,0740,3501,Hakuna,135,0,1,0.5157,1.9972,0.4962
peak_tonal_db6,0740,4070,Hakuna,135,0,1,0.6808,2.4299,0.0924
peak_tonal_db6,0741,0756,Potter,219,1,1,0.7549,2.5435,0.7171
peak_tonal_db6,0741,0805,Potter,219,1,1,1.0084,2.7659,0.4613
peak_tonal_db6,0741,0988,StarWars,219,0,1,1.0780,2.9535,0.2977
peak_tonal_db6,0741,1255,StarWars,219,0,1,0.9889,2.9215,0.3939
peak_tonal_db6,0741,3355,Hakuna,219,0,1,0.9359,2.8819,0.5014
peak_tonal_db6,0741,3635,Hakuna,219,0,1,1.1114,2.8953,0.2844
peak_tonal_db6,0742,0017,Potter,70,1,1,1.0214,1.4062,0.7314
peak_tonal_db6,0742,0161,Potter,70,1,1,1.0286,1.4788,0.7675
peak_tonal_db6,0742,0929,StarWars,70,0,1,1.0304,2.1045,0.4601
peak_tonal_db6,0742,3334,Hakuna,70,0,1,0.9500,1.7550,0.3830
peak_tonal_db6,0742,3384,Hakuna,70,0,1,0.9589,1.7427,0.5034
peak_tonal_db6,0743,0394,Potter,215,1,1,1.0946,3.2362,0.5455
peak_tonal_db6,0743,0975,StarWars,215,0,1,0.8990,2.2853,0.7862
peak_tonal_db6,0743,1423,StarWars,215,0,1,1.0144,2.5183,0.7390
peak_tonal_db6,0743,3480,Hakuna,215,0,1,0.9103,1.9042,0.8166
peak_tonal_db6,0743,3858,Hakuna,215,0,1,0.9615,1.8673,0.8340
peak_tonal_db6,0746,0427,Potter,174,1,1,0.6545,1.1051,0.8644
peak_tonal_db6,0746,0577,Potter,174,1,1,0.7147,1.2105,0.8276
peak_tonal_db6,0746,1403,StarWars,174,0,1,0.5804,2.0434,0.4554
peak_tonal_db6,0746,1502,StarWars,174,0,1,0.7622,2.8881,0.0585
peak_tonal_db6,0746,3424,Hakuna,174,0,1,0.6056,1.8419,0.5874
peak_tonal_db6,0746,4122,Hakuna,174,0,1,0.4769,1.5593,0.7323
peak_tonal_db6,0751,0373,Potter,122,1,1,0.8033,1.7581,0.9045
peak_tonal_db6,0751,0547,Potter,122,1,1,0.7521,1.6757,0.9029
peak_tonal_db6,0751,1408,StarWars,122,0,1,0.6870,2.6693,0.6494
peak_tonal_db6,0751,1495,StarWars,122,0,1,0.6122,3.0087,0.5093
peak_tonal_db6,0751,3595,Hakuna,122,0,1,0.7022,2.7667,0.6452
peak_tonal_db6,0751,3655,Hakuna,122,0,1,0.6593,2.5526,0.5977
peak_tonal_db6,0766,1030,StarWars,212,0,1,0.6113,2.6009,0.3132
peak_tonal_db6,0766,1646,StarWars,212,0,1,0.7081,2.6690,0.2691
peak_tonal_db6,0766,3761,Hakuna,212,0,1,0.6214,2.3537,0.4346
peak_tonal_db6,0766,3907,Hakuna,212,0,1,0.6763,2.5954,0.2158
peak_tonal_db6,0767,0019,Potter,73,1,1,0.4846,1.7009,0.8317
peak_tonal_db6,0767,0078,Potter,73,1,1,0.7046,1.7565,0.8638
peak_tonal_db6,0767,1154,StarWars,73,0,1,0.5400,2.2498,0.7180
peak_tonal_db6,0767,1359,StarWars,73,0,1,0.6369,2.6034,0.4960
peak_tonal_db6,0767,3857,Hakuna,73,0,1,0.5723,2.6050,0.6121
peak_tonal_db6,0770,0194,Potter,169,1,1,0.6651,2.6921,0.6688
peak_tonal_db6,0770,0728,Potter,169,1,1,0.7014,2.5075,0.8065
peak_tonal_db6,0770,0848,StarWars,169,0,1,0.7314,2.9988,0.5534
peak_tonal_db6,0770,1533,StarWars,169,0,1,0.6919,3.1366,0.3961
peak_tonal_db6,0770,3399,Hakuna,169,0,1,0.7346,2.9453,0.5165
peak_tonal_db6,0770,3605,Hakuna,169,0,1,0.6667,2.9581,0.5516
peak_tonal_db6,0776,3474,Hakuna,82,0,1,0.8375,3.3461,0.4782
peak_tonal_db6,0776,3654,Hakuna,82,0,1,0.8991,3.3067,0.3693
peak_tonal_db6,0781,0762,Potter,69,1,1,0.5598,2.5535,0.3304
peak_tonal_db6,0781,0771,Potter,69,1,1,0.9893,2.5433,0.3514
peak_tonal_db6,0781,1323,StarWars,69,0,1,0.7117,2.5429,0.3790
peak_tonal_db6,0781,1496,StarWars,69,0,1,0.5491,2.4889,0.3873
peak_tonal_db6,0781,3410,Hakuna,69,0,1,0.6856,2.2877,0.2938
peak_tonal_db6,0781,3782,Hakuna,69,0,1,0.6104,1.7513,0.7163
peak_tonal_db6,0782,0097,Potter,201,1,1,0.5265,1.2340,0.4868
peak_tonal_db6,0782,0396,Potter,201,1,1,0.6075,1.2711,0.5252
peak_tonal_db6,0782,0927,StarWars,201,0,1,0.5908,1.1478,0.5850
peak_tonal_db6,0782,1129,StarWars,201,0,1,0.5754,1.2894,0.4047
peak_tonal_db6,0782,3870,Hakuna,201,0,1,0.4344,1.1518,0.6823
peak_tonal_db6,0782,4154,Hakuna,201,0,1,0.4749,1.2946,0.5882
peak_tonal_db6,0786,0068,Potter,134,1,1,0.9695,2.4441,0.4970
peak_tonal_db6,0786,0695,Potter,134,1,1,0.6537,2.1397,0.6000
peak_tonal_db6,0786,1461,StarWars,134,0,1,0.6219,2.3898,0.4317
peak_tonal_db6,0786,1589,StarWars,134,0,1,0.6066,2.3834,0.4608
peak_tonal_db6,0786,3780,Hakuna,134,0,1,0.6288,2.2644,0.6375
peak_tonal_db6,0786,3912,Hakuna,134,0,1,0.6247,2.5282,0.1286
peak_tonal_db6,0791,0073,Potter,189,1,1,0.6916,1.7786,0.8725
peak_tonal_db6,0791,0298,Potter,189,1,1,0.8031,2.0344,0.8063
peak_tonal_db6,0791,1251,StarWars,189,0,1,0.8502,3.1927,0.4067
peak_tonal_db6,0791,1497,StarWars,189,0,1,0.8868,3.3119,0.3553
peak_tonal_db6,0791,3342,Hakuna,189,0,1,0.8484,2.6877,0.7205
peak_tonal_db6,0792,0371,Potter,52,1,1,1.1578,2.7485,0.5563
peak_tonal_db6,0792,0529,Potter,52,1,1,0.9400,2.5962,0.5408
peak_tonal_db6,0792,0954,StarWars,52,0,1,1.0089,1.7900,0.7892
peak_tonal_db6,0792,1331,StarWars,52,0,1,0.9711,2.2646,0.6043
peak_tonal_db6,0792,3349,Hakuna,52,0,1,0.8667,2.5213,0.6978
peak_tonal_db6,0792,3915,Hakuna,52,0,1,0.9244,2.6206,0.6388
peak_tonal_db6,0794,0087,Potter,43,1,1,0.8825,0.8206,0.9594
peak_tonal_db6,0794,0212,Potter,43,1,1,0.9072,0.7618,0.9723
peak_tonal_db6,0794,1314,StarWars,43,0,1,1.0062,2.3784,0.6646
peak_tonal_db6,0794,1490,StarWars,43,0,1,0.9753,2.4696,0.6261
peak_tonal_db6,0794,3478,Hakuna,43,0,1,0.8660,2.8044,0.4910
peak_tonal_db6,0794,3825,Hakuna,43,0,1,0.8247,2.7667,0.4629
peak_tonal_db6,0806,0633,Potter,231,1,1,0.4634,0.7207,0.9716
peak_tonal_db6,0806,0803,Potter,231,1,1,0.5966,0.4026,0.9922
peak_tonal_db6,0806,1150,StarWars,231,0,1,0.6345,3.0187,0.5021
peak_tonal_db6,0806,1605,StarWars,231,0,1,0.6789,2.7193,0.6175
peak_tonal_db6,0806,4049,Hakuna,231,0,1,0.6841,1.8117,0.8327
peak_tonal_db6,0806,4112,Hakuna,231,0,1,0.7010,1.8234,0.8225
peak_tonal_db6,0807,0508,Potter,120,1,1,1.0091,0.6511,0.9769
peak_tonal_db6,0807,0559,Potter,120,1,1,0.9681,0.6041,0.9851
peak_tonal_db6,0807,0878,StarWars,120,0,1,0.8240,2.7104,0.6093
peak_tonal_db6,0807,1449,StarWars,120,0,1,0.8331,2.8394,0.5847
peak_tonal_db6,0807,3503,Hakuna,120,0,1,0.5706,2.5270,0.6011
peak_tonal_db6,0807,3549,Hakuna,120,0,1,0.6282,3.0112,0.4666
peak_tonal_db6,0809,0168,Potter,198,1,1,0.2708,2.3188,0.4207
peak_tonal_db6,0809,0461,Potter,198,1,1,0.8673,2.1978,0.3345
peak_tonal_db6,0809,1354,StarWars,198,0,1,0.1717,2.4464,0.2791
peak_tonal_db6,0809,1535,StarWars,198,0,1,0.2407,2.2434,0.5119
peak_tonal_db6,0809,3607,Hakuna,198,0,1,0.5628,2.2923,0.5595
peak_tonal_db6,0809,4013,Hakuna,198,0,1,0.3487,2.0352,0.6057
peak_tonal_db6,0810,0371,Potter,52,1,1,0.9438,2.9380,0.4017
peak_tonal_db6,0810,0529,Potter,52,1,1,0.7663,2.2847,0.3681
peak_tonal_db6,0810,0954,StarWars,52,0,1,0.8225,2.2026,0.6437
peak_tonal_db6,0810,1331,StarWars,52,0,1,0.7917,2.2660,0.6137
peak_tonal_db6,0810,3349,Hakuna,52,0,1,0.7065,2.0797,0.5629
peak_tonal_db6,0810,3915,Hakuna,52,0,1,0.7536,2.1508,0.4961
peak_tonal_db6,0811,0350,Potter,72,1,1,0.8711,0.8627,0.9544
peak_tonal_db6,0811,0506,Potter,72,1,1,0.8457,1.0818,0.9367
peak_tonal_db6,0811,1215,StarWars,72,0,1,0.8294,2.4119,0.7380
peak_tonal_db6,0811,1478,StarWars,72,0,1,1.0091,3.1104,0.5616
peak_tonal_db6,0811,3666,Hakuna,72,0,1,0.7368,1.5955,0.8269
peak_tonal_db6,0811,4069,Hakuna,72,0,1,0.6770,1.6996,0.8144
peak_tonal_db6,0813,0531,Potter,105,1,1,0.8750,1.1229,0.9579
peak_tonal_db6,0813,0583,Potter,105,1,1,0.8818,0.6584,0.9887
peak_tonal_db6,0813,1579,StarWars,105,0,1,0.8151,2.4293,0.7518
peak_tonal_db6,0813,3587,Hakuna,105,0,1,0.7688,2.0425,0.7883
peak_tonal_db6,0813,3906,Hakuna,105,0,1,0.8151,2.2032,0.7770
peak_tonal_db6,0814,0508,Potter,120,1,1,0.9694,0.5963,0.9708
peak_tonal_db6,0814,0559,Potter,120,1,1,0.9300,0.7554,0.9713
peak_tonal_db6,0814,0878,StarWars,120,0,1,0.7915,2.3710,0.6664
peak_tonal_db6,0814,1449,StarWars,120,0,1,0.8003,2.5907,0.6356
peak_tonal_db6,0814,3503,Hakuna,120,0,1,0.5481,2.6922,0.4361
peak_tonal_db6,0814,3549,Hakuna,120,0,1,0.6035,3.1472,0.2985
peak_tonal_db6,0817,0136,Potter,144,1,1,0.5557,1.8293,0.8217
peak_tonal_db6,0817,0330,Potter,144,1,1,0.5503,2.4483,0.5412
peak_tonal_db6,0817,1216,StarWars,144,0,1,0.5342,2.6413,0.5552
peak_tonal_db6,0817,1421,StarWars,144,0,1,0.5611,2.2168,0.7484
peak_tonal_db6,0817,3420,Hakuna,144,0,1,0.5101,2.9710,0.2215
peak_tonal_db6,0817,3673,Hakuna,144,0,1,0.5060,2.9231,0.3081
peak_tonal_db6,0822,0373,Potter,122,1,1,0.7723,1.5648,0.8142
peak_tonal_db6,0822,0547,Potter,122,1,1,0.7230,1.5140,0.8255
peak_tonal_db6,0822,1408,StarWars,122,0,1,0.6605,2.2484,0.5729
peak_tonal_db6,0822,1495,StarWars,122,0,1,0.5885,2.3426,0.5005
peak_tonal_db6,0822,3595,Hakuna,122,0,1,0.6751,1.8220,0.8055
peak_tonal_db6,0822,3655,Hakuna,122,0,1,0.6338,2.2716,0.6015
peak_tonal_db6,0827,0041,Potter,151,1,1,0.8283,1.0360,0.9197
peak_tonal_db6,0827,0778,Potter,151,1,1,0.7767,1.0103,0.9368
peak_tonal_db6,0827,1060,StarWars,151,0,1,1.0483,2.4076,0.5995
peak_tonal_db6,0827,1252,StarWars,151,0,1,1.0117,2.2896,0.6367
peak_tonal_db6,0827,3523,Hakuna,151,0,1,0.7133,2.0894,0.6315
peak_tonal_db6,0827,3573,Hakuna,151,0,1,0.7217,2.1447,0.5649
peak_tonal_db6,0828,0123,Potter,29,1,1,0.7515,1.4394,0.8658
peak_tonal_db6,0828,0631,Potter,29,1,1,0.7769,0.9594,0.9603
peak_tonal_db6,0828,1142,StarWars,29,0,1,0.8376,2.2784,0.5591
peak_tonal_db6,0828,1493,StarWars,29,0,1,0.9746,2.2904,0.5261
peak_tonal_db6,0828,3893,Hakuna,29,0,1,0.7691,2.3538,0.5510
peak_tonal_db6,0828,4086,Hakuna,29,0,1,0.7182,2.3181,0.4966
peak_tonal_db6,0832,0553,Potter,0,1,1,0.6448,2.6768,0.7450
peak_tonal_db6,0832,0590,Potter,0,1,1,0.7010,2.8620,0.6667
peak_tonal_db6,0832,0915,StarWars,0,0,1,0.4549,3.9513,0.5732
peak_tonal_db6,0832,1140,StarWars,0,0,1,0.4252,3.9571,0.5459
peak_tonal_db6,0832,3690,Hakuna,0,0,1,0.6013,3.8905,0.4264
peak_tonal_db6,0832,4031,Hakuna,0,0,1,0.6055,3.6163,0.5776
peak_tonal_db6,0834,0236,Potter,170,1,1,0.5667,3.0591,-0.0159
peak_tonal_db6,0834,0668,Potter,170,1,1,0.8351,2.3830,0.7837
peak_tonal_db6,0834,1565,StarWars,170,0,1,0.8516,2.6024,0.6465
peak_tonal_db6,0834,3482,Hakuna,170,0,1,0.5082,2.4114,0.5623
peak_tonal_db6,0834,4088,Hakuna,170,0,1,0.5082,3.0909,-0.1996
peak_tonal_db6,0836,0470,Potter,91,1,1,0.8450,1.5037,0.8142
peak_tonal_db6,0836,0596,Potter,91,1,1,0.9405,1.2371,0.8860
peak_tonal_db6,0836,1006,StarWars,91,0,1,0.7928,2.4651,0.2834
peak_tonal_db6,0836,1366,StarWars,91,0,1,0.9640,2.0681,0.6070
peak_tonal_db6,0836,3411,Hakuna,91,0,1,0.7315,2.3310,0.3883
peak_tonal_db6,0836,3440,Hakuna,91,0,1,0.7135,2.5504,0.2179
peakF0_fixVoicing,0000,0005,Potter,216,1,1,0.4937,3.1402,0.7201
peakF0_fixVoicing,0000,0036,Potter,216,1,1,0.5886,2.6157,0.8319
peakF0_fixVoicing,0000,3704,Hakuna,216,0,1,0.4462,3.1773,0.7180
peakF0_fixVoicing,0000,3876,Hakuna,216,0,1,0.4921,3.4234,0.5674
peakF0_fixVoicing,0001,0111,Potter,100,1,1,0.8710,1.3748,0.8805
peakF0_fixVoicing,0001,0407,Potter,100,1,1,0.6877,1.4613,0.7735
peakF0_fixVoicing,0001,1040,StarWars,100,0,1,0.8460,1.9934,0.5655
peakF0_fixVoicing,0001,1344,StarWars,100,0,1,0.6070,1.9692,0.4339
peakF0_fixVoicing,0001,3448,Hakuna,100,0,1,0.6173,2.0702,0.4237
peakF0_fixVoicing,0001,4068,Hakuna,100,0,1,0.6642,2.0857,0.4496
peakF0_fixVoicing,0007,0019,Potter,73,1,1,0.6557,2.6495,0.3820
peakF0_fixVoicing,0007,0078,Potter,73,1,1,0.7290,1.7755,0.6519
peakF0_fixVoicing,0007,1154,StarWars,73,0,1,0.5808,2.4687,0.4022
peakF0_fixVoicing,0007,1359,StarWars,73,0,1,0.6722,2.3768,0.4457
peakF0_fixVoicing,0007,3857,Hakuna,73,0,1,0.5793,2.4793,0.5722
peakF0_fixVoicing,0011,0081,Potter,49,1,1,0.6758,0.9661,0.9218
peakF0_fixVoicing,0011,0423,Potter,49,1,1,0.6902,0.8828,0.9465
peakF0_fixVoicing,0011,1420,StarWars,49,0,1,0.7271,2.1400,0.6102
peakF0_fixVoicing,0011,3920,Hakuna,49,0,1,0.7030,2.2315,0.6110
peakF0_fixVoicing,0011,4138,Hakuna,49,0,1,0.7095,1.7438,0.7813
peakF0_fixVoicing,0021,0461,Potter,198,1,1,0.1696,2.2339,0.5613
peakF0_fixVoicing,0024,0397,Potter,20,1,1,0.7263,0.9967,0.9362
peakF0_fixVoicing,0024,0513,Potter,20,1,1,0.6799,1.3694,0.8568
peakF0_fixVoicing,0024,1297,StarWars,20,0,1,0.7263,2.7779,0.4724
peakF0_fixVoicing,0024,1582,StarWars,20,0,1,0.6747,1.8894,0.7601
peakF0_fixVoicing,0024,3642,Hakuna,20,0,1,0.7212,1.6383,0.7902
peakF0_fixVoicing,0024,3992,Hakuna,20,0,1,0.6627,1.7090,0.7883
peakF0_fixVoicing,0025,3474,Hakuna,82,0,1,1.1703,3.3392,0.6356
peakF0_fixVoicing,0025,3654,Hakuna,82,0,1,1.0039,3.4958,0.4166
peakF0_fixVoicing,0026,0319,Potter,54,1,1,0.8315,0.9934,0.9305
peakF0_fixVoicing,0026,0573,Potter,54,1,1,0.9136,0.7687,0.9675
peakF0_fixVoicing,0026,0885,StarWars,54,0,1,0.9721,2.5721,0.7439
peakF0_fixVoicing,0026,1561,StarWars,54,0,1,0.9359,2.6727,0.7194
peakF0_fixVoicing,0026,3395,Hakuna,54,0,1,0.8440,1.9651,0.8309
peakF0_fixVoicing,0026,3880,Hakuna,54,0,1,0.7925,1.8692,0.8485
peakF0_fixVoicing,0027,0102,Potter,191,1,1,0.6839,1.0835,0.9142
peakF0_fixVoicing,0027,0426,Potter,191,1,1,0.7098,1.1106,0.9093
peakF0_fixVoicing,0027,0993,StarWars,191,0,1,0.7874,2.1252,0.4879
peakF0_fixVoicing,0027,1506,StarWars,191,0,1,0.8189,2.1048,0.4210
peakF0_fixVoicing,0027,3928,Hakuna,191,0,1,0.7856,2.0860,0.6493
peakF0_fixVoicing,0027,3984,Hakuna,191,0,1,0.6359,1.8161,0.7015
peakF0_fixVoicing,0028,0408,Potter,145,1,1,0.8286,3.4222,0.4843
peakF0_fixVoicing,0028,0619,Potter,145,1,1,0.8587,0.7198,0.9836
peakF0_fixVoicing,0028,0956,StarWars,145,0,1,0.8952,2.6673,0.6388
peakF0_fixVoicing,0028,1199,StarWars,145,0,1,0.9016,2.6171,0.6433
peakF0_fixVoicing,0028,3712,Hakuna,145,0,1,0.9317,2.0215,0.7769
peakF0_fixVoicing,0028,3793,Hakuna,145,0,1,0.9730,1.9704,0.8086
peakF0_fixVoicing,0030,0196,Potter,232,1,1,0.5171,1.8359,0.7819
peakF0_fixVoicing,0030,0603,Potter,232,1,1,0.5853,2.0252,0.7500
peakF0_fixVoicing,0030,0917,StarWars,232,0,1,0.7271,2.9255,0.2740
peakF0_fixVoicing,0030,1278,StarWars,232,0,1,0.6032,2.9069,0.2883
peakF0_fixVoicing,0030,3541,Hakuna,232,0,1,0.2711,2.5783,0.5881
peakF0_fixVoicing,0030,4111,Hakuna,232,0,1,0.3555,2.9522,0.3158
peakF0_fixVoicing,0032,0140,Potter,175,1,1,0.5710,2.5120,0.7438
peakF0_fixVoicing,0032,0758,Potter,175,1,1,0.7700,3.7543,0.2039
peakF0_fixVoicing,0032,1428,StarWars,175,0,1,0.7504,1.9613,0.7874
peakF0_fixVoicing,0032,1599,StarWars,175,0,1,0.6591,2.2750,0.7710
peakF0_fixVoicing,0032,3425,Hakuna,175,0,1,0.7471,2.5294,0.5377
peakF0_fixVoicing,0032,3997,Hakuna,175,0,1,0.8548,2.6690,0.4944
peakF0_fixVoicing,0033,0186,Potter,22,1,1,0.8367,1.3362,0.8067
peakF0_fixVoicing,0033,1340,StarWars,22,0,1,0.6994,1.7056,0.7200
peakF0_fixVoicing,0033,3791,Hakuna,22,0,1,0.9147,1.8262,0.7169
peakF0_fixVoicing,0033,3834,Hakuna,22,0,1,0.9722,1.9662,0.6275
peakF0_fixVoicing,0048,0663,Potter,149,1,1,0.6250,2.3523,0.6575
peakF0_fixVoicing,0048,1284,StarWars,149,0,1,0.5773,2.5799,0.3228
peakF0_fixVoicing,0048,3578,Hakuna,149,0,1,0.2155,3.0049,0.1899
peakF0_fixVoicing,0050,0254,Potter,129,1,1,0.7251,1.3852,0.8622
peakF0_fixVoicing,0050,0554,Potter,129,1,1,0.6806,1.1919,0.9045
peakF0_fixVoicing,0050,1014,StarWars,129,0,1,0.3491,2.2642,0.8000
peakF0_fixVoicing,0050,1167,StarWars,129,0,1,0.3558,2.6098,0.6777
peakF0_fixVoicing,0050,3576,Hakuna,129,0,1,0.4919,3.1229,0.4629
peakF0_fixVoicing,0050,3651,Hakuna,129,0,1,0.4730,3.3903,0.3521
peakF0_fixVoicing,0054,0370,Potter,153,1,1,0.8373,1.2888,0.6848
peakF0_fixVoicing,0054,0710,Potter,153,1,1,0.8990,1.3938,0.6545
peakF0_fixVoicing,0054,0882,StarWars,153,0,1,0.8716,1.5526,0.5342
peakF0_fixVoicing,0054,1138,StarWars,153,0,1,0.7432,1.4035,0.5663
peakF0_fixVoicing,0054,3534,Hakuna,153,0,1,1.0205,1.6731,0.3342
peakF0_fixVoicing,0054,3689,Hakuna,153,0,1,0.9247,1.6133,0.3721
peakF0_fixVoicing,0056,0073,Potter,189,1,1,0.8435,1.2764,0.8345
peakF0_fixVoicing,0056,0298,Potter,189,1,1,0.9374,1.0703,0.9292
peakF0_fixVoicing,0056,1251,StarWars,189,0,1,0.8649,2.1012,0.7165
peakF0_fixVoicing,0056,1497,StarWars,189,0,1,0.8929,2.2884,0.5680
peakF0_fixVoicing,0056,3342,Hakuna,189,0,1,0.8600,2.1107,0.7155
peakF0_fixVoicing,0063,0206,Potter,84,1,1,1.0399,1.8077,0.9615
peakF0_fixVoicing,0063,1341,StarWars,84,0,1,1.2818,3.8230,0.0040
peakF0_fixVoicing,0063,1504,StarWars,84,0,1,1.0798,3.0397,0.5886
peakF0_fixVoicing,0065,0010,Potter,92,1,1,0.7394,1.1005,0.9367
peakF0_fixVoicing,0065,0232,Potter,92,1,1,0.6530,1.2136,0.8877
peakF0_fixVoicing,0065,0893,StarWars,92,0,1,0.5359,2.3417,0.7654
peakF0_fixVoicing,0065,0922,StarWars,92,0,1,0.5168,2.4839,0.6813
peakF0_fixVoicing,0065,4028,Hakuna,92,0,1,0.7731,2.0705,0.7943
peakF0_fixVoicing,0066,0038,Potter,207,1,1,0.6752,1.2453,0.9291
peakF0_fixVoicing,0066,0672,Potter,207,1,1,0.8078,0.5153,0.9877
peakF0_fixVoicing,0066,1206,StarWars,207,0,1,0.4201,2.7196,0.6689
peakF0_fixVoicing,0066,1265,StarWars,207,0,1,0.4286,2.7031,0.7055
peakF0_fixVoicing,0066,3446,Hakuna,207,0,1,0.7806,2.0155,0.7883
peakF0_fixVoicing,0066,3565,Hakuna,207,0,1,0.7364,2.1867,0.7467
peakF0_fixVoicing,0070,0504,Potter,90,1,1,0.7519,1.4687,0.8795
peakF0_fixVoicing,0070,0597,Potter,90,1,1,0.7141,1.8176,0.8694
peakF0_fixVoicing,0070,0886,StarWars,90,0,1,0.7731,2.6864,0.4956
peakF0_fixVoicing,0070,1075,StarWars,90,0,1,0.8109,2.9388,0.4215
peakF0_fixVoicing,0070,3378,Hakuna,90,0,1,0.7247,2.2112,0.7129
peakF0_fixVoicing,0070,3455,Hakuna,90,0,1,0.8684,3.0577,0.2219
peakF0_fixVoicing,0079,0445,Potter,146,1,1,0.5341,1.9213,0.8125
peakF0_fixVoicing,0079,0622,Potter,146,1,1,0.6177,1.9716,0.7803
peakF0_fixVoicing,0079,0925,StarWars,146,0,1,0.3652,2.8092,0.5404
peakF0_fixVoicing,0079,1456,StarWars,146,0,1,0.3703,2.7793,0.2242
peakF0_fixVoicing,0079,3439,Hakuna,146,0,1,0.4198,2.9693,0.1706
peakF0_fixVoicing,0079,3822,Hakuna,146,0,1,0.3379,3.0209,0.2354
peakF0_fixVoicing,0080,0292,Potter,166,1,1,0.9497,1.6851,0.6871
peakF0_fixVoicing,0080,0353,Potter,166,1,1,1.4214,1.4893,0.7909
peakF0_fixVoicing,0080,1233,StarWars,166,0,1,0.8973,3.1981,0.0758
peakF0_fixVoicing,0080,1267,StarWars,166,0,1,0.8553,2.0639,0.7209
peakF0_fixVoicing,0084,3332,Hakuna,6,0,1,0.9865,2.1363,0.8422
peakF0_fixVoicing,0088,0239,Potter,59,1,1,0.6520,2.7729,0.5244
peakF0_fixVoicing,0088,0798,Potter,59,1,1,0.5314,2.9317,0.4309
peakF0_fixVoicing,0088,0923,StarWars,59,0,1,0.3565,2.8160,0.3599
peakF0_fixVoicing,0088,1246,StarWars,59,0,1,0.5076,2.9524,0.2911
peakF0_fixVoicing,0088,3956,Hakuna,59,0,1,0.4754,2.9116,0.3735
peakF0_fixVoicing,0088,4124,Hakuna,59,0,1,0.5076,2.8471,0.5148
peakF0_fixVoicing,0091,0008,Potter,213,1,1,0.8307,0.4343,0.9900
peakF0_fixVoicing,0091,0681,Potter,213,1,1,0.8387,0.4432,0.9856
peakF0_fixVoicing,0091,0860,StarWars,213,0,1,0.9505,2.3808,0.7693
peakF0_fixVoicing,0091,1317,StarWars,213,0,1,0.8562,2.3380,0.7553
peakF0_fixVoicing,0091,3548,Hakuna,213,0,1,0.5815,1.6747,0.8556
peakF0_fixVoicing,0091,3720,Hakuna,213,0,1,0.6454,1.8654,0.8059
peakF0_fixVoicing,0093,0271,Potter,121,1,1,0.9195,0.9856,0.9330
peakF0_fixVoicing,0093,0416,Potter,121,1,1,0.7136,1.8276,0.8284
peakF0_fixVoicing,0093,0852,StarWars,121,0,1,0.9597,2.3406,0.6449
peakF0_fixVoicing,0093,1525,StarWars,121,0,1,0.7875,2.3600,0.6512
peakF0_fixVoicing,0093,3647,Hakuna,121,0,1,0.7248,2.7121,0.5013
peakF0_fixVoicing,0093,4058,Hakuna,121,0,1,0.7159,2.6803,0.5239
peakF0_fixVoicing,0098,0616,Potter,71,1,1,0.6704,2.9739,0.5413
peakF0_fixVoicing,0098,0753,Potter,71,1,1,0.5996,2.0192,0.7753
peakF0_fixVoicing,0099,3332,Hakuna,6,0,1,0.9677,2.0192,0.8306
peakF0_fixVoicing,0100,0090,Potter,24,1,1,0.6613,1.2285,0.9577
peakF0_fixVoicing,0100,0320,Potter,24,1,1,0.6279,1.3624,0.9540
peakF0_fixVoicing,0100,1045,StarWars,24,0,1,0.7108,2.9881,0.6033
peakF0_fixVoicing,0100,1325,StarWars,24,0,1,0.7762,3.0729,0.5354
peakF0_fixVoicing,0100,3814,Hakuna,24,0,1,0.6526,2.9973,0.6463
peakF0_fixVoicing,0100,4118,Hakuna,24,0,1,0.6424,3.0255,0.6244
peakF0_fixVoicing,0105,0057,Potter,60,1,1,0.8835,2.6478,0.7437
peakF0_fixVoicing,0105,0348,Potter,60,1,1,0.8602,2.8049,0.6097
peakF0_fixVoicing,0112,0484,Potter,162,1,1,0.6160,0.8533,0.9666
peakF0_fixVoicing,0112,0599,Potter,162,1,1,0.6368,0.8259,0.9704
peakF0_fixVoicing,0112,1508,StarWars,162,0,1,0.6480,2.3310,0.7656
peakF0_fixVoicing,0112,1606,StarWars,162,0,1,0.6880,2.3006,0.7836
peakF0_fixVoicing,0113,0651,Potter,97,1,1,0.7910,1.4008,0.8807
peakF0_fixVoicing,0113,0706,Potter,97,1,1,0.8715,0.8813,0.9125
peakF0_fixVoicing,0113,1313,StarWars,97,0,1,0.7353,2.8805,0.5919
peakF0_fixVoicing,0113,1418,StarWars,97,0,1,0.7399,2.4795,0.6915
peakF0_fixVoicing,0113,3631,Hakuna,97,0,1,0.7291,2.5206,0.6942
peakF0_fixVoicing,0113,3919,Hakuna,97,0,1,0.7910,2.8074,0.5882
peakF0_fixVoicing,0115,0438,Potter,192,1,1,0.6883,1.6284,0.8070
peakF0_fixVoicing,0115,0783,Potter,192,1,1,0.7120,1.7881,0.8146
peakF0_fixVoicing,0115,0909,StarWars,192,0,1,0.7607,2.5193,0.3074
peakF0_fixVoicing,0115,1642,StarWars,192,0,1,0.6736,2.4233,0.4193
peakF0_fixVoicing,0115,3741,Hakuna,192,0,1,0.8006,2.3449,0.4405
peakF0_fixVoicing,0115,4148,Hakuna,192,0,1,0.7607,2.2743,0.5740
peakF0_fixVoicing,0116,0356,Potter,196,1,1,0.6620,1.6257,0.8509
peakF0_fixVoicing,0116,0686,Potter,196,1,1,0.5780,1.5876,0.8648
peakF0_fixVoicing,0116,0907,StarWars,196,0,1,0.5840,2.3781,0.7406
peakF0_fixVoicing,0116,1611,StarWars,196,0,1,0.5240,2.3970,0.7196
peakF0_fixVoicing,0116,4056,Hakuna,196,0,1,0.6660,2.4082,0.7223
peakF0_fixVoicing,0116,4082,Hakuna,196,0,1,0.7080,2.2975,0.7332
peakF0_fixVoicing,0118,0004,Potter,160,1,1,0.6448,1.2321,0.6228
peakF0_fixVoicing,0118,0517,Potter,160,1,1,0.5897,1.1340,0.6258
peakF0_fixVoicing,0118,1390,StarWars,160,0,1,0.7034,1.6740,0.2656
peakF0_fixVoicing,0118,1641,StarWars,160,0,1,0.7810,1.4083,0.4165
peakF0_fixVoicing,0118,3786,Hakuna,160,0,1,0.7466,1.0589,0.7655
peakF0_fixVoicing,0118,3994,Hakuna,160,0,1,0.7707,1.1726,0.6691
peakF0_fixVoicing,0121,0222,Potter,96,1,1,0.5307,1.3590,0.8408
peakF0_fixVoicing,0121,0715,Potter,96,1,1,0.5007,1.7921,0.7021
peakF0_fixVoicing,0121,1027,StarWars,96,0,1,0.8245,2.1491,0.5798
peakF0_fixVoicing,0121,1402,StarWars,96,0,1,0.8402,2.2142,0.5271
peakF0_fixVoicing,0121,3406,Hakuna,96,0,1,0.5892,1.9882,0.6941
peakF0_fixVoicing,0121,3938,Hakuna,96,0,1,0.6534,1.9972,0.6335
peakF0_fixVoicing,0122,0582,Potter,57,1,1,0.7397,3.0343,0.5801
peakF0_fixVoicing,0122,0801,Potter,57,1,1,0.7774,2.7117,0.7554
peakF0_fixVoicing,0122,0985,StarWars,57,0,1,0.6781,3.6700,0.0587
peakF0_fixVoicing,0122,1249,StarWars,57,0,1,0.7089,3.3479,0.5265
peakF0_fixVoicing,0122,3745,Hakuna,57,0,1,1.1986,3.5510,0.2694
peakF0_fixVoicing,0122,3802,Hakuna,57,0,1,1.2295,3.6182,0.2037
peakF0_fixVoicing,0127,0384,Potter,228,1,1,0.7949,1.2554,0.7430
peakF0_fixVoicing,0133,0538,Potter,16,1,1,0.3194,2.6296,0.6293
peakF0_fixVoicing,0133,0797,Potter,16,1,1,0.3645,2.6310,0.6670
peakF0_fixVoicing,0133,1261,StarWars,16,0,1,0.2676,2.5255,0.6983
peakF0_fixVoicing,0133,1522,StarWars,16,0,1,0.1823,2.8543,0.6813
peakF0_fixVoicing,0133,3846,Hakuna,16,0,1,0.8913,3.1165,0.5115
peakF0_fixVoicing,0133,4150,Hakuna,16,0,1,0.8763,3.2474,0.4122
peakF0_fixVoicing,0135,0279,Potter,223,1,1,0.8068,1.5559,0.8769
peakF0_fixVoicing,0135,0609,Potter,223,1,1,0.8230,1.4860,0.8760
peakF0_fixVoicing,0135,1197,StarWars,223,0,1,0.6176,2.7061,0.4634
peakF0_fixVoicing,0135,3343,Hakuna,223,0,1,0.6176,2.1892,0.6834
peakF0_fixVoicing,0135,4153,Hakuna,223,0,1,0.6135,2.2226,0.6209
peakF0_fixVoicing,0138,0397,Potter,20,1,1,0.7469,1.2906,0.8898
peakF0_fixVoicing,0138,0513,Potter,20,1,1,0.6991,1.3231,0.8736
peakF0_fixVoicing,0138,1297,StarWars,20,0,1,0.7469,3.2464,0.1764
peakF0_fixVoicing,0138,1582,StarWars,20,0,1,0.6938,1.8649,0.7615
peakF0_fixVoicing,0138,3642,Hakuna,20,0,1,0.7416,1.5836,0.8060
peakF0_fixVoicing,0138,3992,Hakuna,20,0,1,0.6814,1.7446,0.7589
peakF0_fixVoicing,0139,0068,Potter,134,1,1,0.5825,2.3683,0.5211
peakF0_fixVoicing,0139,0695,Potter,134,1,1,0.3548,2.3386,0.3137
peakF0_fixVoicing,0139,1461,StarWars,134,0,1,0.2657,2.5476,-0.1322
peakF0_fixVoicing,0139,1589,StarWars,134,0,1,0.3812,2.4526,0.1542
peakF0_fixVoicing,0139,3780,Hakuna,134,0,1,0.3399,2.2539,0.6295
peakF0_fixVoicing,0139,3912,Hakuna,134,0,1,0.3218,2.3769,0.2683
peakF0_fixVoicing,0142,0542,Potter,44,1,1,0.7497,1.4673,0.8371
peakF0_fixVoicing,0142,0739,Potter,44,1,1,0.7603,1.2605,0.9112
peakF0_fixVoicing,0142,0964,StarWars,44,0,1,0.9099,2.3598,0.7533
peakF0_fixVoicing,0142,1026,StarWars,44,0,1,0.8371,2.4214,0.7180
peakF0_fixVoicing,0142,3485,Hakuna,44,0,1,0.8106,1.7654,0.8487
peakF0_fixVoicing,0142,3781,Hakuna,44,0,1,0.7298,1.9027,0.8212
peakF0_fixVoicing,0147,0145,Potter,141,1,1,0.6563,1.8234,0.7236
peakF0_fixVoicing,0147,0620,Potter,141,1,1,0.4058,1.6113,0.8134
peakF0_fixVoicing,0147,1636,StarWars,141,0,1,0.7262,1.9802,0.5378
peakF0_fixVoicing,0147,1652,StarWars,141,0,1,0.6175,2.6518,-0.3272
peakF0_fixVoicing,0147,3687,Hakuna,141,0,1,0.6913,1.9523,0.5521
peakF0_fixVoicing,0147,3895,Hakuna,141,0,1,0.6951,1.9673,0.6728
peakF0_fixVoicing,0149,0123,Potter,29,1,1,0.7682,1.3929,0.8278
peakF0_fixVoicing,0149,0631,Potter,29,1,1,0.8090,1.0009,0.8606
peakF0_fixVoicing,0149,1142,StarWars,29,0,1,0.9549,1.9553,0.5362
peakF0_fixVoicing,0149,1493,StarWars,29,0,1,0.9871,1.8654,0.5462
peakF0_fixVoicing,0149,3893,Hakuna,29,0,1,0.8305,2.0267,0.4611
peakF0_fixVoicing,0149,4086,Hakuna,29,0,1,0.8670,1.9601,0.5229
peakF0_fixVoicing,0150,0787,Potter,136,1,1,0.8579,2.9237,0.2464
peakF0_fixVoicing,0150,0837,Potter,136,1,1,0.8955,2.8270,0.4867
peakF0_fixVoicing,0150,1004,StarWars,136,0,1,0.8733,2.9887,0.0919
peakF0_fixVoicing,0150,1042,StarWars,136,0,1,0.7500,2.9541,0.1438
peakF0_fixVoicing,0150,3526,Hakuna,136,0,1,1.0634,2.9455,0.1487
peakF0_fixVoicing,0150,3943,Hakuna,136,0,1,1.0634,2.9447,0.1523
peakF0_fixVoicing,0157,0613,Potter,137,1,1,0.7982,1.2842,0.9187
peakF0_fixVoicing,0157,0788,Potter,137,1,1,0.8946,1.9261,0.7782
peakF0_fixVoicing,0157,1163,StarWars,137,0,1,0.9849,2.1381,0.6882
peakF0_fixVoicing,0157,1177,StarWars,137,0,1,1.0452,2.0087,0.7295
peakF0_fixVoicing,0157,3594,Hakuna,137,0,1,1.3163,2.0571,0.7042
peakF0_fixVoicing,0157,3944,Hakuna,137,0,1,1.2651,1.7694,0.7783
peakF0_fixVoicing,0159,0181,Potter,13,1,1,0.8069,1.2129,0.8108
peakF0_fixVoicing,0159,0299,Potter,13,1,1,0.7040,1.3372,0.7668
peakF0_fixVoicing,0159,1619,StarWars,13,0,1,0.6570,1.1299,0.6261
peakF0_fixVoicing,0159,3353,Hakuna,13,0,1,0.7310,1.1971,0.6810
peakF0_fixVoicing,0159,4020,Hakuna,13,0,1,0.6769,0.9424,0.7613
peakF0_fixVoicing,0162,0553,Potter,0,1,1,0.6265,2.7613,0.8231
peakF0_fixVoicing,0162,0590,Potter,0,1,1,0.6165,2.9783,0.7958
peakF0_fixVoicing,0162,0915,StarWars,0,0,1,0.4558,4.0961,0.6077
peakF0_fixVoicing,0162,1140,StarWars,0,0,1,0.4478,4.4655,0.5337
peakF0_fixVoicing,0162,3690,Hakuna,0,0,1,0.6004,4.2289,0.4675
peakF0_fixVoicing,0162,4031,Hakuna,0,0,1,0.5954,3.6637,0.6336
peakF0_fixVoicing,0165,0377,Potter,234,1,1,0.8088,2.1070,0.8818
peakF0_fixVoicing,0165,0406,Potter,234,1,1,0.8860,1.8021,0.9014
peakF0_fixVoicing,0165,0906,StarWars,234,0,1,0.9228,2.5679,0.7503
peakF0_fixVoicing,0165,3484,Hakuna,234,0,1,0.8272,2.6523,0.7932
peakF0_fixVoicing,0165,3975,Hakuna,234,0,1,0.8272,3.0119,0.7086
peakF0_fixVoicing,0166,0424,Potter,38,1,1,1.0494,0.8232,0.9478
peakF0_fixVoicing,0166,0829,Potter,38,1,1,1.0096,0.7002,0.9507
peakF0_fixVoicing,0166,1149,StarWars,38,0,1,0.8965,1.8308,0.6919
peakF0_fixVoicing,0166,1273,StarWars,38,0,1,0.8997,1.8796,0.7166
peakF0_fixVoicing,0166,3506,Hakuna,38,0,1,0.7771,1.9154,0.5864
peakF0_fixVoicing,0166,3732,Hakuna,38,0,1,0.8710,2.1343,0.4396
peakF0_fixVoicing,0167,0075,Potter,55,1,1,0.7836,1.8840,0.7797
peakF0_fixVoicing,0167,0785,Potter,55,1,1,0.7500,1.7257,0.7887
peakF0_fixVoicing,0167,1160,StarWars,55,0,1,0.6642,2.2508,0.5012
peakF0_fixVoicing,0167,1648,StarWars,55,0,1,0.9366,2.1117,0.5657
peakF0_fixVoicing,0167,3887,Hakuna,55,0,1,0.8937,1.8712,0.7091
peakF0_fixVoicing,0167,4060,Hakuna,55,0,1,0.8004,1.8917,0.6204
peakF0_fixVoicing,0173,0090,Potter,24,1,1,0.6364,1.1512,0.9593
peakF0_fixVoicing,0173,0320,Potter,24,1,1,0.6042,1.2407,0.9603
peakF0_fixVoicing,0173,1045,StarWars,24,0,1,0.6839,2.9155,0.6210
peakF0_fixVoicing,0173,1325,StarWars,24,0,1,0.7469,3.0458,0.5290
peakF0_fixVoicing,0173,3814,Hakuna,24,0,1,0.6280,2.9470,0.6756
peakF0_fixVoicing,0173,4118,Hakuna,24,0,1,0.6182,2.9791,0.6243
peakF0_fixVoicing,0174,0361,Potter,46,1,1,0.8169,0.8104,0.9467
peakF0_fixVoicing,0174,0632,Potter,46,1,1,0.7423,1.0237,0.9149
peakF0_fixVoicing,0174,0841,StarWars,46,0,1,0.8201,2.1549,0.6327
peakF0_fixVoicing,0174,1237,StarWars,46,0,1,0.8104,1.9224,0.6318
peakF0_fixVoicing,0174,3661,Hakuna,46,0,1,0.8023,1.5420,0.8277
peakF0_fixVoicing,0174,4156,Hakuna,46,0,1,0.8720,1.6127,0.8104
peakF0_fixVoicing,0179,0288,Potter,208,1,1,0.6223,2.4543,0.6728
peakF0_fixVoicing,0179,0482,Potter,208,1,1,0.6457,2.4232,0.6405
peakF0_fixVoicing,0179,1399,StarWars,208,0,1,0.5022,2.4331,0.4342
peakF0_fixVoicing,0179,1436,StarWars,208,0,1,0.3221,2.3602,0.4805
peakF0_fixVoicing,0179,3519,Hakuna,208,0,1,0.5022,2.4623,0.4343
peakF0_fixVoicing,0180,0386,Potter,184,1,1,0.7806,1.8970,0.8272
peakF0_fixVoicing,0180,0729,Potter,184,1,1,0.6824,1.2979,0.9033
peakF0_fixVoicing,0180,0887,StarWars,184,0,1,0.4778,2.3657,0.8234
peakF0_fixVoicing,0180,3612,Hakuna,184,0,1,0.6662,2.7752,0.6031
peakF0_fixVoicing,0180,3844,Hakuna,184,0,1,0.6716,2.4360,0.7134
peakF0_fixVoicing,0183,0437,Potter,40,1,1,0.6346,1.2665,0.9427
peakF0_fixVoicing,0183,0502,Potter,40,1,1,0.5156,2.0367,0.8059
peakF0_fixVoicing,0183,0892,StarWars,40,0,1,0.4750,2.3938,0.6877
peakF0_fixVoicing,0183,1600,StarWars,40,0,1,0.4899,2.8277,0.5959
peakF0_fixVoicing,0183,3966,Hakuna,40,0,1,0.5683,3.1470,0.4759
peakF0_fixVoicing,0183,4094,Hakuna,40,0,1,0.5169,2.8788,0.6326
peakF0_fixVoicing,0188,0198,Potter,67,1,1,0.5822,2.1949,0.7780
peakF0_fixVoicing,0188,0369,Potter,67,1,1,0.4944,1.8377,0.8926
peakF0_fixVoicing,0188,1298,StarWars,67,0,1,0.6031,2.9972,0.5276
peakF0_fixVoicing,0188,1326,StarWars,67,0,1,0.4234,3.2268,0.4432
peakF0_fixVoicing,0188,3412,Hakuna,67,0,1,0.3788,2.4552,0.7264
peakF0_fixVoicing,0188,3447,Hakuna,67,0,1,0.4930,2.6151,0.6870
peakF0_fixVoicing,0190,0732,Potter,150,1,1,0.7454,0.8300,0.9529
peakF0_fixVoicing,0190,0825,Potter,150,1,1,0.7737,0.6851,0.9691
peakF0_fixVoicing,0190,0844,StarWars,150,0,1,0.9185,2.7294,0.5326
peakF0_fixVoicing,0190,1510,StarWars,150,0,1,0.8719,2.9222,0.5251
peakF0_fixVoicing,0190,3493,Hakuna,150,0,1,0.9201,1.9455,0.7992
peakF0_fixVoicing,0190,3767,Hakuna,150,0,1,0.7820,1.7579,0.8543
peakF0_fixVoicing,0195,0370,Potter,153,1,1,0.6936,1.6580,0.7179
peakF0_fixVoicing,0195,0710,Potter,153,1,1,0.7447,1.6060,0.7703
peakF0_fixVoicing,0195,0882,StarWars,153,0,1,0.7220,2.0358,0.4812
peakF0_fixVoicing,0195,1138,StarWars,153,0,1,0.6156,2.1617,0.3803
peakF0_fixVoicing,0195,3534,Hakuna,153,0,1,0.8454,2.1821,0.3668
peakF0_fixVoicing,0195,3689,Hakuna,153,0,1,0.7660,2.1688,0.5401
peakF0_fixVoicing,0197,0060,Potter,222,1,1,0.7801,1.0697,0.8976
peakF0_fixVoicing,0197,0107,Potter,222,1,1,0.8935,1.0164,0.9200
peakF0_fixVoicing,0197,0959,StarWars,222,0,1,0.5044,2.0892,0.6831
peakF0_fixVoicing,0197,1276,StarWars,222,0,1,0.5288,2.5463,0.3733
peakF0_fixVoicing,0197,4064,Hakuna,222,0,1,0.8133,1.8792,0.6756
peakF0_fixVoicing,0197,4085,Hakuna,222,0,1,0.8656,1.9488,0.6039
peakF0_fixVoicing,0204,0102,Potter,191,1,1,0.7327,1.0921,0.9089
peakF0_fixVoicing,0204,0426,Potter,191,1,1,0.7604,1.0785,0.9209
peakF0_fixVoicing,0204,0993,StarWars,191,0,1,0.8436,1.9764,0.5400
peakF0_fixVoicing,0204,1506,StarWars,191,0,1,0.8772,2.0923,0.3758
peakF0_fixVoicing,0204,3928,Hakuna,191,0,1,0.8416,2.0342,0.6536
peakF0_fixVoicing,0204,3984,Hakuna,191,0,1,0.6812,1.8149,0.7049
peakF0_fixVoicing,0210,0055,Potter,200,1,1,1.0000,1.4409,0.8459
peakF0_fixVoicing,0210,0417,Potter,200,1,1,0.9726,1.3384,0.8630
peakF0_fixVoicing,0210,1015,StarWars,200,0,1,1.0215,2.7695,0.4373
peakF0_fixVoicing,0210,1626,StarWars,200,0,1,0.9863,3.3255,0.2371
peakF0_fixVoicing,0210,3586,Hakuna,200,0,1,0.8043,2.2658,0.4694
peakF0_fixVoicing,0210,3862,Hakuna,200,0,1,0.8356,2.2302,0.5549
peakF0_fixVoicing,0215,0229,Potter,230,1,1,0.6234,0.8358,0.9699
peakF0_fixVoicing,0215,0245,Potter,230,1,1,0.4048,0.9105,0.9609
peakF0_fixVoicing,0215,1010,StarWars,230,0,1,0.5049,2.8039,0.5670
peakF0_fixVoicing,0215,1048,StarWars,230,0,1,0.4133,2.8136,0.5638
peakF0_fixVoicing,0215,3670,Hakuna,230,0,1,0.4443,1.8177,0.8530
peakF0_fixVoicing,0215,3702,Hakuna,230,0,1,0.4781,2.4096,0.6826
peakF0_fixVoicing,0219,0076,Potter,30,1,1,0.6728,2.1303,0.8147
peakF0_fixVoicing,0219,0151,Potter,30,1,1,0.8023,1.7691,0.8468
peakF0_fixVoicing,0219,1101,StarWars,30,0,1,0.9103,2.8568,0.5758
peakF0_fixVoicing,0219,1369,StarWars,30,0,1,0.7691,2.6280,0.6614
peakF0_fixVoicing,0219,3443,Hakuna,30,0,1,0.6728,2.1832,0.7988
peakF0_fixVoicing,0219,3694,Hakuna,30,0,1,0.3721,2.7065,0.5413
peakF0_fixVoicing,0220,0997,StarWars,135,0,1,0.7448,2.6544,0.5935
peakF0_fixVoicing,0220,1195,StarWars,135,0,1,0.8569,2.6816,0.5177
peakF0_fixVoicing,0220,3501,Hakuna,135,0,1,0.4741,2.2252,0.6220
peakF0_fixVoicing,0220,4070,Hakuna,135,0,1,0.5431,2.3792,0.4352
peakF0_fixVoicing,0224,0445,Potter,146,1,1,0.5123,1.7526,0.7984
peakF0_fixVoicing,0224,0622,Potter,146,1,1,0.5925,1.7644,0.8049
peakF0_fixVoicing,0224,0925,StarWars,146,0,1,0.3502,2.5472,0.4844
peakF0_fixVoicing,0224,1456,StarWars,146,0,1,0.3552,2.6224,0.1767
peakF0_fixVoicing,0224,3439,Hakuna,146,0,1,0.4026,2.7793,0.0966
peakF0_fixVoicing,0224,3822,Hakuna,146,0,1,0.3241,2.8516,0.1695
peakF0_fixVoicing,0225,0680,Potter,123,1,1,0.7669,0.9558,0.9601
peakF0_fixVoicing,0225,0835,Potter,123,1,1,0.7135,1.0522,0.9634
peakF0_fixVoicing,0225,1196,StarWars,123,0,1,0.7767,2.8520,0.6789
peakF0_fixVoicing,0225,1378,StarWars,123,0,1,0.7879,3.0670,0.6906
peakF0_fixVoicing,0225,3567,Hakuna,123,0,1,0.6770,2.5537,0.5464
peakF0_fixVoicing,0225,3787,Hakuna,123,0,1,0.6952,2.6146,0.5277
peakF0_fixVoicing,0228,0124,Potter,58,1,1,0.7684,1.3588,0.9234
peakF0_fixVoicing,0228,0467,Potter,58,1,1,0.8173,1.5522,0.8740
peakF0_fixVoicing,0228,1178,StarWars,58,0,1,0.6754,2.7870,0.5899
peakF0_fixVoicing,0228,1262,StarWars,58,0,1,0.7814,2.4150,0.6869
peakF0_fixVoicing,0228,3556,Hakuna,58,0,1,0.6166,2.3780,0.7660
peakF0_fixVoicing,0228,3668,Hakuna,58,0,1,0.5873,2.7963,0.5916
peakF0_fixVoicing,0230,0010,Potter,92,1,1,0.7225,1.0971,0.9182
peakF0_fixVoicing,0230,0232,Potter,92,1,1,0.6381,1.3446,0.8645
peakF0_fixVoicing,0230,0893,StarWars,92,0,1,0.5236,2.2209,0.7956
peakF0_fixVoicing,0230,0922,StarWars,92,0,1,0.5050,2.4987,0.6395
peakF0_fixVoicing,0230,4028,Hakuna,92,0,1,0.7554,1.8981,0.8204
peakF0_fixVoicing,0231,0595,Potter,26,1,1,0.7694,1.0572,0.7848
peakF0_fixVoicing,0231,0768,Potter,26,1,1,0.7256,1.3994,0.6501
peakF0_fixVoicing,0231,1087,StarWars,26,0,1,0.5388,1.5050,0.5369
peakF0_fixVoicing,0231,1132,StarWars,26,0,1,0.5249,1.2493,0.6761
peakF0_fixVoicing,0231,3392,Hakuna,26,0,1,0.3300,1.5256,0.5492
peakF0_fixVoicing,0231,4137,Hakuna,26,0,1,0.3380,1.4014,0.6419
peakF0_fixVoicing,0233,0633,Potter,231,1,1,0.4240,0.5935,0.9823
peakF0_fixVoicing,0233,0803,Potter,231,1,1,0.5155,0.9962,0.9799
peakF0_fixVoicing,0233,1150,StarWars,231,0,1,0.5195,2.6938,0.5233
peakF0_fixVoicing,0233,1605,StarWars,231,0,1,0.5303,2.1688,0.6773
peakF0_fixVoicing,0233,4049,Hakuna,231,0,1,0.6864,1.6050,0.8310
peakF0_fixVoicing,0233,4112,Hakuna,231,0,1,0.6864,1.6171,0.8361
peakF0_fixVoicing,0237,0542,Potter,44,1,1,0.7229,1.4298,0.8787
peakF0_fixVoicing,0237,0739,Potter,44,1,1,0.7331,1.2499,0.9111
peakF0_fixVoicing,0237,0964,StarWars,44,0,1,0.8774,2.2767,0.7861
peakF0_fixVoicing,0237,1026,StarWars,44,0,1,0.8072,2.3604,0.7695
peakF0_fixVoicing,0237,3485,Hakuna,44,0,1,0.7816,1.8977,0.8496
peakF0_fixVoicing,0237,3781,Hakuna,44,0,1,0.7037,2.0109,0.8368
peakF0_fixVoicing,0238,0243,Potter,139,1,1,0.7990,1.0445,0.9440
peakF0_fixVoicing,0238,0824,Potter,139,1,1,0.7669,1.1604,0.9519
peakF0_fixVoicing,0238,0999,StarWars,139,0,1,0.6892,2.1443,0.7047
peakF0_fixVoicing,0238,1240,StarWars,139,0,1,0.6216,2.9805,0.4441
peakF0_fixVoicing,0238,3969,Hakuna,139,0,1,0.6622,2.0224,0.7829
peakF0_fixVoicing,0238,4035,Hakuna,139,0,1,0.7686,2.7611,0.5361
peakF0_fixVoicing,0242,0762,Potter,69,1,1,0.3686,2.2636,0.5411
peakF0_fixVoicing,0242,0771,Potter,69,1,1,0.6273,2.4412,0.1819
peakF0_fixVoicing,0242,1323,StarWars,69,0,1,0.1877,2.2603,0.5349
peakF0_fixVoicing,0242,1496,StarWars,69,0,1,0.2761,2.2813,0.3643
peakF0_fixVoicing,0242,3410,Hakuna,69,0,1,0.2909,3.2548,-0.0792
peakF0_fixVoicing,0253,0177,Potter,14,1,1,0.8419,1.8050,0.8368
peakF0_fixVoicing,0253,0774,Potter,14,1,1,0.8024,1.4723,0.9252
peakF0_fixVoicing,0253,1435,StarWars,14,0,1,0.8282,2.5268,0.7025
peakF0_fixVoicing,0253,1519,StarWars,14,0,1,0.9055,2.8431,0.4972
peakF0_fixVoicing,0253,3682,Hakuna,14,0,1,0.6838,2.6561,0.6200
peakF0_fixVoicing,0253,3807,Hakuna,14,0,1,0.6873,2.6549,0.7209
peakF0_fixVoicing,0258,0155,Potter,76,1,1,0.8351,1.0965,0.9060
peakF0_fixVoicing,0258,0584,Potter,76,1,1,0.8613,1.0213,0.9117
peakF0_fixVoicing,0258,1381,StarWars,76,0,1,0.7951,2.8994,0.0511
peakF0_fixVoicing,0258,1445,StarWars,76,0,1,0.8521,2.2075,0.4128
peakF0_fixVoicing,0258,3706,Hakuna,76,0,1,0.7982,1.8917,0.6060
peakF0_fixVoicing,0258,4048,Hakuna,76,0,1,0.8105,1.6432,0.6930
peakF0_fixVoicing,0259,0311,Potter,218,1,1,0.7492,2.0044,0.6988
peakF0_fixVoicing,0259,0518,Potter,218,1,1,0.7390,1.7918,0.8219
peakF0_fixVoicing,0259,0994,StarWars,218,0,1,0.8576,3.7326,0.2982
peakF0_fixVoicing,0259,1220,StarWars,218,0,1,0.7983,3.4022,0.4752
peakF0_fixVoicing,0259,3475,Hakuna,218,0,1,0.9102,2.2623,0.7485
peakF0_fixVoicing,0259,3521,Hakuna,218,0,1,0.9288,2.2694,0.7569
peakF0_fixVoicing,0262,0328,Potter,106,1,1,0.5417,1.4551,0.7899
peakF0_fixVoicing,0262,0777,Potter,106,1,1,0.5565,1.7670,0.5838
peakF0_fixVoicing,0262,1062,StarWars,106,0,1,0.1915,1.8854,0.5304
peakF0_fixVoicing,0262,3427,Hakuna,106,0,1,0.2488,1.6346,0.7976
peakF0_fixVoicing,0262,4075,Hakuna,106,0,1,0.1620,2.1311,0.0730
peakF0_fixVoicing,0263,0038,Potter,207,1,1,0.6941,1.5011,0.9081
peakF0_fixVoicing,0263,0672,Potter,207,1,1,0.8304,0.4033,0.9893
peakF0_fixVoicing,0263,1206,StarWars,207,0,1,0.4318,2.5379,0.6984
peakF0_fixVoicing,0263,1265,StarWars,207,0,1,0.4406,2.6523,0.6963
peakF0_fixVoicing,0263,3446,Hakuna,207,0,1,0.8024,1.9665,0.8006
peakF0_fixVoicing,0263,3565,Hakuna,207,0,1,0.7570,2.0286,0.7848
peakF0_fixVoicing,0270,0111,Potter,100,1,1,0.8826,1.3934,0.7955
peakF0_fixVoicing,0270,0407,Potter,100,1,1,0.6969,1.5454,0.6277
peakF0_fixVoicing,0270,1040,StarWars,100,0,1,0.8574,2.0540,0.4473
peakF0_fixVoicing,0270,1344,StarWars,100,0,1,0.6152,2.1957,0.3028
peakF0_fixVoicing,0270,3448,Hakuna,100,0,1,0.6256,2.0566,0.4781
peakF0_fixVoicing,0270,4068,Hakuna,100,0,1,0.6731,2.1628,0.3391
peakF0_fixVoicing,0272,0756,Potter,219,1,1,0.5181,2.3280,0.7575
peakF0_fixVoicing,0272,0805,Potter,219,1,1,0.7012,2.3052,0.6650
peakF0_fixVoicing,0272,0988,StarWars,219,0,1,0.6410,2.6300,0.4624
peakF0_fixVoicing,0272,1255,StarWars,219,0,1,0.6867,2.6449,0.3411
peakF0_fixVoicing,0272,3355,Hakuna,219,0,1,0.6048,2.6528,0.4453
peakF0_fixVoicing,0272,3635,Hakuna,219,0,1,0.6241,2.6111,0.4580
peakF0_fixVoicing,0276,0680,Potter,123,1,1,0.7329,1.1140,0.9405
peakF0_fixVoicing,0276,0835,Potter,123,1,1,0.6819,1.2143,0.9499
peakF0_fixVoicing,0276,1196,StarWars,123,0,1,0.7423,3.0266,0.6386
peakF0_fixVoicing,0276,1378,StarWars,123,0,1,0.7530,3.3103,0.6263
peakF0_fixVoicing,0276,3567,Hakuna,123,0,1,0.6470,2.5252,0.5582
peakF0_fixVoicing,0276,3787,Hakuna,123,0,1,0.6644,2.5653,0.5509
peakF0_fixVoicing,0277,0087,Potter,43,1,1,0.9375,1.1085,0.9441
peakF0_fixVoicing,0277,0212,Potter,43,1,1,1.0417,1.1946,0.9322
peakF0_fixVoicing,0277,1314,StarWars,43,0,1,0.9979,1.9364,0.7588
peakF0_fixVoicing,0277,1490,StarWars,43,0,1,0.9750,2.1667,0.6641
peakF0_fixVoicing,0277,3478,Hakuna,43,0,1,0.9292,2.2162,0.6808
peakF0_fixVoicing,0277,3825,Hakuna,43,0,1,0.9521,2.1965,0.6705
peakF0_fixVoicing,0278,3474,Hakuna,82,0,1,1.0328,3.5552,0.5217
peakF0_fixVoicing,0278,3654,Hakuna,82,0,1,0.8860,3.5960,0.4288
peakF0_fixVoicing,0281,0057,Potter,60,1,1,0.8176,1.8173,0.7419
peakF0_fixVoicing,0281,0348,Potter,60,1,1,0.7960,1.9136,0.6642
peakF0_fixVoicing,0284,0196,Potter,232,1,1,0.5161,1.8712,0.8028
peakF0_fixVoicing,0284,0603,Potter,232,1,1,0.5842,1.9762,0.8003
peakF0_fixVoicing,0284,0917,StarWars,232,0,1,0.7258,3.3180,0.3176
peakF0_fixVoicing,0284,1278,StarWars,232,0,1,0.6022,3.2008,0.3123
peakF0_fixVoicing,0284,3541,Hakuna,232,0,1,0.2706,2.7225,0.6561
peakF0_fixVoicing,0284,4111,Hakuna,232,0,1,0.3548,2.8056,0.6159
peakF0_fixVoicing,0287,0131,Potter,53,1,1,0.9419,1.4431,0.8062
peakF0_fixVoicing,0287,0689,Potter,53,1,1,0.9006,1.5406,0.7892
peakF0_fixVoicing,0287,1269,StarWars,53,0,1,0.5138,3.3343,0.3160
peakF0_fixVoicing,0287,1596,StarWars,53,0,1,0.5382,3.1527,0.4402
peakF0_fixVoicing,0287,3585,Hakuna,53,0,1,0.5214,2.7579,0.5143
peakF0_fixVoicing,0287,3856,Hakuna,53,0,1,0.5398,2.4471,0.6081
peakF0_fixVoicing,0290,0477,Potter,17,1,1,0.7921,1.0331,0.8756
peakF0_fixVoicing,0290,0558,Potter,17,1,1,0.7250,1.0396,0.8632
peakF0_fixVoicing,0290,1609,StarWars,17,0,1,0.7702,2.0482,0.5923
peakF0_fixVoicing,0290,1620,StarWars,17,0,1,0.7373,1.9712,0.6324
peakF0_fixVoicing,0290,3878,Hakuna,17,0,1,0.7469,1.3017,0.7829
peakF0_fixVoicing,0290,4105,Hakuna,17,0,1,0.7934,1.0850,0.8444
peakF0_fixVoicing,0296,0427,Potter,174,1,1,0.6132,1.4071,0.9305
peakF0_fixVoicing,0296,0577,Potter,174,1,1,0.5487,2.3259,0.8989
peakF0_fixVoicing,0296,1403,StarWars,174,0,1,0.4664,2.8371,0.6980
peakF0_fixVoicing,0296,1502,StarWars,174,0,1,0.5734,3.0984,0.5741
peakF0_fixVoicing,0296,3424,Hakuna,174,0,1,0.5748,2.4349,0.7079
peakF0_fixVoicing,0296,4122,Hakuna,174,0,1,0.4019,2.2582,0.7590
peakF0_fixVoicing,0309,0198,Potter,67,1,1,0.6382,2.0088,0.7978
peakF0_fixVoicing,0309,0369,Potter,67,1,1,0.5420,1.7118,0.8846
peakF0_fixVoicing,0309,1298,StarWars,67,0,1,0.6611,3.0118,0.4686
peakF0_fixVoicing,0309,1326,StarWars,67,0,1,0.4641,3.6463,0.0221
peakF0_fixVoicing,0309,3412,Hakuna,67,0,1,0.4153,2.3894,0.7400
peakF0_fixVoicing,0309,3447,Hakuna,67,0,1,0.5405,2.5651,0.6628
peakF0_fixVoicing,0310,0504,Potter,90,1,1,0.7224,1.5223,0.8902
peakF0_fixVoicing,0310,0597,Potter,90,1,1,0.6860,1.9441,0.8465
peakF0_fixVoicing,0310,0886,StarWars,90,0,1,0.7427,2.9289,0.4420
peakF0_fixVoicing,0310,1075,StarWars,90,0,1,0.7791,3.3090,0.1747
peakF0_fixVoicing,0310,3378,Hakuna,90,0,1,0.6962,2.3288,0.6828
peakF0_fixVoicing,0310,3455,Hakuna,90,0,1,0.8343,3.4258,0.0638
peakF0_fixVoicing,0314,0352,Potter,220,1,1,0.6048,2.7464,0.2751
peakF0_fixVoicing,0314,0755,Potter,220,1,1,0.3049,2.3782,0.4647
peakF0_fixVoicing,0314,1052,StarWars,220,0,1,0.2811,2.0694,0.7170
peakF0_fixVoicing,0314,1207,StarWars,220,0,1,0.5690,2.3235,0.4022
peakF0_fixVoicing,0314,3568,Hakuna,220,0,1,0.5077,2.1764,0.4781
peakF0_fixVoicing,0314,3759,Hakuna,220,0,1,0.1397,2.1034,0.6684
peakF0_fixVoicing,0317,0239,Potter,59,1,1,0.6244,2.8363,0.6168
peakF0_fixVoicing,0317,0798,Potter,59,1,1,0.5089,3.0013,0.4922
peakF0_fixVoicing,0317,0923,StarWars,59,0,1,0.3415,2.8576,0.3697
peakF0_fixVoicing,0317,1246,StarWars,59,0,1,0.4862,3.1432,0.3637
peakF0_fixVoicing,0317,3956,Hakuna,59,0,1,0.4553,3.0683,0.3329
peakF0_fixVoicing,0317,4124,Hakuna,59,0,1,0.4862,2.9250,0.5993
peakF0_fixVoicing,0321,0425,Potter,5,1,1,0.8593,1.8543,0.8062
peakF0_fixVoicing,0321,0528,Potter,5,1,1,1.0296,1.2730,0.9179
peakF0_fixVoicing,0321,0854,StarWars,5,0,1,1.0259,2.5328,0.6144
peakF0_fixVoicing,0321,1444,StarWars,5,0,1,1.0222,2.7402,0.4456
peakF0_fixVoicing,0321,3606,Hakuna,5,0,1,0.9148,2.0284,0.7006
peakF0_fixVoicing,0321,3860,Hakuna,5,0,1,0.9426,2.4118,0.6018
peakF0_fixVoicing,0324,0081,Potter,49,1,1,0.6790,1.1751,0.9038
peakF0_fixVoicing,0324,0423,Potter,49,1,1,0.6935,0.9907,0.9422
peakF0_fixVoicing,0324,1420,StarWars,49,0,1,0.7306,2.3997,0.6594
peakF0_fixVoicing,0324,3920,Hakuna,49,0,1,0.7065,2.2718,0.6565
peakF0_fixVoicing,0324,4138,Hakuna,49,0,1,0.7129,1.8434,0.7836
peakF0_fixVoicing,0329,0222,Potter,96,1,1,0.5544,1.0216,0.8938
peakF0_fixVoicing,0329,0715,Potter,96,1,1,0.5231,1.3309,0.8689
peakF0_fixVoicing,0329,1027,StarWars,96,0,1,0.8614,1.9849,0.6534
peakF0_fixVoicing,0329,1402,StarWars,96,0,1,0.8778,2.1270,0.5125
peakF0_fixVoicing,0329,3406,Hakuna,96,0,1,0.6155,1.7114,0.7639
peakF0_fixVoicing,0329,3938,Hakuna,96,0,1,0.6826,1.8607,0.7592
peakF0_fixVoicing,0331,0004,Potter,160,1,1,0.5667,1.4372,0.4914
peakF0_fixVoicing,0331,0517,Potter,160,1,1,0.5182,1.5179,0.5294
peakF0_fixVoicing,0331,1390,StarWars,160,0,1,0.6182,1.7736,0.2557
peakF0_fixVoicing,0331,1641,StarWars,160,0,1,0.6864,1.4709,0.4820
peakF0_fixVoicing,0331,3786,Hakuna,160,0,1,0.6561,1.3140,0.5586
peakF0_fixVoicing,0331,3994,Hakuna,160,0,1,0.6773,1.2477,0.6613
peakF0_fixVoicing,0333,3474,Hakuna,82,0,1,0.9934,3.1376,0.4436
peakF0_fixVoicing,0333,3654,Hakuna,82,0,1,0.8522,3.0832,0.4504
peakF0_fixVoicing,0337,0538,Potter,16,1,1,0.2966,2.7575,0.5772
peakF0_fixVoicing,0337,0797,Potter,16,1,1,0.3385,2.7875,0.6978
peakF0_fixVoicing,0337,1261,StarWars,16,0,1,0.2484,2.3249,0.7830
peakF0_fixVoicing,0337,1522,StarWars,16,0,1,0.1693,2.8969,0.6575
peakF0_fixVoicing,0337,3846,Hakuna,16,0,1,0.8276,3.1051,0.5431
peakF0_fixVoicing,0337,4150,Hakuna,16,0,1,0.8137,3.3021,0.3976
peakF0_fixVoicing,0340,0435,Potter,185,1,1,0.4562,2.1477,0.8821
peakF0_fixVoicing,0340,0666,Potter,185,1,1,0.5767,1.4563,0.9224
peakF0_fixVoicing,0340,1173,StarWars,185,0,1,0.5671,3.2802,0.2511
peakF0_fixVoicing,0340,1575,StarWars,185,0,1,0.2603,3.0720,0.5388
peakF0_fixVoicing,0340,3561,Hakuna,185,0,1,0.5685,2.5371,0.7353
peakF0_fixVoicing,0340,3613,Hakuna,185,0,1,0.5849,2.7122,0.5727
peakF0_fixVoicing,0345,0616,Potter,71,1,1,0.5918,2.8916,0.5329
peakF0_fixVoicing,0345,0753,Potter,71,1,1,0.5293,2.2537,0.7350
peakF0_fixVoicing,0346,0372,Potter,128,1,1,0.5105,1.5854,0.8259
peakF0_fixVoicing,0346,0440,Potter,128,1,1,0.4590,2.1684,0.7184
peakF0_fixVoicing,0346,1334,StarWars,128,0,1,0.7611,2.7136,0.5423
peakF0_fixVoicing,0346,1570,StarWars,128,0,1,0.6464,2.3681,0.7131
peakF0_fixVoicing,0346,3882,Hakuna,128,0,1,0.5457,3.0857,0.1656
peakF0_fixVoicing,0346,4119,Hakuna,128,0,1,0.5925,2.6140,0.5780
peakF0_fixVoicing,0349,0651,Potter,97,1,1,0.7427,1.3887,0.8760
peakF0_fixVoicing,0349,0706,Potter,97,1,1,0.8183,0.5324,0.9755
peakF0_fixVoicing,0349,1313,StarWars,97,0,1,0.6904,2.2120,0.6703
peakF0_fixVoicing,0349,1418,StarWars,97,0,1,0.6948,2.2762,0.6835
peakF0_fixVoicing,0349,3631,Hakuna,97,0,1,0.6846,1.6506,0.8399
peakF0_fixVoicing,0349,3919,Hakuna,97,0,1,0.7427,1.9732,0.7932
peakF0_fixVoicing,0358,0076,Potter,30,1,1,0.6672,2.1877,0.8292
peakF0_fixVoicing,0358,0151,Potter,30,1,1,0.7957,1.6994,0.8538
peakF0_fixVoicing,0358,1101,StarWars,30,0,1,0.9028,2.9313,0.6243
peakF0_fixVoicing,0358,1369,StarWars,30,0,1,0.7628,2.8515,0.6580
peakF0_fixVoicing,0358,3443,Hakuna,30,0,1,0.6672,2.2941,0.8149
peakF0_fixVoicing,0358,3694,Hakuna,30,0,1,0.3690,3.0071,0.5518
peakF0_fixVoicing,0363,0155,Potter,76,1,1,0.8686,1.1236,0.9028
peakF0_fixVoicing,0363,0584,Potter,76,1,1,0.8958,1.0811,0.9045
peakF0_fixVoicing,0363,1381,StarWars,76,0,1,0.8269,2.8057,0.1173
peakF0_fixVoicing,0363,1445,StarWars,76,0,1,0.8862,2.4089,0.2830
peakF0_fixVoicing,0363,3706,Hakuna,76,0,1,0.8301,2.0019,0.5882
peakF0_fixVoicing,0363,4048,Hakuna,76,0,1,0.8429,1.7109,0.6617
peakF0_fixVoicing,0364,0044,Potter,217,1,1,0.8350,1.0586,0.9138
peakF0_fixVoicing,0364,0101,Potter,217,1,1,0.8784,0.9256,0.9278
peakF0_fixVoicing,0364,1131,StarWars,217,0,1,0.7019,2.3334,0.4865
peakF0_fixVoicing,0364,1509,StarWars,217,0,1,0.7294,2.2254,0.5204
peakF0_fixVoicing,0364,3701,Hakuna,217,0,1,0.8654,1.8174,0.7166
peakF0_fixVoicing,0364,4103,Hakuna,217,0,1,0.8625,1.7051,0.7201
peakF0_fixVoicing,0366,0424,Potter,38,1,1,1.0138,0.9009,0.9418
peakF0_fixVoicing,0366,0829,Potter,38,1,1,0.9754,0.5799,0.9745
peakF0_fixVoicing,0366,1149,StarWars,38,0,1,0.8662,1.8035,0.7225
peakF0_fixVoicing,0366,1273,StarWars,38,0,1,0.8692,1.8143,0.7562
peakF0_fixVoicing,0366,3506,Hakuna,38,0,1,0.7508,2.0298,0.5836
peakF0_fixVoicing,0366,3732,Hakuna,38,0,1,0.8415,2.1159,0.4926
peakF0_fixVoicing,0375,0408,Potter,145,1,1,0.8043,3.3607,0.5370
peakF0_fixVoicing,0375,0619,Potter,145,1,1,0.8336,0.6804,0.9823
peakF0_fixVoicing,0375,0956,StarWars,145,0,1,0.8690,3.0240,0.5946
peakF0_fixVoicing,0375,1199,StarWars,145,0,1,0.8752,3.0913,0.6339
peakF0_fixVoicing,0375,3712,Hakuna,145,0,1,0.9045,2.1473,0.7981
peakF0_fixVoicing,0375,3793,Hakuna,145,0,1,0.9445,2.2151,0.7905
peakF0_fixVoicing,0376,0311,Potter,218,1,1,0.8533,2.2227,0.5825
peakF0_fixVoicing,0376,0518,Potter,218,1,1,0.8417,2.2124,0.6327
peakF0_fixVoicing,0376,0994,StarWars,218,0,1,0.9768,2.4551,0.7369
peakF0_fixVoicing,0376,1220,StarWars,218,0,1,0.9093,1.9363,0.7895
peakF0_fixVoicing,0376,3475,Hakuna,218,0,1,1.0367,3.3576,0.3959
peakF0_fixVoicing,0376,3521,Hakuna,218,0,1,1.0579,3.7230,0.0968
peakF0_fixVoicing,0378,0295,Potter,83,1,1,0.7766,1.6784,0.8741
peakF0_fixVoicing,0378,0648,Potter,83,1,1,0.9882,1.4481,0.9076
peakF0_fixVoicing,0378,1165,StarWars,83,0,1,0.9848,2.7270,0.5910
peakF0_fixVoicing,0378,1491,StarWars,83,0,1,0.8460,2.5921,0.6102
peakF0_fixVoicing,0378,3452,Hakuna,83,0,1,0.8985,3.8140,0.3439
peakF0_fixVoicing,0378,4101,Hakuna,83,0,1,0.8646,3.3794,0.4071
peakF0_fixVoicing,0382,1030,StarWars,212,0,1,0.4022,2.2621,0.5117
peakF0_fixVoicing,0382,1646,StarWars,212,0,1,0.5501,2.4205,0.3744
peakF0_fixVoicing,0382,3761,Hakuna,212,0,1,0.4068,2.1710,0.7315
peakF0_fixVoicing,0382,3907,Hakuna,212,0,1,0.4961,2.2199,0.6472
peakF0_fixVoicing,0383,0041,Potter,151,1,1,0.7453,1.1747,0.9504
peakF0_fixVoicing,0383,0778,Potter,151,1,1,0.8065,1.3520,0.9170
peakF0_fixVoicing,0383,1060,StarWars,151,0,1,0.9015,2.7996,0.5443
peakF0_fixVoicing,0383,1252,StarWars,151,0,1,0.8710,2.4846,0.6337
peakF0_fixVoicing,0383,3523,Hakuna,151,0,1,0.6078,2.0592,0.7573
peakF0_fixVoicing,0383,3573,Hakuna,151,0,1,0.7233,2.1392,0.7530
peakF0_fixVoicing,0392,0713,Potter,3,1,1,0.2882,2.3686,0.6998
peakF0_fixVoicing,0392,0748,Potter,3,1,1,0.2955,2.1179,0.7870
peakF0_fixVoicing,0392,0974,StarWars,3,0,1,0.4054,2.8098,0.6180
peakF0_fixVoicing,0393,0075,Potter,55,1,1,0.7356,2.2644,0.8114
peakF0_fixVoicing,0393,0785,Potter,55,1,1,0.7040,2.1291,0.7241
peakF0_fixVoicing,0393,1160,StarWars,55,0,1,0.6235,2.5786,0.5053
peakF0_fixVoicing,0393,1648,StarWars,55,0,1,0.8792,2.2723,0.6138
peakF0_fixVoicing,0393,3887,Hakuna,55,0,1,0.8389,2.3796,0.5349
peakF0_fixVoicing,0393,4060,Hakuna,55,0,1,0.7513,2.3552,0.4787
peakF0_fixVoicing,0398,0699,Potter,154,1,1,0.6132,1.3027,0.6779
peakF0_fixVoicing,0398,0790,Potter,154,1,1,0.6623,1.2512,0.7523
peakF0_fixVoicing,0398,1008,StarWars,154,0,1,0.4642,1.4853,0.6704
peakF0_fixVoicing,0398,1152,StarWars,154,0,1,0.6208,1.4826,0.6481
peakF0_fixVoicing,0398,3375,Hakuna,154,0,1,0.6094,1.8333,0.4341
peakF0_fixVoicing,0398,3762,Hakuna,154,0,1,0.7774,1.9845,0.4814
peakF0_fixVoicing,0399,0292,Potter,166,1,1,0.6147,1.4932,0.8320
peakF0_fixVoicing,0399,0353,Potter,166,1,1,0.9199,1.9199,0.7482
peakF0_fixVoicing,0399,1233,StarWars,166,0,1,0.5807,1.6599,0.7171
peakF0_fixVoicing,0399,1267,StarWars,166,0,1,0.5536,1.7427,0.6324
peakF0_fixVoicing,0401,0477,Potter,17,1,1,0.7921,1.1585,0.8599
peakF0_fixVoicing,0401,0558,Potter,17,1,1,0.7250,1.0806,0.8881
peakF0_fixVoicing,0401,1609,StarWars,17,0,1,0.7702,1.9355,0.6604
peakF0_fixVoicing,0401,1620,StarWars,17,0,1,0.7373,1.9190,0.6819
peakF0_fixVoicing,0401,3878,Hakuna,17,0,1,0.7469,1.4203,0.8076
peakF0_fixVoicing,0401,4105,Hakuna,17,0,1,0.7934,1.3030,0.8259
peakF0_fixVoicing,0402,0438,Potter,192,1,1,0.6323,1.5839,0.7542
peakF0_fixVoicing,0402,0783,Potter,192,1,1,0.6540,1.7380,0.7225
peakF0_fixVoicing,0402,0909,StarWars,192,0,1,0.6988,2.4165,0.2357
peakF0_fixVoicing,0402,1642,StarWars,192,0,1,0.6187,2.2606,0.4004
peakF0_fixVoicing,0402,3741,Hakuna,192,0,1,0.7354,2.1459,0.4769
peakF0_fixVoicing,0402,4148,Hakuna,192,0,1,0.6988,2.1953,0.5267
peakF0_fixVoicing,0405,0328,Potter,106,1,1,0.5444,1.9084,0.7036
peakF0_fixVoicing,0405,0777,Potter,106,1,1,0.5592,1.8412,0.6575
peakF0_fixVoicing,0405,1062,StarWars,106,0,1,0.1924,1.8179,0.7227
peakF0_fixVoicing,0405,3427,Hakuna,106,0,1,0.2500,1.9793,0.7324
peakF0_fixVoicing,0405,4075,Hakuna,106,0,1,0.1628,2.4233,0.3665
peakF0_fixVoicing,0413,0125,Potter,205,1,1,0.6284,1.8887,0.7907
peakF0_fixVoicing,0413,0359,Potter,205,1,1,0.7158,1.5577,0.8050
peakF0_fixVoicing,0413,0966,StarWars,205,0,1,0.6922,1.6130,0.8017
peakF0_fixVoicing,0413,1480,StarWars,205,0,1,0.7413,2.3054,0.5488
peakF0_fixVoicing,0413,3529,Hakuna,205,0,1,0.5100,2.5653,0.3440
peakF0_fixVoicing,0413,3581,Hakuna,205,0,1,0.6084,2.4699,0.4942
peakF0_fixVoicing,0414,0243,Potter,139,1,1,0.8141,0.9303,0.9024
peakF0_fixVoicing,0414,0824,Potter,139,1,1,0.7814,1.0669,0.9070
peakF0_fixVoicing,0414,0999,StarWars,139,0,1,0.7022,2.3754,0.5716
peakF0_fixVoicing,0414,1240,StarWars,139,0,1,0.6334,2.1312,0.5474
peakF0_fixVoicing,0414,3969,Hakuna,139,0,1,0.6747,2.0063,0.5210
peakF0_fixVoicing,0414,4035,Hakuna,139,0,1,0.7831,2.2673,0.5189
peakF0_fixVoicing,0415,0246,Potter,190,1,1,0.6565,0.8512,0.7917
peakF0_fixVoicing,0415,0410,Potter,190,1,1,0.7086,0.8044,0.8667
peakF0_fixVoicing,0415,1077,StarWars,190,0,1,0.6978,1.0978,0.7604
peakF0_fixVoicing,0415,1085,StarWars,190,0,1,0.6835,1.3743,0.4995
peakF0_fixVoicing,0415,3625,Hakuna,190,0,1,0.5971,1.4997,0.4843
peakF0_fixVoicing,0415,3898,Hakuna,190,0,1,0.7068,1.0789,0.8153
peakF0_fixVoicing,0419,0582,Potter,57,1,1,0.8229,1.7844,0.7810
peakF0_fixVoicing,0419,0801,Potter,57,1,1,0.8648,1.5364,0.8628
peakF0_fixVoicing,0419,0985,StarWars,57,0,1,0.7543,2.4149,0.2551
peakF0_fixVoicing,0419,1249,StarWars,57,0,1,0.7886,2.0843,0.6534
peakF0_fixVoicing,0419,3745,Hakuna,57,0,1,1.3333,2.4523,0.2384
peakF0_fixVoicing,0419,3802,Hakuna,57,0,1,1.3676,2.6375,0.2217
peakF0_fixVoicing,0420,0489,Potter,87,1,1,0.8562,1.1501,0.8761
peakF0_fixVoicing,0420,0684,Potter,87,1,1,0.7536,1.4082,0.8213
peakF0_fixVoicing,0420,1090,StarWars,87,0,1,0.7409,1.7982,0.6441
peakF0_fixVoicing,0420,1460,StarWars,87,0,1,0.7299,2.1484,0.5029
peakF0_fixVoicing,0420,3341,Hakuna,87,0,1,0.7030,2.1946,0.4440
peakF0_fixVoicing,0420,3728,Hakuna,87,0,1,0.7583,2.1403,0.4771
peakF0_fixVoicing,0429,0418,Potter,111,1,1,0.1729,2.0424,0.6977
peakF0_fixVoicing,0429,0454,Potter,111,1,1,0.1454,2.6696,0.2616
peakF0_fixVoicing,0429,1398,StarWars,111,0,1,0.1502,2.5022,0.4461
peakF0_fixVoicing,0429,4091,Hakuna,111,0,1,0.1519,2.2138,0.6477
peakF0_fixVoicing,0429,4133,Hakuna,111,0,1,0.1260,2.6270,0.3014
peakF0_fixVoicing,0430,0286,Potter,47,1,1,0.7553,1.7537,0.6912
peakF0_fixVoicing,0430,0443,Potter,47,1,1,0.6951,1.6902,0.6951
peakF0_fixVoicing,0430,1258,StarWars,47,0,1,0.8427,2.2191,0.6374
peakF0_fixVoicing,0430,1300,StarWars,47,0,1,0.6680,2.2840,0.5573
peakF0_fixVoicing,0430,4019,Hakuna,47,0,1,0.8951,2.1084,0.5242
peakF0_fixVoicing,0430,4044,Hakuna,47,0,1,0.9495,1.8116,0.6721
peakF0_fixVoicing,0431,0187,Potter,214,1,1,0.4724,1.7008,0.6372
peakF0_fixVoicing,0431,0702,Potter,214,1,1,0.7094,1.6192,0.6109
peakF0_fixVoicing,0431,1540,StarWars,214,0,1,0.5753,1.8842,0.4698
peakF0_fixVoicing,0431,1618,StarWars,214,0,1,0.5514,1.8554,0.5154
peakF0_fixVoicing,0431,3941,Hakuna,214,0,1,0.4933,2.1691,0.2888
peakF0_fixVoicing,0431,4078,Hakuna,214,0,1,0.4560,1.8889,0.5491
peakF0_fixVoicing,0444,0194,Potter,169,1,1,0.6708,1.8467,0.8108
peakF0_fixVoicing,0444,0728,Potter,169,1,1,0.7665,1.7947,0.8464
peakF0_fixVoicing,0444,0848,StarWars,169,0,1,0.6552,2.3111,0.5697
peakF0_fixVoicing,0444,1533,StarWars,169,0,1,0.6317,2.4281,0.4713
peakF0_fixVoicing,0444,3399,Hakuna,169,0,1,0.6583,2.4715,0.3287
peakF0_fixVoicing,0444,3605,Hakuna,169,0,1,0.5549,2.2811,0.5822
peakF0_fixVoicing,0446,0131,Potter,53,1,1,0.9872,0.8836,0.9029
peakF0_fixVoicing,0446,0689,Potter,53,1,1,0.9439,1.0072,0.8978
peakF0_fixVoicing,0446,1269,StarWars,53,0,1,0.5385,3.0699,0.2596
peakF0_fixVoicing,0446,1596,StarWars,53,0,1,0.5641,3.0561,0.2691
peakF0_fixVoicing,0446,3585,Hakuna,53,0,1,0.5465,2.4524,0.5374
peakF0_fixVoicing,0446,3856,Hakuna,53,0,1,0.5657,2.0327,0.7048
peakF0_fixVoicing,0447,0384,Potter,228,1,1,0.7452,1.4335,0.7201
peakF0_fixVoicing,0448,0202,Potter,164,1,1,0.8601,1.1361,0.9020
peakF0_fixVoicing,0448,0293,Potter,164,1,1,0.8584,1.0618,0.9187
peakF0_fixVoicing,0448,1315,StarWars,164,0,1,0.8129,2.1524,0.6236
peakF0_fixVoicing,0448,1482,StarWars,164,0,1,0.7535,1.9554,0.6866
peakF0_fixVoicing,0448,3746,Hakuna,164,0,1,0.7255,1.9474,0.6961
peakF0_fixVoicing,0448,3954,Hakuna,164,0,1,0.7430,1.8859,0.7073
peakF0_fixVoicing,0452,0484,Potter,162,1,1,0.6101,0.9650,0.9606
peakF0_fixVoicing,0452,0599,Potter,162,1,1,0.6307,0.6585,0.9807
peakF0_fixVoicing,0452,1508,StarWars,162,0,1,0.6418,2.7198,0.6957
peakF0_fixVoicing,0452,1606,StarWars,162,0,1,0.6815,2.2835,0.7480
peakF0_fixVoicing,0453,0377,Potter,234,1,1,0.8748,2.3435,0.7992
peakF0_fixVoicing,0453,0406,Potter,234,1,1,0.9583,2.0219,0.8292
peakF0_fixVoicing,0453,0906,StarWars,234,0,1,0.9980,3.0568,0.6498
peakF0_fixVoicing,0453,3484,Hakuna,234,0,1,0.8946,2.7137,0.8246
peakF0_fixVoicing,0453,3975,Hakuna,234,0,1,0.8946,2.9846,0.7187
peakF0_fixVoicing,0455,0140,Potter,175,1,1,0.5087,1.8451,0.8597
peakF0_fixVoicing,0455,0758,Potter,175,1,1,0.6860,3.9300,0.3518
peakF0_fixVoicing,0455,1428,StarWars,175,0,1,0.6686,2.1234,0.7949
peakF0_fixVoicing,0455,1599,StarWars,175,0,1,0.5872,2.0343,0.8551
peakF0_fixVoicing,0455,3425,Hakuna,175,0,1,0.6657,3.2248,0.4770
peakF0_fixVoicing,0455,3997,Hakuna,175,0,1,0.7616,3.2120,0.4765
peakF0_fixVoicing,0463,0286,Potter,47,1,1,0.8761,1.4009,0.8549
peakF0_fixVoicing,0463,0443,Potter,47,1,1,0.8063,1.6000,0.8028
peakF0_fixVoicing,0463,1258,StarWars,47,0,1,0.9775,2.3415,0.2698
peakF0_fixVoicing,0463,1300,StarWars,47,0,1,0.7748,2.1379,0.5448
peakF0_fixVoicing,0463,4019,Hakuna,47,0,1,1.0383,1.9208,0.5910
peakF0_fixVoicing,0463,4044,Hakuna,47,0,1,1.1014,1.6197,0.7632
peakF0_fixVoicing,0466,0181,Potter,13,1,1,0.8646,1.5862,0.7894
peakF0_fixVoicing,0466,0299,Potter,13,1,1,0.7544,1.5739,0.7722
peakF0_fixVoicing,0466,1619,StarWars,13,0,1,0.7041,1.4427,0.8295
peakF0_fixVoicing,0466,3353,Hakuna,13,0,1,0.7834,1.9969,0.5456
peakF0_fixVoicing,0466,4020,Hakuna,13,0,1,0.7253,1.6949,0.6524
peakF0_fixVoicing,0472,0275,Potter,33,1,1,0.7165,1.4877,0.8646
peakF0_fixVoicing,0472,0468,Potter,33,1,1,0.7149,1.5393,0.8621
peakF0_fixVoicing,0472,0888,StarWars,33,0,1,0.5884,3.3712,0.3205
peakF0_fixVoicing,0472,1174,StarWars,33,0,1,0.5549,3.2866,0.3196
peakF0_fixVoicing,0472,3868,Hakuna,33,0,1,0.6448,3.5213,0.2614
peakF0_fixVoicing,0474,0182,Potter,61,1,1,0.8766,2.1556,0.5774
peakF0_fixVoicing,0474,0336,Potter,61,1,1,0.7489,1.8329,0.6490
peakF0_fixVoicing,0474,1236,StarWars,61,0,1,0.6991,2.3098,0.4862
peakF0_fixVoicing,0474,1318,StarWars,61,0,1,0.7229,2.4709,0.3441
peakF0_fixVoicing,0474,3492,Hakuna,61,0,1,0.4913,1.2162,0.8188
peakF0_fixVoicing,0474,3524,Hakuna,61,0,1,0.4892,1.7733,0.6680
peakF0_fixVoicing,0478,0145,Potter,141,1,1,0.6912,1.8380,0.7517
peakF0_fixVoicing,0478,0620,Potter,141,1,1,0.4274,1.7044,0.8216
peakF0_fixVoicing,0478,1636,StarWars,141,0,1,0.7648,2.2557,0.4228
peakF0_fixVoicing,0478,1652,StarWars,141,0,1,0.6503,2.8853,-0.3427
peakF0_fixVoicing,0478,3687,Hakuna,141,0,1,0.7280,2.2345,0.6042
peakF0_fixVoicing,0478,3895,Hakuna,141,0,1,0.7321,2.2332,0.5894
peakF0_fixVoicing,0485,0649,Potter,197,1,1,0.7128,0.9838,0.9416
peakF0_fixVoicing,0485,0688,Potter,197,1,1,0.7699,1.0600,0.8909
peakF0_fixVoicing,0485,0921,StarWars,197,0,1,0.7113,2.5518,0.6224
peakF0_fixVoicing,0485,1322,StarWars,197,0,1,0.5850,2.5056,0.6611
peakF0_fixVoicing,0485,3512,Hakuna,197,0,1,0.6165,1.7455,0.8516
peakF0_fixVoicing,0485,3851,Hakuna,197,0,1,0.5940,1.6678,0.8635
peakF0_fixVoicing,0491,0008,Potter,213,1,1,0.8347,0.4170,0.9921
peakF0_fixVoicing,0491,0681,Potter,213,1,1,0.8427,0.5219,0.9860
peakF0_fixVoicing,0491,0860,StarWars,213,0,1,0.9551,2.5208,0.7625
peakF0_fixVoicing,0491,1317,StarWars,213,0,1,0.8604,2.3313,0.7666
peakF0_fixVoicing,0491,3548,Hakuna,213,0,1,0.5843,1.6744,0.8676
peakF0_fixVoicing,0491,3720,Hakuna,213,0,1,0.6485,1.8805,0.8098
peakF0_fixVoicing,0493,0282,Potter,8,1,1,0.9917,1.8531,0.7915
peakF0_fixVoicing,0493,0802,Potter,8,1,1,0.9071,1.1945,0.8889
peakF0_fixVoicing,0493,1046,StarWars,8,0,1,0.7231,2.2342,0.5431
peakF0_fixVoicing,0493,1667,StarWars,8,0,1,0.7479,2.1294,0.6280
peakF0_fixVoicing,0493,3795,Hakuna,8,0,1,0.6949,1.9651,0.7247
peakF0_fixVoicing,0493,4144,Hakuna,8,0,1,0.6816,2.1596,0.4893
peakF0_fixVoicing,0494,0808,Potter,171,1,1,0.8021,1.1797,0.8968
peakF0_fixVoicing,0494,1079,StarWars,171,0,1,0.7314,2.0318,0.4860
peakF0_fixVoicing,0494,1112,StarWars,171,0,1,0.8428,2.1648,0.5350
peakF0_fixVoicing,0495,0125,Potter,205,1,1,0.5721,1.9225,0.6792
peakF0_fixVoicing,0495,0359,Potter,205,1,1,0.6517,1.6844,0.7040
peakF0_fixVoicing,0495,0966,StarWars,205,0,1,0.6302,1.8279,0.6229
peakF0_fixVoicing,0495,1480,StarWars,205,0,1,0.6750,2.1653,0.4642
peakF0_fixVoicing,0495,3529,Hakuna,205,0,1,0.4643,2.4365,0.4588
peakF0_fixVoicing,0495,3581,Hakuna,205,0,1,0.5539,2.2344,0.5515
peakF0_fixVoicing,0496,1030,StarWars,212,0,1,0.4123,1.9713,0.5553
peakF0_fixVoicing,0496,1646,StarWars,212,0,1,0.5640,2.1991,0.2795
peakF0_fixVoicing,0496,3761,Hakuna,212,0,1,0.4171,1.9976,0.6172
peakF0_fixVoicing,0496,3907,Hakuna,212,0,1,0.5087,1.9983,0.6137
peakF0_fixVoicing,0498,0613,Potter,137,1,1,0.8055,1.1421,0.9192
peakF0_fixVoicing,0498,0788,Potter,137,1,1,0.9027,1.6663,0.7838
peakF0_fixVoicing,0498,1163,StarWars,137,0,1,0.9939,1.9348,0.7260
peakF0_fixVoicing,0498,1177,StarWars,137,0,1,1.0547,1.8902,0.6761
peakF0_fixVoicing,0498,3594,Hakuna,137,0,1,1.3283,1.8500,0.7494
peakF0_fixVoicing,0498,3944,Hakuna,137,0,1,1.2766,1.5334,0.8156
peakF0_fixVoicing,0499,0177,Potter,14,1,1,0.7206,1.9045,0.8163
peakF0_fixVoicing,0499,0774,Potter,14,1,1,0.6868,1.7257,0.8157
peakF0_fixVoicing,0499,1435,StarWars,14,0,1,0.7088,2.5603,0.6582
peakF0_fixVoicing,0499,1519,StarWars,14,0,1,0.7750,2.5143,0.5657
peakF0_fixVoicing,0499,3682,Hakuna,14,0,1,0.5853,2.5513,0.5833
peakF0_fixVoicing,0499,3807,Hakuna,14,0,1,0.5882,2.4990,0.7127
peakF0_fixVoicing,0507,0699,Potter,154,1,1,0.6190,1.0705,0.7840
peakF0_fixVoicing,0507,0790,Potter,154,1,1,0.6686,1.1118,0.7970
peakF0_fixVoicing,0507,1008,StarWars,154,0,1,0.4686,1.3204,0.7405
peakF0_fixVoicing,0507,1152,StarWars,154,0,1,0.6267,1.4089,0.7095
peakF0_fixVoicing,0507,3375,Hakuna,154,0,1,0.6152,1.7471,0.5059
peakF0_fixVoicing,0507,3762,Hakuna,154,0,1,0.7848,1.9776,0.5224
peakF0_fixVoicing,0510,0437,Potter,40,1,1,0.6228,1.1893,0.9464
peakF0_fixVoicing,0510,0502,Potter,40,1,1,0.5060,2.3552,0.7547
peakF0_fixVoicing,0510,0892,StarWars,40,0,1,0.4661,2.4814,0.6956
peakF0_fixVoicing,0510,1600,StarWars,40,0,1,0.4807,2.8800,0.5840
peakF0_fixVoicing,0510,3966,Hakuna,40,0,1,0.5578,3.3533,0.4224
peakF0_fixVoicing,0510,4094,Hakuna,40,0,1,0.5073,2.9647,0.6262
peakF0_fixVoicing,0512,0356,Potter,196,1,1,0.7323,1.6371,0.8879
peakF0_fixVoicing,0512,0686,Potter,196,1,1,0.6394,1.5361,0.8885
peakF0_fixVoicing,0512,0907,StarWars,196,0,1,0.6460,2.4614,0.6878
peakF0_fixVoicing,0512,1611,StarWars,196,0,1,0.5796,2.4574,0.7519
peakF0_fixVoicing,0512,4056,Hakuna,196,0,1,0.7367,2.2432,0.7598
peakF0_fixVoicing,0512,4082,Hakuna,196,0,1,0.7832,1.9907,0.8226
peakF0_fixVoicing,0515,0273,Potter,172,1,1,0.5827,2.5157,0.6828
peakF0_fixVoicing,0515,1064,StarWars,172,0,1,0.5549,2.9594,0.5878
peakF0_fixVoicing,0515,1498,StarWars,172,0,1,0.5688,2.7114,0.6818
peakF0_fixVoicing,0515,3708,Hakuna,172,0,1,0.4853,3.0450,0.4887
peakF0_fixVoicing,0515,4145,Hakuna,172,0,1,0.5951,2.8362,0.7309
peakF0_fixVoicing,0526,0732,Potter,150,1,1,0.8116,1.0993,0.9137
peakF0_fixVoicing,0526,0825,Potter,150,1,1,0.8424,0.8034,0.9556
peakF0_fixVoicing,0526,0844,StarWars,150,0,1,1.0000,2.8412,0.5341
peakF0_fixVoicing,0526,1510,StarWars,150,0,1,0.9493,2.7883,0.5430
peakF0_fixVoicing,0526,3493,Hakuna,150,0,1,1.0018,2.0108,0.7477
peakF0_fixVoicing,0526,3767,Hakuna,150,0,1,0.8514,1.8584,0.7950
peakF0_fixVoicing,0527,0326,Potter,23,1,1,0.8356,1.5108,0.7446
peakF0_fixVoicing,0527,0682,Potter,23,1,1,0.5901,1.2037,0.8968
peakF0_fixVoicing,0527,1335,StarWars,23,0,1,0.7762,2.2546,0.5916
peakF0_fixVoicing,0527,1448,StarWars,23,0,1,0.7010,2.1480,0.4346
peakF0_fixVoicing,0530,0071,Potter,109,1,1,0.7379,3.0760,0.4488
peakF0_fixVoicing,0530,0388,Potter,109,1,1,0.8030,2.4093,0.5910
peakF0_fixVoicing,0530,0986,StarWars,109,0,1,0.8114,2.7221,0.5115
peakF0_fixVoicing,0530,1078,StarWars,109,0,1,0.8598,2.8747,0.4225
peakF0_fixVoicing,0530,3457,Hakuna,109,0,1,0.6962,2.2998,0.6806
peakF0_fixVoicing,0530,3837,Hakuna,109,0,1,0.7195,2.4289,0.6300
peakF0_fixVoicing,0540,0319,Potter,54,1,1,0.8590,0.8885,0.9342
peakF0_fixVoicing,0540,0573,Potter,54,1,1,0.9439,0.6460,0.9749
peakF0_fixVoicing,0540,0885,StarWars,54,0,1,1.0043,2.5447,0.7361
peakF0_fixVoicing,0540,1561,StarWars,54,0,1,0.9669,2.6981,0.7226
peakF0_fixVoicing,0540,3395,Hakuna,54,0,1,0.8719,1.8417,0.8116
peakF0_fixVoicing,0540,3880,Hakuna,54,0,1,0.8187,1.7927,0.8244
peakF0_fixVoicing,0543,0418,Potter,111,1,1,0.1595,2.4746,0.6701
peakF0_fixVoicing,0543,0454,Potter,111,1,1,0.1341,3.0052,0.2269
peakF0_fixVoicing,0543,1398,StarWars,111,0,1,0.1386,2.8146,0.5170
peakF0_fixVoicing,0543,4091,Hakuna,111,0,1,0.1401,2.5898,0.6022
peakF0_fixVoicing,0543,4133,Hakuna,111,0,1,0.1162,2.9875,0.1974
peakF0_fixVoicing,0545,0005,Potter,216,1,1,0.4749,2.9928,0.7164
peakF0_fixVoicing,0545,0036,Potter,216,1,1,0.5662,2.4118,0.8532
peakF0_fixVoicing,0545,3704,Hakuna,216,0,1,0.4292,2.9315,0.7727
peakF0_fixVoicing,0545,3876,Hakuna,216,0,1,0.4734,3.1523,0.6573
peakF0_fixVoicing,0549,0361,Potter,46,1,1,0.9000,0.9454,0.9233
peakF0_fixVoicing,0549,0632,Potter,46,1,1,0.8179,1.1042,0.8993
peakF0_fixVoicing,0549,0841,StarWars,46,0,1,0.9036,1.9677,0.6970
peakF0_fixVoicing,0549,1237,StarWars,46,0,1,0.8929,1.8974,0.6967
peakF0_fixVoicing,0549,3661,Hakuna,46,0,1,0.8839,1.4267,0.8213
peakF0_fixVoicing,0549,4156,Hakuna,46,0,1,0.9607,1.4031,0.8202
peakF0_fixVoicing,0555,0295,Potter,83,1,1,0.7688,1.8566,0.8614
peakF0_fixVoicing,0555,0648,Potter,83,1,1,0.9782,1.6966,0.9067
peakF0_fixVoicing,0555,1165,StarWars,83,0,1,0.9749,2.8902,0.6858
peakF0_fixVoicing,0555,1491,StarWars,83,0,1,0.8375,2.7358,0.6240
peakF0_fixVoicing,0555,3452,Hakuna,83,0,1,0.8894,3.7404,0.4145
peakF0_fixVoicing,0555,4101,Hakuna,83,0,1,0.8559,3.3044,0.4908
peakF0_fixVoicing,0561,0372,Potter,128,1,1,0.4955,1.5973,0.8567
peakF0_fixVoicing,0561,0440,Potter,128,1,1,0.4455,2.1257,0.7160
peakF0_fixVoicing,0561,1334,StarWars,128,0,1,0.7386,2.5994,0.6236
peakF0_fixVoicing,0561,1570,StarWars,128,0,1,0.6273,2.2199,0.7656
peakF0_fixVoicing,0561,3882,Hakuna,128,0,1,0.5295,2.7062,0.4533
peakF0_fixVoicing,0561,4119,Hakuna,128,0,1,0.5750,2.5776,0.5576
peakF0_fixVoicing,0579,0275,Potter,33,1,1,0.7642,1.1938,0.9225
peakF0_fixVoicing,0579,0468,Potter,33,1,1,0.7626,1.4653,0.8697
peakF0_fixVoicing,0579,0888,StarWars,33,0,1,0.6276,3.4243,0.3108
peakF0_fixVoicing,0579,1174,StarWars,33,0,1,0.5919,3.4158,0.3120
peakF0_fixVoicing,0579,3868,Hakuna,33,0,1,0.6878,3.4435,0.3370
peakF0_fixVoicing,0580,0060,Potter,222,1,1,0.7602,1.3162,0.9005
peakF0_fixVoicing,0580,0107,Potter,222,1,1,0.8707,1.1129,0.9158
peakF0_fixVoicing,0580,0959,StarWars,222,0,1,0.4915,2.2896,0.7412
peakF0_fixVoicing,0580,1276,StarWars,222,0,1,0.5153,2.6485,0.4891
peakF0_fixVoicing,0580,4064,Hakuna,222,0,1,0.7925,2.1168,0.7594
peakF0_fixVoicing,0580,4085,Hakuna,222,0,1,0.8435,2.2513,0.6650
peakF0_fixVoicing,0581,0352,Potter,220,1,1,0.5763,2.4535,0.3140
peakF0_fixVoicing,0581,0755,Potter,220,1,1,0.2906,2.3312,0.3591
peakF0_fixVoicing,0581,1052,StarWars,220,0,1,0.2679,1.8266,0.7359
peakF0_fixVoicing,0581,1207,StarWars,220,0,1,0.5422,2.2097,0.3478
peakF0_fixVoicing,0581,3568,Hakuna,220,0,1,0.4838,1.9058,0.5573
peakF0_fixVoicing,0581,3759,Hakuna,220,0,1,0.1331,2.0422,0.6294
peakF0_fixVoicing,0586,0386,Potter,184,1,1,0.8135,2.1581,0.8100
peakF0_fixVoicing,0586,0729,Potter,184,1,1,0.7111,1.5324,0.8891
peakF0_fixVoicing,0586,0887,StarWars,184,0,1,0.4979,2.3493,0.8330
peakF0_fixVoicing,0586,3612,Hakuna,184,0,1,0.6942,2.7560,0.5663
peakF0_fixVoicing,0586,3844,Hakuna,184,0,1,0.6999,2.6846,0.5604
peakF0_fixVoicing,0588,1030,StarWars,212,0,1,0.3620,3.3875,0.2987
peakF0_fixVoicing,0588,1646,StarWars,212,0,1,0.4951,3.4504,0.1357
peakF0_fixVoicing,0588,3761,Hakuna,212,0,1,0.3662,3.2720,0.2060
peakF0_fixVoicing,0588,3907,Hakuna,212,0,1,0.4466,3.3706,0.0022
peakF0_fixVoicing,0592,0182,Potter,61,1,1,0.9060,1.8663,0.7384
peakF0_fixVoicing,0592,0336,Potter,61,1,1,0.7740,2.6695,0.4626
peakF0_fixVoicing,0592,1236,StarWars,61,0,1,0.7226,2.3884,0.6259
peakF0_fixVoicing,0592,1318,StarWars,61,0,1,0.7472,2.4072,0.6891
peakF0_fixVoicing,0592,3492,Hakuna,61,0,1,0.5078,2.0054,0.6323
peakF0_fixVoicing,0592,3524,Hakuna,61,0,1,0.5056,2.7329,0.3478
peakF0_fixVoicing,0594,0425,Potter,5,1,1,0.6245,2.0571,0.5578
peakF0_fixVoicing,0594,0528,Potter,5,1,1,0.7483,1.9260,0.5836
peakF0_fixVoicing,0594,0854,StarWars,5,0,1,0.7456,2.4679,0.6104
peakF0_fixVoicing,0594,1444,StarWars,5,0,1,0.7429,2.6046,0.5047
peakF0_fixVoicing,0594,3606,Hakuna,5,0,1,0.6649,2.3435,0.6182
peakF0_fixVoicing,0594,3860,Hakuna,5,0,1,0.6851,2.7039,0.4424
peakF0_fixVoicing,0601,0187,Potter,214,1,1,0.5000,2.4621,0.2859
peakF0_fixVoicing,0601,0702,Potter,214,1,1,0.7508,2.2782,0.5196
peakF0_fixVoicing,0601,1540,StarWars,214,0,1,0.6088,2.4214,0.4492
peakF0_fixVoicing,0601,1618,StarWars,214,0,1,0.5836,2.5082,0.3332
peakF0_fixVoicing,0601,3941,Hakuna,214,0,1,0.5221,2.7251,0.0744
peakF0_fixVoicing,0601,4078,Hakuna,214,0,1,0.4826,2.4484,0.3380
peakF0_fixVoicing,0602,0787,Potter,136,1,1,0.8774,2.3687,0.4478
peakF0_fixVoicing,0602,0837,Potter,136,1,1,0.9159,2.4110,0.5063
peakF0_fixVoicing,0602,1004,StarWars,136,0,1,0.8932,2.5182,0.2619
peakF0_fixVoicing,0602,1042,StarWars,136,0,1,0.7671,2.3666,0.3895
peakF0_fixVoicing,0602,3526,Hakuna,136,0,1,1.0876,2.4257,0.3728
peakF0_fixVoicing,0602,3943,Hakuna,136,0,1,1.0876,2.4281,0.3692
peakF0_fixVoicing,0604,0713,Potter,3,1,1,0.2957,2.0618,0.7363
peakF0_fixVoicing,0604,0748,Potter,3,1,1,0.3033,2.0244,0.7671
peakF0_fixVoicing,0604,0974,StarWars,3,0,1,0.4160,2.6876,0.5908
peakF0_fixVoicing,0611,0124,Potter,58,1,1,0.7863,0.9171,0.9387
peakF0_fixVoicing,0611,0467,Potter,58,1,1,0.8364,1.1774,0.9027
peakF0_fixVoicing,0611,1178,StarWars,58,0,1,0.6912,2.5541,0.5877
peakF0_fixVoicing,0611,1262,StarWars,58,0,1,0.7997,2.0558,0.6927
peakF0_fixVoicing,0611,3556,Hakuna,58,0,1,0.6311,1.9356,0.7827
peakF0_fixVoicing,0611,3668,Hakuna,58,0,1,0.6010,2.2256,0.6810
peakF0_fixVoicing,0615,0623,Potter,10,1,1,0.9480,1.3210,0.8920
peakF0_fixVoicing,0615,0830,Potter,10,1,1,0.8593,1.3872,0.8578
peakF0_fixVoicing,0615,1176,StarWars,10,0,1,0.9846,1.9624,0.5694
peakF0_fixVoicing,0615,1321,StarWars,10,0,1,0.9287,2.0623,0.4545
peakF0_fixVoicing,0615,3717,Hakuna,10,0,1,0.8882,1.9351,0.7032
peakF0_fixVoicing,0615,3891,Hakuna,10,0,1,0.7264,1.9903,0.5139
peakF0_fixVoicing,0624,0326,Potter,23,1,1,0.9336,1.9885,0.7821
peakF0_fixVoicing,0624,0682,Potter,23,1,1,0.6593,2.3073,0.6292
peakF0_fixVoicing,0624,1335,StarWars,23,0,1,0.8673,2.8153,0.3386
peakF0_fixVoicing,0624,1448,StarWars,23,0,1,0.7832,2.6832,0.5413
peakF0_fixVoicing,0626,0254,Potter,129,1,1,0.7330,1.2190,0.8818
peakF0_fixVoicing,0626,0554,Potter,129,1,1,0.6880,1.0331,0.9134
peakF0_fixVoicing,0626,1014,StarWars,129,0,1,0.3529,2.0803,0.8064
peakF0_fixVoicing,0626,1167,StarWars,129,0,1,0.3597,2.4590,0.6897
peakF0_fixVoicing,0626,3576,Hakuna,129,0,1,0.4973,2.9563,0.4703
peakF0_fixVoicing,0626,3651,Hakuna,129,0,1,0.4782,2.9123,0.5569
peakF0_fixVoicing,0628,0055,Potter,200,1,1,0.9125,1.3186,0.8834
peakF0_fixVoicing,0628,0417,Potter,200,1,1,0.8875,1.2673,0.8954
peakF0_fixVoicing,0628,1015,StarWars,200,0,1,0.9321,2.6034,0.5267
peakF0_fixVoicing,0628,1626,StarWars,200,0,1,0.9000,3.0302,0.4184
peakF0_fixVoicing,0628,3586,Hakuna,200,0,1,0.7339,2.4116,0.3889
peakF0_fixVoicing,0628,3862,Hakuna,200,0,1,0.7625,2.3418,0.4833
peakF0_fixVoicing,0630,0435,Potter,185,1,1,0.4631,2.3388,0.8627
peakF0_fixVoicing,0630,0666,Potter,185,1,1,0.5855,1.6088,0.9132
peakF0_fixVoicing,0630,1173,StarWars,185,0,1,0.5758,3.3142,0.3092
peakF0_fixVoicing,0630,1575,StarWars,185,0,1,0.2643,3.1082,0.5649
peakF0_fixVoicing,0630,3561,Hakuna,185,0,1,0.5772,2.7936,0.6932
peakF0_fixVoicing,0630,3613,Hakuna,185,0,1,0.5939,2.9550,0.5681
peakF0_fixVoicing,0640,0236,Potter,170,1,1,0.2408,3.0009,-0.0029
peakF0_fixVoicing,0640,0668,Potter,170,1,1,0.2702,2.7609,0.7035
peakF0_fixVoicing,0640,1565,StarWars,170,0,1,0.3377,2.8935,0.5024
peakF0_fixVoicing,0641,0282,Potter,8,1,1,1.0794,2.6805,0.6992
peakF0_fixVoicing,0641,0802,Potter,8,1,1,0.9874,2.1158,0.8202
peakF0_fixVoicing,0641,1046,StarWars,8,0,1,0.7870,2.9039,0.4564
peakF0_fixVoicing,0641,1667,StarWars,8,0,1,0.8141,2.7888,0.5731
peakF0_fixVoicing,0641,3795,Hakuna,8,0,1,0.7563,2.8085,0.5473
peakF0_fixVoicing,0641,4144,Hakuna,8,0,1,0.7419,2.8139,0.4289
peakF0_fixVoicing,0643,0649,Potter,197,1,1,0.6981,1.1143,0.9363
peakF0_fixVoicing,0643,0688,Potter,197,1,1,0.7541,1.1823,0.8726
peakF0_fixVoicing,0643,0921,StarWars,197,0,1,0.6966,2.8304,0.5919
peakF0_fixVoicing,0643,1322,StarWars,197,0,1,0.5729,2.8250,0.6262
peakF0_fixVoicing,0643,3512,Hakuna,197,0,1,0.6038,1.8432,0.8574
peakF0_fixVoicing,0643,3851,Hakuna,197,0,1,0.5817,1.8604,0.8552
peakF0_fixVoicing,0644,0350,Potter,72,1,1,0.3981,1.4142,0.8390
peakF0_fixVoicing,0644,0506,Potter,72,1,1,0.3803,1.5191,0.8328
peakF0_fixVoicing,0644,1215,StarWars,72,0,1,0.5744,2.0661,0.7299
peakF0_fixVoicing,0644,1478,StarWars,72,0,1,0.7217,2.9459,0.5793
peakF0_fixVoicing,0644,3666,Hakuna,72,0,1,0.5825,1.5203,0.8317
peakF0_fixVoicing,0644,4069,Hakuna,72,0,1,0.5485,1.5540,0.8345
peakF0_fixVoicing,0653,0623,Potter,10,1,1,0.9939,1.3541,0.8961
peakF0_fixVoicing,0653,0830,Potter,10,1,1,0.9010,1.3511,0.8444
peakF0_fixVoicing,0653,1176,StarWars,10,0,1,1.0323,2.1426,0.5375
peakF0_fixVoicing,0653,1321,StarWars,10,0,1,0.9737,2.0903,0.5136
peakF0_fixVoicing,0653,3717,Hakuna,10,0,1,0.9313,1.9579,0.6835
peakF0_fixVoicing,0653,3891,Hakuna,10,0,1,0.7616,1.8847,0.6259
peakF0_fixVoicing,0655,0470,Potter,91,1,1,0.7495,1.5527,0.8069
peakF0_fixVoicing,0655,0596,Potter,91,1,1,0.9037,1.2520,0.8877
peakF0_fixVoicing,0655,1006,StarWars,91,0,1,0.6127,2.2820,0.4763
peakF0_fixVoicing,0655,1366,StarWars,91,0,1,0.7823,2.2176,0.4488
peakF0_fixVoicing,0655,3411,Hakuna,91,0,1,0.6224,2.3934,0.3459
peakF0_fixVoicing,0655,3440,Hakuna,91,0,1,0.6185,2.4349,0.3869
peakF0_fixVoicing,0656,0288,Potter,208,1,1,0.6599,2.4242,0.4251
peakF0_fixVoicing,0656,0482,Potter,208,1,1,0.6848,2.4443,0.3629
peakF0_fixVoicing,0656,1399,StarWars,208,0,1,0.5326,2.4716,0.3376
peakF0_fixVoicing,0656,1436,StarWars,208,0,1,0.3416,2.3457,0.4263
peakF0_fixVoicing,0656,3519,Hakuna,208,0,1,0.5326,2.3980,0.4868
peakF0_fixVoicing,0657,0279,Potter,223,1,1,0.8541,1.8263,0.9343
peakF0_fixVoicing,0657,0609,Potter,223,1,1,0.8712,1.8318,0.8897
peakF0_fixVoicing,0657,1197,StarWars,223,0,1,0.6538,2.7057,0.5415
peakF0_fixVoicing,0657,3343,Hakuna,223,0,1,0.6538,2.5561,0.6737
peakF0_fixVoicing,0657,4153,Hakuna,223,0,1,0.6495,2.4131,0.7263
peakF0_fixVoicing,0664,0271,Potter,121,1,1,0.9928,1.0446,0.9141
peakF0_fixVoicing,0664,0416,Potter,121,1,1,0.7705,1.7240,0.8256
peakF0_fixVoicing,0664,0852,StarWars,121,0,1,1.0362,2.2843,0.6297
peakF0_fixVoicing,0664,1525,StarWars,121,0,1,0.8502,2.4173,0.5330
peakF0_fixVoicing,0664,3647,Hakuna,121,0,1,0.7826,3.0284,0.1478
peakF0_fixVoicing,0664,4058,Hakuna,121,0,1,0.7729,2.3490,0.5386
peakF0_fixVoicing,0676,0531,Potter,105,1,1,0.8692,1.2640,0.8430
peakF0_fixVoicing,0676,0583,Potter,105,1,1,0.8756,1.0152,0.8363
peakF0_fixVoicing,0676,1579,StarWars,105,0,1,0.7990,2.3654,0.7487
peakF0_fixVoicing,0676,3587,Hakuna,105,0,1,0.7496,2.0862,0.7715
peakF0_fixVoicing,0676,3906,Hakuna,105,0,1,0.7863,2.0078,0.8012
peakF0_fixVoicing,0677,0044,Potter,217,1,1,0.8498,0.8633,0.9214
peakF0_fixVoicing,0677,0101,Potter,217,1,1,0.8940,0.8813,0.9341
peakF0_fixVoicing,0677,1131,StarWars,217,0,1,0.7143,2.5117,0.4908
peakF0_fixVoicing,0677,1509,StarWars,217,0,1,0.7423,2.3144,0.5102
peakF0_fixVoicing,0677,3701,Hakuna,217,0,1,0.8807,1.5924,0.7832
peakF0_fixVoicing,0677,4103,Hakuna,217,0,1,0.8778,1.6770,0.7713
peakF0_fixVoicing,0683,0136,Potter,144,1,1,0.7654,2.1574,0.7519
peakF0_fixVoicing,0683,0330,Potter,144,1,1,0.6903,2.7007,0.3699
peakF0_fixVoicing,0683,1216,StarWars,144,0,1,0.5523,3.0411,0.2377
peakF0_fixVoicing,0683,1421,StarWars,144,0,1,0.6072,2.4496,0.6272
peakF0_fixVoicing,0683,3420,Hakuna,144,0,1,0.5442,3.0674,0.2308
peakF0_fixVoicing,0683,3673,Hakuna,144,0,1,0.5710,2.9163,0.3631
peakF0_fixVoicing,0685,0808,Potter,171,1,1,0.7504,0.9305,0.8921
peakF0_fixVoicing,0685,1079,StarWars,171,0,1,0.6843,1.5238,0.5961
peakF0_fixVoicing,0685,1112,StarWars,171,0,1,0.7884,1.7917,0.4839
peakF0_fixVoicing,0704,0489,Potter,87,1,1,0.7832,1.0239,0.8098
peakF0_fixVoicing,0704,0684,Potter,87,1,1,0.6893,0.9628,0.8200
peakF0_fixVoicing,0704,1090,StarWars,87,0,1,0.6777,1.3072,0.6218
peakF0_fixVoicing,0704,1460,StarWars,87,0,1,0.6676,1.6827,0.4486
peakF0_fixVoicing,0704,3341,Hakuna,87,0,1,0.6431,1.6538,0.4127
peakF0_fixVoicing,0704,3728,Hakuna,87,0,1,0.6936,1.4798,0.5972
peakF0_fixVoicing,0705,0186,Potter,22,1,1,0.7940,1.2306,0.8252
peakF0_fixVoicing,0705,1340,StarWars,22,0,1,0.6637,2.0025,0.6072
peakF0_fixVoicing,0705,3791,Hakuna,22,0,1,0.8680,2.0470,0.6132
peakF0_fixVoicing,0705,3834,Hakuna,22,0,1,0.9225,2.3053,0.5171
peakF0_fixVoicing,0709,0246,Potter,190,1,1,0.6304,1.2596,0.7432
peakF0_fixVoicing,0709,0410,Potter,190,1,1,0.6805,0.9251,0.9135
peakF0_fixVoicing,0709,1077,StarWars,190,0,1,0.6701,1.2571,0.7210
peakF0_fixVoicing,0709,1085,StarWars,190,0,1,0.6563,1.3113,0.7002
peakF0_fixVoicing,0709,3625,Hakuna,190,0,1,0.5734,1.5011,0.6363
peakF0_fixVoicing,0709,3898,Hakuna,190,0,1,0.6788,1.4178,0.7989
peakF0_fixVoicing,0712,0071,Potter,109,1,1,0.6415,3.0710,0.4916
peakF0_fixVoicing,0712,0388,Potter,109,1,1,0.6981,2.4131,0.6809
peakF0_fixVoicing,0712,0986,StarWars,109,0,1,0.7054,1.9567,0.7207
peakF0_fixVoicing,0712,1078,StarWars,109,0,1,0.7475,2.1644,0.7068
peakF0_fixVoicing,0712,3457,Hakuna,109,0,1,0.6052,2.7027,0.5044
peakF0_fixVoicing,0712,3837,Hakuna,109,0,1,0.6255,2.5173,0.6071
peakF0_fixVoicing,0716,0229,Potter,230,1,1,0.6500,0.8645,0.9654
peakF0_fixVoicing,0716,0245,Potter,230,1,1,0.4221,0.9206,0.9538
peakF0_fixVoicing,0716,1010,StarWars,230,0,1,0.5265,2.3597,0.6917
peakF0_fixVoicing,0716,1048,StarWars,230,0,1,0.4309,2.4164,0.6408
peakF0_fixVoicing,0716,3670,Hakuna,230,0,1,0.4632,1.7869,0.8381
peakF0_fixVoicing,0716,3702,Hakuna,230,0,1,0.4985,2.4964,0.6176
peakF0_fixVoicing,0717,0595,Potter,26,1,1,0.7114,1.0306,0.7497
peakF0_fixVoicing,0717,0768,Potter,26,1,1,0.6710,1.3566,0.5408
peakF0_fixVoicing,0717,1087,StarWars,26,0,1,0.4982,1.4864,0.3713
peakF0_fixVoicing,0717,1132,StarWars,26,0,1,0.4853,1.2143,0.6194
peakF0_fixVoicing,0717,3392,Hakuna,26,0,1,0.3051,1.6137,0.4532
peakF0_fixVoicing,0717,4137,Hakuna,26,0,1,0.3125,1.2604,0.6132
peakF0_fixVoicing,0718,0017,Potter,70,1,1,0.8668,1.4133,0.7837
peakF0_fixVoicing,0718,0161,Potter,70,1,1,0.8964,1.3246,0.8204
peakF0_fixVoicing,0718,0929,StarWars,70,0,1,0.8766,2.1327,0.5387
peakF0_fixVoicing,0718,3334,Hakuna,70,0,1,0.9276,1.8566,0.5325
peakF0_fixVoicing,0718,3384,Hakuna,70,0,1,0.8651,1.7003,0.6158
peakF0_fixVoicing,0733,0202,Potter,164,1,1,0.7398,1.4133,0.8921
peakF0_fixVoicing,0733,0293,Potter,164,1,1,0.7383,1.4761,0.8697
peakF0_fixVoicing,0733,1315,StarWars,164,0,1,0.6992,2.9598,0.2162
peakF0_fixVoicing,0733,1482,StarWars,164,0,1,0.6481,2.5010,0.5955
peakF0_fixVoicing,0733,3746,Hakuna,164,0,1,0.6241,2.2905,0.7944
peakF0_fixVoicing,0733,3954,Hakuna,164,0,1,0.6391,2.2148,0.7291
peakF0_fixVoicing,0734,0097,Potter,201,1,1,0.6632,1.1883,0.7643
peakF0_fixVoicing,0734,0396,Potter,201,1,1,0.6914,1.4895,0.3802
peakF0_fixVoicing,0734,0927,StarWars,201,0,1,0.6588,1.2741,0.6990
peakF0_fixVoicing,0734,1129,StarWars,201,0,1,0.6217,1.4178,0.5039
peakF0_fixVoicing,0734,3870,Hakuna,201,0,1,0.4273,1.3627,0.5990
peakF0_fixVoicing,0734,4154,Hakuna,201,0,1,0.4926,1.4979,0.4611
peakF0_fixVoicing,0740,0997,StarWars,135,0,1,0.6792,2.4801,0.4919
peakF0_fixVoicing,0740,1195,StarWars,135,0,1,0.7814,2.3400,0.5581
peakF0_fixVoicing,0740,3501,Hakuna,135,0,1,0.4324,1.9692,0.5584
peakF0_fixVoicing,0740,4070,Hakuna,135,0,1,0.4953,2.4567,0.0647
peakF0_fixVoicing,0741,0756,Potter,219,1,1,0.5989,2.5675,0.7029
peakF0_fixVoicing,0741,0805,Potter,219,1,1,0.8106,2.5156,0.6994
peakF0_fixVoicing,0741,0988,StarWars,219,0,1,0.7409,2.9234,0.3262
peakF0_fixVoicing,0741,1255,StarWars,219,0,1,0.7939,2.9014,0.4365
peakF0_fixVoicing,0741,3355,Hakuna,219,0,1,0.6992,2.9002,0.4872
peakF0_fixVoicing,0741,3635,Hakuna,219,0,1,0.7214,2.8347,0.3892
peakF0_fixVoicing,0742,0017,Potter,70,1,1,0.9411,1.3411,0.7675
peakF0_fixVoicing,0742,0161,Potter,70,1,1,0.9732,1.4156,0.7959
peakF0_fixVoicing,0742,0929,StarWars,70,0,1,0.9518,2.1294,0.4203
peakF0_fixVoicing,0742,3334,Hakuna,70,0,1,1.0071,1.7220,0.4311
peakF0_fixVoicing,0742,3384,Hakuna,70,0,1,0.9393,1.8233,0.3191
peakF0_fixVoicing,0743,0394,Potter,215,1,1,1.0737,3.2901,0.5342
peakF0_fixVoicing,0743,0975,StarWars,215,0,1,0.8638,2.5017,0.7241
peakF0_fixVoicing,0743,1423,StarWars,215,0,1,0.9375,2.3474,0.7616
peakF0_fixVoicing,0743,3480,Hakuna,215,0,1,0.8061,2.0002,0.7976
peakF0_fixVoicing,0743,3858,Hakuna,215,0,1,0.8285,1.9960,0.8193
peakF0_fixVoicing,0746,0427,Potter,174,1,1,0.6252,1.1061,0.8723
peakF0_fixVoicing,0746,0577,Potter,174,1,1,0.5594,1.2064,0.8452
peakF0_fixVoicing,0746,1403,StarWars,174,0,1,0.4755,2.1696,0.3905
peakF0_fixVoicing,0746,1502,StarWars,174,0,1,0.5846,2.6600,0.2716
peakF0_fixVoicing,0746,3424,Hakuna,174,0,1,0.5860,1.5947,0.7124
peakF0_fixVoicing,0746,4122,Hakuna,174,0,1,0.4098,1.6092,0.6939
peakF0_fixVoicing,0751,0373,Potter,122,1,1,0.7396,1.7514,0.9143
peakF0_fixVoicing,0751,0547,Potter,122,1,1,0.6814,1.8412,0.7661
peakF0_fixVoicing,0751,1408,StarWars,122,0,1,0.6025,2.6706,0.6522
peakF0_fixVoicing,0751,1495,StarWars,122,0,1,0.5873,3.2757,0.4115
peakF0_fixVoicing,0751,3595,Hakuna,122,0,1,0.6870,2.9370,0.5528
peakF0_fixVoicing,0751,3655,Hakuna,122,0,1,0.6828,2.3139,0.7285
peakF0_fixVoicing,0766,1030,StarWars,212,0,1,0.3772,2.5243,0.4271
peakF0_fixVoicing,0766,1646,StarWars,212,0,1,0.5159,2.5400,0.4023
peakF0_fixVoicing,0766,3761,Hakuna,212,0,1,0.3815,2.6157,0.3025
peakF0_fixVoicing,0766,3907,Hakuna,212,0,1,0.4653,2.5757,0.1785
peakF0_fixVoicing,0767,0019,Potter,73,1,1,0.6738,2.3847,0.5133
peakF0_fixVoicing,0767,0078,Potter,73,1,1,0.7492,1.8288,0.6577
peakF0_fixVoicing,0767,1154,StarWars,73,0,1,0.5969,2.5768,0.3874
peakF0_fixVoicing,0767,1359,StarWars,73,0,1,0.6908,2.6276,0.3900
peakF0_fixVoicing,0767,3857,Hakuna,73,0,1,0.5954,2.5984,0.6558
peakF0_fixVoicing,0770,0194,Potter,169,1,1,0.6761,2.4484,0.7780
peakF0_fixVoicing,0770,0728,Potter,169,1,1,0.7725,2.4700,0.7966
peakF0_fixVoicing,0770,0848,StarWars,169,0,1,0.6603,2.9483,0.5284
peakF0_fixVoicing,0770,1533,StarWars,169,0,1,0.6367,3.0407,0.5364
peakF0_fixVoicing,0770,3399,Hakuna,169,0,1,0.6635,3.1028,0.3620
peakF0_fixVoicing,0770,3605,Hakuna,169,0,1,0.5592,2.8130,0.6386
peakF0_fixVoicing,0776,3474,Hakuna,82,0,1,0.9432,3.3663,0.3783
peakF0_fixVoicing,0776,3654,Hakuna,82,0,1,0.8091,3.2879,0.4185
peakF0_fixVoicing,0781,0762,Potter,69,1,1,0.4218,2.5210,0.3620
peakF0_fixVoicing,0781,0771,Potter,69,1,1,0.7178,2.5364,0.3520
peakF0_fixVoicing,0781,1323,StarWars,69,0,1,0.2147,2.5201,0.4793
peakF0_fixVoicing,0781,1496,StarWars,69,0,1,0.3160,2.5830,0.2241
peakF0_fixVoicing,0781,3410,Hakuna,69,0,1,0.3328,3.0071,0.2169
peakF0_fixVoicing,0782,0097,Potter,201,1,1,0.6243,1.1388,0.5744
peakF0_fixVoicing,0782,0396,Potter,201,1,1,0.6508,1.2588,0.5246
peakF0_fixVoicing,0782,0927,StarWars,201,0,1,0.6201,1.1715,0.5643
peakF0_fixVoicing,0782,1129,StarWars,201,0,1,0.5852,1.2888,0.4097
peakF0_fixVoicing,0782,3870,Hakuna,201,0,1,0.4022,1.1912,0.6913
peakF0_fixVoicing,0782,4154,Hakuna,201,0,1,0.4637,1.2538,0.6154
peakF0_fixVoicing,0786,0068,Potter,134,1,1,0.4889,2.4537,0.5368
peakF0_fixVoicing,0786,0695,Potter,134,1,1,0.2978,2.3352,0.4112
peakF0_fixVoicing,0786,1461,StarWars,134,0,1,0.2230,2.4906,0.4417
peakF0_fixVoicing,0786,1589,StarWars,134,0,1,0.3199,2.4378,0.5104
peakF0_fixVoicing,0786,3780,Hakuna,134,0,1,0.2853,2.3948,0.5310
peakF0_fixVoicing,0786,3912,Hakuna,134,0,1,0.2701,2.6705,-0.1925
peakF0_fixVoicing,0791,0073,Potter,189,1,1,0.8920,1.7989,0.8019
peakF0_fixVoicing,0791,0298,Potter,189,1,1,0.9913,1.9138,0.8475
peakF0_fixVoicing,0791,1251,StarWars,189,0,1,0.9146,3.1555,0.4029
peakF0_fixVoicing,0791,1497,StarWars,189,0,1,0.9443,3.2117,0.4237
peakF0_fixVoicing,0791,3342,Hakuna,189,0,1,0.9094,2.7894,0.7092
peakF0_fixVoicing,0792,0371,Potter,52,1,1,0.7956,2.6897,0.5414
peakF0_fixVoicing,0792,0529,Potter,52,1,1,0.5467,2.7775,0.6030
peakF0_fixVoicing,0792,0954,StarWars,52,0,1,0.5556,2.7146,0.5491
peakF0_fixVoicing,0792,1331,StarWars,52,0,1,0.4956,2.6382,0.5982
peakF0_fixVoicing,0792,3349,Hakuna,52,0,1,0.6222,2.6642,0.6708
peakF0_fixVoicing,0792,3915,Hakuna,52,0,1,0.7689,2.6068,0.6256
peakF0_fixVoicing,0794,0087,Potter,43,1,1,0.9278,0.7392,0.9682
peakF0_fixVoicing,0794,0212,Potter,43,1,1,1.0309,0.6883,0.9723
peakF0_fixVoicing,0794,1314,StarWars,43,0,1,0.9876,2.4225,0.6705
peakF0_fixVoicing,0794,1490,StarWars,43,0,1,0.9649,2.4842,0.6241
peakF0_fixVoicing,0794,3478,Hakuna,43,0,1,0.9196,2.8066,0.4764
peakF0_fixVoicing,0794,3825,Hakuna,43,0,1,0.9423,2.8705,0.4364
peakF0_fixVoicing,0806,0633,Potter,231,1,1,0.4112,0.6294,0.9816
peakF0_fixVoicing,0806,0803,Potter,231,1,1,0.5000,0.7670,0.9859
peakF0_fixVoicing,0806,1150,StarWars,231,0,1,0.5039,2.8549,0.5049
peakF0_fixVoicing,0806,1605,StarWars,231,0,1,0.5144,2.4036,0.6407
peakF0_fixVoicing,0806,4049,Hakuna,231,0,1,0.6658,1.7928,0.8276
peakF0_fixVoicing,0806,4112,Hakuna,231,0,1,0.6658,1.8637,0.8134
peakF0_fixVoicing,0807,0508,Potter,120,1,1,0.9439,0.6119,0.9814
peakF0_fixVoicing,0807,0559,Potter,120,1,1,0.8604,0.6118,0.9858
peakF0_fixVoicing,0807,0878,StarWars,120,0,1,0.6434,2.8935,0.5496
peakF0_fixVoicing,0807,1449,StarWars,120,0,1,0.6631,2.9124,0.5758
peakF0_fixVoicing,0807,3503,Hakuna,120,0,1,0.5053,2.6183,0.5816
peakF0_fixVoicing,0807,3549,Hakuna,120,0,1,0.6009,3.0749,0.4473
peakF0_fixVoicing,0809,0461,Potter,198,1,1,0.2071,2.3535,0.5133
peakF0_fixVoicing,0810,0371,Potter,52,1,1,0.6486,3.0952,0.2720
peakF0_fixVoicing,0810,0529,Potter,52,1,1,0.4457,2.8065,0.1030
peakF0_fixVoicing,0810,0954,StarWars,52,0,1,0.4529,2.3783,0.5529
peakF0_fixVoicing,0810,1331,StarWars,52,0,1,0.4040,2.0919,0.5697
peakF0_fixVoicing,0810,3349,Hakuna,52,0,1,0.5072,2.1521,0.5578
peakF0_fixVoicing,0810,3915,Hakuna,52,0,1,0.6268,2.2746,0.4510
peakF0_fixVoicing,0811,0350,Potter,72,1,1,0.4465,1.6484,0.8213
peakF0_fixVoicing,0811,0506,Potter,72,1,1,0.4265,1.5564,0.8365
peakF0_fixVoicing,0811,1215,StarWars,72,0,1,0.6443,1.9563,0.7685
peakF0_fixVoicing,0811,1478,StarWars,72,0,1,0.8094,3.2549,0.5485
peakF0_fixVoicing,0811,3666,Hakuna,72,0,1,0.6534,1.7312,0.7808
peakF0_fixVoicing,0811,4069,Hakuna,72,0,1,0.6152,1.7664,0.7755
peakF0_fixVoicing,0813,0531,Potter,105,1,1,0.9332,1.2443,0.9000
peakF0_fixVoicing,0813,0583,Potter,105,1,1,0.9401,0.9295,0.8853
peakF0_fixVoicing,0813,1579,StarWars,105,0,1,0.8579,2.3663,0.7597
peakF0_fixVoicing,0813,3587,Hakuna,105,0,1,0.8048,2.0013,0.7988
peakF0_fixVoicing,0813,3906,Hakuna,105,0,1,0.8442,1.9798,0.8095
peakF0_fixVoicing,0814,0508,Potter,120,1,1,0.9067,0.5814,0.9771
peakF0_fixVoicing,0814,0559,Potter,120,1,1,0.8265,0.7577,0.9714
peakF0_fixVoicing,0814,0878,StarWars,120,0,1,0.6181,2.5551,0.6405
peakF0_fixVoicing,0814,1449,StarWars,120,0,1,0.6370,2.5393,0.6478
peakF0_fixVoicing,0814,3503,Hakuna,120,0,1,0.4854,2.7796,0.4163
peakF0_fixVoicing,0814,3549,Hakuna,120,0,1,0.5773,3.1802,0.2681
peakF0_fixVoicing,0817,0136,Potter,144,1,1,0.7664,1.8546,0.8014
peakF0_fixVoicing,0817,0330,Potter,144,1,1,0.6913,2.4559,0.4535
peakF0_fixVoicing,0817,1216,StarWars,144,0,1,0.5530,2.7601,0.3268
peakF0_fixVoicing,0817,1421,StarWars,144,0,1,0.6081,2.2277,0.7273
peakF0_fixVoicing,0817,3420,Hakuna,144,0,1,0.5450,2.9979,0.1969
peakF0_fixVoicing,0817,3673,Hakuna,144,0,1,0.5718,2.9862,0.2296
peakF0_fixVoicing,0822,0373,Potter,122,1,1,0.7111,1.5735,0.8125
peakF0_fixVoicing,0822,0547,Potter,122,1,1,0.6551,2.2053,0.4885
peakF0_fixVoicing,0822,1408,StarWars,122,0,1,0.5792,2.4713,0.4825
peakF0_fixVoicing,0822,1495,StarWars,122,0,1,0.5646,2.5980,0.3744
peakF0_fixVoicing,0822,3595,Hakuna,122,0,1,0.6605,1.7740,0.8082
peakF0_fixVoicing,0822,3655,Hakuna,122,0,1,0.6565,2.1259,0.6815
peakF0_fixVoicing,0827,0041,Potter,151,1,1,0.7317,0.8994,0.9496
peakF0_fixVoicing,0827,0778,Potter,151,1,1,0.7917,1.0749,0.9247
peakF0_fixVoicing,0827,1060,StarWars,151,0,1,0.8850,2.7159,0.4927
peakF0_fixVoicing,0827,1252,StarWars,151,0,1,0.8550,2.4142,0.5834
peakF0_fixVoicing,0827,3523,Hakuna,151,0,1,0.5967,1.9626,0.6908
peakF0_fixVoicing,0827,3573,Hakuna,151,0,1,0.7100,2.0366,0.6544
peakF0_fixVoicing,0828,0123,Potter,29,1,1,0.7006,1.2767,0.9181
peakF0_fixVoicing,0828,0631,Potter,29,1,1,0.7378,0.9578,0.9601
peakF0_fixVoicing,0828,1142,StarWars,29,0,1,0.8708,2.3017,0.5547
peakF0_fixVoicing,0828,1493,StarWars,29,0,1,0.9002,2.2239,0.5965
peakF0_fixVoicing,0828,3893,Hakuna,29,0,1,0.7573,2.2678,0.4964
peakF0_fixVoicing,0828,4086,Hakuna,29,0,1,0.7906,2.2070,0.5786
peakF0_fixVoicing,0832,0553,Potter,0,1,1,0.6617,2.7520,0.7079
peakF0_fixVoicing,0832,0590,Potter,0,1,1,0.6511,2.8517,0.6688
peakF0_fixVoicing,0832,0915,StarWars,0,0,1,0.4814,3.6373,0.6341
peakF0_fixVoicing,0832,1140,StarWars,0,0,1,0.4730,3.6782,0.6255
peakF0_fixVoicing,0832,3690,Hakuna,0,0,1,0.6341,3.9581,0.4126
peakF0_fixVoicing,0832,4031,Hakuna,0,0,1,0.6288,3.4354,0.6093
peakF0_fixVoicing,0834,0236,Potter,170,1,1,0.2459,2.8987,0.0736
peakF0_fixVoicing,0834,0668,Potter,170,1,1,0.2759,2.6162,0.7406
peakF0_fixVoicing,0834,1565,StarWars,170,0,1,0.3448,2.7172,0.5425
peakF0_fixVoicing,0836,0470,Potter,91,1,1,0.7009,1.6184,0.7790
peakF0_fixVoicing,0836,0596,Potter,91,1,1,0.8450,1.2107,0.8997
peakF0_fixVoicing,0836,1006,StarWars,91,0,1,0.5730,2.5375,0.2114
peakF0_fixVoicing,0836,1366,StarWars,91,0,1,0.7315,2.1094,0.5171
peakF0_fixVoicing,0836,3411,Hakuna,91,0,1,0.5820,2.3458,0.4081
peakF0_fixVoicing,0836,3440,Hakuna,91,0,1,0.5784,2.3953,0.4129
fixF0_peakVoicing_tonal_db6,0000,0005,Potter,216,1,1,0.6582,3.3529,0.2528
fixF0_peakVoicing_tonal_db6,0000,0036,Potter,216,1,1,0.7753,3.6980,0.2135
fixF0_peakVoicing_tonal_db6,0000,3704,Hakuna,216,0,1,0.5269,3.2174,0.5048
fixF0_peakVoicing_tonal_db6,0000,3876,Hakuna,216,0,1,0.6266,3.4390,0.5554
fixF0_peakVoicing_tonal_db6,0001,0111,Potter,100,1,1,0.9721,1.3879,0.7378
fixF0_peakVoicing_tonal_db6,0001,0407,Potter,100,1,1,0.7434,1.6938,0.3881
fixF0_peakVoicing_tonal_db6,0001,1040,StarWars,100,0,1,0.9927,2.0102,0.5662
fixF0_peakVoicing_tonal_db6,0001,1344,StarWars,100,0,1,0.5587,2.1358,0.3507
fixF0_peakVoicing_tonal_db6,0001,3448,Hakuna,100,0,1,0.6774,2.0329,0.4576
fixF0_peakVoicing_tonal_db6,0001,4068,Hakuna,100,0,1,0.7654,2.1415,0.2555
fixF0_peakVoicing_tonal_db6,0007,0019,Potter,73,1,1,0.4716,1.7868,0.7717
fixF0_peakVoicing_tonal_db6,0007,0078,Potter,73,1,1,0.6856,1.7248,0.8384
fixF0_peakVoicing_tonal_db6,0007,1154,StarWars,73,0,1,0.5254,2.1315,0.7514
fixF0_peakVoicing_tonal_db6,0007,1359,StarWars,73,0,1,0.6198,2.2971,0.6079
fixF0_peakVoicing_tonal_db6,0007,3857,Hakuna,73,0,1,0.5569,2.4751,0.5558
fixF0_peakVoicing_tonal_db6,0011,0081,Potter,49,1,1,0.6934,1.0245,0.9098
fixF0_peakVoicing_tonal_db6,0011,0423,Potter,49,1,1,0.7817,0.8486,0.9483
fixF0_peakVoicing_tonal_db6,0011,1420,StarWars,49,0,1,0.8074,2.1080,0.6257
fixF0_peakVoicing_tonal_db6,0011,3920,Hakuna,49,0,1,0.7705,2.1250,0.6430
fixF0_peakVoicing_tonal_db6,0011,4138,Hakuna,49,0,1,0.7608,1.7740,0.7633
fixF0_peakVoicing_tonal_db6,0021,0168,Potter,198,1,1,0.2217,2.2058,0.5165
fixF0_peakVoicing_tonal_db6,0021,0461,Potter,198,1,1,0.7101,2.2711,0.2068
fixF0_peakVoicing_tonal_db6,0021,1354,StarWars,198,0,1,0.1406,2.2156,0.4445
fixF0_peakVoicing_tonal_db6,0021,1535,StarWars,198,0,1,0.1971,2.1054,0.5330
fixF0_peakVoicing_tonal_db6,0021,3607,Hakuna,198,0,1,0.4609,2.4568,0.3603
fixF0_peakVoicing_tonal_db6,0021,4013,Hakuna,198,0,1,0.2855,2.4863,0.4490
fixF0_peakVoicing_tonal_db6,0024,0397,Potter,20,1,1,0.6661,1.0344,0.9292
fixF0_peakVoicing_tonal_db6,0024,0513,Potter,20,1,1,0.5577,0.8025,0.9480
fixF0_peakVoicing_tonal_db6,0024,1297,StarWars,20,0,1,0.6437,3.3151,0.0805
fixF0_peakVoicing_tonal_db6,0024,1582,StarWars,20,0,1,0.5921,1.8349,0.7823
fixF0_peakVoicing_tonal_db6,0024,3642,Hakuna,20,0,1,0.7040,1.7103,0.7797
fixF0_peakVoicing_tonal_db6,0024,3992,Hakuna,20,0,1,0.6644,1.7261,0.7769
fixF0_peakVoicing_tonal_db6,0025,3474,Hakuna,82,0,1,1.0391,3.3456,0.6934
fixF0_peakVoicing_tonal_db6,0025,3654,Hakuna,82,0,1,1.1155,3.5175,0.4155
fixF0_peakVoicing_tonal_db6,0026,0319,Potter,54,1,1,0.9471,1.3390,0.8472
fixF0_peakVoicing_tonal_db6,0026,0573,Potter,54,1,1,0.9610,1.0060,0.9265
fixF0_peakVoicing_tonal_db6,0026,0885,StarWars,54,0,1,0.9596,2.5152,0.7451
fixF0_peakVoicing_tonal_db6,0026,1561,StarWars,54,0,1,0.8175,2.7645,0.7235
fixF0_peakVoicing_tonal_db6,0026,3395,Hakuna,54,0,1,0.8510,1.9779,0.8253
fixF0_peakVoicing_tonal_db6,0026,3880,Hakuna,54,0,1,0.7994,1.9017,0.8476
fixF0_peakVoicing_tonal_db6,0027,0102,Potter,191,1,1,0.7911,1.1352,0.9028
fixF0_peakVoicing_tonal_db6,0027,0426,Potter,191,1,1,0.8466,1.1388,0.8895
fixF0_peakVoicing_tonal_db6,0027,0993,StarWars,191,0,1,0.8503,2.2292,0.4174
fixF0_peakVoicing_tonal_db6,0027,1506,StarWars,191,0,1,0.8133,2.2641,0.3246
fixF0_peakVoicing_tonal_db6,0027,3928,Hakuna,191,0,1,0.9390,1.9000,0.6696
fixF0_peakVoicing_tonal_db6,0027,3984,Hakuna,191,0,1,0.7209,1.9795,0.4993
fixF0_peakVoicing_tonal_db6,0028,0408,Potter,145,1,1,0.9444,3.3023,0.5138
fixF0_peakVoicing_tonal_db6,0028,0619,Potter,145,1,1,1.0095,0.8718,0.8986
fixF0_peakVoicing_tonal_db6,0028,0956,StarWars,145,0,1,1.1413,2.9565,0.5751
fixF0_peakVoicing_tonal_db6,0028,1199,StarWars,145,0,1,1.1540,3.0552,0.5662
fixF0_peakVoicing_tonal_db6,0028,3712,Hakuna,145,0,1,0.9746,2.0512,0.7533
fixF0_peakVoicing_tonal_db6,0028,3793,Hakuna,145,0,1,1.0413,1.9633,0.8013
fixF0_peakVoicing_tonal_db6,0030,0196,Potter,232,1,1,0.8402,3.8617,0.1800
fixF0_peakVoicing_tonal_db6,0030,0603,Potter,232,1,1,0.9641,2.9341,0.5461
fixF0_peakVoicing_tonal_db6,0030,0917,StarWars,232,0,1,1.0557,2.7513,0.5467
fixF0_peakVoicing_tonal_db6,0030,1278,StarWars,232,0,1,0.9228,3.0907,0.5319
fixF0_peakVoicing_tonal_db6,0030,3541,Hakuna,232,0,1,0.8797,3.1136,0.6416
fixF0_peakVoicing_tonal_db6,0030,4111,Hakuna,232,0,1,0.9102,3.2415,0.5788
fixF0_peakVoicing_tonal_db6,0032,0140,Potter,175,1,1,0.7325,2.3623,0.7719
fixF0_peakVoicing_tonal_db6,0032,0758,Potter,175,1,1,0.8760,3.6397,0.4728
fixF0_peakVoicing_tonal_db6,0032,1428,StarWars,175,0,1,0.7667,3.3122,0.4682
fixF0_peakVoicing_tonal_db6,0032,1599,StarWars,175,0,1,0.8075,2.2971,0.6194
fixF0_peakVoicing_tonal_db6,0033,0186,Potter,22,1,1,0.9870,1.3060,0.8108
fixF0_peakVoicing_tonal_db6,0033,1340,StarWars,22,0,1,0.9666,1.7205,0.7302
fixF0_peakVoicing_tonal_db6,0033,3791,Hakuna,22,0,1,1.0056,1.9300,0.6571
fixF0_peakVoicing_tonal_db6,0033,3834,Hakuna,22,0,1,1.0093,1.9558,0.6220
fixF0_peakVoicing_tonal_db6,0048,0663,Potter,149,1,1,0.7056,2.3761,0.7363
fixF0_peakVoicing_tonal_db6,0048,1284,StarWars,149,0,1,0.5724,2.4489,0.4908
fixF0_peakVoicing_tonal_db6,0048,3578,Hakuna,149,0,1,0.1546,2.5254,0.5101
fixF0_peakVoicing_tonal_db6,0050,0254,Potter,129,1,1,0.9636,1.8197,0.7830
fixF0_peakVoicing_tonal_db6,0050,0554,Potter,129,1,1,0.9650,1.8075,0.7721
fixF0_peakVoicing_tonal_db6,0050,1014,StarWars,129,0,1,0.5458,3.2706,0.5596
fixF0_peakVoicing_tonal_db6,0050,1167,StarWars,129,0,1,0.5054,2.8475,0.4137
fixF0_peakVoicing_tonal_db6,0050,3576,Hakuna,129,0,1,0.5013,3.0594,0.4898
fixF0_peakVoicing_tonal_db6,0050,3651,Hakuna,129,0,1,0.4865,3.3332,0.3128
fixF0_peakVoicing_tonal_db6,0054,0370,Potter,153,1,1,0.8853,1.2941,0.6841
fixF0_peakVoicing_tonal_db6,0054,0710,Potter,153,1,1,0.9264,1.4067,0.6572
fixF0_peakVoicing_tonal_db6,0054,0882,StarWars,153,0,1,0.9640,1.5558,0.4944
fixF0_peakVoicing_tonal_db6,0054,1138,StarWars,153,0,1,0.8271,1.3744,0.6140
fixF0_peakVoicing_tonal_db6,0054,3534,Hakuna,153,0,1,1.0086,1.6592,0.3290
fixF0_peakVoicing_tonal_db6,0054,3689,Hakuna,153,0,1,0.9110,1.5730,0.4111
fixF0_peakVoicing_tonal_db6,0056,0073,Potter,189,1,1,0.6540,1.3324,0.8989
fixF0_peakVoicing_tonal_db6,0056,0298,Potter,189,1,1,0.7595,1.1701,0.9213
fixF0_peakVoicing_tonal_db6,0056,1251,StarWars,189,0,1,0.8040,2.1006,0.7208
fixF0_peakVoicing_tonal_db6,0056,1497,StarWars,189,0,1,0.8386,2.2249,0.5752
fixF0_peakVoicing_tonal_db6,0056,3342,Hakuna,189,0,1,0.8023,2.0514,0.7645
fixF0_peakVoicing_tonal_db6,0063,0206,Potter,84,1,1,1.2618,1.8153,0.8662
fixF0_peakVoicing_tonal_db6,0063,1341,StarWars,84,0,1,1.3641,3.7362,0.0546
fixF0_peakVoicing_tonal_db6,0063,1504,StarWars,84,0,1,1.2269,3.2009,0.4186
fixF0_peakVoicing_tonal_db6,0065,0010,Potter,92,1,1,0.8785,1.4591,0.8438
fixF0_peakVoicing_tonal_db6,0065,0232,Potter,92,1,1,0.8214,1.6183,0.7448
fixF0_peakVoicing_tonal_db6,0065,0893,StarWars,92,0,1,0.7804,2.5843,0.6043
fixF0_peakVoicing_tonal_db6,0065,0922,StarWars,92,0,1,0.8463,3.1605,0.3288
fixF0_peakVoicing_tonal_db6,0065,4028,Hakuna,92,0,1,0.8067,1.9777,0.8046
fixF0_peakVoicing_tonal_db6,0066,0038,Potter,207,1,1,1.0357,1.9928,0.6913
fixF0_peakVoicing_tonal_db6,0066,0672,Potter,207,1,1,1.0238,1.3038,0.8678
fixF0_peakVoicing_tonal_db6,0066,1206,StarWars,207,0,1,0.8554,3.5831,0.2458
fixF0_peakVoicing_tonal_db6,0066,1265,StarWars,207,0,1,0.8180,3.4122,0.3503
fixF0_peakVoicing_tonal_db6,0066,3446,Hakuna,207,0,1,0.8895,2.1089,0.6968
fixF0_peakVoicing_tonal_db6,0066,3565,Hakuna,207,0,1,0.8537,2.1915,0.7415
fixF0_peakVoicing_tonal_db6,0070,0504,Potter,90,1,1,0.9349,1.4383,0.8926
fixF0_peakVoicing_tonal_db6,0070,0597,Potter,90,1,1,0.9985,1.5264,0.7516
fixF0_peakVoicing_tonal_db6,0070,0886,StarWars,90,0,1,1.0590,2.7437,0.4354
fixF0_peakVoicing_tonal_db6,0070,1075,StarWars,90,0,1,1.1316,3.2583,0.1356
fixF0_peakVoicing_tonal_db6,0070,3378,Hakuna,90,0,1,0.7958,2.2444,0.6621
fixF0_peakVoicing_tonal_db6,0070,3455,Hakuna,90,0,1,1.0212,3.0748,0.1776
fixF0_peakVoicing_tonal_db6,0079,0445,Potter,146,1,1,0.7986,2.8029,0.5182
fixF0_peakVoicing_tonal_db6,0079,0622,Potter,146,1,1,0.8993,2.5213,0.2973
fixF0_peakVoicing_tonal_db6,0079,0925,StarWars,146,0,1,0.6195,2.4512,0.6742
fixF0_peakVoicing_tonal_db6,0079,1456,StarWars,146,0,1,0.7082,3.2678,0.5149
fixF0_peakVoicing_tonal_db6,0079,3439,Hakuna,146,0,1,0.5734,2.7005,0.4289
fixF0_peakVoicing_tonal_db6,0079,3822,Hakuna,146,0,1,0.6024,3.0573,0.4429
fixF0_peakVoicing_tonal_db6,0080,0292,Potter,166,1,1,1.2243,1.8933,0.6273
fixF0_peakVoicing_tonal_db6,0080,0353,Potter,166,1,1,1.7484,2.0903,0.5550
fixF0_peakVoicing_tonal_db6,0080,1233,StarWars,166,0,1,1.0335,3.1827,0.0499
fixF0_peakVoicing_tonal_db6,0080,1267,StarWars,166,0,1,1.0314,2.0705,0.7675
fixF0_peakVoicing_tonal_db6,0084,3332,Hakuna,6,0,1,0.9537,2.1415,0.8488
fixF0_peakVoicing_tonal_db6,0088,0239,Potter,59,1,1,0.6401,2.8164,0.4539
fixF0_peakVoicing_tonal_db6,0088,0798,Potter,59,1,1,0.4703,2.9095,0.4746
fixF0_peakVoicing_tonal_db6,0088,0923,StarWars,59,0,1,0.3056,2.9321,0.4029
fixF0_peakVoicing_tonal_db6,0088,1246,StarWars,59,0,1,0.4584,3.0052,0.2106
fixF0_peakVoicing_tonal_db6,0088,3956,Hakuna,59,0,1,0.3769,3.0185,0.3581
fixF0_peakVoicing_tonal_db6,0088,4124,Hakuna,59,0,1,0.4075,2.9226,0.4295
fixF0_peakVoicing_tonal_db6,0091,0008,Potter,213,1,1,0.8562,0.5386,0.9818
fixF0_peakVoicing_tonal_db6,0091,0681,Potter,213,1,1,0.8243,0.4866,0.9760
fixF0_peakVoicing_tonal_db6,0091,0860,StarWars,213,0,1,0.8339,2.5451,0.7731
fixF0_peakVoicing_tonal_db6,0091,1317,StarWars,213,0,1,0.7939,2.4214,0.7111
fixF0_peakVoicing_tonal_db6,0091,3548,Hakuna,213,0,1,0.6374,1.7632,0.8433
fixF0_peakVoicing_tonal_db6,0091,3720,Hakuna,213,0,1,0.6885,1.9933,0.7706
fixF0_peakVoicing_tonal_db6,0093,0271,Potter,121,1,1,0.9888,0.8211,0.9585
fixF0_peakVoicing_tonal_db6,0093,0416,Potter,121,1,1,0.8054,1.9756,0.7542
fixF0_peakVoicing_tonal_db6,0093,0852,StarWars,121,0,1,1.0000,2.2014,0.6853
fixF0_peakVoicing_tonal_db6,0093,1525,StarWars,121,0,1,0.9553,2.5863,0.5093
fixF0_peakVoicing_tonal_db6,0093,3647,Hakuna,121,0,1,0.9351,2.6923,0.4947
fixF0_peakVoicing_tonal_db6,0093,4058,Hakuna,121,0,1,0.9553,2.7506,0.4339
fixF0_peakVoicing_tonal_db6,0098,0616,Potter,71,1,1,0.6704,2.9869,0.5305
fixF0_peakVoicing_tonal_db6,0098,0753,Potter,71,1,1,0.7190,2.1881,0.7256
fixF0_peakVoicing_tonal_db6,0098,1170,StarWars,71,0,1,0.2699,3.3583,0.3111
fixF0_peakVoicing_tonal_db6,0098,1327,StarWars,71,0,1,0.2412,2.8193,0.5358
fixF0_peakVoicing_tonal_db6,0098,3542,Hakuna,71,0,1,0.3562,3.2365,0.3586
fixF0_peakVoicing_tonal_db6,0098,3755,Hakuna,71,0,1,0.3650,2.4446,0.6117
fixF0_peakVoicing_tonal_db6,0099,3332,Hakuna,6,0,1,0.9355,2.0125,0.8400
fixF0_peakVoicing_tonal_db6,0100,0090,Potter,24,1,1,0.7006,1.2955,0.9496
fixF0_peakVoicing_tonal_db6,0100,0320,Potter,24,1,1,0.6555,1.4515,0.9386
fixF0_peakVoicing_tonal_db6,0100,1045,StarWars,24,0,1,0.7573,3.3447,0.4373
fixF0_peakVoicing_tonal_db6,0100,1325,StarWars,24,0,1,0.6831,2.9627,0.6438
fixF0_peakVoicing_tonal_db6,0100,3814,Hakuna,24,0,1,0.7020,2.9607,0.5839
fixF0_peakVoicing_tonal_db6,0100,4118,Hakuna,24,0,1,0.6323,3.2605,0.4665
fixF0_peakVoicing_tonal_db6,0105,0057,Potter,60,1,1,0.8208,2.6814,0.7225
fixF0_peakVoicing_tonal_db6,0105,0348,Potter,60,1,1,0.7939,2.8499,0.5888
fixF0_peakVoicing_tonal_db6,0112,0484,Potter,162,1,1,0.6960,0.8699,0.9636
fixF0_peakVoicing_tonal_db6,0112,0599,Potter,162,1,1,0.7664,0.8435,0.9722
fixF0_peakVoicing_tonal_db6,0112,1508,StarWars,162,0,1,0.7184,2.5009,0.7353
fixF0_peakVoicing_tonal_db6,0112,1606,StarWars,162,0,1,0.7568,2.3602,0.7650
fixF0_peakVoicing_tonal_db6,0113,0651,Potter,97,1,1,1.0093,1.5498,0.8617
fixF0_peakVoicing_tonal_db6,0113,0706,Potter,97,1,1,0.9598,0.8936,0.9147
fixF0_peakVoicing_tonal_db6,0113,1313,StarWars,97,0,1,0.8777,2.3473,0.7255
fixF0_peakVoicing_tonal_db6,0113,1418,StarWars,97,0,1,0.8607,2.1061,0.7811
fixF0_peakVoicing_tonal_db6,0113,3631,Hakuna,97,0,1,0.8406,2.5084,0.7047
fixF0_peakVoicing_tonal_db6,0113,3919,Hakuna,97,0,1,0.8978,2.8590,0.5749
fixF0_peakVoicing_tonal_db6,0115,0438,Potter,192,1,1,0.7016,1.7138,0.8019
fixF0_peakVoicing_tonal_db6,0115,0783,Potter,192,1,1,0.7238,1.7980,0.8088
fixF0_peakVoicing_tonal_db6,0115,0909,StarWars,192,0,1,0.7873,2.7287,0.1706
fixF0_peakVoicing_tonal_db6,0115,1642,StarWars,192,0,1,0.7814,2.3656,0.4620
fixF0_peakVoicing_tonal_db6,0115,3741,Hakuna,192,0,1,0.7326,2.2189,0.6215
fixF0_peakVoicing_tonal_db6,0115,4148,Hakuna,192,0,1,0.7651,2.2542,0.6224
fixF0_peakVoicing_tonal_db6,0116,0356,Potter,196,1,1,0.8240,1.6724,0.8533
fixF0_peakVoicing_tonal_db6,0116,0686,Potter,196,1,1,0.7560,1.7568,0.8298
fixF0_peakVoicing_tonal_db6,0116,0907,StarWars,196,0,1,0.7320,2.3186,0.7857
fixF0_peakVoicing_tonal_db6,0116,1611,StarWars,196,0,1,0.7120,2.1936,0.8120
fixF0_peakVoicing_tonal_db6,0116,4056,Hakuna,196,0,1,0.7560,2.4193,0.6969
fixF0_peakVoicing_tonal_db6,0116,4082,Hakuna,196,0,1,0.7960,2.2368,0.7855
fixF0_peakVoicing_tonal_db6,0118,0004,Potter,160,1,1,0.6862,1.2861,0.5446
fixF0_peakVoicing_tonal_db6,0118,0517,Potter,160,1,1,0.5741,1.1719,0.6051
fixF0_peakVoicing_tonal_db6,0118,1390,StarWars,160,0,1,0.7759,1.4647,0.4136
fixF0_peakVoicing_tonal_db6,0118,1641,StarWars,160,0,1,0.7586,1.4518,0.4053
fixF0_peakVoicing_tonal_db6,0118,3786,Hakuna,160,0,1,0.6328,1.0066,0.7685
fixF0_peakVoicing_tonal_db6,0118,3994,Hakuna,160,0,1,0.6241,1.1034,0.7071
fixF0_peakVoicing_tonal_db6,0121,0222,Potter,96,1,1,0.6748,1.7557,0.6074
fixF0_peakVoicing_tonal_db6,0121,0715,Potter,96,1,1,0.6148,1.5180,0.7383
fixF0_peakVoicing_tonal_db6,0121,1027,StarWars,96,0,1,0.7318,2.2884,0.5421
fixF0_peakVoicing_tonal_db6,0121,1402,StarWars,96,0,1,0.7518,2.1172,0.5656
fixF0_peakVoicing_tonal_db6,0121,3406,Hakuna,96,0,1,0.6348,2.0371,0.6907
fixF0_peakVoicing_tonal_db6,0121,3938,Hakuna,96,0,1,0.6419,1.8827,0.7288
fixF0_peakVoicing_tonal_db6,0122,0582,Potter,57,1,1,0.8014,3.1255,0.5621
fixF0_peakVoicing_tonal_db6,0122,0801,Potter,57,1,1,0.8271,2.7644,0.7343
fixF0_peakVoicing_tonal_db6,0122,0985,StarWars,57,0,1,0.8408,3.4128,0.4239
fixF0_peakVoicing_tonal_db6,0122,1249,StarWars,57,0,1,0.7842,3.2112,0.6708
fixF0_peakVoicing_tonal_db6,0122,3745,Hakuna,57,0,1,1.2740,3.5010,0.3599
fixF0_peakVoicing_tonal_db6,0122,3802,Hakuna,57,0,1,1.2705,3.3183,0.3175
fixF0_peakVoicing_tonal_db6,0127,0384,Potter,228,1,1,0.5974,1.1672,0.7885
fixF0_peakVoicing_tonal_db6,0127,0820,Potter,228,1,1,0.1718,2.4792,0.2169
fixF0_peakVoicing_tonal_db6,0127,1339,StarWars,228,0,1,0.1282,1.8875,0.4987
fixF0_peakVoicing_tonal_db6,0127,3896,Hakuna,228,0,1,0.1615,1.5331,0.6978
fixF0_peakVoicing_tonal_db6,0133,0538,Potter,16,1,1,0.1856,2.9736,0.3683
fixF0_peakVoicing_tonal_db6,0133,0797,Potter,16,1,1,0.1572,3.1369,0.3890
fixF0_peakVoicing_tonal_db6,0133,1261,StarWars,16,0,1,0.1505,3.8642,0.3704
fixF0_peakVoicing_tonal_db6,0133,1522,StarWars,16,0,1,0.0903,3.8246,-0.1371
fixF0_peakVoicing_tonal_db6,0133,3846,Hakuna,16,0,1,0.8528,3.2901,0.2259
fixF0_peakVoicing_tonal_db6,0133,4150,Hakuna,16,0,1,0.8428,3.2697,0.3816
fixF0_peakVoicing_tonal_db6,0135,0279,Potter,223,1,1,0.8081,1.5461,0.8741
fixF0_peakVoicing_tonal_db6,0135,0609,Potter,223,1,1,0.8068,1.4784,0.8832
fixF0_peakVoicing_tonal_db6,0135,1197,StarWars,223,0,1,0.6514,2.6641,0.4127
fixF0_peakVoicing_tonal_db6,0135,3343,Hakuna,223,0,1,0.6230,2.1619,0.7088
fixF0_peakVoicing_tonal_db6,0135,4153,Hakuna,223,0,1,0.6243,2.1778,0.6743
fixF0_peakVoicing_tonal_db6,0138,0397,Potter,20,1,1,0.6850,1.2619,0.8908
fixF0_peakVoicing_tonal_db6,0138,0513,Potter,20,1,1,0.5735,0.5984,0.9687
fixF0_peakVoicing_tonal_db6,0138,1297,StarWars,20,0,1,0.6619,3.2755,0.1657
fixF0_peakVoicing_tonal_db6,0138,1582,StarWars,20,0,1,0.6088,1.8148,0.7813
fixF0_peakVoicing_tonal_db6,0138,3642,Hakuna,20,0,1,0.7239,1.7210,0.7844
fixF0_peakVoicing_tonal_db6,0138,3992,Hakuna,20,0,1,0.6832,1.7680,0.7527
fixF0_peakVoicing_tonal_db6,0139,0068,Potter,134,1,1,1.1551,2.3800,0.3130
fixF0_peakVoicing_tonal_db6,0139,0695,Potter,134,1,1,0.7789,2.7991,0.2716
fixF0_peakVoicing_tonal_db6,0139,1461,StarWars,134,0,1,0.7409,2.4483,0.2437
fixF0_peakVoicing_tonal_db6,0139,1589,StarWars,134,0,1,0.7228,2.4540,0.3120
fixF0_peakVoicing_tonal_db6,0139,3780,Hakuna,134,0,1,0.7492,2.2382,0.4481
fixF0_peakVoicing_tonal_db6,0139,3912,Hakuna,134,0,1,0.7442,2.1636,0.5375
fixF0_peakVoicing_tonal_db6,0142,0542,Potter,44,1,1,0.8490,1.3236,0.8734
fixF0_peakVoicing_tonal_db6,0142,0739,Potter,44,1,1,0.9099,1.3842,0.8711
fixF0_peakVoicing_tonal_db6,0142,0964,StarWars,44,0,1,0.9033,2.3917,0.7515
fixF0_peakVoicing_tonal_db6,0142,1026,StarWars,44,0,1,0.8689,2.3963,0.7362
fixF0_peakVoicing_tonal_db6,0142,3485,Hakuna,44,0,1,0.8199,1.8920,0.8250
fixF0_peakVoicing_tonal_db6,0142,3781,Hakuna,44,0,1,0.7603,1.9631,0.8098
fixF0_peakVoicing_tonal_db6,0143,0158,Potter,98,1,1,0.6214,2.4099,0.4038
fixF0_peakVoicing_tonal_db6,0143,0450,Potter,98,1,1,0.6123,2.8683,0.5764
fixF0_peakVoicing_tonal_db6,0143,0904,StarWars,98,0,1,0.3264,3.9199,0.1560
fixF0_peakVoicing_tonal_db6,0143,1654,StarWars,98,0,1,0.5261,3.2055,0.2819
fixF0_peakVoicing_tonal_db6,0143,3835,Hakuna,98,0,1,0.4373,2.4441,0.5528
fixF0_peakVoicing_tonal_db6,0143,3993,Hakuna,98,0,1,0.3355,3.7035,0.4298
fixF0_peakVoicing_tonal_db6,0147,0145,Potter,141,1,1,0.7728,1.6402,0.7655
fixF0_peakVoicing_tonal_db6,0147,0620,Potter,141,1,1,0.4718,1.6749,0.7641
fixF0_peakVoicing_tonal_db6,0147,1636,StarWars,141,0,1,0.8214,2.2535,0.1604
fixF0_peakVoicing_tonal_db6,0147,1652,StarWars,141,0,1,0.7670,2.6614,-0.2150
fixF0_peakVoicing_tonal_db6,0147,3687,Hakuna,141,0,1,0.7573,2.0141,0.5059
fixF0_peakVoicing_tonal_db6,0147,3895,Hakuna,141,0,1,0.7534,1.9425,0.5654
fixF0_peakVoicing_tonal_db6,0149,0123,Potter,29,1,1,0.8240,1.8751,0.5345
fixF0_peakVoicing_tonal_db6,0149,0631,Potter,29,1,1,0.8519,0.9024,0.9264
fixF0_peakVoicing_tonal_db6,0149,1142,StarWars,29,0,1,0.9185,1.9636,0.5316
fixF0_peakVoicing_tonal_db6,0149,1493,StarWars,29,0,1,1.0687,1.9014,0.4986
fixF0_peakVoicing_tonal_db6,0149,3893,Hakuna,29,0,1,0.8433,1.9856,0.4893
fixF0_peakVoicing_tonal_db6,0149,4086,Hakuna,29,0,1,0.7876,1.8895,0.5477
fixF0_peakVoicing_tonal_db6,0150,0787,Potter,136,1,1,1.0291,2.8899,0.2677
fixF0_peakVoicing_tonal_db6,0150,0837,Potter,136,1,1,1.0257,2.9071,0.1522
fixF0_peakVoicing_tonal_db6,0150,1004,StarWars,136,0,1,0.9435,3.0137,0.1223
fixF0_peakVoicing_tonal_db6,0150,1042,StarWars,136,0,1,1.1147,2.9171,0.1304
fixF0_peakVoicing_tonal_db6,0150,3526,Hakuna,136,0,1,1.1062,2.9543,0.1537
fixF0_peakVoicing_tonal_db6,0150,3943,Hakuna,136,0,1,1.1062,2.9534,0.1542
fixF0_peakVoicing_tonal_db6,0157,0613,Potter,137,1,1,1.3223,1.2938,0.8225
fixF0_peakVoicing_tonal_db6,0157,0788,Potter,137,1,1,1.2199,1.6626,0.7841
fixF0_peakVoicing_tonal_db6,0157,1163,StarWars,137,0,1,1.3825,2.0147,0.6900
fixF0_peakVoicing_tonal_db6,0157,1177,StarWars,137,0,1,1.4518,2.0963,0.6799
fixF0_peakVoicing_tonal_db6,0157,3594,Hakuna,137,0,1,1.5843,2.1186,0.6024
fixF0_peakVoicing_tonal_db6,0157,3944,Hakuna,137,0,1,1.4458,1.7410,0.7678
fixF0_peakVoicing_tonal_db6,0159,0181,Potter,13,1,1,0.8574,1.2614,0.7941
fixF0_peakVoicing_tonal_db6,0159,0299,Potter,13,1,1,0.7419,1.3434,0.8308
fixF0_peakVoicing_tonal_db6,0159,1619,StarWars,13,0,1,0.5794,1.3626,0.6563
fixF0_peakVoicing_tonal_db6,0159,3353,Hakuna,13,0,1,0.7401,1.0855,0.7389
fixF0_peakVoicing_tonal_db6,0159,4020,Hakuna,13,0,1,0.6931,1.0236,0.6873
fixF0_peakVoicing_tonal_db6,0162,0553,Potter,0,1,1,0.6104,2.9036,0.7995
fixF0_peakVoicing_tonal_db6,0162,0590,Potter,0,1,1,0.6637,3.0112,0.7735
fixF0_peakVoicing_tonal_db6,0162,0915,StarWars,0,0,1,0.4307,4.4993,0.5351
fixF0_peakVoicing_tonal_db6,0162,1140,StarWars,0,0,1,0.4026,4.5442,0.5326
fixF0_peakVoicing_tonal_db6,0162,3690,Hakuna,0,0,1,0.5693,4.1981,0.4854
fixF0_peakVoicing_tonal_db6,0162,4031,Hakuna,0,0,1,0.5733,3.7569,0.5787
fixF0_peakVoicing_tonal_db6,0165,0377,Potter,234,1,1,0.8290,2.0474,0.8934
fixF0_peakVoicing_tonal_db6,0165,0406,Potter,234,1,1,0.9173,1.8163,0.8935
fixF0_peakVoicing_tonal_db6,0165,0906,StarWars,234,0,1,0.9228,2.5292,0.7651
fixF0_peakVoicing_tonal_db6,0165,3484,Hakuna,234,0,1,0.7923,2.6496,0.7846
fixF0_peakVoicing_tonal_db6,0165,3975,Hakuna,234,0,1,0.8474,2.9319,0.7110
fixF0_peakVoicing_tonal_db6,0166,0424,Potter,38,1,1,1.0732,0.8370,0.9417
fixF0_peakVoicing_tonal_db6,0166,0829,Potter,38,1,1,1.0685,0.6975,0.8927
fixF0_peakVoicing_tonal_db6,0166,1149,StarWars,38,0,1,0.9204,1.8269,0.6923
fixF0_peakVoicing_tonal_db6,0166,1273,StarWars,38,0,1,0.9140,1.8802,0.7269
fixF0_peakVoicing_tonal_db6,0166,3506,Hakuna,38,0,1,0.8169,1.9244,0.5750
fixF0_peakVoicing_tonal_db6,0166,3732,Hakuna,38,0,1,0.8933,2.1074,0.4540
fixF0_peakVoicing_tonal_db6,0167,0075,Potter,55,1,1,0.8284,1.8904,0.7714
fixF0_peakVoicing_tonal_db6,0167,0785,Potter,55,1,1,0.7743,1.5701,0.8162
fixF0_peakVoicing_tonal_db6,0167,1160,StarWars,55,0,1,0.6959,2.1678,0.4985
fixF0_peakVoicing_tonal_db6,0167,1648,StarWars,55,0,1,1.0112,2.0343,0.6048
fixF0_peakVoicing_tonal_db6,0167,3887,Hakuna,55,0,1,0.9235,1.9207,0.6637
fixF0_peakVoicing_tonal_db6,0167,4060,Hakuna,55,0,1,0.8265,1.8957,0.5505
fixF0_peakVoicing_tonal_db6,0173,0090,Potter,24,1,1,0.6741,1.2184,0.9489
fixF0_peakVoicing_tonal_db6,0173,0320,Potter,24,1,1,0.6308,1.3252,0.9467
fixF0_peakVoicing_tonal_db6,0173,1045,StarWars,24,0,1,0.7287,3.1247,0.5740
fixF0_peakVoicing_tonal_db6,0173,1325,StarWars,24,0,1,0.6573,2.9150,0.6438
fixF0_peakVoicing_tonal_db6,0173,3814,Hakuna,24,0,1,0.6755,2.9051,0.5941
fixF0_peakVoicing_tonal_db6,0173,4118,Hakuna,24,0,1,0.6084,3.0642,0.5569
fixF0_peakVoicing_tonal_db6,0174,0361,Potter,46,1,1,0.9984,1.1885,0.8785
fixF0_peakVoicing_tonal_db6,0174,0632,Potter,46,1,1,0.9319,1.2929,0.8633
fixF0_peakVoicing_tonal_db6,0174,0841,StarWars,46,0,1,0.8541,1.9662,0.7051
fixF0_peakVoicing_tonal_db6,0174,1237,StarWars,46,0,1,0.9206,1.8476,0.6500
fixF0_peakVoicing_tonal_db6,0174,3661,Hakuna,46,0,1,0.7861,1.5592,0.8272
fixF0_peakVoicing_tonal_db6,0174,4156,Hakuna,46,0,1,0.8136,1.6991,0.7838
fixF0_peakVoicing_tonal_db6,0179,0288,Potter,208,1,1,0.7291,2.4898,0.3165
fixF0_peakVoicing_tonal_db6,0179,0482,Potter,208,1,1,0.7116,2.4712,0.2785
fixF0_peakVoicing_tonal_db6,0179,1399,StarWars,208,0,1,0.4056,3.0468,0.2589
fixF0_peakVoicing_tonal_db6,0179,1436,StarWars,208,0,1,0.1903,2.7816,0.2566
fixF0_peakVoicing_tonal_db6,0179,3519,Hakuna,208,0,1,0.4773,2.4662,0.4948
fixF0_peakVoicing_tonal_db6,0180,0386,Potter,184,1,1,0.7900,1.6237,0.8716
fixF0_peakVoicing_tonal_db6,0180,0729,Potter,184,1,1,0.8183,1.7609,0.7618
fixF0_peakVoicing_tonal_db6,0180,0887,StarWars,184,0,1,0.6272,2.4815,0.6979
fixF0_peakVoicing_tonal_db6,0180,3612,Hakuna,184,0,1,0.6124,2.4296,0.7220
fixF0_peakVoicing_tonal_db6,0180,3844,Hakuna,184,0,1,0.6258,2.3947,0.7026
fixF0_peakVoicing_tonal_db6,0183,0437,Potter,40,1,1,0.6793,1.3781,0.9317
fixF0_peakVoicing_tonal_db6,0183,0502,Potter,40,1,1,0.5304,1.9592,0.8348
fixF0_peakVoicing_tonal_db6,0183,0892,StarWars,40,0,1,0.5467,2.4854,0.6732
fixF0_peakVoicing_tonal_db6,0183,1600,StarWars,40,0,1,0.5291,2.7727,0.6121
fixF0_peakVoicing_tonal_db6,0183,3966,Hakuna,40,0,1,0.5602,2.7913,0.6350
fixF0_peakVoicing_tonal_db6,0183,4094,Hakuna,40,0,1,0.5088,2.7926,0.6179
fixF0_peakVoicing_tonal_db6,0188,0198,Potter,67,1,1,0.8120,2.7694,0.6903
fixF0_peakVoicing_tonal_db6,0188,0369,Potter,67,1,1,0.7033,2.2469,0.7486
fixF0_peakVoicing_tonal_db6,0188,1298,StarWars,67,0,1,0.7493,3.2132,0.4773
fixF0_peakVoicing_tonal_db6,0188,1326,StarWars,67,0,1,0.6992,3.8013,0.4255
fixF0_peakVoicing_tonal_db6,0188,3412,Hakuna,67,0,1,0.5306,2.4077,0.7145
fixF0_peakVoicing_tonal_db6,0188,3447,Hakuna,67,0,1,0.5487,2.5879,0.7120
fixF0_peakVoicing_tonal_db6,0190,0732,Potter,150,1,1,0.8686,0.8859,0.9467
fixF0_peakVoicing_tonal_db6,0190,0825,Potter,150,1,1,1.1298,0.7875,0.9128
fixF0_peakVoicing_tonal_db6,0190,0844,StarWars,150,0,1,1.0383,2.9357,0.4481
fixF0_peakVoicing_tonal_db6,0190,1510,StarWars,150,0,1,0.9917,2.6213,0.5612
fixF0_peakVoicing_tonal_db6,0190,3493,Hakuna,150,0,1,0.9384,2.3518,0.6493
fixF0_peakVoicing_tonal_db6,0190,3767,Hakuna,150,0,1,0.8852,1.9339,0.6555
fixF0_peakVoicing_tonal_db6,0195,0370,Potter,153,1,1,0.7333,1.6567,0.7166
fixF0_peakVoicing_tonal_db6,0195,0710,Potter,153,1,1,0.7674,1.5835,0.7672
fixF0_peakVoicing_tonal_db6,0195,0882,StarWars,153,0,1,0.7986,2.0566,0.4526
fixF0_peakVoicing_tonal_db6,0195,1138,StarWars,153,0,1,0.6851,2.0622,0.4348
fixF0_peakVoicing_tonal_db6,0195,3534,Hakuna,153,0,1,0.8355,2.1577,0.4131
fixF0_peakVoicing_tonal_db6,0195,3689,Hakuna,153,0,1,0.7546,2.1522,0.4811
fixF0_peakVoicing_tonal_db6,0197,0060,Potter,222,1,1,0.8150,1.1897,0.8980
fixF0_peakVoicing_tonal_db6,0197,0107,Potter,222,1,1,0.9250,1.0365,0.8610
fixF0_peakVoicing_tonal_db6,0197,0959,StarWars,222,0,1,0.7452,1.9363,0.6346
fixF0_peakVoicing_tonal_db6,0197,1276,StarWars,222,0,1,0.7208,2.5809,0.4304
fixF0_peakVoicing_tonal_db6,0197,4064,Hakuna,222,0,1,0.8429,1.9763,0.6071
fixF0_peakVoicing_tonal_db6,0197,4085,Hakuna,222,0,1,0.8325,1.8006,0.6308
fixF0_peakVoicing_tonal_db6,0204,0102,Potter,191,1,1,0.8475,1.0794,0.9070
fixF0_peakVoicing_tonal_db6,0204,0426,Potter,191,1,1,0.9069,1.1253,0.8893
fixF0_peakVoicing_tonal_db6,0204,0993,StarWars,191,0,1,0.9109,2.1400,0.4253
fixF0_peakVoicing_tonal_db6,0204,1506,StarWars,191,0,1,0.8713,2.2709,0.2947
fixF0_peakVoicing_tonal_db6,0204,3928,Hakuna,191,0,1,1.0059,1.8640,0.6691
fixF0_peakVoicing_tonal_db6,0204,3984,Hakuna,191,0,1,0.7723,1.9859,0.5175
fixF0_peakVoicing_tonal_db6,0210,0055,Potter,200,1,1,1.0411,1.4512,0.8492
fixF0_peakVoicing_tonal_db6,0210,0417,Potter,200,1,1,0.9883,1.3394,0.8604
fixF0_peakVoicing_tonal_db6,0210,1015,StarWars,200,0,1,1.0646,2.5922,0.5353
fixF0_peakVoicing_tonal_db6,0210,1626,StarWars,200,0,1,1.0020,3.2325,0.3509
fixF0_peakVoicing_tonal_db6,0210,3586,Hakuna,200,0,1,0.7906,2.3443,0.4356
fixF0_peakVoicing_tonal_db6,0210,3862,Hakuna,200,0,1,0.8650,2.3159,0.5414
fixF0_peakVoicing_tonal_db6,0215,0229,Potter,230,1,1,0.9365,1.9477,0.6257
fixF0_peakVoicing_tonal_db6,0215,0245,Potter,230,1,1,0.7701,1.5947,0.7168
fixF0_peakVoicing_tonal_db6,0215,1010,StarWars,230,0,1,0.8688,2.4174,0.6940
fixF0_peakVoicing_tonal_db6,0215,1048,StarWars,230,0,1,0.9168,2.3814,0.7267
fixF0_peakVoicing_tonal_db6,0215,3670,Hakuna,230,0,1,0.7250,2.1453,0.7736
fixF0_peakVoicing_tonal_db6,0215,3702,Hakuna,230,0,1,0.7165,2.1844,0.7705
fixF0_peakVoicing_tonal_db6,0219,0076,Potter,30,1,1,0.6894,2.1717,0.8085
fixF0_peakVoicing_tonal_db6,0219,0151,Potter,30,1,1,0.7741,1.8419,0.8480
fixF0_peakVoicing_tonal_db6,0219,1101,StarWars,30,0,1,0.9236,2.8767,0.5701
fixF0_peakVoicing_tonal_db6,0219,1369,StarWars,30,0,1,0.8571,3.2000,0.4499
fixF0_peakVoicing_tonal_db6,0219,3443,Hakuna,30,0,1,0.7226,2.3090,0.8017
fixF0_peakVoicing_tonal_db6,0219,3694,Hakuna,30,0,1,0.6711,2.6436,0.5995
fixF0_peakVoicing_tonal_db6,0220,0997,StarWars,135,0,1,0.7759,2.8226,0.5276
fixF0_peakVoicing_tonal_db6,0220,1195,StarWars,135,0,1,0.9328,2.8062,0.4718
fixF0_peakVoicing_tonal_db6,0220,3501,Hakuna,135,0,1,0.5655,2.3144,0.5978
fixF0_peakVoicing_tonal_db6,0220,4070,Hakuna,135,0,1,0.7466,2.3582,0.4130
fixF0_peakVoicing_tonal_db6,0224,0445,Potter,146,1,1,0.7660,2.8046,0.4794
fixF0_peakVoicing_tonal_db6,0224,0622,Potter,146,1,1,0.8625,2.4001,0.4147
fixF0_peakVoicing_tonal_db6,0224,0925,StarWars,146,0,1,0.5941,2.2731,0.6800
fixF0_peakVoicing_tonal_db6,0224,1456,StarWars,146,0,1,0.6792,3.0219,0.5150
fixF0_peakVoicing_tonal_db6,0224,3439,Hakuna,146,0,1,0.5499,2.4034,0.4833
fixF0_peakVoicing_tonal_db6,0224,3822,Hakuna,146,0,1,0.5777,3.0252,0.5731
fixF0_peakVoicing_tonal_db6,0225,0680,Potter,123,1,1,0.8469,0.5846,0.9867
fixF0_peakVoicing_tonal_db6,0225,0835,Potter,123,1,1,0.8469,1.7935,0.7084
fixF0_peakVoicing_tonal_db6,0225,1196,StarWars,123,0,1,0.7500,2.5304,0.7089
fixF0_peakVoicing_tonal_db6,0225,1378,StarWars,123,0,1,0.7907,3.0361,0.6947
fixF0_peakVoicing_tonal_db6,0225,3567,Hakuna,123,0,1,0.5787,2.4020,0.5975
fixF0_peakVoicing_tonal_db6,0225,3787,Hakuna,123,0,1,0.6489,2.6731,0.5262
fixF0_peakVoicing_tonal_db6,0228,0124,Potter,58,1,1,0.9445,1.4416,0.8993
fixF0_peakVoicing_tonal_db6,0228,0467,Potter,58,1,1,0.9625,1.5022,0.8387
fixF0_peakVoicing_tonal_db6,0228,1178,StarWars,58,0,1,0.8809,2.8857,0.5580
fixF0_peakVoicing_tonal_db6,0228,1262,StarWars,58,0,1,0.8891,2.4474,0.6807
fixF0_peakVoicing_tonal_db6,0228,3556,Hakuna,58,0,1,0.6868,2.3711,0.7859
fixF0_peakVoicing_tonal_db6,0228,3668,Hakuna,58,0,1,0.6998,2.6381,0.7182
fixF0_peakVoicing_tonal_db6,0230,0010,Potter,92,1,1,0.8584,1.4865,0.8170
fixF0_peakVoicing_tonal_db6,0230,0232,Potter,92,1,1,0.8026,1.7231,0.5948
fixF0_peakVoicing_tonal_db6,0230,0893,StarWars,92,0,1,0.7625,2.5985,0.5504
fixF0_peakVoicing_tonal_db6,0230,0922,StarWars,92,0,1,0.8269,3.0062,0.3951
fixF0_peakVoicing_tonal_db6,0230,4028,Hakuna,92,0,1,0.7883,1.8396,0.8289
fixF0_peakVoicing_tonal_db6,0231,0595,Potter,26,1,1,0.7078,1.0696,0.7769
fixF0_peakVoicing_tonal_db6,0231,0768,Potter,26,1,1,0.6680,1.4518,0.6537
fixF0_peakVoicing_tonal_db6,0231,1087,StarWars,26,0,1,0.5149,1.4508,0.5722
fixF0_peakVoicing_tonal_db6,0231,1132,StarWars,26,0,1,0.4095,1.2281,0.6786
fixF0_peakVoicing_tonal_db6,0231,3392,Hakuna,26,0,1,0.2565,1.4899,0.4914
fixF0_peakVoicing_tonal_db6,0231,4137,Hakuna,26,0,1,0.3419,1.5687,0.4688
fixF0_peakVoicing_tonal_db6,0233,0633,Potter,231,1,1,0.4778,0.5239,0.9800
fixF0_peakVoicing_tonal_db6,0233,0803,Potter,231,1,1,0.6151,0.4145,0.9923
fixF0_peakVoicing_tonal_db6,0233,1150,StarWars,231,0,1,0.6541,2.6093,0.5714
fixF0_peakVoicing_tonal_db6,0233,1605,StarWars,231,0,1,0.6999,2.4870,0.5343
fixF0_peakVoicing_tonal_db6,0233,4049,Hakuna,231,0,1,0.7052,1.6242,0.8374
fixF0_peakVoicing_tonal_db6,0233,4112,Hakuna,231,0,1,0.7227,1.6059,0.8390
fixF0_peakVoicing_tonal_db6,0237,0542,Potter,44,1,1,0.8186,1.2662,0.8478
fixF0_peakVoicing_tonal_db6,0237,0739,Potter,44,1,1,0.8774,1.3385,0.8936
fixF0_peakVoicing_tonal_db6,0237,0964,StarWars,44,0,1,0.8710,2.3367,0.7835
fixF0_peakVoicing_tonal_db6,0237,1026,StarWars,44,0,1,0.8378,2.3565,0.7672
fixF0_peakVoicing_tonal_db6,0237,3485,Hakuna,44,0,1,0.7905,2.0231,0.8250
fixF0_peakVoicing_tonal_db6,0237,3781,Hakuna,44,0,1,0.7331,2.0880,0.8165
fixF0_peakVoicing_tonal_db6,0238,0243,Potter,139,1,1,0.8784,1.1027,0.9344
fixF0_peakVoicing_tonal_db6,0238,0824,Potter,139,1,1,0.7753,1.1828,0.9491
fixF0_peakVoicing_tonal_db6,0238,0999,StarWars,139,0,1,0.7314,2.0727,0.7300
fixF0_peakVoicing_tonal_db6,0238,1240,StarWars,139,0,1,0.6807,2.9809,0.4061
fixF0_peakVoicing_tonal_db6,0238,3969,Hakuna,139,0,1,0.7145,2.0847,0.7522
fixF0_peakVoicing_tonal_db6,0238,4035,Hakuna,139,0,1,0.6824,2.8857,0.4602
fixF0_peakVoicing_tonal_db6,0242,0762,Potter,69,1,1,0.4893,2.2495,0.4027
fixF0_peakVoicing_tonal_db6,0242,0771,Potter,69,1,1,0.8646,2.4344,0.0985
fixF0_peakVoicing_tonal_db6,0242,1323,StarWars,69,0,1,0.6220,3.0676,0.6129
fixF0_peakVoicing_tonal_db6,0242,1496,StarWars,69,0,1,0.4799,2.4937,0.6201
fixF0_peakVoicing_tonal_db6,0242,3410,Hakuna,69,0,1,0.5992,3.5961,0.4103
fixF0_peakVoicing_tonal_db6,0242,3782,Hakuna,69,0,1,0.5335,7.8089,-0.0394
fixF0_peakVoicing_tonal_db6,0249,0365,Potter,80,1,1,0.1423,6.3964,0.2295
fixF0_peakVoicing_tonal_db6,0249,0514,Potter,80,1,1,0.0832,2.9271,0.4322
fixF0_peakVoicing_tonal_db6,0253,0177,Potter,14,1,1,0.9141,1.6888,0.8977
fixF0_peakVoicing_tonal_db6,0253,0774,Potter,14,1,1,0.9141,1.4486,0.9301
fixF0_peakVoicing_tonal_db6,0253,1435,StarWars,14,0,1,0.8041,2.5356,0.6942
fixF0_peakVoicing_tonal_db6,0253,1519,StarWars,14,0,1,0.7474,2.6453,0.5887
fixF0_peakVoicing_tonal_db6,0253,3682,Hakuna,14,0,1,0.6409,2.7429,0.5645
fixF0_peakVoicing_tonal_db6,0253,3807,Hakuna,14,0,1,0.6667,2.7022,0.7102
fixF0_peakVoicing_tonal_db6,0258,0155,Potter,76,1,1,0.8012,1.1719,0.8543
fixF0_peakVoicing_tonal_db6,0258,0584,Potter,76,1,1,0.7535,1.0841,0.8972
fixF0_peakVoicing_tonal_db6,0258,1381,StarWars,76,0,1,0.7211,2.5739,0.3688
fixF0_peakVoicing_tonal_db6,0258,1445,StarWars,76,0,1,0.8059,2.0678,0.5010
fixF0_peakVoicing_tonal_db6,0258,3706,Hakuna,76,0,1,0.8012,1.8105,0.6576
fixF0_peakVoicing_tonal_db6,0258,4048,Hakuna,76,0,1,0.8536,1.6402,0.7108
fixF0_peakVoicing_tonal_db6,0259,0311,Potter,218,1,1,0.8322,1.9139,0.7534
fixF0_peakVoicing_tonal_db6,0259,0518,Potter,218,1,1,0.7373,1.7149,0.8442
fixF0_peakVoicing_tonal_db6,0259,0994,StarWars,218,0,1,0.8915,3.5017,0.4265
fixF0_peakVoicing_tonal_db6,0259,1220,StarWars,218,0,1,0.7780,3.4350,0.4013
fixF0_peakVoicing_tonal_db6,0259,3475,Hakuna,218,0,1,0.9000,2.3068,0.7314
fixF0_peakVoicing_tonal_db6,0259,3521,Hakuna,218,0,1,0.9220,2.3936,0.6975
fixF0_peakVoicing_tonal_db6,0262,0328,Potter,106,1,1,0.5925,1.4725,0.6775
fixF0_peakVoicing_tonal_db6,0262,0777,Potter,106,1,1,0.6645,2.1186,0.4711
fixF0_peakVoicing_tonal_db6,0262,1062,StarWars,106,0,1,0.6563,1.7784,0.6615
fixF0_peakVoicing_tonal_db6,0262,1581,StarWars,106,0,1,0.3781,1.1244,0.8975
fixF0_peakVoicing_tonal_db6,0262,3427,Hakuna,106,0,1,0.6252,3.3388,0.5798
fixF0_peakVoicing_tonal_db6,0262,4075,Hakuna,106,0,1,0.5696,2.0652,0.7762
fixF0_peakVoicing_tonal_db6,0263,0038,Potter,207,1,1,1.0647,1.9734,0.6501
fixF0_peakVoicing_tonal_db6,0263,0672,Potter,207,1,1,1.0524,1.3529,0.8626
fixF0_peakVoicing_tonal_db6,0263,1206,StarWars,207,0,1,0.8794,3.4787,0.2702
fixF0_peakVoicing_tonal_db6,0263,1265,StarWars,207,0,1,0.8409,3.3123,0.3579
fixF0_peakVoicing_tonal_db6,0263,3446,Hakuna,207,0,1,0.9143,2.1130,0.7159
fixF0_peakVoicing_tonal_db6,0263,3565,Hakuna,207,0,1,0.8776,2.0597,0.7604
fixF0_peakVoicing_tonal_db6,0270,0111,Potter,100,1,1,0.9851,1.4233,0.6463
fixF0_peakVoicing_tonal_db6,0270,0407,Potter,100,1,1,0.7533,1.8153,0.2995
fixF0_peakVoicing_tonal_db6,0270,1040,StarWars,100,0,1,1.0059,2.0656,0.4245
fixF0_peakVoicing_tonal_db6,0270,1344,StarWars,100,0,1,0.5661,2.1637,0.3191
fixF0_peakVoicing_tonal_db6,0270,3448,Hakuna,100,0,1,0.6865,2.0475,0.4521
fixF0_peakVoicing_tonal_db6,0270,4068,Hakuna,100,0,1,0.7756,2.1863,0.3323
fixF0_peakVoicing_tonal_db6,0272,0756,Potter,219,1,1,0.6530,2.3275,0.4955
fixF0_peakVoicing_tonal_db6,0272,0805,Potter,219,1,1,0.8723,2.3836,0.3910
fixF0_peakVoicing_tonal_db6,0272,0988,StarWars,219,0,1,0.9325,2.5221,0.4589
fixF0_peakVoicing_tonal_db6,0272,1255,StarWars,219,0,1,0.8554,2.5378,0.5117
fixF0_peakVoicing_tonal_db6,0272,3355,Hakuna,219,0,1,0.8096,2.6992,0.2433
fixF0_peakVoicing_tonal_db6,0272,3635,Hakuna,219,0,1,0.9614,2.5377,0.3267
fixF0_peakVoicing_tonal_db6,0276,0680,Potter,123,1,1,0.8094,0.7934,0.9831
fixF0_peakVoicing_tonal_db6,0276,0835,Potter,123,1,1,0.8094,1.9673,0.6858
fixF0_peakVoicing_tonal_db6,0276,1196,StarWars,123,0,1,0.7168,2.7651,0.6801
fixF0_peakVoicing_tonal_db6,0276,1378,StarWars,123,0,1,0.7557,3.4170,0.6426
fixF0_peakVoicing_tonal_db6,0276,3567,Hakuna,123,0,1,0.5530,2.3868,0.6228
fixF0_peakVoicing_tonal_db6,0276,3787,Hakuna,123,0,1,0.6201,2.6350,0.5259
fixF0_peakVoicing_tonal_db6,0277,0087,Potter,43,1,1,0.8917,0.9190,0.9589
fixF0_peakVoicing_tonal_db6,0277,0212,Potter,43,1,1,0.9167,0.9672,0.9411
fixF0_peakVoicing_tonal_db6,0277,1314,StarWars,43,0,1,1.0167,2.2166,0.6851
fixF0_peakVoicing_tonal_db6,0277,1490,StarWars,43,0,1,0.9854,2.1429,0.6729
fixF0_peakVoicing_tonal_db6,0277,3478,Hakuna,43,0,1,0.8750,2.2929,0.6696
fixF0_peakVoicing_tonal_db6,0277,3825,Hakuna,43,0,1,0.8333,2.3196,0.6598
fixF0_peakVoicing_tonal_db6,0278,3474,Hakuna,82,0,1,0.9171,3.6325,0.5181
fixF0_peakVoicing_tonal_db6,0278,3654,Hakuna,82,0,1,0.9845,3.6322,0.3518
fixF0_peakVoicing_tonal_db6,0281,0057,Potter,60,1,1,0.7595,1.8000,0.7745
fixF0_peakVoicing_tonal_db6,0281,0348,Potter,60,1,1,0.7347,1.9492,0.6958
fixF0_peakVoicing_tonal_db6,0284,0196,Potter,232,1,1,0.8387,3.8274,0.2841
fixF0_peakVoicing_tonal_db6,0284,0603,Potter,232,1,1,0.9624,3.6932,0.3463
fixF0_peakVoicing_tonal_db6,0284,0917,StarWars,232,0,1,1.0538,2.9468,0.5269
fixF0_peakVoicing_tonal_db6,0284,1278,StarWars,232,0,1,0.9211,3.1619,0.4885
fixF0_peakVoicing_tonal_db6,0284,3541,Hakuna,232,0,1,0.8781,3.2975,0.5567
fixF0_peakVoicing_tonal_db6,0284,4111,Hakuna,232,0,1,0.9086,3.2695,0.5945
fixF0_peakVoicing_tonal_db6,0287,0131,Potter,53,1,1,1.0979,1.5702,0.7847
fixF0_peakVoicing_tonal_db6,0287,0689,Potter,53,1,1,1.0657,1.8115,0.7573
fixF0_peakVoicing_tonal_db6,0287,1269,StarWars,53,0,1,0.7691,3.1154,0.4674
fixF0_peakVoicing_tonal_db6,0287,1596,StarWars,53,0,1,0.7752,3.1609,0.4544
fixF0_peakVoicing_tonal_db6,0287,3585,Hakuna,53,0,1,0.6927,3.0124,0.3934
fixF0_peakVoicing_tonal_db6,0287,3856,Hakuna,53,0,1,0.6346,2.2834,0.6644
fixF0_peakVoicing_tonal_db6,0290,0477,Potter,17,1,1,0.8386,1.1067,0.8551
fixF0_peakVoicing_tonal_db6,0290,0558,Potter,17,1,1,0.7962,1.2141,0.8016
fixF0_peakVoicing_tonal_db6,0290,1609,StarWars,17,0,1,0.7907,2.0396,0.5836
fixF0_peakVoicing_tonal_db6,0290,1620,StarWars,17,0,1,0.7360,1.9617,0.6407
fixF0_peakVoicing_tonal_db6,0290,3878,Hakuna,17,0,1,0.7415,1.3816,0.6755
fixF0_peakVoicing_tonal_db6,0290,4105,Hakuna,17,0,1,0.6908,1.2408,0.7930
fixF0_peakVoicing_tonal_db6,0296,0427,Potter,174,1,1,0.6420,1.4725,0.9255
fixF0_peakVoicing_tonal_db6,0296,0577,Potter,174,1,1,0.7010,2.3148,0.8780
fixF0_peakVoicing_tonal_db6,0296,1403,StarWars,174,0,1,0.5693,2.8750,0.7115
fixF0_peakVoicing_tonal_db6,0296,1502,StarWars,174,0,1,0.7476,3.3666,0.5122
fixF0_peakVoicing_tonal_db6,0296,3424,Hakuna,174,0,1,0.5940,2.3871,0.7010
fixF0_peakVoicing_tonal_db6,0296,4122,Hakuna,174,0,1,0.4678,2.3660,0.6768
fixF0_peakVoicing_tonal_db6,0309,0198,Potter,67,1,1,0.8901,2.6698,0.6665
fixF0_peakVoicing_tonal_db6,0309,0369,Potter,67,1,1,0.7710,2.2268,0.7403
fixF0_peakVoicing_tonal_db6,0309,1298,StarWars,67,0,1,0.8214,3.6323,0.1342
fixF0_peakVoicing_tonal_db6,0309,1326,StarWars,67,0,1,0.7664,3.6760,0.4638
fixF0_peakVoicing_tonal_db6,0309,3412,Hakuna,67,0,1,0.5817,2.3371,0.7219
fixF0_peakVoicing_tonal_db6,0309,3447,Hakuna,67,0,1,0.6015,2.5976,0.6860
fixF0_peakVoicing_tonal_db6,0310,0504,Potter,90,1,1,0.8983,1.5075,0.8896
fixF0_peakVoicing_tonal_db6,0310,0597,Potter,90,1,1,0.9593,1.6697,0.7507
fixF0_peakVoicing_tonal_db6,0310,0886,StarWars,90,0,1,1.0174,2.8959,0.4153
fixF0_peakVoicing_tonal_db6,0310,1075,StarWars,90,0,1,1.0872,3.3754,0.1719
fixF0_peakVoicing_tonal_db6,0310,3378,Hakuna,90,0,1,0.7645,2.3101,0.6628
fixF0_peakVoicing_tonal_db6,0310,3455,Hakuna,90,0,1,0.9811,3.3918,0.1875
fixF0_peakVoicing_tonal_db6,0314,0352,Potter,220,1,1,0.9267,2.7180,0.4026
fixF0_peakVoicing_tonal_db6,0314,0755,Potter,220,1,1,0.9932,2.7535,0.5737
fixF0_peakVoicing_tonal_db6,0314,1052,StarWars,220,0,1,0.5503,2.1119,0.6589
fixF0_peakVoicing_tonal_db6,0314,1207,StarWars,220,0,1,0.9012,2.5032,0.0778
fixF0_peakVoicing_tonal_db6,0314,3568,Hakuna,220,0,1,0.6848,2.2743,0.5496
fixF0_peakVoicing_tonal_db6,0314,3759,Hakuna,220,0,1,0.3663,2.3606,0.3621
fixF0_peakVoicing_tonal_db6,0317,0239,Potter,59,1,1,0.6130,2.8676,0.5799
fixF0_peakVoicing_tonal_db6,0317,0798,Potter,59,1,1,0.4504,3.0026,0.5419
fixF0_peakVoicing_tonal_db6,0317,0923,StarWars,59,0,1,0.2927,2.9262,0.5431
fixF0_peakVoicing_tonal_db6,0317,1246,StarWars,59,0,1,0.4390,3.2612,0.1744
fixF0_peakVoicing_tonal_db6,0317,3956,Hakuna,59,0,1,0.3610,3.1963,0.4162
fixF0_peakVoicing_tonal_db6,0317,4124,Hakuna,59,0,1,0.3902,2.9515,0.5117
fixF0_peakVoicing_tonal_db6,0321,0425,Potter,5,1,1,1.1833,2.4727,0.5416
fixF0_peakVoicing_tonal_db6,0321,0528,Potter,5,1,1,1.2389,1.7867,0.7075
fixF0_peakVoicing_tonal_db6,0321,0854,StarWars,5,0,1,1.2352,2.7617,0.5305
fixF0_peakVoicing_tonal_db6,0321,1444,StarWars,5,0,1,1.3241,3.0457,0.3016
fixF0_peakVoicing_tonal_db6,0321,3606,Hakuna,5,0,1,0.9667,2.0907,0.6947
fixF0_peakVoicing_tonal_db6,0321,3860,Hakuna,5,0,1,1.0315,2.4491,0.5753
fixF0_peakVoicing_tonal_db6,0324,0081,Potter,49,1,1,0.6968,1.2712,0.8866
fixF0_peakVoicing_tonal_db6,0324,0423,Potter,49,1,1,0.7855,1.0116,0.9368
fixF0_peakVoicing_tonal_db6,0324,1420,StarWars,49,0,1,0.8113,2.3748,0.6629
fixF0_peakVoicing_tonal_db6,0324,3920,Hakuna,49,0,1,0.7742,2.1855,0.6747
fixF0_peakVoicing_tonal_db6,0324,4138,Hakuna,49,0,1,0.7645,2.0518,0.7620
fixF0_peakVoicing_tonal_db6,0329,0222,Potter,96,1,1,0.7049,1.4674,0.6985
fixF0_peakVoicing_tonal_db6,0329,0715,Potter,96,1,1,0.6423,1.4425,0.8076
fixF0_peakVoicing_tonal_db6,0329,1027,StarWars,96,0,1,0.7645,2.1607,0.6031
fixF0_peakVoicing_tonal_db6,0329,1402,StarWars,96,0,1,0.7854,2.1410,0.5575
fixF0_peakVoicing_tonal_db6,0329,3406,Hakuna,96,0,1,0.6632,1.9138,0.7518
fixF0_peakVoicing_tonal_db6,0329,3938,Hakuna,96,0,1,0.6706,1.9120,0.6633
fixF0_peakVoicing_tonal_db6,0331,0004,Potter,160,1,1,0.6030,1.4009,0.4881
fixF0_peakVoicing_tonal_db6,0331,0517,Potter,160,1,1,0.5045,1.3982,0.5856
fixF0_peakVoicing_tonal_db6,0331,1390,StarWars,160,0,1,0.6818,1.6043,0.4451
fixF0_peakVoicing_tonal_db6,0331,1641,StarWars,160,0,1,0.6667,1.5240,0.4634
fixF0_peakVoicing_tonal_db6,0331,3786,Hakuna,160,0,1,0.5561,1.3194,0.5483
fixF0_peakVoicing_tonal_db6,0331,3994,Hakuna,160,0,1,0.5485,1.3165,0.6255
fixF0_peakVoicing_tonal_db6,0333,3474,Hakuna,82,0,1,0.8821,3.1239,0.4570
fixF0_peakVoicing_tonal_db6,0333,3654,Hakuna,82,0,1,0.9468,3.1016,0.4206
fixF0_peakVoicing_tonal_db6,0337,0538,Potter,16,1,1,0.1724,3.1232,0.2999
fixF0_peakVoicing_tonal_db6,0337,0797,Potter,16,1,1,0.1460,3.5011,0.0575
fixF0_peakVoicing_tonal_db6,0337,1261,StarWars,16,0,1,0.1398,4.3452,0.0411
fixF0_peakVoicing_tonal_db6,0337,1522,StarWars,16,0,1,0.0839,3.8773,-0.1511
fixF0_peakVoicing_tonal_db6,0337,3846,Hakuna,16,0,1,0.7919,3.2920,0.2515
fixF0_peakVoicing_tonal_db6,0337,4150,Hakuna,16,0,1,0.7826,3.3482,0.3793
fixF0_peakVoicing_tonal_db6,0340,0435,Potter,185,1,1,0.5027,2.2971,0.8733
fixF0_peakVoicing_tonal_db6,0340,0666,Potter,185,1,1,0.8411,1.7313,0.5573
fixF0_peakVoicing_tonal_db6,0340,1173,StarWars,185,0,1,0.8425,3.1246,0.3206
fixF0_peakVoicing_tonal_db6,0340,1575,StarWars,185,0,1,0.4945,3.5446,0.1696
fixF0_peakVoicing_tonal_db6,0340,3561,Hakuna,185,0,1,0.7932,2.4205,0.7899
fixF0_peakVoicing_tonal_db6,0340,3613,Hakuna,185,0,1,0.6466,2.6486,0.6183
fixF0_peakVoicing_tonal_db6,0345,0616,Potter,71,1,1,0.5918,3.0132,0.4850
fixF0_peakVoicing_tonal_db6,0345,0753,Potter,71,1,1,0.6348,2.4842,0.6264
fixF0_peakVoicing_tonal_db6,0345,1170,StarWars,71,0,1,0.2383,3.4156,0.1524
fixF0_peakVoicing_tonal_db6,0345,1327,StarWars,71,0,1,0.2129,2.7146,0.5257
fixF0_peakVoicing_tonal_db6,0345,3542,Hakuna,71,0,1,0.3145,3.3131,0.3754
fixF0_peakVoicing_tonal_db6,0345,3755,Hakuna,71,0,1,0.3223,2.5296,0.5634
fixF0_peakVoicing_tonal_db6,0346,0372,Potter,128,1,1,0.6674,1.5339,0.8318
fixF0_peakVoicing_tonal_db6,0346,0440,Potter,128,1,1,0.7190,1.9777,0.6909
fixF0_peakVoicing_tonal_db6,0346,1334,StarWars,128,0,1,0.8642,2.5256,0.6546
fixF0_peakVoicing_tonal_db6,0346,1570,StarWars,128,0,1,0.6323,2.5678,0.5878
fixF0_peakVoicing_tonal_db6,0346,3882,Hakuna,128,0,1,0.7939,3.1357,0.2631
fixF0_peakVoicing_tonal_db6,0346,4119,Hakuna,128,0,1,0.7916,2.7797,0.4116
fixF0_peakVoicing_tonal_db6,0349,0651,Potter,97,1,1,0.9477,1.4724,0.8543
fixF0_peakVoicing_tonal_db6,0349,0706,Potter,97,1,1,0.9012,0.5061,0.9733
fixF0_peakVoicing_tonal_db6,0349,1313,StarWars,97,0,1,0.8241,1.7309,0.7878
fixF0_peakVoicing_tonal_db6,0349,1418,StarWars,97,0,1,0.8081,1.5805,0.8176
fixF0_peakVoicing_tonal_db6,0349,3631,Hakuna,97,0,1,0.7892,1.6494,0.8412
fixF0_peakVoicing_tonal_db6,0349,3919,Hakuna,97,0,1,0.8430,1.9541,0.7821
fixF0_peakVoicing_tonal_db6,0358,0076,Potter,30,1,1,0.6837,2.2126,0.8042
fixF0_peakVoicing_tonal_db6,0358,0151,Potter,30,1,1,0.7677,1.7323,0.8731
fixF0_peakVoicing_tonal_db6,0358,1101,StarWars,30,0,1,0.9160,2.9186,0.6342
fixF0_peakVoicing_tonal_db6,0358,1369,StarWars,30,0,1,0.8501,3.3310,0.4704
fixF0_peakVoicing_tonal_db6,0358,3443,Hakuna,30,0,1,0.7166,2.3337,0.8150
fixF0_peakVoicing_tonal_db6,0358,3694,Hakuna,30,0,1,0.6656,2.9572,0.5824
fixF0_peakVoicing_tonal_db6,0363,0155,Potter,76,1,1,0.8333,1.1190,0.9006
fixF0_peakVoicing_tonal_db6,0363,0584,Potter,76,1,1,0.7837,1.1068,0.8972
fixF0_peakVoicing_tonal_db6,0363,1381,StarWars,76,0,1,0.7500,2.4166,0.4817
fixF0_peakVoicing_tonal_db6,0363,1445,StarWars,76,0,1,0.8381,2.2736,0.3400
fixF0_peakVoicing_tonal_db6,0363,3706,Hakuna,76,0,1,0.8333,1.9419,0.6122
fixF0_peakVoicing_tonal_db6,0363,4048,Hakuna,76,0,1,0.8878,1.7051,0.6519
fixF0_peakVoicing_tonal_db6,0364,0044,Potter,217,1,1,0.9696,1.3252,0.8565
fixF0_peakVoicing_tonal_db6,0364,0101,Potter,217,1,1,0.9841,1.2339,0.8717
fixF0_peakVoicing_tonal_db6,0364,1131,StarWars,217,0,1,0.9768,2.2232,0.5058
fixF0_peakVoicing_tonal_db6,0364,1509,StarWars,217,0,1,1.0839,2.5064,0.4745
fixF0_peakVoicing_tonal_db6,0364,3701,Hakuna,217,0,1,0.8480,1.9882,0.6159
fixF0_peakVoicing_tonal_db6,0364,4103,Hakuna,217,0,1,0.8205,1.7599,0.7066
fixF0_peakVoicing_tonal_db6,0366,0424,Potter,38,1,1,1.0369,0.8901,0.9416
fixF0_peakVoicing_tonal_db6,0366,0829,Potter,38,1,1,1.0323,0.6667,0.8873
fixF0_peakVoicing_tonal_db6,0366,1149,StarWars,38,0,1,0.8892,1.8355,0.7162
fixF0_peakVoicing_tonal_db6,0366,1273,StarWars,38,0,1,0.8831,1.8866,0.7430
fixF0_peakVoicing_tonal_db6,0366,3506,Hakuna,38,0,1,0.7892,2.0524,0.5803
fixF0_peakVoicing_tonal_db6,0366,3732,Hakuna,38,0,1,0.8631,2.0929,0.5036
fixF0_peakVoicing_tonal_db6,0375,0408,Potter,145,1,1,0.9168,3.3563,0.5005
fixF0_peakVoicing_tonal_db6,0375,0619,Potter,145,1,1,0.9800,0.9895,0.8954
fixF0_peakVoicing_tonal_db6,0375,0956,StarWars,145,0,1,1.1079,3.3259,0.5511
fixF0_peakVoicing_tonal_db6,0375,1199,StarWars,145,0,1,1.1202,3.5640,0.5306
fixF0_peakVoicing_tonal_db6,0375,3712,Hakuna,145,0,1,0.9461,2.2744,0.7419
fixF0_peakVoicing_tonal_db6,0375,3793,Hakuna,145,0,1,1.0108,2.2393,0.7797
fixF0_peakVoicing_tonal_db6,0376,0311,Potter,218,1,1,0.9479,2.4077,0.6744
fixF0_peakVoicing_tonal_db6,0376,0518,Potter,218,1,1,0.8398,2.1482,0.6552
fixF0_peakVoicing_tonal_db6,0376,0994,StarWars,218,0,1,1.0154,2.1398,0.8416
fixF0_peakVoicing_tonal_db6,0376,1220,StarWars,218,0,1,0.8861,1.7865,0.8734
fixF0_peakVoicing_tonal_db6,0376,3475,Hakuna,218,0,1,1.0251,3.4748,0.2924
fixF0_peakVoicing_tonal_db6,0376,3521,Hakuna,218,0,1,1.0502,3.8509,-0.0368
fixF0_peakVoicing_tonal_db6,0378,0295,Potter,83,1,1,1.0423,3.0750,0.3736
fixF0_peakVoicing_tonal_db6,0378,0648,Potter,83,1,1,1.1387,1.8098,0.8161
fixF0_peakVoicing_tonal_db6,0378,1165,StarWars,83,0,1,1.0711,2.7409,0.7134
fixF0_peakVoicing_tonal_db6,0378,1491,StarWars,83,0,1,1.0694,2.4721,0.6800
fixF0_peakVoicing_tonal_db6,0378,3452,Hakuna,83,0,1,0.9052,3.6073,0.3911
fixF0_peakVoicing_tonal_db6,0378,4101,Hakuna,83,0,1,0.8748,3.3690,0.4266
fixF0_peakVoicing_tonal_db6,0382,1030,StarWars,212,0,1,0.6518,3.0631,0.3839
fixF0_peakVoicing_tonal_db6,0382,1646,StarWars,212,0,1,0.7550,2.5566,0.1584
fixF0_peakVoicing_tonal_db6,0382,3761,Hakuna,212,0,1,0.6626,2.4989,0.2478
fixF0_peakVoicing_tonal_db6,0382,3907,Hakuna,212,0,1,0.7211,2.7036,0.2320
fixF0_peakVoicing_tonal_db6,0383,0041,Potter,151,1,1,0.8438,1.2888,0.9153
fixF0_peakVoicing_tonal_db6,0383,0778,Potter,151,1,1,0.7912,1.2217,0.9466
fixF0_peakVoicing_tonal_db6,0383,1060,StarWars,151,0,1,1.0679,2.3784,0.6623
fixF0_peakVoicing_tonal_db6,0383,1252,StarWars,151,0,1,1.0306,2.2909,0.6785
fixF0_peakVoicing_tonal_db6,0383,3523,Hakuna,151,0,1,0.7267,2.2903,0.6130
fixF0_peakVoicing_tonal_db6,0383,3573,Hakuna,151,0,1,0.7351,2.3865,0.5501
fixF0_peakVoicing_tonal_db6,0391,0708,Potter,9,1,1,0.7081,1.9793,0.5327
fixF0_peakVoicing_tonal_db6,0391,0757,Potter,9,1,1,0.8493,1.8808,0.6279
fixF0_peakVoicing_tonal_db6,0391,1280,StarWars,9,0,1,0.5518,2.1331,0.6383
fixF0_peakVoicing_tonal_db6,0391,1463,StarWars,9,0,1,0.5989,2.4275,0.5185
fixF0_peakVoicing_tonal_db6,0391,3431,Hakuna,9,0,1,0.3164,2.6116,0.3706
fixF0_peakVoicing_tonal_db6,0391,3525,Hakuna,9,0,1,0.3691,1.6639,0.6998
fixF0_peakVoicing_tonal_db6,0392,0713,Potter,3,1,1,0.3346,2.2173,0.8441
fixF0_peakVoicing_tonal_db6,0392,0748,Potter,3,1,1,0.2955,2.8145,0.5076
fixF0_peakVoicing_tonal_db6,0392,0974,StarWars,3,0,1,0.3895,2.7811,0.5930
fixF0_peakVoicing_tonal_db6,0393,0075,Potter,55,1,1,0.7776,2.2933,0.7965
fixF0_peakVoicing_tonal_db6,0393,0785,Potter,55,1,1,0.7268,1.9585,0.7969
fixF0_peakVoicing_tonal_db6,0393,1160,StarWars,55,0,1,0.6532,2.6724,0.4697
fixF0_peakVoicing_tonal_db6,0393,1648,StarWars,55,0,1,0.9492,2.1867,0.6276
fixF0_peakVoicing_tonal_db6,0393,3887,Hakuna,55,0,1,0.8669,2.3484,0.5416
fixF0_peakVoicing_tonal_db6,0393,4060,Hakuna,55,0,1,0.7758,2.2431,0.6560
fixF0_peakVoicing_tonal_db6,0398,0699,Potter,154,1,1,0.5113,1.5872,0.5615
fixF0_peakVoicing_tonal_db6,0398,0790,Potter,154,1,1,0.5887,1.6965,0.6806
fixF0_peakVoicing_tonal_db6,0398,1008,StarWars,154,0,1,0.3057,1.5747,0.6484
fixF0_peakVoicing_tonal_db6,0398,1152,StarWars,154,0,1,0.4226,1.5663,0.6407
fixF0_peakVoicing_tonal_db6,0398,3375,Hakuna,154,0,1,0.5170,1.6138,0.5185
fixF0_peakVoicing_tonal_db6,0398,3762,Hakuna,154,0,1,0.7377,2.0334,0.4627
fixF0_peakVoicing_tonal_db6,0399,0292,Potter,166,1,1,0.7924,1.7640,0.7732
fixF0_peakVoicing_tonal_db6,0399,0353,Potter,166,1,1,1.1316,2.0578,0.6298
fixF0_peakVoicing_tonal_db6,0399,1233,StarWars,166,0,1,0.6689,1.6920,0.6987
fixF0_peakVoicing_tonal_db6,0399,1267,StarWars,166,0,1,0.6676,1.8593,0.6205
fixF0_peakVoicing_tonal_db6,0401,0477,Potter,17,1,1,0.8386,1.2365,0.8462
fixF0_peakVoicing_tonal_db6,0401,0558,Potter,17,1,1,0.7962,1.2608,0.8077
fixF0_peakVoicing_tonal_db6,0401,1609,StarWars,17,0,1,0.7907,1.9734,0.6608
fixF0_peakVoicing_tonal_db6,0401,1620,StarWars,17,0,1,0.7360,1.8980,0.7041
fixF0_peakVoicing_tonal_db6,0401,3878,Hakuna,17,0,1,0.7415,1.5234,0.7217
fixF0_peakVoicing_tonal_db6,0401,4105,Hakuna,17,0,1,0.6908,1.3705,0.8058
fixF0_peakVoicing_tonal_db6,0402,0438,Potter,192,1,1,0.6445,1.6688,0.7271
fixF0_peakVoicing_tonal_db6,0402,0783,Potter,192,1,1,0.6649,1.7457,0.7079
fixF0_peakVoicing_tonal_db6,0402,0909,StarWars,192,0,1,0.7232,2.5923,0.1108
fixF0_peakVoicing_tonal_db6,0402,1642,StarWars,192,0,1,0.7178,2.3173,0.3946
fixF0_peakVoicing_tonal_db6,0402,3741,Hakuna,192,0,1,0.6730,2.0202,0.5834
fixF0_peakVoicing_tonal_db6,0402,4148,Hakuna,192,0,1,0.7028,2.1934,0.5322
fixF0_peakVoicing_tonal_db6,0405,0328,Potter,106,1,1,0.5954,1.9350,0.5972
fixF0_peakVoicing_tonal_db6,0405,0777,Potter,106,1,1,0.6678,2.2078,0.4429
fixF0_peakVoicing_tonal_db6,0405,1062,StarWars,106,0,1,0.6595,2.4948,0.6109
fixF0_peakVoicing_tonal_db6,0405,1581,StarWars,106,0,1,0.3799,2.0548,0.7395
fixF0_peakVoicing_tonal_db6,0405,3427,Hakuna,106,0,1,0.6283,4.6678,0.4812
fixF0_peakVoicing_tonal_db6,0405,4075,Hakuna,106,0,1,0.5724,2.9848,0.5792
fixF0_peakVoicing_tonal_db6,0413,0125,Potter,205,1,1,0.5993,1.9417,0.7918
fixF0_peakVoicing_tonal_db6,0413,0359,Potter,205,1,1,0.6157,1.6725,0.7825
fixF0_peakVoicing_tonal_db6,0413,0966,StarWars,205,0,1,0.6230,1.5669,0.8197
fixF0_peakVoicing_tonal_db6,0413,1480,StarWars,205,0,1,0.6029,2.3395,0.5325
fixF0_peakVoicing_tonal_db6,0413,3529,Hakuna,205,0,1,0.4736,2.3970,0.5003
fixF0_peakVoicing_tonal_db6,0413,3581,Hakuna,205,0,1,0.5446,2.4439,0.4994
fixF0_peakVoicing_tonal_db6,0414,0243,Potter,139,1,1,0.8950,0.9843,0.8998
fixF0_peakVoicing_tonal_db6,0414,0824,Potter,139,1,1,0.7900,1.0642,0.9076
fixF0_peakVoicing_tonal_db6,0414,0999,StarWars,139,0,1,0.7453,2.4357,0.5966
fixF0_peakVoicing_tonal_db6,0414,1240,StarWars,139,0,1,0.6936,2.0957,0.5450
fixF0_peakVoicing_tonal_db6,0414,3969,Hakuna,139,0,1,0.7281,2.0812,0.5051
fixF0_peakVoicing_tonal_db6,0414,4035,Hakuna,139,0,1,0.6954,2.4266,0.3613
fixF0_peakVoicing_tonal_db6,0415,0246,Potter,190,1,1,0.7698,0.8056,0.8349
fixF0_peakVoicing_tonal_db6,0415,0410,Potter,190,1,1,0.8309,0.8988,0.6759
fixF0_peakVoicing_tonal_db6,0415,1077,StarWars,190,0,1,0.7392,1.2305,0.6524
fixF0_peakVoicing_tonal_db6,0415,1085,StarWars,190,0,1,0.6565,1.3218,0.5332
fixF0_peakVoicing_tonal_db6,0415,3625,Hakuna,190,0,1,0.7374,1.5010,0.4784
fixF0_peakVoicing_tonal_db6,0415,3898,Hakuna,190,0,1,0.7914,1.1183,0.5700
fixF0_peakVoicing_tonal_db6,0419,0582,Potter,57,1,1,0.8914,1.8434,0.7362
fixF0_peakVoicing_tonal_db6,0419,0801,Potter,57,1,1,0.9200,1.5501,0.8608
fixF0_peakVoicing_tonal_db6,0419,0985,StarWars,57,0,1,0.9352,2.0542,0.6615
fixF0_peakVoicing_tonal_db6,0419,1249,StarWars,57,0,1,0.8724,2.0451,0.6435
fixF0_peakVoicing_tonal_db6,0419,3745,Hakuna,57,0,1,1.4171,2.3199,0.3519
fixF0_peakVoicing_tonal_db6,0419,3802,Hakuna,57,0,1,1.4133,2.1771,0.4121
fixF0_peakVoicing_tonal_db6,0420,0489,Potter,87,1,1,0.8278,1.1514,0.8572
fixF0_peakVoicing_tonal_db6,0420,0684,Potter,87,1,1,0.7314,1.2107,0.8291
fixF0_peakVoicing_tonal_db6,0420,1090,StarWars,87,0,1,0.7425,1.6717,0.6447
fixF0_peakVoicing_tonal_db6,0420,1460,StarWars,87,0,1,0.7788,2.3050,0.4054
fixF0_peakVoicing_tonal_db6,0420,3341,Hakuna,87,0,1,0.7330,2.2032,0.4447
fixF0_peakVoicing_tonal_db6,0420,3728,Hakuna,87,0,1,0.7077,2.0878,0.5207
fixF0_peakVoicing_tonal_db6,0429,0418,Potter,111,1,1,0.9176,3.2906,0.3574
fixF0_peakVoicing_tonal_db6,0429,0454,Potter,111,1,1,0.6430,3.8152,0.2639
fixF0_peakVoicing_tonal_db6,0429,0940,StarWars,111,0,1,0.5153,2.6491,0.4361
fixF0_peakVoicing_tonal_db6,0429,1398,StarWars,111,0,1,0.5121,2.4652,0.7503
fixF0_peakVoicing_tonal_db6,0429,4091,Hakuna,111,0,1,0.7157,2.7608,0.4212
fixF0_peakVoicing_tonal_db6,0429,4133,Hakuna,111,0,1,0.5816,3.3477,0.2639
fixF0_peakVoicing_tonal_db6,0430,0286,Potter,47,1,1,0.6621,1.5598,0.8256
fixF0_peakVoicing_tonal_db6,0430,0443,Potter,47,1,1,0.5592,1.6262,0.7997
fixF0_peakVoicing_tonal_db6,0430,1258,StarWars,47,0,1,0.7728,2.3306,0.6027
fixF0_peakVoicing_tonal_db6,0430,1300,StarWars,47,0,1,0.5515,2.2922,0.5999
fixF0_peakVoicing_tonal_db6,0430,4019,Hakuna,47,0,1,0.8175,2.1750,0.5147
fixF0_peakVoicing_tonal_db6,0430,4044,Hakuna,47,0,1,0.8738,1.8111,0.6871
fixF0_peakVoicing_tonal_db6,0431,0187,Potter,214,1,1,0.7928,2.3666,0.5804
fixF0_peakVoicing_tonal_db6,0431,0702,Potter,214,1,1,0.9359,2.0656,0.5875
fixF0_peakVoicing_tonal_db6,0431,1540,StarWars,214,0,1,0.7496,1.8646,0.5407
fixF0_peakVoicing_tonal_db6,0431,1618,StarWars,214,0,1,0.8882,2.4765,0.4301
fixF0_peakVoicing_tonal_db6,0431,3941,Hakuna,214,0,1,0.8539,2.5779,0.4355
fixF0_peakVoicing_tonal_db6,0431,4078,Hakuna,214,0,1,0.8480,2.1862,0.6024
fixF0_peakVoicing_tonal_db6,0444,0194,Potter,169,1,1,0.6599,2.0563,0.6489
fixF0_peakVoicing_tonal_db6,0444,0728,Potter,169,1,1,0.6959,1.8756,0.6905
fixF0_peakVoicing_tonal_db6,0444,0848,StarWars,169,0,1,0.7257,2.2924,0.5193
fixF0_peakVoicing_tonal_db6,0444,1533,StarWars,169,0,1,0.6865,2.4586,0.4429
fixF0_peakVoicing_tonal_db6,0444,3399,Hakuna,169,0,1,0.7288,2.3434,0.4732
fixF0_peakVoicing_tonal_db6,0444,3605,Hakuna,169,0,1,0.6614,2.2707,0.5809
fixF0_peakVoicing_tonal_db6,0446,0131,Potter,53,1,1,1.1506,1.0782,0.8878
fixF0_peakVoicing_tonal_db6,0446,0689,Potter,53,1,1,1.1170,1.3276,0.8633
fixF0_peakVoicing_tonal_db6,0446,1269,StarWars,53,0,1,0.8061,3.1667,0.3063
fixF0_peakVoicing_tonal_db6,0446,1596,StarWars,53,0,1,0.8125,3.0762,0.3628
fixF0_peakVoicing_tonal_db6,0446,3585,Hakuna,53,0,1,0.7260,2.7849,0.3561
fixF0_peakVoicing_tonal_db6,0446,3856,Hakuna,53,0,1,0.6651,2.0806,0.6436
fixF0_peakVoicing_tonal_db6,0447,0384,Potter,228,1,1,0.5601,1.3372,0.7546
fixF0_peakVoicing_tonal_db6,0447,0820,Potter,228,1,1,0.1611,2.7554,0.1960
fixF0_peakVoicing_tonal_db6,0447,1339,StarWars,228,0,1,0.1202,2.1013,0.3743
fixF0_peakVoicing_tonal_db6,0447,3896,Hakuna,228,0,1,0.1514,1.4098,0.7032
fixF0_peakVoicing_tonal_db6,0448,0202,Potter,164,1,1,0.9423,1.1518,0.8940
fixF0_peakVoicing_tonal_db6,0448,0293,Potter,164,1,1,0.9266,1.1432,0.9011
fixF0_peakVoicing_tonal_db6,0448,1315,StarWars,164,0,1,1.0017,2.1200,0.6651
fixF0_peakVoicing_tonal_db6,0448,1482,StarWars,164,0,1,0.9266,1.9299,0.6863
fixF0_peakVoicing_tonal_db6,0448,3746,Hakuna,164,0,1,0.7920,1.9047,0.7711
fixF0_peakVoicing_tonal_db6,0448,3954,Hakuna,164,0,1,0.7902,1.8338,0.7525
fixF0_peakVoicing_tonal_db6,0452,0484,Potter,162,1,1,0.6894,0.9867,0.9619
fixF0_peakVoicing_tonal_db6,0452,0599,Potter,162,1,1,0.7591,0.6593,0.9808
fixF0_peakVoicing_tonal_db6,0452,1508,StarWars,162,0,1,0.7116,2.8684,0.6456
fixF0_peakVoicing_tonal_db6,0452,1606,StarWars,162,0,1,0.7496,2.3884,0.7242
fixF0_peakVoicing_tonal_db6,0453,0377,Potter,234,1,1,0.8966,2.2915,0.8173
fixF0_peakVoicing_tonal_db6,0453,0406,Potter,234,1,1,0.9920,2.0250,0.8226
fixF0_peakVoicing_tonal_db6,0453,0906,StarWars,234,0,1,0.9980,3.0549,0.6521
fixF0_peakVoicing_tonal_db6,0453,3484,Hakuna,234,0,1,0.8569,2.6980,0.8343
fixF0_peakVoicing_tonal_db6,0453,3975,Hakuna,234,0,1,0.9165,3.1212,0.6558
fixF0_peakVoicing_tonal_db6,0455,0140,Potter,175,1,1,0.6526,1.8988,0.8550
fixF0_peakVoicing_tonal_db6,0455,0758,Potter,175,1,1,0.7805,3.4498,0.5377
fixF0_peakVoicing_tonal_db6,0455,1428,StarWars,175,0,1,0.6831,3.3614,0.5258
fixF0_peakVoicing_tonal_db6,0455,1599,StarWars,175,0,1,0.7195,2.7463,0.5958
fixF0_peakVoicing_tonal_db6,0463,0286,Potter,47,1,1,0.7680,1.3373,0.8682
fixF0_peakVoicing_tonal_db6,0463,0443,Potter,47,1,1,0.6486,1.4973,0.8124
fixF0_peakVoicing_tonal_db6,0463,1258,StarWars,47,0,1,0.8964,2.3642,0.2695
fixF0_peakVoicing_tonal_db6,0463,1300,StarWars,47,0,1,0.6396,2.1230,0.5600
fixF0_peakVoicing_tonal_db6,0463,4019,Hakuna,47,0,1,0.9482,2.0448,0.5224
fixF0_peakVoicing_tonal_db6,0463,4044,Hakuna,47,0,1,1.0135,1.6347,0.7519
fixF0_peakVoicing_tonal_db6,0466,0181,Potter,13,1,1,0.9188,1.5413,0.7994
fixF0_peakVoicing_tonal_db6,0466,0299,Potter,13,1,1,0.7950,1.6302,0.7597
fixF0_peakVoicing_tonal_db6,0466,1619,StarWars,13,0,1,0.6209,1.6541,0.7570
fixF0_peakVoicing_tonal_db6,0466,3353,Hakuna,13,0,1,0.7930,1.8839,0.6324
fixF0_peakVoicing_tonal_db6,0466,4020,Hakuna,13,0,1,0.7427,1.7814,0.5534
fixF0_peakVoicing_tonal_db6,0472,0275,Potter,33,1,1,0.8399,1.2717,0.9018
fixF0_peakVoicing_tonal_db6,0472,0468,Potter,33,1,1,0.8811,1.6114,0.8485
fixF0_peakVoicing_tonal_db6,0472,0888,StarWars,33,0,1,0.8994,3.5661,0.3512
fixF0_peakVoicing_tonal_db6,0472,1174,StarWars,33,0,1,0.8720,3.5480,0.2270
fixF0_peakVoicing_tonal_db6,0472,3868,Hakuna,33,0,1,0.7210,3.7000,0.2284
fixF0_peakVoicing_tonal_db6,0474,0182,Potter,61,1,1,0.8442,2.3118,0.4513
fixF0_peakVoicing_tonal_db6,0474,0336,Potter,61,1,1,0.6342,2.1715,0.6155
fixF0_peakVoicing_tonal_db6,0474,1236,StarWars,61,0,1,0.3874,2.1274,0.4870
fixF0_peakVoicing_tonal_db6,0474,1318,StarWars,61,0,1,0.6450,2.4313,0.3943
fixF0_peakVoicing_tonal_db6,0474,3492,Hakuna,61,0,1,0.4026,1.2050,0.8546
fixF0_peakVoicing_tonal_db6,0474,3524,Hakuna,61,0,1,0.3225,1.9232,0.6330
fixF0_peakVoicing_tonal_db6,0478,0145,Potter,141,1,1,0.8139,1.6930,0.7764
fixF0_peakVoicing_tonal_db6,0478,0620,Potter,141,1,1,0.4969,1.9738,0.6866
fixF0_peakVoicing_tonal_db6,0478,1636,StarWars,141,0,1,0.8650,2.5799,0.1074
fixF0_peakVoicing_tonal_db6,0478,1652,StarWars,141,0,1,0.8078,2.8357,-0.2257
fixF0_peakVoicing_tonal_db6,0478,3687,Hakuna,141,0,1,0.7975,2.3110,0.4088
fixF0_peakVoicing_tonal_db6,0478,3895,Hakuna,141,0,1,0.7935,2.2451,0.5528
fixF0_peakVoicing_tonal_db6,0485,0649,Potter,197,1,1,0.7038,0.8856,0.9644
fixF0_peakVoicing_tonal_db6,0485,0688,Potter,197,1,1,0.7880,0.9867,0.9037
fixF0_peakVoicing_tonal_db6,0485,0921,StarWars,197,0,1,0.7474,2.8205,0.5426
fixF0_peakVoicing_tonal_db6,0485,1322,StarWars,197,0,1,0.5820,2.4425,0.6881
fixF0_peakVoicing_tonal_db6,0485,3512,Hakuna,197,0,1,0.6782,1.7193,0.8512
fixF0_peakVoicing_tonal_db6,0485,3851,Hakuna,197,0,1,0.6887,1.6851,0.8571
fixF0_peakVoicing_tonal_db6,0491,0008,Potter,213,1,1,0.8604,0.4240,0.9816
fixF0_peakVoicing_tonal_db6,0491,0681,Potter,213,1,1,0.8283,0.4757,0.9819
fixF0_peakVoicing_tonal_db6,0491,0860,StarWars,213,0,1,0.8379,2.3946,0.7840
fixF0_peakVoicing_tonal_db6,0491,1317,StarWars,213,0,1,0.7978,2.3415,0.7519
fixF0_peakVoicing_tonal_db6,0491,3548,Hakuna,213,0,1,0.6404,1.7799,0.8565
fixF0_peakVoicing_tonal_db6,0491,3720,Hakuna,213,0,1,0.6918,1.9508,0.7957
fixF0_peakVoicing_tonal_db6,0493,0282,Potter,8,1,1,1.0614,1.8368,0.7973
fixF0_peakVoicing_tonal_db6,0493,0802,Potter,8,1,1,0.9187,1.1825,0.8850
fixF0_peakVoicing_tonal_db6,0493,1046,StarWars,8,0,1,0.8109,2.3756,0.2365
fixF0_peakVoicing_tonal_db6,0493,1667,StarWars,8,0,1,0.8275,2.0907,0.5791
fixF0_peakVoicing_tonal_db6,0493,3795,Hakuna,8,0,1,0.7280,2.0335,0.6439
fixF0_peakVoicing_tonal_db6,0493,4144,Hakuna,8,0,1,0.7297,2.0942,0.5468
fixF0_peakVoicing_tonal_db6,0494,0808,Potter,171,1,1,1.0247,1.1007,0.9151
fixF0_peakVoicing_tonal_db6,0494,1079,StarWars,171,0,1,1.0300,1.9123,0.5893
fixF0_peakVoicing_tonal_db6,0494,1112,StarWars,171,0,1,0.9240,2.0585,0.5968
fixF0_peakVoicing_tonal_db6,0495,0125,Potter,205,1,1,0.5456,1.9655,0.6711
fixF0_peakVoicing_tonal_db6,0495,0359,Potter,205,1,1,0.5605,1.7157,0.7147
fixF0_peakVoicing_tonal_db6,0495,0966,StarWars,205,0,1,0.5672,1.7405,0.6339
fixF0_peakVoicing_tonal_db6,0495,1480,StarWars,205,0,1,0.5489,2.2573,0.4158
fixF0_peakVoicing_tonal_db6,0495,3529,Hakuna,205,0,1,0.4312,2.4008,0.4573
fixF0_peakVoicing_tonal_db6,0495,3581,Hakuna,205,0,1,0.4959,2.1806,0.6106
fixF0_peakVoicing_tonal_db6,0496,1030,StarWars,212,0,1,0.6682,2.6527,0.4689
fixF0_peakVoicing_tonal_db6,0496,1646,StarWars,212,0,1,0.7741,2.2992,0.1285
fixF0_peakVoicing_tonal_db6,0496,3761,Hakuna,212,0,1,0.6793,2.2495,0.2796
fixF0_peakVoicing_tonal_db6,0496,3907,Hakuna,212,0,1,0.7393,2.5393,0.2066
fixF0_peakVoicing_tonal_db6,0498,0613,Potter,137,1,1,1.3343,1.1993,0.8211
fixF0_peakVoicing_tonal_db6,0498,0788,Potter,137,1,1,1.2310,1.4509,0.7772
fixF0_peakVoicing_tonal_db6,0498,1163,StarWars,137,0,1,1.3951,1.9847,0.6810
fixF0_peakVoicing_tonal_db6,0498,1177,StarWars,137,0,1,1.4650,2.2050,0.6718
fixF0_peakVoicing_tonal_db6,0498,3594,Hakuna,137,0,1,1.5988,1.9450,0.6159
fixF0_peakVoicing_tonal_db6,0498,3944,Hakuna,137,0,1,1.4590,1.5563,0.7900
fixF0_peakVoicing_tonal_db6,0499,0177,Potter,14,1,1,0.7824,1.9169,0.7959
fixF0_peakVoicing_tonal_db6,0499,0774,Potter,14,1,1,0.7824,1.7289,0.8267
fixF0_peakVoicing_tonal_db6,0499,1435,StarWars,14,0,1,0.6882,2.5524,0.6437
fixF0_peakVoicing_tonal_db6,0499,1519,StarWars,14,0,1,0.6397,2.5181,0.6188
fixF0_peakVoicing_tonal_db6,0499,3682,Hakuna,14,0,1,0.5485,2.5758,0.5473
fixF0_peakVoicing_tonal_db6,0499,3807,Hakuna,14,0,1,0.5706,2.5516,0.6715
fixF0_peakVoicing_tonal_db6,0500,0708,Potter,9,1,1,0.7475,2.0489,0.6261
fixF0_peakVoicing_tonal_db6,0500,0757,Potter,9,1,1,0.8966,1.6872,0.7114
fixF0_peakVoicing_tonal_db6,0500,1280,StarWars,9,0,1,0.5825,2.0645,0.7565
fixF0_peakVoicing_tonal_db6,0500,1463,StarWars,9,0,1,0.6322,2.6635,0.4548
fixF0_peakVoicing_tonal_db6,0500,3431,Hakuna,9,0,1,0.3340,2.6284,0.4807
fixF0_peakVoicing_tonal_db6,0500,3525,Hakuna,9,0,1,0.3897,1.7486,0.6754
fixF0_peakVoicing_tonal_db6,0507,0699,Potter,154,1,1,0.5162,1.3384,0.6556
fixF0_peakVoicing_tonal_db6,0507,0790,Potter,154,1,1,0.5943,1.4749,0.6163
fixF0_peakVoicing_tonal_db6,0507,1008,StarWars,154,0,1,0.3086,1.4416,0.7008
fixF0_peakVoicing_tonal_db6,0507,1152,StarWars,154,0,1,0.4267,1.5650,0.6860
fixF0_peakVoicing_tonal_db6,0507,3375,Hakuna,154,0,1,0.5219,1.5326,0.6213
fixF0_peakVoicing_tonal_db6,0507,3762,Hakuna,154,0,1,0.7448,1.9652,0.4922
fixF0_peakVoicing_tonal_db6,0510,0437,Potter,40,1,1,0.6667,1.3732,0.9276
fixF0_peakVoicing_tonal_db6,0510,0502,Potter,40,1,1,0.5206,2.4095,0.7415
fixF0_peakVoicing_tonal_db6,0510,0892,StarWars,40,0,1,0.5365,2.4867,0.6835
fixF0_peakVoicing_tonal_db6,0510,1600,StarWars,40,0,1,0.5193,2.7252,0.6487
fixF0_peakVoicing_tonal_db6,0510,3966,Hakuna,40,0,1,0.5498,3.0258,0.4944
fixF0_peakVoicing_tonal_db6,0510,4094,Hakuna,40,0,1,0.4993,2.9183,0.6155
fixF0_peakVoicing_tonal_db6,0512,0356,Potter,196,1,1,0.9115,1.7499,0.8416
fixF0_peakVoicing_tonal_db6,0512,0686,Potter,196,1,1,0.8363,1.6597,0.8637
fixF0_peakVoicing_tonal_db6,0512,0907,StarWars,196,0,1,0.8097,2.1334,0.7992
fixF0_peakVoicing_tonal_db6,0512,1611,StarWars,196,0,1,0.7876,2.0895,0.8364
fixF0_peakVoicing_tonal_db6,0512,4056,Hakuna,196,0,1,0.8363,2.4465,0.5628
fixF0_peakVoicing_tonal_db6,0512,4082,Hakuna,196,0,1,0.8805,2.1944,0.7590
fixF0_peakVoicing_tonal_db6,0515,0273,Potter,172,1,1,0.7481,3.0449,0.4552
fixF0_peakVoicing_tonal_db6,0515,1064,StarWars,172,0,1,0.7527,2.5294,0.6712
fixF0_peakVoicing_tonal_db6,0515,1498,StarWars,172,0,1,0.6352,2.8059,0.6125
fixF0_peakVoicing_tonal_db6,0515,3708,Hakuna,172,0,1,0.7403,2.8678,0.6036
fixF0_peakVoicing_tonal_db6,0515,4145,Hakuna,172,0,1,0.7543,2.8418,0.5888
fixF0_peakVoicing_tonal_db6,0526,0732,Potter,150,1,1,0.9457,0.9269,0.9376
fixF0_peakVoicing_tonal_db6,0526,0825,Potter,150,1,1,1.2301,0.8708,0.9040
fixF0_peakVoicing_tonal_db6,0526,0844,StarWars,150,0,1,1.1304,2.9042,0.4827
fixF0_peakVoicing_tonal_db6,0526,1510,StarWars,150,0,1,1.0797,2.6996,0.5817
fixF0_peakVoicing_tonal_db6,0526,3493,Hakuna,150,0,1,1.0217,2.3310,0.6458
fixF0_peakVoicing_tonal_db6,0526,3767,Hakuna,150,0,1,0.9638,1.8979,0.6904
fixF0_peakVoicing_tonal_db6,0527,0326,Potter,23,1,1,1.0337,1.3537,0.7531
fixF0_peakVoicing_tonal_db6,0527,0682,Potter,23,1,1,0.7802,1.2264,0.7130
fixF0_peakVoicing_tonal_db6,0527,1335,StarWars,23,0,1,0.9188,2.4244,0.5020
fixF0_peakVoicing_tonal_db6,0527,1448,StarWars,23,0,1,0.8396,2.1456,0.4259
fixF0_peakVoicing_tonal_db6,0530,0071,Potter,109,1,1,0.9382,2.6969,0.4958
fixF0_peakVoicing_tonal_db6,0530,0388,Potter,109,1,1,1.0067,2.2556,0.5609
fixF0_peakVoicing_tonal_db6,0530,0986,StarWars,109,0,1,0.9082,2.6294,0.5058
fixF0_peakVoicing_tonal_db6,0530,1078,StarWars,109,0,1,0.9699,2.9528,0.4417
fixF0_peakVoicing_tonal_db6,0530,3457,Hakuna,109,0,1,0.7462,2.5233,0.5248
fixF0_peakVoicing_tonal_db6,0530,3837,Hakuna,109,0,1,0.6895,2.5786,0.5942
fixF0_peakVoicing_tonal_db6,0540,0319,Potter,54,1,1,0.9784,1.2192,0.8492
fixF0_peakVoicing_tonal_db6,0540,0573,Potter,54,1,1,0.9928,0.9781,0.9158
fixF0_peakVoicing_tonal_db6,0540,0885,StarWars,54,0,1,0.9914,2.4461,0.7329
fixF0_peakVoicing_tonal_db6,0540,1561,StarWars,54,0,1,0.8446,2.6214,0.7306
fixF0_peakVoicing_tonal_db6,0540,3395,Hakuna,54,0,1,0.8791,1.8634,0.8083
fixF0_peakVoicing_tonal_db6,0540,3880,Hakuna,54,0,1,0.8259,1.8160,0.8274
fixF0_peakVoicing_tonal_db6,0543,0418,Potter,111,1,1,0.8465,3.4281,0.3738
fixF0_peakVoicing_tonal_db6,0543,0454,Potter,111,1,1,0.5931,3.7642,0.3750
fixF0_peakVoicing_tonal_db6,0543,0940,StarWars,111,0,1,0.4754,2.6926,0.5133
fixF0_peakVoicing_tonal_db6,0543,1398,StarWars,111,0,1,0.4724,2.5647,0.7155
fixF0_peakVoicing_tonal_db6,0543,4091,Hakuna,111,0,1,0.6602,2.7887,0.5495
fixF0_peakVoicing_tonal_db6,0543,4133,Hakuna,111,0,1,0.5365,3.3041,0.3909
fixF0_peakVoicing_tonal_db6,0545,0005,Potter,216,1,1,0.6332,3.2203,0.3530
fixF0_peakVoicing_tonal_db6,0545,0036,Potter,216,1,1,0.7458,3.6445,0.4640
fixF0_peakVoicing_tonal_db6,0545,3704,Hakuna,216,0,1,0.5068,2.9143,0.5665
fixF0_peakVoicing_tonal_db6,0545,3876,Hakuna,216,0,1,0.6027,3.1830,0.6481
fixF0_peakVoicing_tonal_db6,0549,0361,Potter,46,1,1,1.1000,1.2997,0.8438
fixF0_peakVoicing_tonal_db6,0549,0632,Potter,46,1,1,1.0268,1.3029,0.8524
fixF0_peakVoicing_tonal_db6,0549,0841,StarWars,46,0,1,0.9411,1.8102,0.7291
fixF0_peakVoicing_tonal_db6,0549,1237,StarWars,46,0,1,1.0143,1.8186,0.7149
fixF0_peakVoicing_tonal_db6,0549,3661,Hakuna,46,0,1,0.8661,1.4018,0.8597
fixF0_peakVoicing_tonal_db6,0549,4156,Hakuna,46,0,1,0.8964,1.4890,0.8012
fixF0_peakVoicing_tonal_db6,0555,0295,Potter,83,1,1,1.0318,2.9583,0.5440
fixF0_peakVoicing_tonal_db6,0555,0648,Potter,83,1,1,1.1273,2.1455,0.7877
fixF0_peakVoicing_tonal_db6,0555,1165,StarWars,83,0,1,1.0603,2.6496,0.7353
fixF0_peakVoicing_tonal_db6,0555,1491,StarWars,83,0,1,1.0586,2.5682,0.6877
fixF0_peakVoicing_tonal_db6,0555,3452,Hakuna,83,0,1,0.8961,3.5941,0.4690
fixF0_peakVoicing_tonal_db6,0555,4101,Hakuna,83,0,1,0.8660,3.2172,0.5168
fixF0_peakVoicing_tonal_db6,0556,0365,Potter,80,1,1,0.1506,6.0458,0.3205
fixF0_peakVoicing_tonal_db6,0556,0514,Potter,80,1,1,0.0881,3.4149,0.2015
fixF0_peakVoicing_tonal_db6,0561,0372,Potter,128,1,1,0.6477,1.4945,0.8726
fixF0_peakVoicing_tonal_db6,0561,0440,Potter,128,1,1,0.6977,1.6616,0.8256
fixF0_peakVoicing_tonal_db6,0561,1334,StarWars,128,0,1,0.8386,2.7276,0.6524
fixF0_peakVoicing_tonal_db6,0561,1570,StarWars,128,0,1,0.6136,2.2570,0.7115
fixF0_peakVoicing_tonal_db6,0561,3882,Hakuna,128,0,1,0.7705,2.8668,0.4719
fixF0_peakVoicing_tonal_db6,0561,4119,Hakuna,128,0,1,0.7682,2.7468,0.4966
fixF0_peakVoicing_tonal_db6,0579,0275,Potter,33,1,1,0.8959,1.2088,0.9122
fixF0_peakVoicing_tonal_db6,0579,0468,Potter,33,1,1,0.9398,1.4287,0.8820
fixF0_peakVoicing_tonal_db6,0579,0888,StarWars,33,0,1,0.9593,3.7141,0.2995
fixF0_peakVoicing_tonal_db6,0579,1174,StarWars,33,0,1,0.9301,3.7892,0.2154
fixF0_peakVoicing_tonal_db6,0579,3868,Hakuna,33,0,1,0.7691,3.4587,0.3055
fixF0_peakVoicing_tonal_db6,0580,0060,Potter,222,1,1,0.7942,1.3779,0.8971
fixF0_peakVoicing_tonal_db6,0580,0107,Potter,222,1,1,0.9014,1.1714,0.8636
fixF0_peakVoicing_tonal_db6,0580,0959,StarWars,222,0,1,0.7262,2.1694,0.6731
fixF0_peakVoicing_tonal_db6,0580,1276,StarWars,222,0,1,0.7024,2.7295,0.4868
fixF0_peakVoicing_tonal_db6,0580,4064,Hakuna,222,0,1,0.8214,2.1892,0.6886
fixF0_peakVoicing_tonal_db6,0580,4085,Hakuna,222,0,1,0.8112,2.0156,0.7052
fixF0_peakVoicing_tonal_db6,0581,0352,Potter,220,1,1,0.8831,2.9454,0.2519
fixF0_peakVoicing_tonal_db6,0581,0755,Potter,220,1,1,0.9464,2.5421,0.6116
fixF0_peakVoicing_tonal_db6,0581,1052,StarWars,220,0,1,0.5244,1.9035,0.6933
fixF0_peakVoicing_tonal_db6,0581,1207,StarWars,220,0,1,0.8588,2.3361,0.0810
fixF0_peakVoicing_tonal_db6,0581,3568,Hakuna,220,0,1,0.6526,1.8826,0.5464
fixF0_peakVoicing_tonal_db6,0581,3759,Hakuna,220,0,1,0.3490,2.1638,0.4337
fixF0_peakVoicing_tonal_db6,0586,0386,Potter,184,1,1,0.8233,1.9511,0.8495
fixF0_peakVoicing_tonal_db6,0586,0729,Potter,184,1,1,0.8527,2.0084,0.7571
fixF0_peakVoicing_tonal_db6,0586,0887,StarWars,184,0,1,0.6536,2.5325,0.6979
fixF0_peakVoicing_tonal_db6,0586,3612,Hakuna,184,0,1,0.6381,2.6399,0.6074
fixF0_peakVoicing_tonal_db6,0586,3844,Hakuna,184,0,1,0.6522,2.6309,0.5771
fixF0_peakVoicing_tonal_db6,0588,1030,StarWars,212,0,1,0.5867,3.6868,0.4281
fixF0_peakVoicing_tonal_db6,0588,1646,StarWars,212,0,1,0.6796,3.6924,0.0171
fixF0_peakVoicing_tonal_db6,0588,3761,Hakuna,212,0,1,0.5964,3.5276,0.2352
fixF0_peakVoicing_tonal_db6,0588,3907,Hakuna,212,0,1,0.6491,3.0640,0.4437
fixF0_peakVoicing_tonal_db6,0592,0182,Potter,61,1,1,0.8725,1.8986,0.7484
fixF0_peakVoicing_tonal_db6,0592,0336,Potter,61,1,1,0.6555,2.6535,0.3713
fixF0_peakVoicing_tonal_db6,0592,1236,StarWars,61,0,1,0.4004,2.4975,0.5589
fixF0_peakVoicing_tonal_db6,0592,1318,StarWars,61,0,1,0.6667,2.6077,0.5616
fixF0_peakVoicing_tonal_db6,0592,3492,Hakuna,61,0,1,0.4161,1.8387,0.8009
fixF0_peakVoicing_tonal_db6,0592,3524,Hakuna,61,0,1,0.3333,2.5414,0.4513
fixF0_peakVoicing_tonal_db6,0594,0425,Potter,5,1,1,0.8600,2.4058,0.5699
fixF0_peakVoicing_tonal_db6,0594,0528,Potter,5,1,1,0.9004,1.8211,0.6064
fixF0_peakVoicing_tonal_db6,0594,0854,StarWars,5,0,1,0.8977,2.6844,0.5604
fixF0_peakVoicing_tonal_db6,0594,1444,StarWars,5,0,1,0.9623,2.7256,0.4678
fixF0_peakVoicing_tonal_db6,0594,3606,Hakuna,5,0,1,0.7026,2.3225,0.6177
fixF0_peakVoicing_tonal_db6,0594,3860,Hakuna,5,0,1,0.7497,2.5710,0.4935
fixF0_peakVoicing_tonal_db6,0601,0187,Potter,214,1,1,0.8391,3.1388,0.2194
fixF0_peakVoicing_tonal_db6,0601,0702,Potter,214,1,1,0.9905,2.5432,0.5616
fixF0_peakVoicing_tonal_db6,0601,1540,StarWars,214,0,1,0.7934,2.4091,0.4631
fixF0_peakVoicing_tonal_db6,0601,1618,StarWars,214,0,1,0.9401,2.6747,0.4641
fixF0_peakVoicing_tonal_db6,0601,3941,Hakuna,214,0,1,0.9038,2.9378,0.5582
fixF0_peakVoicing_tonal_db6,0601,4078,Hakuna,214,0,1,0.8975,2.7003,0.5147
fixF0_peakVoicing_tonal_db6,0602,0787,Potter,136,1,1,1.0525,2.3776,0.4007
fixF0_peakVoicing_tonal_db6,0602,0837,Potter,136,1,1,1.0490,2.4125,0.1878
fixF0_peakVoicing_tonal_db6,0602,1004,StarWars,136,0,1,0.9650,2.3878,0.3337
fixF0_peakVoicing_tonal_db6,0602,1042,StarWars,136,0,1,1.1401,2.4338,0.2890
fixF0_peakVoicing_tonal_db6,0602,3526,Hakuna,136,0,1,1.1313,2.4385,0.2855
fixF0_peakVoicing_tonal_db6,0602,3943,Hakuna,136,0,1,1.1313,2.4397,0.2859
fixF0_peakVoicing_tonal_db6,0604,0713,Potter,3,1,1,0.3434,1.9950,0.8408
fixF0_peakVoicing_tonal_db6,0604,0748,Potter,3,1,1,0.3033,2.8402,0.5086
fixF0_peakVoicing_tonal_db6,0604,0974,StarWars,3,0,1,0.3997,2.6756,0.5815
fixF0_peakVoicing_tonal_db6,0611,0124,Potter,58,1,1,0.9666,1.0666,0.8969
fixF0_peakVoicing_tonal_db6,0611,0467,Potter,58,1,1,0.9850,1.1581,0.8675
fixF0_peakVoicing_tonal_db6,0611,1178,StarWars,58,0,1,0.9015,2.5463,0.5714
fixF0_peakVoicing_tonal_db6,0611,1262,StarWars,58,0,1,0.9098,2.1437,0.6998
fixF0_peakVoicing_tonal_db6,0611,3556,Hakuna,58,0,1,0.7028,1.9181,0.7978
fixF0_peakVoicing_tonal_db6,0611,3668,Hakuna,58,0,1,0.7162,2.0930,0.7544
fixF0_peakVoicing_tonal_db6,0615,0623,Potter,10,1,1,0.9461,1.3157,0.8962
fixF0_peakVoicing_tonal_db6,0615,0830,Potter,10,1,1,0.8690,1.4126,0.8632
fixF0_peakVoicing_tonal_db6,0615,1176,StarWars,10,0,1,0.9499,1.9125,0.6111
fixF0_peakVoicing_tonal_db6,0615,1321,StarWars,10,0,1,0.9037,2.1728,0.4415
fixF0_peakVoicing_tonal_db6,0615,3717,Hakuna,10,0,1,0.8805,1.9192,0.7417
fixF0_peakVoicing_tonal_db6,0615,3891,Hakuna,10,0,1,0.7033,2.1529,0.3652
fixF0_peakVoicing_tonal_db6,0624,0326,Potter,23,1,1,1.1549,1.9568,0.8005
fixF0_peakVoicing_tonal_db6,0624,0682,Potter,23,1,1,0.8717,2.2382,0.6802
fixF0_peakVoicing_tonal_db6,0624,1335,StarWars,23,0,1,1.0265,2.6724,0.3923
fixF0_peakVoicing_tonal_db6,0624,1448,StarWars,23,0,1,0.9381,2.8584,0.4409
fixF0_peakVoicing_tonal_db6,0626,0254,Potter,129,1,1,0.9741,1.6918,0.8027
fixF0_peakVoicing_tonal_db6,0626,0554,Potter,129,1,1,0.9755,1.7241,0.7804
fixF0_peakVoicing_tonal_db6,0626,1014,StarWars,129,0,1,0.5518,2.9604,0.6018
fixF0_peakVoicing_tonal_db6,0626,1167,StarWars,129,0,1,0.5109,2.6922,0.4236
fixF0_peakVoicing_tonal_db6,0626,3576,Hakuna,129,0,1,0.5068,2.8638,0.4944
fixF0_peakVoicing_tonal_db6,0626,3651,Hakuna,129,0,1,0.4918,3.1713,0.3288
fixF0_peakVoicing_tonal_db6,0628,0055,Potter,200,1,1,0.9500,1.3391,0.8785
fixF0_peakVoicing_tonal_db6,0628,0417,Potter,200,1,1,0.9018,1.2519,0.8903
fixF0_peakVoicing_tonal_db6,0628,1015,StarWars,200,0,1,0.9714,2.5197,0.5386
fixF0_peakVoicing_tonal_db6,0628,1626,StarWars,200,0,1,0.9143,3.0424,0.4536
fixF0_peakVoicing_tonal_db6,0628,3586,Hakuna,200,0,1,0.7214,2.4548,0.3378
fixF0_peakVoicing_tonal_db6,0628,3862,Hakuna,200,0,1,0.7893,2.4641,0.4132
fixF0_peakVoicing_tonal_db6,0630,0435,Potter,185,1,1,0.5104,2.4579,0.8435
fixF0_peakVoicing_tonal_db6,0630,0666,Potter,185,1,1,0.8540,1.9378,0.5413
fixF0_peakVoicing_tonal_db6,0630,1173,StarWars,185,0,1,0.8554,3.3613,0.3535
fixF0_peakVoicing_tonal_db6,0630,1575,StarWars,185,0,1,0.5021,3.5859,0.2191
fixF0_peakVoicing_tonal_db6,0630,3561,Hakuna,185,0,1,0.8053,2.6468,0.7566
fixF0_peakVoicing_tonal_db6,0630,3613,Hakuna,185,0,1,0.6565,2.9009,0.6074
fixF0_peakVoicing_tonal_db6,0640,0236,Potter,170,1,1,0.5551,3.0798,0.0046
fixF0_peakVoicing_tonal_db6,0640,0668,Potter,170,1,1,0.8179,2.7880,0.4225
fixF0_peakVoicing_tonal_db6,0640,1565,StarWars,170,0,1,0.8341,2.7228,0.5887
fixF0_peakVoicing_tonal_db6,0640,3482,Hakuna,170,0,1,0.4978,2.6049,0.5396
fixF0_peakVoicing_tonal_db6,0640,4088,Hakuna,170,0,1,0.4978,2.6900,0.5532
fixF0_peakVoicing_tonal_db6,0641,0282,Potter,8,1,1,1.1552,2.6658,0.6908
fixF0_peakVoicing_tonal_db6,0641,0802,Potter,8,1,1,1.0000,2.1298,0.7942
fixF0_peakVoicing_tonal_db6,0641,1046,StarWars,8,0,1,0.8827,3.0994,0.2019
fixF0_peakVoicing_tonal_db6,0641,1667,StarWars,8,0,1,0.9007,2.7448,0.5674
fixF0_peakVoicing_tonal_db6,0641,3795,Hakuna,8,0,1,0.7924,2.7922,0.5965
fixF0_peakVoicing_tonal_db6,0641,4144,Hakuna,8,0,1,0.7942,2.8695,0.4641
fixF0_peakVoicing_tonal_db6,0643,0649,Potter,197,1,1,0.6892,1.0381,0.9556
fixF0_peakVoicing_tonal_db6,0643,0688,Potter,197,1,1,0.7717,1.1449,0.8878
fixF0_peakVoicing_tonal_db6,0643,0921,StarWars,197,0,1,0.7320,2.7382,0.5619
fixF0_peakVoicing_tonal_db6,0643,1322,StarWars,197,0,1,0.5700,2.6376,0.6389
fixF0_peakVoicing_tonal_db6,0643,3512,Hakuna,197,0,1,0.6642,1.8013,0.8486
fixF0_peakVoicing_tonal_db6,0643,3851,Hakuna,197,0,1,0.6745,1.9079,0.8130
fixF0_peakVoicing_tonal_db6,0644,0350,Potter,72,1,1,0.7767,1.7684,0.7447
fixF0_peakVoicing_tonal_db6,0644,0506,Potter,72,1,1,0.7540,1.1712,0.7719
fixF0_peakVoicing_tonal_db6,0644,1215,StarWars,72,0,1,0.7395,2.6954,0.6603
fixF0_peakVoicing_tonal_db6,0644,1478,StarWars,72,0,1,0.8997,2.6709,0.5816
fixF0_peakVoicing_tonal_db6,0644,3666,Hakuna,72,0,1,0.6570,1.4469,0.8565
fixF0_peakVoicing_tonal_db6,0644,4069,Hakuna,72,0,1,0.6036,1.6518,0.8126
fixF0_peakVoicing_tonal_db6,0645,0158,Potter,98,1,1,0.6979,2.5151,0.3272
fixF0_peakVoicing_tonal_db6,0645,0450,Potter,98,1,1,0.6877,3.3804,0.4037
fixF0_peakVoicing_tonal_db6,0645,0904,StarWars,98,0,1,0.3666,3.3933,0.4017
fixF0_peakVoicing_tonal_db6,0645,1654,StarWars,98,0,1,0.5909,3.0177,0.4296
fixF0_peakVoicing_tonal_db6,0645,3835,Hakuna,98,0,1,0.4912,2.1044,0.6599
fixF0_peakVoicing_tonal_db6,0645,3993,Hakuna,98,0,1,0.3768,3.5702,0.5352
fixF0_peakVoicing_tonal_db6,0653,0623,Potter,10,1,1,0.9919,1.3524,0.8970
fixF0_peakVoicing_tonal_db6,0653,0830,Potter,10,1,1,0.9111,1.3793,0.8338
fixF0_peakVoicing_tonal_db6,0653,1176,StarWars,10,0,1,0.9960,2.1121,0.5617
fixF0_peakVoicing_tonal_db6,0653,1321,StarWars,10,0,1,0.9475,2.2380,0.2627
fixF0_peakVoicing_tonal_db6,0653,3717,Hakuna,10,0,1,0.9232,1.9679,0.7226
fixF0_peakVoicing_tonal_db6,0653,3891,Hakuna,10,0,1,0.7374,1.9347,0.7131
fixF0_peakVoicing_tonal_db6,0655,0470,Potter,91,1,1,0.9037,1.5312,0.7581
fixF0_peakVoicing_tonal_db6,0655,0596,Potter,91,1,1,1.0058,1.3979,0.7128
fixF0_peakVoicing_tonal_db6,0655,1006,StarWars,91,0,1,0.8478,2.3331,0.2563
fixF0_peakVoicing_tonal_db6,0655,1366,StarWars,91,0,1,1.0308,2.0874,0.6131
fixF0_peakVoicing_tonal_db6,0655,3411,Hakuna,91,0,1,0.7823,2.4071,0.3054
fixF0_peakVoicing_tonal_db6,0655,3440,Hakuna,91,0,1,0.7630,2.5622,0.1543
fixF0_peakVoicing_tonal_db6,0656,0288,Potter,208,1,1,0.7733,2.4609,0.2528
fixF0_peakVoicing_tonal_db6,0656,0482,Potter,208,1,1,0.7547,2.4807,0.2439
fixF0_peakVoicing_tonal_db6,0656,1399,StarWars,208,0,1,0.4301,2.8818,0.3457
fixF0_peakVoicing_tonal_db6,0656,1436,StarWars,208,0,1,0.2019,2.6515,0.3295
fixF0_peakVoicing_tonal_db6,0656,3519,Hakuna,208,0,1,0.5062,2.4167,0.4434
fixF0_peakVoicing_tonal_db6,0657,0279,Potter,223,1,1,0.8555,1.8243,0.9329
fixF0_peakVoicing_tonal_db6,0657,0609,Potter,223,1,1,0.8541,1.7994,0.8997
fixF0_peakVoicing_tonal_db6,0657,1197,StarWars,223,0,1,0.6896,2.7505,0.5503
fixF0_peakVoicing_tonal_db6,0657,3343,Hakuna,223,0,1,0.6595,2.5765,0.6764
fixF0_peakVoicing_tonal_db6,0657,4153,Hakuna,223,0,1,0.6609,2.4188,0.7293
fixF0_peakVoicing_tonal_db6,0664,0271,Potter,121,1,1,1.0676,0.9054,0.9476
fixF0_peakVoicing_tonal_db6,0664,0416,Potter,121,1,1,0.8696,1.8352,0.7112
fixF0_peakVoicing_tonal_db6,0664,0852,StarWars,121,0,1,1.0797,2.1355,0.6681
fixF0_peakVoicing_tonal_db6,0664,1525,StarWars,121,0,1,1.0314,2.5212,0.4626
fixF0_peakVoicing_tonal_db6,0664,3647,Hakuna,121,0,1,1.0097,2.9573,0.2265
fixF0_peakVoicing_tonal_db6,0664,4058,Hakuna,121,0,1,1.0314,2.4693,0.4643
fixF0_peakVoicing_tonal_db6,0676,0531,Potter,105,1,1,0.8150,1.0413,0.9349
fixF0_peakVoicing_tonal_db6,0676,0583,Potter,105,1,1,0.8214,0.5250,0.9717
fixF0_peakVoicing_tonal_db6,0676,1579,StarWars,105,0,1,0.7592,2.4267,0.7393
fixF0_peakVoicing_tonal_db6,0676,3587,Hakuna,105,0,1,0.7161,2.1249,0.7697
fixF0_peakVoicing_tonal_db6,0676,3906,Hakuna,105,0,1,0.7592,2.2283,0.7717
fixF0_peakVoicing_tonal_db6,0677,0044,Potter,217,1,1,0.9867,1.0954,0.8657
fixF0_peakVoicing_tonal_db6,0677,0101,Potter,217,1,1,1.0015,1.0715,0.9080
fixF0_peakVoicing_tonal_db6,0677,1131,StarWars,217,0,1,0.9941,2.4795,0.4802
fixF0_peakVoicing_tonal_db6,0677,1509,StarWars,217,0,1,1.1031,2.4891,0.4474
fixF0_peakVoicing_tonal_db6,0677,3701,Hakuna,217,0,1,0.8630,1.7354,0.6721
fixF0_peakVoicing_tonal_db6,0677,4103,Hakuna,217,0,1,0.8351,1.7406,0.7654
fixF0_peakVoicing_tonal_db6,0683,0136,Potter,144,1,1,0.5550,2.2118,0.7408
fixF0_peakVoicing_tonal_db6,0683,0330,Potter,144,1,1,0.5496,2.6509,0.4522
fixF0_peakVoicing_tonal_db6,0683,1216,StarWars,144,0,1,0.5335,3.0335,0.2106
fixF0_peakVoicing_tonal_db6,0683,1421,StarWars,144,0,1,0.5603,2.3479,0.7084
fixF0_peakVoicing_tonal_db6,0683,3420,Hakuna,144,0,1,0.5094,2.9983,0.3649
fixF0_peakVoicing_tonal_db6,0683,3673,Hakuna,144,0,1,0.5054,3.0304,0.3003
fixF0_peakVoicing_tonal_db6,0685,0808,Potter,171,1,1,0.9587,0.9873,0.8652
fixF0_peakVoicing_tonal_db6,0685,1079,StarWars,171,0,1,0.9636,1.4248,0.6509
fixF0_peakVoicing_tonal_db6,0685,1112,StarWars,171,0,1,0.8645,1.7217,0.5569
fixF0_peakVoicing_tonal_db6,0704,0489,Potter,87,1,1,0.7572,1.0492,0.7947
fixF0_peakVoicing_tonal_db6,0704,0684,Potter,87,1,1,0.6691,0.9407,0.8197
fixF0_peakVoicing_tonal_db6,0704,1090,StarWars,87,0,1,0.6792,1.1900,0.7159
fixF0_peakVoicing_tonal_db6,0704,1460,StarWars,87,0,1,0.7124,1.8389,0.2095
fixF0_peakVoicing_tonal_db6,0704,3341,Hakuna,87,0,1,0.6705,1.6018,0.4415
fixF0_peakVoicing_tonal_db6,0704,3728,Hakuna,87,0,1,0.6474,1.4919,0.5530
fixF0_peakVoicing_tonal_db6,0705,0186,Potter,22,1,1,0.9366,1.1655,0.8336
fixF0_peakVoicing_tonal_db6,0705,1340,StarWars,22,0,1,0.9173,1.8698,0.6854
fixF0_peakVoicing_tonal_db6,0705,3791,Hakuna,22,0,1,0.9542,2.1036,0.5808
fixF0_peakVoicing_tonal_db6,0705,3834,Hakuna,22,0,1,0.9577,2.2455,0.5428
fixF0_peakVoicing_tonal_db6,0709,0246,Potter,190,1,1,0.7392,1.1181,0.7482
fixF0_peakVoicing_tonal_db6,0709,0410,Potter,190,1,1,0.7979,0.9255,0.7434
fixF0_peakVoicing_tonal_db6,0709,1077,StarWars,190,0,1,0.7098,1.3657,0.6404
fixF0_peakVoicing_tonal_db6,0709,1085,StarWars,190,0,1,0.6304,1.3712,0.6447
fixF0_peakVoicing_tonal_db6,0709,3625,Hakuna,190,0,1,0.7081,1.5574,0.5967
fixF0_peakVoicing_tonal_db6,0709,3898,Hakuna,190,0,1,0.7599,1.3862,0.5798
fixF0_peakVoicing_tonal_db6,0712,0071,Potter,109,1,1,0.8157,2.1363,0.6959
fixF0_peakVoicing_tonal_db6,0712,0388,Potter,109,1,1,0.8752,1.8839,0.6626
fixF0_peakVoicing_tonal_db6,0712,0986,StarWars,109,0,1,0.7896,2.0254,0.7042
fixF0_peakVoicing_tonal_db6,0712,1078,StarWars,109,0,1,0.8433,2.1568,0.7006
fixF0_peakVoicing_tonal_db6,0712,3457,Hakuna,109,0,1,0.6488,2.3302,0.6316
fixF0_peakVoicing_tonal_db6,0712,3837,Hakuna,109,0,1,0.5994,2.4890,0.5954
fixF0_peakVoicing_tonal_db6,0716,0229,Potter,230,1,1,0.9765,2.0228,0.6843
fixF0_peakVoicing_tonal_db6,0716,0245,Potter,230,1,1,0.8029,1.6193,0.7212
fixF0_peakVoicing_tonal_db6,0716,1010,StarWars,230,0,1,0.9059,2.1179,0.7245
fixF0_peakVoicing_tonal_db6,0716,1048,StarWars,230,0,1,0.9559,2.4380,0.6815
fixF0_peakVoicing_tonal_db6,0716,3670,Hakuna,230,0,1,0.7559,1.9668,0.7870
fixF0_peakVoicing_tonal_db6,0716,3702,Hakuna,230,0,1,0.7471,2.0116,0.7592
fixF0_peakVoicing_tonal_db6,0717,0595,Potter,26,1,1,0.6544,1.0614,0.7072
fixF0_peakVoicing_tonal_db6,0717,0768,Potter,26,1,1,0.6176,1.3617,0.5395
fixF0_peakVoicing_tonal_db6,0717,1087,StarWars,26,0,1,0.4761,1.3799,0.5095
fixF0_peakVoicing_tonal_db6,0717,1132,StarWars,26,0,1,0.3787,1.2511,0.6107
fixF0_peakVoicing_tonal_db6,0717,3392,Hakuna,26,0,1,0.2371,1.6022,0.3869
fixF0_peakVoicing_tonal_db6,0717,4137,Hakuna,26,0,1,0.3162,1.4468,0.5315
fixF0_peakVoicing_tonal_db6,0718,0017,Potter,70,1,1,0.9408,1.4419,0.7581
fixF0_peakVoicing_tonal_db6,0718,0161,Potter,70,1,1,0.9474,1.3767,0.8040
fixF0_peakVoicing_tonal_db6,0718,0929,StarWars,70,0,1,0.9490,2.2394,0.5494
fixF0_peakVoicing_tonal_db6,0718,3334,Hakuna,70,0,1,0.8750,1.8551,0.5319
fixF0_peakVoicing_tonal_db6,0718,3384,Hakuna,70,0,1,0.8832,1.6883,0.6247
fixF0_peakVoicing_tonal_db6,0733,0202,Potter,164,1,1,0.8105,1.4287,0.8962
fixF0_peakVoicing_tonal_db6,0733,0293,Potter,164,1,1,0.7970,1.5362,0.8665
fixF0_peakVoicing_tonal_db6,0733,1315,StarWars,164,0,1,0.8617,2.9813,0.1894
fixF0_peakVoicing_tonal_db6,0733,1482,StarWars,164,0,1,0.7970,2.4880,0.5963
fixF0_peakVoicing_tonal_db6,0733,3746,Hakuna,164,0,1,0.6812,2.3163,0.8047
fixF0_peakVoicing_tonal_db6,0733,3954,Hakuna,164,0,1,0.6797,2.1945,0.7709
fixF0_peakVoicing_tonal_db6,0734,0097,Potter,201,1,1,0.5593,1.2682,0.6836
fixF0_peakVoicing_tonal_db6,0734,0396,Potter,201,1,1,0.6454,1.4702,0.4119
fixF0_peakVoicing_tonal_db6,0734,0927,StarWars,201,0,1,0.6276,1.2464,0.7119
fixF0_peakVoicing_tonal_db6,0734,1129,StarWars,201,0,1,0.6113,1.3481,0.5661
fixF0_peakVoicing_tonal_db6,0734,3870,Hakuna,201,0,1,0.4614,1.3330,0.6195
fixF0_peakVoicing_tonal_db6,0734,4154,Hakuna,201,0,1,0.5045,1.4558,0.4653
fixF0_peakVoicing_tonal_db6,0740,0997,StarWars,135,0,1,0.7075,2.5979,0.4333
fixF0_peakVoicing_tonal_db6,0740,1195,StarWars,135,0,1,0.8506,2.3832,0.4992
fixF0_peakVoicing_tonal_db6,0740,3501,Hakuna,135,0,1,0.5157,1.9701,0.5241
fixF0_peakVoicing_tonal_db6,0740,4070,Hakuna,135,0,1,0.6808,2.4948,0.0571
fixF0_peakVoicing_tonal_db6,0741,0756,Potter,219,1,1,0.7549,2.5650,0.4464
fixF0_peakVoicing_tonal_db6,0741,0805,Potter,219,1,1,1.0084,2.8458,0.2915
fixF0_peakVoicing_tonal_db6,0741,0988,StarWars,219,0,1,1.0780,2.8000,0.3980
fixF0_peakVoicing_tonal_db6,0741,1255,StarWars,219,0,1,0.9889,2.8203,0.4563
fixF0_peakVoicing_tonal_db6,0741,3355,Hakuna,219,0,1,0.9359,3.0035,0.1849
fixF0_peakVoicing_tonal_db6,0741,3635,Hakuna,219,0,1,1.1114,2.8845,0.0930
fixF0_peakVoicing_tonal_db6,0742,0017,Potter,70,1,1,1.0214,1.3907,0.7382
fixF0_peakVoicing_tonal_db6,0742,0161,Potter,70,1,1,1.0286,1.4846,0.7637
fixF0_peakVoicing_tonal_db6,0742,0929,StarWars,70,0,1,1.0304,2.0766,0.4741
fixF0_peakVoicing_tonal_db6,0742,3334,Hakuna,70,0,1,0.9500,1.7522,0.3853
fixF0_peakVoicing_tonal_db6,0742,3384,Hakuna,70,0,1,0.9589,1.7370,0.5077
fixF0_peakVoicing_tonal_db6,0743,0394,Potter,215,1,1,1.0946,3.2164,0.5488
fixF0_peakVoicing_tonal_db6,0743,0975,StarWars,215,0,1,0.8990,2.2669,0.7869
fixF0_peakVoicing_tonal_db6,0743,1423,StarWars,215,0,1,1.0144,2.5067,0.7390
fixF0_peakVoicing_tonal_db6,0743,3480,Hakuna,215,0,1,0.9103,1.9160,0.8109
fixF0_peakVoicing_tonal_db6,0743,3858,Hakuna,215,0,1,0.9615,1.8729,0.8320
fixF0_peakVoicing_tonal_db6,0746,0427,Potter,174,1,1,0.6545,1.0941,0.8650
fixF0_peakVoicing_tonal_db6,0746,0577,Potter,174,1,1,0.7147,1.2052,0.8138
fixF0_peakVoicing_tonal_db6,0746,1403,StarWars,174,0,1,0.5804,2.0805,0.4391
fixF0_peakVoicing_tonal_db6,0746,1502,StarWars,174,0,1,0.7622,2.8708,0.0689
fixF0_peakVoicing_tonal_db6,0746,3424,Hakuna,174,0,1,0.6056,1.8561,0.5752
fixF0_peakVoicing_tonal_db6,0746,4122,Hakuna,174,0,1,0.4769,1.6535,0.6045
fixF0_peakVoicing_tonal_db6,0751,0373,Potter,122,1,1,0.8033,1.7606,0.9022
fixF0_peakVoicing_tonal_db6,0751,0547,Potter,122,1,1,0.7521,1.6735,0.9025
fixF0_peakVoicing_tonal_db6,0751,1408,StarWars,122,0,1,0.6870,2.6418,0.6504
fixF0_peakVoicing_tonal_db6,0751,1495,StarWars,122,0,1,0.6122,2.8919,0.5561
fixF0_peakVoicing_tonal_db6,0751,3595,Hakuna,122,0,1,0.7022,2.7793,0.6396
fixF0_peakVoicing_tonal_db6,0751,3655,Hakuna,122,0,1,0.6593,2.5881,0.6009
fixF0_peakVoicing_tonal_db6,0766,1030,StarWars,212,0,1,0.6113,2.7135,0.5459
fixF0_peakVoicing_tonal_db6,0766,1646,StarWars,212,0,1,0.7081,2.8774,0.0727
fixF0_peakVoicing_tonal_db6,0766,3761,Hakuna,212,0,1,0.6214,2.5781,0.3642
fixF0_peakVoicing_tonal_db6,0766,3907,Hakuna,212,0,1,0.6763,2.5867,0.4381
fixF0_peakVoicing_tonal_db6,0767,0019,Potter,73,1,1,0.4846,1.6986,0.8337
fixF0_peakVoicing_tonal_db6,0767,0078,Potter,73,1,1,0.7046,1.7557,0.8644
fixF0_peakVoicing_tonal_db6,0767,1154,StarWars,73,0,1,0.5400,2.2351,0.7186
fixF0_peakVoicing_tonal_db6,0767,1359,StarWars,73,0,1,0.6369,2.6052,0.4944
fixF0_peakVoicing_tonal_db6,0767,3857,Hakuna,73,0,1,0.5723,2.5910,0.6140
fixF0_peakVoicing_tonal_db6,0770,0194,Potter,169,1,1,0.6651,2.7093,0.6193
fixF0_peakVoicing_tonal_db6,0770,0728,Potter,169,1,1,0.7014,2.5536,0.6331
fixF0_peakVoicing_tonal_db6,0770,0848,StarWars,169,0,1,0.7314,2.9526,0.5108
fixF0_peakVoicing_tonal_db6,0770,1533,StarWars,169,0,1,0.6919,3.1282,0.3945
fixF0_peakVoicing_tonal_db6,0770,3399,Hakuna,169,0,1,0.7346,2.9529,0.5178
fixF0_peakVoicing_tonal_db6,0770,3605,Hakuna,169,0,1,0.6667,2.8833,0.5789
fixF0_peakVoicing_tonal_db6,0776,3474,Hakuna,82,0,1,0.8375,3.3369,0.4877
fixF0_peakVoicing_tonal_db6,0776,3654,Hakuna,82,0,1,0.8991,3.2931,0.3692
fixF0_peakVoicing_tonal_db6,0781,0762,Potter,69,1,1,0.5598,2.5330,0.3114
fixF0_peakVoicing_tonal_db6,0781,0771,Potter,69,1,1,0.9893,2.5890,0.1357
fixF0_peakVoicing_tonal_db6,0781,1323,StarWars,69,0,1,0.7117,2.9631,0.6620
fixF0_peakVoicing_tonal_db6,0781,1496,StarWars,69,0,1,0.5491,2.5837,0.6179
fixF0_peakVoicing_tonal_db6,0781,3410,Hakuna,69,0,1,0.6856,3.4266,0.6385
fixF0_peakVoicing_tonal_db6,0781,3782,Hakuna,69,0,1,0.6104,7.6879,-0.0218
fixF0_peakVoicing_tonal_db6,0782,0097,Potter,201,1,1,0.5265,1.2100,0.4778
fixF0_peakVoicing_tonal_db6,0782,0396,Potter,201,1,1,0.6075,1.2709,0.4728
fixF0_peakVoicing_tonal_db6,0782,0927,StarWars,201,0,1,0.5908,1.1402,0.5915
fixF0_peakVoicing_tonal_db6,0782,1129,StarWars,201,0,1,0.5754,1.2911,0.4043
fixF0_peakVoicing_tonal_db6,0782,3870,Hakuna,201,0,1,0.4344,1.1406,0.6839
fixF0_peakVoicing_tonal_db6,0782,4154,Hakuna,201,0,1,0.4749,1.2897,0.5556
fixF0_peakVoicing_tonal_db6,0786,0068,Potter,134,1,1,0.9695,2.4545,0.3355
fixF0_peakVoicing_tonal_db6,0786,0695,Potter,134,1,1,0.6537,2.4751,0.4603
fixF0_peakVoicing_tonal_db6,0786,1461,StarWars,134,0,1,0.6219,2.3508,0.4281
fixF0_peakVoicing_tonal_db6,0786,1589,StarWars,134,0,1,0.6066,2.3920,0.4950
fixF0_peakVoicing_tonal_db6,0786,3780,Hakuna,134,0,1,0.6288,2.2870,0.5002
fixF0_peakVoicing_tonal_db6,0786,3912,Hakuna,134,0,1,0.6247,2.5153,0.1458
fixF0_peakVoicing_tonal_db6,0791,0073,Potter,189,1,1,0.6916,1.7681,0.8736
fixF0_peakVoicing_tonal_db6,0791,0298,Potter,189,1,1,0.8031,2.0383,0.8049
fixF0_peakVoicing_tonal_db6,0791,1251,StarWars,189,0,1,0.8502,3.1997,0.3999
fixF0_peakVoicing_tonal_db6,0791,1497,StarWars,189,0,1,0.8868,3.3007,0.3548
fixF0_peakVoicing_tonal_db6,0791,3342,Hakuna,189,0,1,0.8484,2.6920,0.7211
fixF0_peakVoicing_tonal_db6,0792,0371,Potter,52,1,1,1.1578,2.6439,0.5787
fixF0_peakVoicing_tonal_db6,0792,0529,Potter,52,1,1,0.9400,3.2684,0.3861
fixF0_peakVoicing_tonal_db6,0792,0954,StarWars,52,0,1,1.0089,2.1731,0.6119
fixF0_peakVoicing_tonal_db6,0792,1331,StarWars,52,0,1,0.9711,2.6465,0.5419
fixF0_peakVoicing_tonal_db6,0792,3349,Hakuna,52,0,1,0.8667,2.5349,0.6842
fixF0_peakVoicing_tonal_db6,0792,3915,Hakuna,52,0,1,0.9244,2.5772,0.6518
fixF0_peakVoicing_tonal_db6,0794,0087,Potter,43,1,1,0.8825,0.8189,0.9596
fixF0_peakVoicing_tonal_db6,0794,0212,Potter,43,1,1,0.9072,0.7670,0.9721
fixF0_peakVoicing_tonal_db6,0794,1314,StarWars,43,0,1,1.0062,2.3497,0.6715
fixF0_peakVoicing_tonal_db6,0794,1490,StarWars,43,0,1,0.9753,2.4425,0.6195
fixF0_peakVoicing_tonal_db6,0794,3478,Hakuna,43,0,1,0.8660,2.8113,0.4860
fixF0_peakVoicing_tonal_db6,0794,3825,Hakuna,43,0,1,0.8247,2.7658,0.4615
fixF0_peakVoicing_tonal_db6,0806,0633,Potter,231,1,1,0.4634,0.7283,0.9660
fixF0_peakVoicing_tonal_db6,0806,0803,Potter,231,1,1,0.5966,0.4074,0.9915
fixF0_peakVoicing_tonal_db6,0806,1150,StarWars,231,0,1,0.6345,2.5768,0.6341
fixF0_peakVoicing_tonal_db6,0806,1605,StarWars,231,0,1,0.6789,2.6955,0.5059
fixF0_peakVoicing_tonal_db6,0806,4049,Hakuna,231,0,1,0.6841,1.8244,0.8354
fixF0_peakVoicing_tonal_db6,0806,4112,Hakuna,231,0,1,0.7010,1.8309,0.8218
fixF0_peakVoicing_tonal_db6,0807,0508,Potter,120,1,1,1.0091,0.6364,0.9777
fixF0_peakVoicing_tonal_db6,0807,0559,Potter,120,1,1,0.9681,0.5210,0.9866
fixF0_peakVoicing_tonal_db6,0807,0878,StarWars,120,0,1,0.8240,2.8614,0.6026
fixF0_peakVoicing_tonal_db6,0807,1449,StarWars,120,0,1,0.8331,2.8395,0.6207
fixF0_peakVoicing_tonal_db6,0807,3503,Hakuna,120,0,1,0.5706,2.5976,0.5563
fixF0_peakVoicing_tonal_db6,0807,3549,Hakuna,120,0,1,0.6282,3.2538,0.3307
fixF0_peakVoicing_tonal_db6,0809,0168,Potter,198,1,1,0.2708,2.2615,0.5805
fixF0_peakVoicing_tonal_db6,0809,0461,Potter,198,1,1,0.8673,2.3045,0.1278
fixF0_peakVoicing_tonal_db6,0809,1354,StarWars,198,0,1,0.1717,2.1783,0.5750
fixF0_peakVoicing_tonal_db6,0809,1535,StarWars,198,0,1,0.2407,2.0275,0.5979
fixF0_peakVoicing_tonal_db6,0809,3607,Hakuna,198,0,1,0.5628,2.6659,0.3786
fixF0_peakVoicing_tonal_db6,0809,4013,Hakuna,198,0,1,0.3487,2.3428,0.4872
fixF0_peakVoicing_tonal_db6,0810,0371,Potter,52,1,1,0.9438,2.8689,0.4100
fixF0_peakVoicing_tonal_db6,0810,0529,Potter,52,1,1,0.7663,2.7242,0.4509
fixF0_peakVoicing_tonal_db6,0810,0954,StarWars,52,0,1,0.8225,2.1646,0.6835
fixF0_peakVoicing_tonal_db6,0810,1331,StarWars,52,0,1,0.7917,2.3910,0.5790
fixF0_peakVoicing_tonal_db6,0810,3349,Hakuna,52,0,1,0.7065,2.1222,0.5561
fixF0_peakVoicing_tonal_db6,0810,3915,Hakuna,52,0,1,0.7536,2.1777,0.4952
fixF0_peakVoicing_tonal_db6,0811,0350,Potter,72,1,1,0.8711,1.8803,0.7272
fixF0_peakVoicing_tonal_db6,0811,0506,Potter,72,1,1,0.8457,1.4033,0.7431
fixF0_peakVoicing_tonal_db6,0811,1215,StarWars,72,0,1,0.8294,2.3998,0.7399
fixF0_peakVoicing_tonal_db6,0811,1478,StarWars,72,0,1,1.0091,3.0102,0.5992
fixF0_peakVoicing_tonal_db6,0811,3666,Hakuna,72,0,1,0.7368,1.5444,0.8487
fixF0_peakVoicing_tonal_db6,0811,4069,Hakuna,72,0,1,0.6770,1.6996,0.8139
fixF0_peakVoicing_tonal_db6,0813,0531,Potter,105,1,1,0.8750,1.1173,0.9590
fixF0_peakVoicing_tonal_db6,0813,0583,Potter,105,1,1,0.8818,0.6316,0.9885
fixF0_peakVoicing_tonal_db6,0813,1579,StarWars,105,0,1,0.8151,2.4488,0.7465
fixF0_peakVoicing_tonal_db6,0813,3587,Hakuna,105,0,1,0.7688,2.0489,0.7870
fixF0_peakVoicing_tonal_db6,0813,3906,Hakuna,105,0,1,0.8151,2.2092,0.7760
fixF0_peakVoicing_tonal_db6,0814,0508,Potter,120,1,1,0.9694,0.5782,0.9717
fixF0_peakVoicing_tonal_db6,0814,0559,Potter,120,1,1,0.9300,0.6504,0.9739
fixF0_peakVoicing_tonal_db6,0814,0878,StarWars,120,0,1,0.7915,2.4837,0.6588
fixF0_peakVoicing_tonal_db6,0814,1449,StarWars,120,0,1,0.8003,2.5195,0.6449
fixF0_peakVoicing_tonal_db6,0814,3503,Hakuna,120,0,1,0.5481,2.7509,0.4108
fixF0_peakVoicing_tonal_db6,0814,3549,Hakuna,120,0,1,0.6035,3.3451,0.2265
fixF0_peakVoicing_tonal_db6,0817,0136,Potter,144,1,1,0.5557,1.8362,0.8207
fixF0_peakVoicing_tonal_db6,0817,0330,Potter,144,1,1,0.5503,2.4481,0.5388
fixF0_peakVoicing_tonal_db6,0817,1216,StarWars,144,0,1,0.5342,2.8009,0.2814
fixF0_peakVoicing_tonal_db6,0817,1421,StarWars,144,0,1,0.5611,2.2349,0.7392
fixF0_peakVoicing_tonal_db6,0817,3420,Hakuna,144,0,1,0.5101,2.9818,0.2112
fixF0_peakVoicing_tonal_db6,0817,3673,Hakuna,144,0,1,0.5060,2.9167,0.2598
fixF0_peakVoicing_tonal_db6,0822,0373,Potter,122,1,1,0.7723,1.5701,0.8128
fixF0_peakVoicing_tonal_db6,0822,0547,Potter,122,1,1,0.7230,1.4991,0.8276
fixF0_peakVoicing_tonal_db6,0822,1408,StarWars,122,0,1,0.6605,2.3039,0.5289
fixF0_peakVoicing_tonal_db6,0822,1495,StarWars,122,0,1,0.5885,2.3574,0.4890
fixF0_peakVoicing_tonal_db6,0822,3595,Hakuna,122,0,1,0.6751,1.7928,0.8098
fixF0_peakVoicing_tonal_db6,0822,3655,Hakuna,122,0,1,0.6338,2.3070,0.5943
fixF0_peakVoicing_tonal_db6,0827,0041,Potter,151,1,1,0.8283,1.0702,0.9025
fixF0_peakVoicing_tonal_db6,0827,0778,Potter,151,1,1,0.7767,0.9930,0.9374
fixF0_peakVoicing_tonal_db6,0827,1060,StarWars,151,0,1,1.0483,2.5239,0.5536
fixF0_peakVoicing_tonal_db6,0827,1252,StarWars,151,0,1,1.0117,2.3031,0.6351
fixF0_peakVoicing_tonal_db6,0827,3523,Hakuna,151,0,1,0.7133,2.1829,0.5368
fixF0_peakVoicing_tonal_db6,0827,3573,Hakuna,151,0,1,0.7217,2.2409,0.4741
fixF0_peakVoicing_tonal_db6,0828,0123,Potter,29,1,1,0.7515,1.7991,0.6300
fixF0_peakVoicing_tonal_db6,0828,0631,Potter,29,1,1,0.7769,0.9805,0.9547
fixF0_peakVoicing_tonal_db6,0828,1142,StarWars,29,0,1,0.8376,2.2927,0.5501
fixF0_peakVoicing_tonal_db6,0828,1493,StarWars,29,0,1,0.9746,2.2828,0.5239
fixF0_peakVoicing_tonal_db6,0828,3893,Hakuna,29,0,1,0.7691,2.3580,0.4589
fixF0_peakVoicing_tonal_db6,0828,4086,Hakuna,29,0,1,0.7182,2.2983,0.5001
fixF0_peakVoicing_tonal_db6,0832,0553,Potter,0,1,1,0.6448,2.8366,0.6958
fixF0_peakVoicing_tonal_db6,0832,0590,Potter,0,1,1,0.7010,2.8679,0.6630
fixF0_peakVoicing_tonal_db6,0832,0915,StarWars,0,0,1,0.4549,3.9567,0.5715
fixF0_peakVoicing_tonal_db6,0832,1140,StarWars,0,0,1,0.4252,3.8418,0.6082
fixF0_peakVoicing_tonal_db6,0832,3690,Hakuna,0,0,1,0.6013,3.9269,0.4209
fixF0_peakVoicing_tonal_db6,0832,4031,Hakuna,0,0,1,0.6055,3.6158,0.5782
fixF0_peakVoicing_tonal_db6,0834,0236,Potter,170,1,1,0.5667,3.1424,-0.1817
fixF0_peakVoicing_tonal_db6,0834,0668,Potter,170,1,1,0.8351,2.6183,0.4343
fixF0_peakVoicing_tonal_db6,0834,1565,StarWars,170,0,1,0.8516,2.6431,0.5883
fixF0_peakVoicing_tonal_db6,0834,3482,Hakuna,170,0,1,0.5082,2.6660,0.5570
fixF0_peakVoicing_tonal_db6,0834,4088,Hakuna,170,0,1,0.5082,2.6579,0.5282
fixF0_peakVoicing_tonal_db6,0836,0470,Potter,91,1,1,0.8450,1.6328,0.7498
fixF0_peakVoicing_tonal_db6,0836,0596,Potter,91,1,1,0.9405,1.2800,0.7951
fixF0_peakVoicing_tonal_db6,0836,1006,StarWars,91,0,1,0.7928,2.4203,0.2592
fixF0_peakVoicing_tonal_db6,0836,1366,StarWars,91,0,1,0.9640,2.0912,0.6102
fixF0_peakVoicing_tonal_db6,0836,3411,Hakuna,91,0,1,0.7315,2.3316,0.3908
fixF0_peakVoicing_tonal_db6,0836,3440,Hakuna,91,0,1,0.7135,2.6883,0.1298
