method,hum,whistle,song,interpreter,same_song,aligned,length_ratio,mae,r
rmvpe_fix,3337,0222,Potter,96,0,1,0.8000,1.7173,0.6516
rmvpe_fix,3337,0715,Potter,96,0,1,0.7548,1.8889,0.4698
rmvpe_fix,3337,1027,StarWars,96,0,1,1.2430,2.0494,0.3242
rmvpe_fix,3337,1402,StarWars,96,0,1,1.2667,2.2553,0.1984
rmvpe_fix,3337,3406,Hakuna,96,1,1,0.8882,1.4634,0.6533
rmvpe_fix,3337,3938,Hakuna,96,1,1,0.9849,1.6756,0.5967
rmvpe_fix,3339,0182,Potter,61,0,1,0.9736,4.0204,0.1787
rmvpe_fix,3339,0336,Potter,61,0,1,0.8317,2.7578,0.5299
rmvpe_fix,3339,1236,StarWars,61,0,1,0.7764,3.2776,0.0202
rmvpe_fix,3339,1318,StarWars,61,0,1,0.8029,3.8021,-0.2217
rmvpe_fix,3339,3492,Hakuna,61,1,1,0.5457,2.3128,0.7840
rmvpe_fix,3339,3524,Hakuna,61,1,1,0.5433,1.4495,0.9296
rmvpe_fix,3345,0271,Potter,121,0,1,0.9976,2.0325,0.4898
rmvpe_fix,3345,0416,Potter,121,0,1,0.7743,1.6764,0.5506
rmvpe_fix,3345,0852,StarWars,121,0,1,1.0413,1.9100,0.5227
rmvpe_fix,3345,1525,StarWars,121,0,1,0.8544,1.6245,0.5403
rmvpe_fix,3345,3647,Hakuna,121,1,1,0.7864,0.7517,0.9090
rmvpe_fix,3345,4058,Hakuna,121,1,1,0.7767,0.7457,0.9042
rmvpe_fix,3347,0408,Potter,145,0,1,0.8246,3.6753,0.2610
rmvpe_fix,3347,0619,Potter,145,0,1,0.8547,1.8199,0.7984
rmvpe_fix,3347,0956,StarWars,145,0,1,0.8910,2.2767,0.5451
rmvpe_fix,3347,1199,StarWars,145,0,1,0.8973,2.5916,0.4668
rmvpe_fix,3347,3712,Hakuna,145,1,1,0.9273,0.6111,0.9531
rmvpe_fix,3347,3793,Hakuna,145,1,1,0.9684,0.5483,0.9725
rmvpe_fix,3348,0649,Potter,197,0,1,0.9312,1.7124,0.6875
rmvpe_fix,3348,0688,Potter,197,0,1,1.0059,1.7312,0.7163
rmvpe_fix,3348,0921,StarWars,197,0,1,0.9293,1.9210,0.6912
rmvpe_fix,3348,1322,StarWars,197,0,1,0.7642,1.9815,0.7377
rmvpe_fix,3348,3512,Hakuna,197,1,1,0.8055,0.6657,0.9398
rmvpe_fix,3348,3851,Hakuna,197,1,1,0.7760,0.6076,0.9679
rmvpe_fix,3351,0236,Potter,170,0,1,0.3805,1.4844,0.0294
rmvpe_fix,3351,0668,Potter,170,0,1,0.4269,1.1615,0.6355
rmvpe_fix,3351,1565,StarWars,170,0,1,0.5336,1.7884,0.4105
rmvpe_fix,3352,0352,Potter,220,0,1,0.6947,3.2596,0.0504
rmvpe_fix,3352,0755,Potter,220,0,1,0.3503,3.4650,0.4989
rmvpe_fix,3352,1052,StarWars,220,0,1,0.3229,1.5531,0.3669
rmvpe_fix,3352,1207,StarWars,220,0,1,0.6536,1.7743,0.0830
rmvpe_fix,3352,3568,Hakuna,220,1,1,0.5832,1.2726,0.6533
rmvpe_fix,3352,3759,Hakuna,220,1,1,0.1605,1.4112,0.5514
rmvpe_fix,3354,0651,Potter,97,0,1,0.8690,1.8057,0.7115
rmvpe_fix,3354,0706,Potter,97,0,1,0.9575,1.5605,0.8167
rmvpe_fix,3354,1313,StarWars,97,0,1,0.8078,1.9082,0.5127
rmvpe_fix,3354,1418,StarWars,97,0,1,0.8129,2.2426,0.4942
rmvpe_fix,3354,3631,Hakuna,97,1,1,0.8010,0.4193,0.9680
rmvpe_fix,3354,3919,Hakuna,97,1,1,0.8690,0.6694,0.9259
rmvpe_fix,3369,0282,Potter,8,0,1,1.0153,2.3080,0.6160
rmvpe_fix,3369,0802,Potter,8,0,1,0.9287,2.3616,0.4764
rmvpe_fix,3369,1046,StarWars,8,0,1,0.7402,2.3994,0.5859
rmvpe_fix,3369,1667,StarWars,8,0,1,0.7657,2.4158,0.3735
rmvpe_fix,3369,3795,Hakuna,8,1,1,0.7114,2.3499,0.5467
rmvpe_fix,3369,4144,Hakuna,8,1,1,0.6978,2.2693,0.5836
rmvpe_fix,3371,0508,Potter,120,0,1,1.3262,1.5765,0.7428
rmvpe_fix,3371,0559,Potter,120,0,1,1.2090,1.5829,0.7962
rmvpe_fix,3371,0878,StarWars,120,0,1,0.9041,2.0948,0.4497
rmvpe_fix,3371,1449,StarWars,120,0,1,0.9318,1.9386,0.5345
rmvpe_fix,3371,3503,Hakuna,120,1,1,0.7100,1.1187,0.7334
rmvpe_fix,3371,3549,Hakuna,120,1,1,0.8443,1.1786,0.6856
rmvpe_fix,3374,0236,Potter,170,0,1,0.2923,1.3996,0.3443
rmvpe_fix,3374,0668,Potter,170,0,1,0.3280,1.2729,0.4149
rmvpe_fix,3374,1565,StarWars,170,0,1,0.4100,1.6921,0.3634
rmvpe_fix,3376,0097,Potter,201,0,1,1.2919,0.9912,0.2854
rmvpe_fix,3376,0396,Potter,201,0,1,1.3468,0.7898,0.4632
rmvpe_fix,3376,0927,StarWars,201,0,1,1.2832,1.0351,0.2609
rmvpe_fix,3376,1129,StarWars,201,0,1,1.2110,0.6978,0.6734
rmvpe_fix,3376,3870,Hakuna,201,1,1,0.8324,0.7917,0.6578
rmvpe_fix,3376,4154,Hakuna,201,1,1,0.9595,0.8117,0.4776
rmvpe_fix,3379,1235,StarWars,178,0,1,0.7170,1.5138,0.0998
rmvpe_fix,3379,1585,StarWars,178,0,1,0.6106,1.0698,0.4707
rmvpe_fix,3379,3403,Hakuna,178,1,1,0.4837,1.1414,0.4832
rmvpe_fix,3379,3665,Hakuna,178,1,1,0.5214,1.3522,0.2692
rmvpe_fix,3381,0202,Potter,164,0,1,0.8962,1.4173,0.8250
rmvpe_fix,3381,0293,Potter,164,0,1,0.8944,1.4544,0.8050
rmvpe_fix,3381,1315,StarWars,164,0,1,0.8470,2.3084,0.4308
rmvpe_fix,3381,1482,StarWars,164,0,1,0.7851,1.7323,0.7017
rmvpe_fix,3381,3746,Hakuna,164,1,1,0.7559,2.0034,0.7212
rmvpe_fix,3381,3954,Hakuna,164,1,1,0.7741,1.8064,0.7705
rmvpe_fix,3383,0060,Potter,222,0,1,1.2592,1.8297,0.7364
rmvpe_fix,3383,0107,Potter,222,0,1,1.4423,2.1989,0.6625
rmvpe_fix,3383,0959,StarWars,222,0,1,0.8141,1.9822,0.7763
rmvpe_fix,3383,1276,StarWars,222,0,1,0.8535,2.3056,0.6051
rmvpe_fix,3383,4064,Hakuna,222,1,1,1.3127,1.4560,0.8485
rmvpe_fix,3383,4085,Hakuna,222,1,1,1.3972,0.9556,0.9222
rmvpe_fix,3388,0246,Potter,190,0,1,0.7510,1.1646,0.8212
rmvpe_fix,3388,0410,Potter,190,0,1,0.8107,1.2080,0.8030
rmvpe_fix,3388,1077,StarWars,190,0,1,0.7984,1.3599,0.7693
rmvpe_fix,3388,1085,StarWars,190,0,1,0.7819,1.0552,0.8553
rmvpe_fix,3388,3625,Hakuna,190,1,1,0.6831,1.5578,0.6141
rmvpe_fix,3388,3898,Hakuna,190,1,1,0.8086,1.2133,0.8429
rmvpe_fix,3389,0189,Potter,203,0,1,0.5805,1.5676,0.5876
rmvpe_fix,3389,0302,Potter,203,0,1,0.5101,1.4923,0.5831
rmvpe_fix,3389,0934,StarWars,203,0,1,0.4349,1.4253,0.6583
rmvpe_fix,3389,1603,StarWars,203,0,1,0.2874,1.6439,0.5127
rmvpe_fix,3389,3497,Hakuna,203,1,1,0.9036,1.4381,0.6101
rmvpe_fix,3389,3926,Hakuna,203,1,1,0.8862,1.4030,0.6611
rmvpe_fix,3391,0124,Potter,58,0,1,0.8787,1.4297,0.7695
rmvpe_fix,3391,0467,Potter,58,0,1,0.9347,1.6107,0.7012
rmvpe_fix,3391,1178,StarWars,58,0,1,0.7724,1.8934,0.5607
rmvpe_fix,3391,1262,StarWars,58,0,1,0.8937,1.4047,0.6939
rmvpe_fix,3391,3556,Hakuna,58,1,1,0.7052,0.7970,0.9274
rmvpe_fix,3391,3668,Hakuna,58,1,1,0.6716,1.3493,0.7648
rmvpe_fix,3397,0182,Potter,61,0,1,0.9830,3.9516,0.1797
rmvpe_fix,3397,0336,Potter,61,0,1,0.8398,2.6045,0.5836
rmvpe_fix,3397,1236,StarWars,61,0,1,0.7840,3.3766,-0.0372
rmvpe_fix,3397,1318,StarWars,61,0,1,0.8107,3.7486,-0.1440
rmvpe_fix,3397,3492,Hakuna,61,1,1,0.5510,2.2762,0.8097
rmvpe_fix,3397,3524,Hakuna,61,1,1,0.5485,1.5598,0.9081
rmvpe_fix,3401,0044,Potter,217,0,1,0.9965,1.1636,0.8069
rmvpe_fix,3401,0101,Potter,217,0,1,1.0484,1.2522,0.7961
rmvpe_fix,3401,1131,StarWars,217,0,1,0.8377,1.7943,0.5315
rmvpe_fix,3401,1509,StarWars,217,0,1,0.8705,1.7061,0.6128
rmvpe_fix,3401,3701,Hakuna,217,1,1,1.0328,0.7029,0.9230
rmvpe_fix,3401,4103,Hakuna,217,1,1,1.0294,0.7107,0.9316
rmvpe_fix,3413,0155,Potter,76,0,1,0.8212,1.8296,0.5228
rmvpe_fix,3413,0584,Potter,76,0,1,0.8470,1.5429,0.6427
rmvpe_fix,3413,1381,StarWars,76,0,1,0.7818,2.2320,0.2467
rmvpe_fix,3413,1445,StarWars,76,0,1,0.8379,2.1194,0.4144
rmvpe_fix,3413,3706,Hakuna,76,1,1,0.7848,1.0199,0.8637
rmvpe_fix,3413,4048,Hakuna,76,1,1,0.7970,0.8435,0.9148
rmvpe_fix,3414,0762,Potter,69,0,1,0.6084,1.3107,0.3626
rmvpe_fix,3414,0771,Potter,69,0,1,1.0354,1.1983,0.5637
rmvpe_fix,3414,1323,StarWars,69,0,1,0.3097,1.3955,0.2194
rmvpe_fix,3414,1496,StarWars,69,0,1,0.4558,1.3322,0.2352
rmvpe_fix,3414,3410,Hakuna,69,1,1,0.4801,3.6654,0.1975
rmvpe_fix,3416,0445,Potter,146,0,1,0.5243,2.0795,0.2419
rmvpe_fix,3416,0622,Potter,146,0,1,0.6064,1.7296,0.6803
rmvpe_fix,3416,0925,StarWars,146,0,1,0.3585,1.6419,0.6090
rmvpe_fix,3416,1456,StarWars,146,0,1,0.3635,1.6477,0.6688
rmvpe_fix,3416,3439,Hakuna,146,1,1,0.4121,1.4744,0.7527
rmvpe_fix,3416,3822,Hakuna,146,1,1,0.3317,1.9175,0.4940
rmvpe_fix,3428,0097,Potter,201,0,1,1.1316,0.9361,0.4696
rmvpe_fix,3428,0396,Potter,201,0,1,1.1797,0.6902,0.6856
rmvpe_fix,3428,0927,StarWars,201,0,1,1.1241,0.8348,0.5624
rmvpe_fix,3428,1129,StarWars,201,0,1,1.0608,0.7394,0.6704
rmvpe_fix,3428,3870,Hakuna,201,1,1,0.7291,0.7715,0.6165
rmvpe_fix,3428,4154,Hakuna,201,1,1,0.8405,0.7725,0.6563
rmvpe_fix,3429,0295,Potter,83,0,1,0.8376,1.6705,0.7111
rmvpe_fix,3429,0648,Potter,83,0,1,1.0657,2.1586,0.6213
rmvpe_fix,3429,1165,StarWars,83,0,1,1.0620,2.2905,0.6013
rmvpe_fix,3429,1491,StarWars,83,0,1,0.9124,1.4764,0.7487
rmvpe_fix,3429,3452,Hakuna,83,1,1,0.9690,2.1197,0.8066
rmvpe_fix,3429,4101,Hakuna,83,1,1,0.9325,2.2960,0.7811
rmvpe_fix,3432,0187,Potter,214,0,1,0.5947,2.2607,0.4435
rmvpe_fix,3432,0702,Potter,214,0,1,0.8931,1.9923,0.6293
rmvpe_fix,3432,1540,StarWars,214,0,1,0.7242,2.4436,0.4248
rmvpe_fix,3432,1618,StarWars,214,0,1,0.6942,2.3175,0.4564
rmvpe_fix,3432,3941,Hakuna,214,1,1,0.6210,2.4036,0.5706
rmvpe_fix,3432,4078,Hakuna,214,1,1,0.5741,2.2552,0.5353
rmvpe_fix,3434,0326,Potter,23,0,1,0.8178,1.7108,0.6023
rmvpe_fix,3434,0682,Potter,23,0,1,0.5775,1.4162,0.7320
rmvpe_fix,3434,1335,StarWars,23,0,1,0.7597,1.7151,0.5471
rmvpe_fix,3434,1448,StarWars,23,0,1,0.6860,1.8419,0.4596
rmvpe_fix,3435,0222,Potter,96,0,1,0.8732,1.4267,0.7162
rmvpe_fix,3435,0715,Potter,96,0,1,0.8239,1.8929,0.4472
rmvpe_fix,3435,1027,StarWars,96,0,1,1.3568,1.9567,0.3885
rmvpe_fix,3435,1402,StarWars,96,0,1,1.3826,2.1890,0.3616
rmvpe_fix,3435,3406,Hakuna,96,1,1,0.9695,1.7154,0.5911
rmvpe_fix,3435,3938,Hakuna,96,1,1,1.0751,1.8321,0.5293
rmvpe_fix,3437,0125,Potter,205,0,1,0.7859,1.3885,0.6342
rmvpe_fix,3437,0359,Potter,205,0,1,0.8952,1.0775,0.7820
rmvpe_fix,3437,0966,StarWars,205,0,1,0.8656,1.2021,0.7566
rmvpe_fix,3437,1480,StarWars,205,0,1,0.9271,1.3439,0.6321
rmvpe_fix,3437,3529,Hakuna,205,1,1,0.6378,1.2646,0.6526
rmvpe_fix,3437,3581,Hakuna,205,1,1,0.7608,1.2483,0.6581
rmvpe_fix,3438,0005,Potter,216,0,1,0.5832,1.6239,0.4279
rmvpe_fix,3438,0036,Potter,216,0,1,0.6953,1.0982,0.8265
rmvpe_fix,3438,3704,Hakuna,216,1,1,0.5271,1.5761,0.6553
rmvpe_fix,3438,3876,Hakuna,216,1,1,0.5813,1.4428,0.7124
rmvpe_fix,3442,0477,Potter,17,0,1,1.1603,1.3995,0.7065
rmvpe_fix,3442,0558,Potter,17,0,1,1.0621,1.3454,0.7388
rmvpe_fix,3442,1609,StarWars,17,0,1,1.1283,1.5974,0.6583
rmvpe_fix,3442,1620,StarWars,17,0,1,1.0802,1.4591,0.7443
rmvpe_fix,3442,3878,Hakuna,17,1,1,1.0942,1.2936,0.7447
rmvpe_fix,3442,4105,Hakuna,17,1,1,1.1623,1.1133,0.7925
rmvpe_fix,3460,0542,Potter,44,0,1,0.9173,1.6549,0.7440
rmvpe_fix,3460,0739,Potter,44,0,1,0.9303,1.6104,0.7913
rmvpe_fix,3460,0964,StarWars,44,0,1,1.1135,2.0811,0.7659
rmvpe_fix,3460,1026,StarWars,44,0,1,1.0243,2.2673,0.7219
rmvpe_fix,3460,3485,Hakuna,44,1,1,0.9919,0.3632,0.9839
rmvpe_fix,3460,3781,Hakuna,44,1,1,0.8930,0.3846,0.9790
rmvpe_fix,3461,0582,Potter,57,0,1,0.5174,1.0028,0.4715
rmvpe_fix,3461,0801,Potter,57,0,1,0.5437,1.0616,0.4671
rmvpe_fix,3461,0985,StarWars,57,0,1,0.4743,1.4001,0.1923
rmvpe_fix,3461,1249,StarWars,57,0,1,0.4958,0.9989,0.4719
rmvpe_fix,3461,3745,Hakuna,57,1,1,0.8383,1.2239,0.2035
rmvpe_fix,3461,3802,Hakuna,57,1,1,0.8599,1.2832,0.3050
rmvpe_fix,3463,0386,Potter,184,0,1,0.9797,2.2127,0.5600
rmvpe_fix,3463,0729,Potter,184,0,1,0.8564,2.4853,0.5657
rmvpe_fix,3463,0887,StarWars,184,0,1,0.5997,1.9941,0.6864
rmvpe_fix,3463,3612,Hakuna,184,1,1,0.8361,1.0545,0.8912
rmvpe_fix,3463,3844,Hakuna,184,1,1,0.8429,1.1570,0.8635
rmvpe_fix,3464,0732,Potter,150,0,1,0.7454,1.1297,0.8553
rmvpe_fix,3464,0825,Potter,150,0,1,0.7737,1.3386,0.8312
rmvpe_fix,3464,0844,StarWars,150,0,1,0.9185,2.0969,0.6104
rmvpe_fix,3464,1510,StarWars,150,0,1,0.8719,2.3316,0.6349
rmvpe_fix,3464,3493,Hakuna,150,1,1,0.9201,0.9789,0.8943
rmvpe_fix,3464,3767,Hakuna,150,1,1,0.7820,0.8351,0.9103
rmvpe_fix,3465,0038,Potter,207,0,1,0.7769,2.7635,0.3765
rmvpe_fix,3465,0672,Potter,207,0,1,0.9295,2.0461,0.7225
rmvpe_fix,3465,1206,StarWars,207,0,1,0.4834,1.7467,0.6519
rmvpe_fix,3465,1265,StarWars,207,0,1,0.4932,1.7296,0.5728
rmvpe_fix,3465,3446,Hakuna,207,1,1,0.8982,0.3675,0.9861
rmvpe_fix,3465,3565,Hakuna,207,1,1,0.8474,0.4155,0.9818
rmvpe_fix,3467,0438,Potter,192,0,1,0.6843,0.9719,0.7176
rmvpe_fix,3467,0783,Potter,192,0,1,0.7078,1.0439,0.6689
rmvpe_fix,3467,0909,StarWars,192,0,1,0.7562,1.2129,0.6215
rmvpe_fix,3467,1642,StarWars,192,0,1,0.6696,1.1803,0.6147
rmvpe_fix,3467,3741,Hakuna,192,1,1,0.7959,0.8545,0.7947
rmvpe_fix,3467,4148,Hakuna,192,1,1,0.7562,0.8223,0.8670
rmvpe_fix,3470,0623,Potter,10,0,1,1.0649,1.0809,0.6414
rmvpe_fix,3470,0830,Potter,10,0,1,0.9654,0.8335,0.7972
rmvpe_fix,3470,1176,StarWars,10,0,1,1.1061,0.9458,0.7487
rmvpe_fix,3470,1321,StarWars,10,0,1,1.0433,0.9241,0.7791
rmvpe_fix,3470,3717,Hakuna,10,1,1,0.9978,0.9007,0.8091
rmvpe_fix,3470,3891,Hakuna,10,1,1,0.8160,1.0061,0.6503
rmvpe_fix,3473,0372,Potter,128,0,1,0.4943,1.6170,0.6583
rmvpe_fix,3473,0440,Potter,128,0,1,0.4444,1.4173,0.6777
rmvpe_fix,3473,1334,StarWars,128,0,1,0.7370,1.6275,0.6738
rmvpe_fix,3473,1570,StarWars,128,0,1,0.6259,1.3562,0.7073
rmvpe_fix,3473,3882,Hakuna,128,1,1,0.5283,1.4935,0.6523
rmvpe_fix,3473,4119,Hakuna,128,1,1,0.5737,1.0164,0.8149
rmvpe_fix,3477,0319,Potter,54,0,1,0.9567,1.7868,0.7316
rmvpe_fix,3477,0573,Potter,54,0,1,1.0513,1.7253,0.7585
rmvpe_fix,3477,0885,StarWars,54,0,1,1.1186,2.0558,0.7057
rmvpe_fix,3477,1561,StarWars,54,0,1,1.0769,2.4666,0.6408
rmvpe_fix,3477,3395,Hakuna,54,1,1,0.9712,0.6550,0.9319
rmvpe_fix,3477,3880,Hakuna,54,1,1,0.9119,0.7666,0.9142
rmvpe_fix,3487,0997,StarWars,135,0,1,0.9231,1.8176,0.5305
rmvpe_fix,3487,1195,StarWars,135,0,1,1.0620,1.8063,0.6359
rmvpe_fix,3487,3501,Hakuna,135,1,1,0.5876,0.9208,0.6284
rmvpe_fix,3487,4070,Hakuna,135,1,1,0.6731,1.2947,0.3399
rmvpe_fix,3489,0111,Potter,100,0,1,1.0224,0.9757,0.5728
rmvpe_fix,3489,0407,Potter,100,0,1,0.8072,1.1425,0.3396
rmvpe_fix,3489,1040,StarWars,100,0,1,0.9931,0.9803,0.4724
rmvpe_fix,3489,1344,StarWars,100,0,1,0.7126,0.9385,0.4516
rmvpe_fix,3489,3448,Hakuna,100,1,1,0.7246,1.0056,0.3821
rmvpe_fix,3489,4068,Hakuna,100,1,1,0.7797,1.0171,0.4469
rmvpe_fix,3490,0699,Potter,154,0,1,0.5732,2.9576,0.4431
rmvpe_fix,3490,0790,Potter,154,0,1,0.6190,2.9825,0.4600
rmvpe_fix,3490,1008,StarWars,154,0,1,0.4339,2.5544,0.6395
rmvpe_fix,3490,1152,StarWars,154,0,1,0.5802,3.0453,0.3317
rmvpe_fix,3490,3375,Hakuna,154,1,1,0.5697,1.5623,0.8805
rmvpe_fix,3490,3762,Hakuna,154,1,1,0.7266,2.6813,0.4912
rmvpe_fix,3491,0732,Potter,150,0,1,0.7684,1.1118,0.8615
rmvpe_fix,3491,0825,Potter,150,0,1,0.7976,1.5557,0.8364
rmvpe_fix,3491,0844,StarWars,150,0,1,0.9468,2.4185,0.5149
rmvpe_fix,3491,1510,StarWars,150,0,1,0.8988,2.5623,0.5142
rmvpe_fix,3491,3493,Hakuna,150,1,1,0.9485,1.1325,0.8583
rmvpe_fix,3491,3767,Hakuna,150,1,1,0.8062,0.8629,0.9120
rmvpe_fix,3496,0531,Potter,105,0,1,1.1596,1.5821,0.8227
rmvpe_fix,3496,0583,Potter,105,0,1,1.1681,1.4850,0.8316
rmvpe_fix,3496,1579,StarWars,105,0,1,1.0660,2.1253,0.7048
rmvpe_fix,3496,3587,Hakuna,105,1,1,1.0000,0.3301,0.9727
rmvpe_fix,3496,3906,Hakuna,105,1,1,1.0489,0.6276,0.8924
rmvpe_fix,3502,0470,Potter,91,0,1,0.8493,1.8966,0.3139
rmvpe_fix,3502,0596,Potter,91,0,1,1.0240,1.1946,0.7118
rmvpe_fix,3502,1006,StarWars,91,0,1,0.6943,1.3869,0.5487
rmvpe_fix,3502,1366,StarWars,91,0,1,0.8865,1.2135,0.6395
rmvpe_fix,3502,3411,Hakuna,91,1,1,0.7052,1.4257,0.3369
rmvpe_fix,3502,3440,Hakuna,91,1,1,0.7009,1.3910,0.5528
rmvpe_fix,3505,0461,Potter,198,0,1,0.1630,1.9512,0.4102
rmvpe_fix,3508,0425,Potter,5,0,1,0.7644,1.8886,0.4994
rmvpe_fix,3508,0528,Potter,5,0,1,0.9160,2.1482,0.5776
rmvpe_fix,3508,0854,StarWars,5,0,1,0.9127,1.6396,0.7594
rmvpe_fix,3508,1444,StarWars,5,0,1,0.9094,1.8018,0.6820
rmvpe_fix,3508,3606,Hakuna,5,1,1,0.8138,0.7686,0.9347
rmvpe_fix,3508,3860,Hakuna,5,1,1,0.8386,0.7481,0.9314
rmvpe_fix,3513,0177,Potter,14,0,1,0.8861,1.4751,0.3613
rmvpe_fix,3513,0774,Potter,14,0,1,0.8445,1.6595,0.2745
rmvpe_fix,3513,1435,StarWars,14,0,1,0.8716,1.1976,0.6652
rmvpe_fix,3513,1519,StarWars,14,0,1,0.9530,1.1157,0.7015
rmvpe_fix,3513,3682,Hakuna,14,1,1,0.7197,1.1491,0.5620
rmvpe_fix,3513,3807,Hakuna,14,1,1,0.7233,1.1426,0.6785
rmvpe_fix,3514,0470,Potter,91,0,1,0.7353,1.2163,0.5182
rmvpe_fix,3514,0596,Potter,91,0,1,0.8866,0.8431,0.7099
rmvpe_fix,3514,1006,StarWars,91,0,1,0.6011,0.8132,0.6376
rmvpe_fix,3514,1366,StarWars,91,0,1,0.7675,0.7444,0.7141
rmvpe_fix,3514,3411,Hakuna,91,1,1,0.6106,0.9918,0.4677
rmvpe_fix,3514,3440,Hakuna,91,1,1,0.6068,1.0322,0.5120
rmvpe_fix,3515,0356,Potter,196,0,1,0.7149,1.5938,0.6223
rmvpe_fix,3515,0686,Potter,196,0,1,0.6242,1.8837,0.5080
rmvpe_fix,3515,0907,StarWars,196,0,1,0.6307,1.8548,0.6268
rmvpe_fix,3515,1611,StarWars,196,0,1,0.5659,1.5065,0.7063
rmvpe_fix,3515,4056,Hakuna,196,1,1,0.7192,0.3470,0.9847
rmvpe_fix,3515,4082,Hakuna,196,1,1,0.7646,0.3562,0.9848
rmvpe_fix,3516,0189,Potter,203,0,1,0.5717,2.5472,0.3816
rmvpe_fix,3516,0302,Potter,203,0,1,0.5024,2.3741,0.5073
rmvpe_fix,3516,0934,StarWars,203,0,1,0.4283,2.0311,0.6455
rmvpe_fix,3516,1603,StarWars,203,0,1,0.2830,2.3414,0.5722
rmvpe_fix,3516,3497,Hakuna,203,1,1,0.8898,2.2135,0.6062
rmvpe_fix,3516,3926,Hakuna,203,1,1,0.8727,2.2685,0.5741
rmvpe_fix,3517,0311,Potter,218,0,1,0.7072,3.9579,0.4226
rmvpe_fix,3517,0518,Potter,218,0,1,0.6976,3.4555,0.6179
rmvpe_fix,3517,0994,StarWars,218,0,1,0.8096,3.4726,0.4877
rmvpe_fix,3517,1220,StarWars,218,0,1,0.7536,4.6537,-0.0564
rmvpe_fix,3517,3475,Hakuna,218,1,1,0.8592,1.6184,0.9424
rmvpe_fix,3517,3521,Hakuna,218,1,1,0.8768,1.9258,0.9212
rmvpe_fix,3527,0275,Potter,33,0,1,0.9004,2.2231,0.4728
rmvpe_fix,3527,0468,Potter,33,0,1,0.8985,2.2067,0.5020
rmvpe_fix,3527,0888,StarWars,33,0,1,0.7395,1.8481,0.3712
rmvpe_fix,3527,1174,StarWars,33,0,1,0.6973,1.7272,0.5716
rmvpe_fix,3527,3868,Hakuna,33,1,1,0.8103,1.2353,0.7793
rmvpe_fix,3528,0372,Potter,128,0,1,0.5046,1.3980,0.7290
rmvpe_fix,3528,0440,Potter,128,0,1,0.4537,1.2862,0.7677
rmvpe_fix,3528,1334,StarWars,128,0,1,0.7523,1.5605,0.7105
rmvpe_fix,3528,1570,StarWars,128,0,1,0.6389,1.6129,0.6482
rmvpe_fix,3528,3882,Hakuna,128,1,1,0.5394,1.2202,0.7548
rmvpe_fix,3528,4119,Hakuna,128,1,1,0.5856,0.9035,0.8747
rmvpe_fix,3531,0131,Potter,53,0,1,1.2941,1.8887,0.4580
rmvpe_fix,3531,0689,Potter,53,0,1,1.2374,1.8869,0.4085
rmvpe_fix,3531,1269,StarWars,53,0,1,0.7059,2.0152,0.2408
rmvpe_fix,3531,1596,StarWars,53,0,1,0.7395,2.2772,0.0115
rmvpe_fix,3531,3585,Hakuna,53,1,1,0.7164,0.7742,0.7525
rmvpe_fix,3531,3856,Hakuna,53,1,1,0.7416,0.3818,0.9828
rmvpe_fix,3532,0394,Potter,215,0,1,1.1592,3.3252,0.2189
rmvpe_fix,3532,0975,StarWars,215,0,1,0.9325,2.2140,0.6550
rmvpe_fix,3532,1423,StarWars,215,0,1,1.0121,1.9680,0.7740
rmvpe_fix,3532,3480,Hakuna,215,1,1,0.8702,0.3510,0.9707
rmvpe_fix,3532,3858,Hakuna,215,1,1,0.8945,0.4036,0.9731
rmvpe_fix,3535,0286,Potter,47,0,1,0.8568,1.3527,0.6244
rmvpe_fix,3535,0443,Potter,47,0,1,0.7885,1.0721,0.7492
rmvpe_fix,3535,1258,StarWars,47,0,1,0.9559,1.3728,0.5891
rmvpe_fix,3535,1300,StarWars,47,0,1,0.7577,1.3719,0.6207
rmvpe_fix,3535,4019,Hakuna,47,1,1,1.0154,1.1435,0.6444
rmvpe_fix,3535,4044,Hakuna,47,1,1,1.0771,0.9969,0.7620
rmvpe_fix,3536,0196,Potter,232,0,1,0.5603,1.8291,0.5494
rmvpe_fix,3536,0603,Potter,232,0,1,0.6342,1.5101,0.6642
rmvpe_fix,3536,0917,StarWars,232,0,1,0.7879,2.0264,0.5326
rmvpe_fix,3536,1278,StarWars,232,0,1,0.6537,2.1437,0.3391
rmvpe_fix,3536,3541,Hakuna,232,1,1,0.2938,1.4811,0.7553
rmvpe_fix,3536,4111,Hakuna,232,1,1,0.3852,1.8467,0.6382
rmvpe_fix,3538,0005,Potter,216,0,1,0.5455,1.6992,0.5191
rmvpe_fix,3538,0036,Potter,216,0,1,0.6503,1.2085,0.8515
rmvpe_fix,3538,3704,Hakuna,216,1,1,0.4930,1.7241,0.6160
rmvpe_fix,3538,3876,Hakuna,216,1,1,0.5437,1.6307,0.6528
rmvpe_fix,3544,0008,Potter,213,0,1,0.9559,1.7403,0.8107
rmvpe_fix,3544,0681,Potter,213,0,1,0.9651,1.6556,0.8436
rmvpe_fix,3544,0860,StarWars,213,0,1,1.0938,2.0496,0.6781
rmvpe_fix,3544,1317,StarWars,213,0,1,0.9853,2.1919,0.7623
rmvpe_fix,3544,3548,Hakuna,213,1,1,0.6691,0.4745,0.9710
rmvpe_fix,3544,3720,Hakuna,213,1,1,0.7426,0.5049,0.9588
rmvpe_fix,3545,0553,Potter,0,0,1,0.9272,1.7811,0.5426
rmvpe_fix,3545,0590,Potter,0,0,1,0.9123,1.4404,0.5907
rmvpe_fix,3545,0915,StarWars,0,0,1,0.6746,1.8297,0.3604
rmvpe_fix,3545,1140,StarWars,0,0,1,0.6627,2.1174,0.3317
rmvpe_fix,3545,3690,Hakuna,0,1,1,0.8886,1.4982,0.3742
rmvpe_fix,3545,4031,Hakuna,0,1,1,0.8811,0.8779,0.7745
rmvpe_fix,3552,0613,Potter,137,0,1,0.5048,1.4116,0.8043
rmvpe_fix,3552,0788,Potter,137,0,1,0.5657,1.9583,0.6480
rmvpe_fix,3552,1163,StarWars,137,0,1,0.6229,1.7287,0.6874
rmvpe_fix,3552,1177,StarWars,137,0,1,0.6610,1.7020,0.7197
rmvpe_fix,3552,3594,Hakuna,137,1,1,0.8324,1.1525,0.8798
rmvpe_fix,3552,3944,Hakuna,137,1,1,0.8000,0.9369,0.9348
rmvpe_fix,3553,0102,Potter,191,0,1,0.9002,1.3214,0.7092
rmvpe_fix,3553,0426,Potter,191,0,1,0.9343,1.5549,0.5676
rmvpe_fix,3553,0993,StarWars,191,0,1,1.0365,1.5175,0.6590
rmvpe_fix,3553,1506,StarWars,191,0,1,1.0779,1.5036,0.6347
rmvpe_fix,3553,3928,Hakuna,191,1,1,1.0341,1.6400,0.7058
rmvpe_fix,3553,3984,Hakuna,191,1,1,0.8370,1.6586,0.6168
rmvpe_fix,3554,1030,StarWars,212,0,1,0.4439,1.9816,0.5140
rmvpe_fix,3554,1646,StarWars,212,0,1,0.6071,2.0049,0.4040
rmvpe_fix,3554,3761,Hakuna,212,1,1,0.4490,1.9736,0.6696
rmvpe_fix,3554,3907,Hakuna,212,1,1,0.5476,1.9941,0.5782
rmvpe_fix,3555,0292,Potter,166,0,1,0.9321,1.7602,0.6425
rmvpe_fix,3555,0353,Potter,166,0,1,1.3951,1.8127,0.5179
rmvpe_fix,3555,1233,StarWars,166,0,1,0.8807,1.7669,0.7065
rmvpe_fix,3555,1267,StarWars,166,0,1,0.8395,1.7036,0.6023
rmvpe_fix,3557,0373,Potter,122,0,1,0.7762,1.9293,0.7495
rmvpe_fix,3557,0547,Potter,122,0,1,0.7151,2.2177,0.5120
rmvpe_fix,3557,1408,StarWars,122,0,1,0.6323,2.4333,0.4834
rmvpe_fix,3557,1495,StarWars,122,0,1,0.6163,2.1241,0.6002
rmvpe_fix,3557,3595,Hakuna,122,1,1,0.7209,1.4364,0.8603
rmvpe_fix,3557,3655,Hakuna,122,1,1,0.7166,2.0554,0.6672
rmvpe_fix,3560,0239,Potter,59,0,1,0.6028,1.9225,0.6106
rmvpe_fix,3560,0798,Potter,59,0,1,0.4914,1.9494,0.6362
rmvpe_fix,3560,0923,StarWars,59,0,1,0.3297,1.8297,0.6330
rmvpe_fix,3560,1246,StarWars,59,0,1,0.4694,2.0696,0.3858
rmvpe_fix,3560,3956,Hakuna,59,1,1,0.4396,2.0730,0.3379
rmvpe_fix,3560,4124,Hakuna,59,1,1,0.4694,1.9642,0.5042
rmvpe_fix,3566,0651,Potter,97,0,1,0.9445,1.9916,0.7229
rmvpe_fix,3566,0706,Potter,97,0,1,1.0407,1.5570,0.8103
rmvpe_fix,3566,1313,StarWars,97,0,1,0.8780,1.9146,0.5626
rmvpe_fix,3566,1418,StarWars,97,0,1,0.8835,2.0855,0.5810
rmvpe_fix,3566,3631,Hakuna,97,1,1,0.8706,0.4609,0.9756
rmvpe_fix,3566,3919,Hakuna,97,1,1,0.9445,0.8269,0.9015
rmvpe_fix,3570,0273,Potter,172,0,1,0.6433,1.7081,0.4747
rmvpe_fix,3570,1064,StarWars,172,0,1,0.6126,1.5530,0.6551
rmvpe_fix,3570,1498,StarWars,172,0,1,0.6280,1.3029,0.7732
rmvpe_fix,3570,3708,Hakuna,172,1,1,0.5358,2.4992,0.0784
rmvpe_fix,3570,4145,Hakuna,172,1,1,0.6570,1.5168,0.7019
rmvpe_fix,3572,0057,Potter,60,0,1,0.8619,1.6096,0.6719
rmvpe_fix,3572,0348,Potter,60,0,1,0.8392,1.4965,0.7544
rmvpe_fix,3575,0090,Potter,24,0,1,0.8053,1.3767,0.7441
rmvpe_fix,3575,0320,Potter,24,0,1,0.7646,1.3634,0.7412
rmvpe_fix,3575,1045,StarWars,24,0,1,0.8655,1.9180,0.5519
rmvpe_fix,3575,1325,StarWars,24,0,1,0.9451,1.8700,0.5532
rmvpe_fix,3575,3814,Hakuna,24,1,1,0.7947,0.6872,0.9378
rmvpe_fix,3575,4118,Hakuna,24,1,1,0.7823,0.7509,0.9350
rmvpe_fix,3577,0633,Potter,231,0,1,0.4884,1.2676,0.7834
rmvpe_fix,3577,0803,Potter,231,0,1,0.5938,1.1645,0.8410
rmvpe_fix,3577,1150,StarWars,231,0,1,0.5984,1.5261,0.6898
rmvpe_fix,3577,1605,StarWars,231,0,1,0.6109,1.3466,0.7982
rmvpe_fix,3577,4049,Hakuna,231,1,1,0.7907,0.2908,0.9883
rmvpe_fix,3577,4112,Hakuna,231,1,1,0.7907,0.3486,0.9849
rmvpe_fix,3580,0595,Potter,26,0,1,0.9675,1.2065,0.3762
rmvpe_fix,3580,0768,Potter,26,0,1,0.9125,1.3958,0.2921
rmvpe_fix,3580,1087,StarWars,26,0,1,0.6775,1.2202,0.4581
rmvpe_fix,3580,1132,StarWars,26,0,1,0.6600,1.3162,0.1707
rmvpe_fix,3580,3392,Hakuna,26,1,1,0.4150,1.2587,0.5602
rmvpe_fix,3580,4137,Hakuna,26,1,1,0.4250,1.0189,0.6141
rmvpe_fix,3582,0254,Potter,129,0,1,1.2090,1.4947,0.6730
rmvpe_fix,3582,0554,Potter,129,0,1,1.1348,1.5056,0.6700
rmvpe_fix,3582,1014,StarWars,129,0,1,0.5820,1.5462,0.5967
rmvpe_fix,3582,1167,StarWars,129,0,1,0.5933,1.4506,0.6816
rmvpe_fix,3582,3576,Hakuna,129,1,1,0.8202,0.9235,0.8332
rmvpe_fix,3582,3651,Hakuna,129,1,1,0.7888,0.9602,0.8264
rmvpe_fix,3583,0206,Potter,84,0,1,0.6997,1.6003,0.7485
rmvpe_fix,3583,1341,StarWars,84,0,1,0.8624,2.3668,0.1442
rmvpe_fix,3583,1504,StarWars,84,0,1,0.7265,1.6176,0.6793
rmvpe_fix,3588,0680,Potter,123,0,1,0.9333,2.1302,0.3830
rmvpe_fix,3588,0835,Potter,123,0,1,0.8684,1.9839,0.4574
rmvpe_fix,3588,1196,StarWars,123,0,1,0.9453,1.9785,0.6821
rmvpe_fix,3588,1378,StarWars,123,0,1,0.9590,1.9599,0.7282
rmvpe_fix,3588,3567,Hakuna,123,1,1,0.8239,0.3167,0.9840
rmvpe_fix,3588,3787,Hakuna,123,1,1,0.8462,0.2645,0.9885
rmvpe_fix,3591,0177,Potter,14,0,1,0.8113,1.3885,0.4772
rmvpe_fix,3591,0774,Potter,14,0,1,0.7732,1.5110,0.4555
rmvpe_fix,3591,1435,StarWars,14,0,1,0.7980,1.2777,0.5164
rmvpe_fix,3591,1519,StarWars,14,0,1,0.8725,1.0847,0.7107
rmvpe_fix,3591,3682,Hakuna,14,1,1,0.6589,1.0983,0.5805
rmvpe_fix,3591,3807,Hakuna,14,1,1,0.6623,1.0859,0.6743
rmvpe_fix,3593,0595,Potter,26,0,1,0.8638,1.1211,0.4437
rmvpe_fix,3593,0768,Potter,26,0,1,0.8147,1.1410,0.4137
rmvpe_fix,3593,1087,StarWars,26,0,1,0.6049,0.9411,0.6036
rmvpe_fix,3593,1132,StarWars,26,0,1,0.5893,1.0315,0.4800
rmvpe_fix,3593,3392,Hakuna,26,1,1,0.3705,1.0601,0.6811
rmvpe_fix,3593,4137,Hakuna,26,1,1,0.3795,0.9344,0.6314
rmvpe_fix,3599,0071,Potter,109,0,1,0.9039,2.0037,0.6790
rmvpe_fix,3599,0388,Potter,109,0,1,0.9836,1.6433,0.7802
rmvpe_fix,3599,0986,StarWars,109,0,1,0.9939,2.4450,0.4726
rmvpe_fix,3599,1078,StarWars,109,0,1,1.0532,2.3701,0.4520
rmvpe_fix,3599,3457,Hakuna,109,1,1,0.8528,0.6120,0.9722
rmvpe_fix,3599,3837,Hakuna,109,1,1,0.8814,0.7341,0.9497
rmvpe_fix,3601,0350,Potter,72,0,1,0.6000,1.5215,0.7397
rmvpe_fix,3601,0506,Potter,72,0,1,0.5732,1.5680,0.7593
rmvpe_fix,3601,1215,StarWars,72,0,1,0.8659,1.6780,0.7785
rmvpe_fix,3601,1478,StarWars,72,0,1,1.0878,2.6695,0.4579
rmvpe_fix,3601,3666,Hakuna,72,1,1,0.8780,0.5882,0.9542
rmvpe_fix,3601,4069,Hakuna,72,1,1,0.8268,0.6537,0.9417
rmvpe_fix,3602,0424,Potter,38,0,1,1.0803,1.4999,0.4674
rmvpe_fix,3602,0829,Potter,38,0,1,1.0393,1.6153,0.4720
rmvpe_fix,3602,1149,StarWars,38,0,1,0.9230,1.4744,0.6406
rmvpe_fix,3602,1273,StarWars,38,0,1,0.9262,1.5639,0.5242
rmvpe_fix,3602,3506,Hakuna,38,1,1,0.8000,0.5650,0.8952
rmvpe_fix,3602,3732,Hakuna,38,1,1,0.8967,0.7207,0.8373
rmvpe_fix,3611,0136,Potter,144,0,1,0.7758,1.3332,0.4841
rmvpe_fix,3611,0330,Potter,144,0,1,0.6997,1.2791,0.4105
rmvpe_fix,3611,1216,StarWars,144,0,1,0.5598,1.0810,0.2986
rmvpe_fix,3611,1421,StarWars,144,0,1,0.6155,1.0913,0.5235
rmvpe_fix,3611,3420,Hakuna,144,1,1,0.5516,0.8632,0.7633
rmvpe_fix,3611,3673,Hakuna,144,1,1,0.5788,1.1033,0.3159
rmvpe_fix,3616,0538,Potter,16,0,1,0.3890,1.8779,0.3274
rmvpe_fix,3616,0797,Potter,16,0,1,0.4440,1.8775,0.1644
rmvpe_fix,3616,1261,StarWars,16,0,1,0.3259,1.9775,0.3288
rmvpe_fix,3616,1522,StarWars,16,0,1,0.2220,1.4091,0.5167
rmvpe_fix,3616,3846,Hakuna,16,1,1,1.0855,1.1471,0.6023
rmvpe_fix,3616,4150,Hakuna,16,1,1,1.0672,1.1849,0.5012
rmvpe_fix,3621,0373,Potter,122,0,1,0.8030,1.5634,0.5823
rmvpe_fix,3621,0547,Potter,122,0,1,0.7398,2.0755,0.3008
rmvpe_fix,3621,1408,StarWars,122,0,1,0.6541,1.6645,0.4922
rmvpe_fix,3621,1495,StarWars,122,0,1,0.6376,1.6596,0.4016
rmvpe_fix,3621,3595,Hakuna,122,1,1,0.7459,0.7357,0.9166
rmvpe_fix,3621,3655,Hakuna,122,1,1,0.7414,1.3120,0.7288
rmvpe_fix,3622,0076,Potter,30,0,1,0.6716,2.1358,0.4776
rmvpe_fix,3622,0151,Potter,30,0,1,0.8010,1.8222,0.6701
rmvpe_fix,3622,1101,StarWars,30,0,1,0.9088,2.0293,0.6773
rmvpe_fix,3622,1369,StarWars,30,0,1,0.7678,1.7511,0.6293
rmvpe_fix,3622,3443,Hakuna,30,1,1,0.6716,1.2304,0.8547
rmvpe_fix,3622,3694,Hakuna,30,1,1,0.3715,2.1628,0.2712
rmvpe_fix,3624,0437,Potter,40,0,1,0.9269,1.5288,0.7669
rmvpe_fix,3624,0502,Potter,40,0,1,0.7530,2.2237,0.4684
rmvpe_fix,3624,0892,StarWars,40,0,1,0.6937,2.7306,0.2030
rmvpe_fix,3624,1600,StarWars,40,0,1,0.7154,2.2819,0.4318
rmvpe_fix,3624,3966,Hakuna,40,1,1,0.8300,0.6547,0.9689
rmvpe_fix,3624,4094,Hakuna,40,1,1,0.7549,0.6634,0.9620
rmvpe_fix,3626,1030,StarWars,212,0,1,0.4953,2.2373,0.3798
rmvpe_fix,3626,1646,StarWars,212,0,1,0.6774,2.1958,0.4113
rmvpe_fix,3626,3761,Hakuna,212,1,1,0.5009,2.0765,0.6983
rmvpe_fix,3626,3907,Hakuna,212,1,1,0.6110,2.2266,0.5494
rmvpe_fix,3630,0350,Potter,72,0,1,0.6044,1.6142,0.7215
rmvpe_fix,3630,0506,Potter,72,0,1,0.5774,1.6293,0.7622
rmvpe_fix,3630,1215,StarWars,72,0,1,0.8722,1.7600,0.7849
rmvpe_fix,3630,1478,StarWars,72,0,1,1.0958,2.6762,0.4472
rmvpe_fix,3630,3666,Hakuna,72,1,1,0.8845,0.5252,0.9628
rmvpe_fix,3630,4069,Hakuna,72,1,1,0.8329,0.5874,0.9597
rmvpe_fix,3632,0438,Potter,192,0,1,0.6976,1.0431,0.6680
rmvpe_fix,3632,0783,Potter,192,0,1,0.7216,1.0335,0.6548
rmvpe_fix,3632,0909,StarWars,192,0,1,0.7710,1.0937,0.6651
rmvpe_fix,3632,1642,StarWars,192,0,1,0.6826,1.1674,0.6512
rmvpe_fix,3632,3741,Hakuna,192,1,1,0.8114,0.9312,0.7805
rmvpe_fix,3632,4148,Hakuna,192,1,1,0.7710,0.8584,0.8269
rmvpe_fix,3633,1235,StarWars,178,0,1,0.7257,1.3962,0.5041
rmvpe_fix,3633,1585,StarWars,178,0,1,0.6181,1.3087,0.4450
rmvpe_fix,3633,3403,Hakuna,178,1,1,0.4896,1.3025,0.3637
rmvpe_fix,3633,3665,Hakuna,178,1,1,0.5278,1.5468,0.2241
rmvpe_fix,3636,0075,Potter,55,0,1,0.7678,1.8487,0.3485
rmvpe_fix,3636,0785,Potter,55,0,1,0.7349,1.6209,0.5757
rmvpe_fix,3636,1160,StarWars,55,0,1,0.6508,1.3721,0.7443
rmvpe_fix,3636,1648,StarWars,55,0,1,0.9177,1.3067,0.7107
rmvpe_fix,3636,3887,Hakuna,55,1,1,0.8757,1.3476,0.7972
rmvpe_fix,3636,4060,Hakuna,55,1,1,0.7843,1.0648,0.8712
rmvpe_fix,3637,0196,Potter,232,0,1,0.6076,1.6428,0.4998
rmvpe_fix,3637,0603,Potter,232,0,1,0.6878,1.4541,0.6713
rmvpe_fix,3637,0917,StarWars,232,0,1,0.8544,1.7957,0.5412
rmvpe_fix,3637,1278,StarWars,232,0,1,0.7089,2.0212,0.2476
rmvpe_fix,3637,3541,Hakuna,232,1,1,0.3186,1.5941,0.6261
rmvpe_fix,3637,4111,Hakuna,232,1,1,0.4177,2.1711,0.2297
rmvpe_fix,3644,0531,Potter,105,0,1,1.0542,1.7175,0.7816
rmvpe_fix,3644,0583,Potter,105,0,1,1.0619,1.7701,0.7784
rmvpe_fix,3644,1579,StarWars,105,0,1,0.9691,2.0397,0.7686
rmvpe_fix,3644,3587,Hakuna,105,1,1,0.9091,0.6018,0.9364
rmvpe_fix,3644,3906,Hakuna,105,1,1,0.9536,0.3666,0.9851
rmvpe_fix,3646,0384,Potter,228,0,1,0.5985,1.2652,0.6688
rmvpe_fix,3650,0090,Potter,24,0,1,0.8082,1.4521,0.7409
rmvpe_fix,3650,0320,Potter,24,0,1,0.7673,1.4046,0.7361
rmvpe_fix,3650,1045,StarWars,24,0,1,0.8686,1.7765,0.6479
rmvpe_fix,3650,1325,StarWars,24,0,1,0.9485,1.7418,0.6135
rmvpe_fix,3650,3814,Hakuna,24,1,1,0.7975,0.5853,0.9572
rmvpe_fix,3650,4118,Hakuna,24,1,1,0.7851,0.6811,0.9429
rmvpe_fix,3652,0131,Potter,53,0,1,1.2675,1.8527,0.3781
rmvpe_fix,3652,0689,Potter,53,0,1,1.2119,1.8192,0.4062
rmvpe_fix,3652,1269,StarWars,53,0,1,0.6914,2.0623,0.0722
rmvpe_fix,3652,1596,StarWars,53,0,1,0.7243,2.2287,-0.0900
rmvpe_fix,3652,3585,Hakuna,53,1,1,0.7016,0.6802,0.7444
rmvpe_fix,3652,3856,Hakuna,53,1,1,0.7263,0.4013,0.9690
rmvpe_fix,3653,0489,Potter,87,0,1,0.8576,1.8105,0.1881
rmvpe_fix,3653,0684,Potter,87,0,1,0.7547,1.7578,0.1578
rmvpe_fix,3653,1090,StarWars,87,0,1,0.7421,1.5021,0.5083
rmvpe_fix,3653,1460,StarWars,87,0,1,0.7310,1.0720,0.7418
rmvpe_fix,3653,3341,Hakuna,87,1,1,0.7041,1.0476,0.8013
rmvpe_fix,3653,3728,Hakuna,87,1,1,0.7595,1.1220,0.7397
rmvpe_fix,3656,0352,Potter,220,0,1,0.7058,3.2943,-0.0883
rmvpe_fix,3656,0755,Potter,220,0,1,0.3559,3.2998,0.3190
rmvpe_fix,3656,1052,StarWars,220,0,1,0.3280,1.3628,0.3699
rmvpe_fix,3656,1207,StarWars,220,0,1,0.6640,1.6212,0.0929
rmvpe_fix,3656,3568,Hakuna,220,1,1,0.5924,1.2419,0.4562
rmvpe_fix,3656,3759,Hakuna,220,1,1,0.1630,1.2141,0.5652
rmvpe_fix,3657,0041,Potter,151,0,1,0.9756,1.1652,0.7664
rmvpe_fix,3657,0778,Potter,151,0,1,1.0556,1.2044,0.7611
rmvpe_fix,3657,1060,StarWars,151,0,1,1.1800,2.0740,0.3937
rmvpe_fix,3657,1252,StarWars,151,0,1,1.1400,2.0287,0.4793
rmvpe_fix,3657,3523,Hakuna,151,1,1,0.7956,0.5793,0.9407
rmvpe_fix,3657,3573,Hakuna,151,1,1,0.9467,0.4884,0.9436
rmvpe_fix,3658,0254,Potter,129,0,1,1.1423,1.6112,0.6872
rmvpe_fix,3658,0554,Potter,129,0,1,1.0722,1.6201,0.7094
rmvpe_fix,3658,1014,StarWars,129,0,1,0.5499,1.6496,0.6867
rmvpe_fix,3658,1167,StarWars,129,0,1,0.5605,1.4528,0.7791
rmvpe_fix,3658,3576,Hakuna,129,1,1,0.7749,0.9927,0.8880
rmvpe_fix,3658,3651,Hakuna,129,1,1,0.7452,1.1256,0.8428
rmvpe_fix,3659,0181,Potter,13,0,1,1.0090,1.5051,0.7414
rmvpe_fix,3659,0299,Potter,13,0,1,0.8804,1.7017,0.7371
rmvpe_fix,3659,1619,StarWars,13,0,1,0.8217,1.0991,0.6998
rmvpe_fix,3659,3353,Hakuna,13,1,1,0.9142,0.7012,0.8155
rmvpe_fix,3659,4020,Hakuna,13,1,1,0.8465,0.7874,0.7653
rmvpe_fix,3660,0673,Potter,89,0,1,0.4487,1.6820,0.3871
rmvpe_fix,3660,3769,Hakuna,89,1,1,0.1983,1.5699,0.2707
rmvpe_fix,3660,4107,Hakuna,89,1,1,0.4118,1.3409,0.6582
rmvpe_fix,3663,0125,Potter,205,0,1,0.7233,2.0188,0.6065
rmvpe_fix,3663,0359,Potter,205,0,1,0.8239,1.5961,0.7831
rmvpe_fix,3663,0966,StarWars,205,0,1,0.7966,1.9738,0.5912
rmvpe_fix,3663,1480,StarWars,205,0,1,0.8532,1.9818,0.4398
rmvpe_fix,3663,3529,Hakuna,205,1,1,0.5870,1.7319,0.7145
rmvpe_fix,3663,3581,Hakuna,205,1,1,0.7002,1.5571,0.6997
rmvpe_fix,3669,0361,Potter,46,0,1,0.8720,1.4774,0.7796
rmvpe_fix,3669,0632,Potter,46,0,1,0.7924,1.4474,0.7857
rmvpe_fix,3669,0841,StarWars,46,0,1,0.8754,1.9822,0.6621
rmvpe_fix,3669,1237,StarWars,46,0,1,0.8651,1.9584,0.6801
rmvpe_fix,3669,3661,Hakuna,46,1,1,0.8564,0.3983,0.9788
rmvpe_fix,3669,4156,Hakuna,46,1,1,0.9308,0.3876,0.9799
rmvpe_fix,3674,0181,Potter,13,0,1,0.9846,1.5542,0.6938
rmvpe_fix,3674,0299,Potter,13,0,1,0.8590,1.7872,0.5598
rmvpe_fix,3674,1619,StarWars,13,0,1,0.8018,1.0637,0.7352
rmvpe_fix,3674,3353,Hakuna,13,1,1,0.8921,0.5811,0.8437
rmvpe_fix,3674,4020,Hakuna,13,1,1,0.8260,0.6935,0.8234
rmvpe_fix,3677,0311,Potter,218,0,1,0.7404,2.4713,0.5694
rmvpe_fix,3677,0518,Potter,218,0,1,0.7303,2.1727,0.6010
rmvpe_fix,3677,0994,StarWars,218,0,1,0.8476,2.7738,0.1654
rmvpe_fix,3677,1220,StarWars,218,0,1,0.7889,3.3073,0.0810
rmvpe_fix,3677,3475,Hakuna,218,1,1,0.8995,0.6568,0.9646
rmvpe_fix,3677,3521,Hakuna,218,1,1,0.9179,0.8718,0.8558
rmvpe_fix,3681,0397,Potter,20,0,1,0.7617,1.7870,0.7168
rmvpe_fix,3681,0513,Potter,20,0,1,0.7130,2.2139,0.6544
rmvpe_fix,3681,1297,StarWars,20,0,1,0.7617,2.0754,0.4870
rmvpe_fix,3681,1582,StarWars,20,0,1,0.7076,1.6039,0.7043
rmvpe_fix,3681,3642,Hakuna,20,1,1,0.7563,0.7346,0.9322
rmvpe_fix,3681,3992,Hakuna,20,1,1,0.6949,0.8772,0.8992
rmvpe_fix,3684,0073,Potter,189,0,1,0.9078,1.9179,0.5041
rmvpe_fix,3684,0298,Potter,189,0,1,1.0089,1.8179,0.5331
rmvpe_fix,3684,1251,StarWars,189,0,1,0.9309,1.5783,0.5024
rmvpe_fix,3684,1497,StarWars,189,0,1,0.9610,1.6393,0.4574
rmvpe_fix,3684,3342,Hakuna,189,1,1,0.9255,0.9444,0.8338
rmvpe_fix,3685,0055,Potter,200,0,1,1.0323,2.2580,0.3832
rmvpe_fix,3685,0417,Potter,200,0,1,1.0040,2.5912,0.3863
rmvpe_fix,3685,1015,StarWars,200,0,1,1.0545,2.0531,0.5088
rmvpe_fix,3685,1626,StarWars,200,0,1,1.0182,2.2344,0.4702
rmvpe_fix,3685,3586,Hakuna,200,1,1,0.8303,1.1086,0.4564
rmvpe_fix,3685,3862,Hakuna,200,1,1,0.8626,1.1794,0.5520
rmvpe_fix,3698,0140,Potter,175,0,1,0.6119,3.1978,0.3049
rmvpe_fix,3698,0758,Potter,175,0,1,0.8252,3.2683,-0.0782
rmvpe_fix,3698,1428,StarWars,175,0,1,0.8042,3.1474,0.2494
rmvpe_fix,3698,1599,StarWars,175,0,1,0.7063,2.9241,0.3501
rmvpe_fix,3698,3425,Hakuna,175,1,1,0.8007,1.8586,0.7189
rmvpe_fix,3698,3997,Hakuna,175,1,1,0.9161,1.9081,0.5847
rmvpe_fix,3703,0370,Potter,153,0,1,0.6868,1.3970,0.6146
rmvpe_fix,3703,0710,Potter,153,0,1,0.7374,1.5253,0.5487
rmvpe_fix,3703,0882,StarWars,153,0,1,0.7149,1.3187,0.6845
rmvpe_fix,3703,1138,StarWars,153,0,1,0.6096,1.3427,0.5597
rmvpe_fix,3703,3534,Hakuna,153,1,1,0.8371,1.4677,0.6175
rmvpe_fix,3703,3689,Hakuna,153,1,1,0.7584,1.4424,0.6864
rmvpe_fix,3713,0435,Potter,185,0,1,0.5812,1.4358,0.7355
rmvpe_fix,3713,0666,Potter,185,0,1,0.7347,1.1976,0.8339
rmvpe_fix,3713,1173,StarWars,185,0,1,0.7225,1.9499,0.2452
rmvpe_fix,3713,1575,StarWars,185,0,1,0.3316,1.6617,0.5597
rmvpe_fix,3713,3561,Hakuna,185,1,1,0.7243,1.0907,0.8875
rmvpe_fix,3713,3613,Hakuna,185,1,1,0.7452,0.9626,0.8901
rmvpe_fix,3714,0068,Potter,134,0,1,0.6003,1.8121,0.4949
rmvpe_fix,3714,0695,Potter,134,0,1,0.3656,1.8612,0.2490
rmvpe_fix,3714,1461,StarWars,134,0,1,0.2738,1.8829,0.3593
rmvpe_fix,3714,1589,StarWars,134,0,1,0.3929,2.1151,0.2589
rmvpe_fix,3714,3780,Hakuna,134,1,1,0.3503,1.7302,0.5365
rmvpe_fix,3714,3912,Hakuna,134,1,1,0.3316,1.7859,0.4704
rmvpe_fix,3721,0361,Potter,46,0,1,0.8735,1.3507,0.8115
rmvpe_fix,3721,0632,Potter,46,0,1,0.7938,1.4105,0.7932
rmvpe_fix,3721,0841,StarWars,46,0,1,0.8769,1.9172,0.6635
rmvpe_fix,3721,1237,StarWars,46,0,1,0.8666,1.9419,0.6441
rmvpe_fix,3721,3661,Hakuna,46,1,1,0.8579,0.4074,0.9799
rmvpe_fix,3721,4156,Hakuna,46,1,1,0.9324,0.3543,0.9846
rmvpe_fix,3726,0243,Potter,139,0,1,0.8958,1.2906,0.6863
rmvpe_fix,3726,0824,Potter,139,0,1,0.8598,1.2201,0.7134
rmvpe_fix,3726,0999,StarWars,139,0,1,0.7727,1.0303,0.8344
rmvpe_fix,3726,1240,StarWars,139,0,1,0.6970,1.5989,0.5318
rmvpe_fix,3726,3969,Hakuna,139,1,1,0.7424,0.6362,0.9153
rmvpe_fix,3726,4035,Hakuna,139,1,1,0.8617,0.8553,0.8370
rmvpe_fix,3727,0102,Potter,191,0,1,0.7566,1.2335,0.6020
rmvpe_fix,3727,0426,Potter,191,0,1,0.7853,1.2095,0.5034
rmvpe_fix,3727,0993,StarWars,191,0,1,0.8712,1.3123,0.6232
rmvpe_fix,3727,1506,StarWars,191,0,1,0.9059,1.3079,0.5474
rmvpe_fix,3727,3928,Hakuna,191,1,1,0.8691,0.9761,0.8187
rmvpe_fix,3727,3984,Hakuna,191,1,1,0.7035,1.0399,0.7300
rmvpe_fix,3730,0328,Potter,106,0,1,0.5408,1.5534,0.5697
rmvpe_fix,3730,0777,Potter,106,0,1,0.5556,1.3501,0.5563
rmvpe_fix,3730,1062,StarWars,106,0,1,0.1912,2.7715,0.2561
rmvpe_fix,3730,3427,Hakuna,106,1,1,0.2484,2.0944,0.0047
rmvpe_fix,3730,4075,Hakuna,106,1,1,0.1618,1.8375,0.2342
rmvpe_fix,3735,0504,Potter,90,0,1,0.5299,1.7010,0.6727
rmvpe_fix,3735,0597,Potter,90,0,1,0.5032,1.6616,0.6198
rmvpe_fix,3735,0886,StarWars,90,0,1,0.5448,1.5353,0.5986
rmvpe_fix,3735,1075,StarWars,90,0,1,0.5714,1.4272,0.5930
rmvpe_fix,3735,3378,Hakuna,90,1,1,0.5107,1.5758,0.5784
rmvpe_fix,3735,3455,Hakuna,90,1,1,0.6119,1.9082,0.2726
rmvpe_fix,3739,0019,Potter,73,0,1,0.7835,2.3126,0.4226
rmvpe_fix,3739,0078,Potter,73,0,1,0.8712,2.0567,0.5533
rmvpe_fix,3739,1154,StarWars,73,0,1,0.6941,2.3121,0.3709
rmvpe_fix,3739,1359,StarWars,73,0,1,0.8032,2.1620,0.5338
rmvpe_fix,3739,3857,Hakuna,73,1,1,0.6923,2.5593,0.0869
rmvpe_fix,3740,0477,Potter,17,0,1,1.2532,1.5366,0.6792
rmvpe_fix,3740,0558,Potter,17,0,1,1.1472,1.4406,0.6632
rmvpe_fix,3740,1609,StarWars,17,0,1,1.2186,1.6786,0.6587
rmvpe_fix,3740,1620,StarWars,17,0,1,1.1667,1.5334,0.7663
rmvpe_fix,3740,3878,Hakuna,17,1,1,1.1818,1.2349,0.7660
rmvpe_fix,3740,4105,Hakuna,17,1,1,1.2554,1.1704,0.7401
rmvpe_fix,3742,0072,Potter,15,0,1,1.0870,2.0510,0.6359
rmvpe_fix,3742,0465,Potter,15,0,1,0.8745,2.4063,0.4455
rmvpe_fix,3742,0877,StarWars,15,0,1,1.0304,1.6604,0.6845
rmvpe_fix,3742,1633,StarWars,15,0,1,0.9413,2.6770,0.2910
rmvpe_fix,3742,3996,Hakuna,15,1,1,0.9211,0.8776,0.9173
rmvpe_fix,3742,4096,Hakuna,15,1,1,1.0121,0.6831,0.9398
rmvpe_fix,3743,0186,Potter,22,0,1,0.9204,1.7239,0.5706
rmvpe_fix,3743,1340,StarWars,22,0,1,0.7694,1.5003,0.6177
rmvpe_fix,3743,3791,Hakuna,22,1,1,1.0061,1.6804,0.5532
rmvpe_fix,3743,3834,Hakuna,22,1,1,1.0694,1.6456,0.5560
rmvpe_fix,3751,0187,Potter,214,0,1,0.5914,2.7822,0.3404
rmvpe_fix,3751,0702,Potter,214,0,1,0.8881,2.4420,0.5646
rmvpe_fix,3751,1540,StarWars,214,0,1,0.7201,2.6754,0.4484
rmvpe_fix,3751,1618,StarWars,214,0,1,0.6903,2.4461,0.5135
rmvpe_fix,3751,3941,Hakuna,214,1,1,0.6175,2.5877,0.5670
rmvpe_fix,3751,4078,Hakuna,214,1,1,0.5709,2.6879,0.4370
rmvpe_fix,3756,0425,Potter,5,0,1,0.7532,1.9230,0.5873
rmvpe_fix,3756,0528,Potter,5,0,1,0.9026,2.0443,0.6973
rmvpe_fix,3756,0854,StarWars,5,0,1,0.8994,1.4856,0.7937
rmvpe_fix,3756,1444,StarWars,5,0,1,0.8961,1.7829,0.6652
rmvpe_fix,3756,3606,Hakuna,5,1,1,0.8019,0.8943,0.9146
rmvpe_fix,3756,3860,Hakuna,5,1,1,0.8263,0.6586,0.9384
rmvpe_fix,3757,0680,Potter,123,0,1,0.9545,2.2460,0.3421
rmvpe_fix,3757,0835,Potter,123,0,1,0.8881,2.1911,0.4033
rmvpe_fix,3757,1196,StarWars,123,0,1,0.9668,2.0408,0.6946
rmvpe_fix,3757,1378,StarWars,123,0,1,0.9808,1.9903,0.7357
rmvpe_fix,3757,3567,Hakuna,123,1,1,0.8427,0.3795,0.9765
rmvpe_fix,3757,3787,Hakuna,123,1,1,0.8654,0.3565,0.9805
rmvpe_fix,3758,0198,Potter,67,0,1,0.9976,2.3128,0.4176
rmvpe_fix,3758,0369,Potter,67,0,1,0.8473,1.6338,0.7142
rmvpe_fix,3758,1298,StarWars,67,0,1,1.0334,2.0677,0.5240
rmvpe_fix,3758,1326,StarWars,67,0,1,0.7255,2.3116,0.5138
rmvpe_fix,3758,3412,Hakuna,67,1,1,0.6492,1.0621,0.8707
rmvpe_fix,3758,3447,Hakuna,67,1,1,0.8449,0.6914,0.9523
rmvpe_fix,3770,0326,Potter,23,0,1,0.8226,1.7291,0.6276
rmvpe_fix,3770,0682,Potter,23,0,1,0.5809,1.3371,0.7591
rmvpe_fix,3770,1335,StarWars,23,0,1,0.7641,1.7518,0.4562
rmvpe_fix,3770,1448,StarWars,23,0,1,0.6901,1.9340,0.5157
rmvpe_fix,3771,0087,Potter,43,0,1,0.8858,2.4143,0.2160
rmvpe_fix,3771,0212,Potter,43,0,1,0.9843,2.8886,0.0906
rmvpe_fix,3771,1314,StarWars,43,0,1,0.9429,2.7591,0.3315
rmvpe_fix,3771,1490,StarWars,43,0,1,0.9213,2.3876,0.4301
rmvpe_fix,3771,3478,Hakuna,43,1,1,0.8780,0.9491,0.7953
rmvpe_fix,3771,3825,Hakuna,43,1,1,0.8996,0.8392,0.8380
rmvpe_fix,3775,0377,Potter,234,0,1,0.8333,1.4101,0.7765
rmvpe_fix,3775,0406,Potter,234,0,1,0.9129,1.6289,0.7276
rmvpe_fix,3775,0906,StarWars,234,0,1,0.9508,1.7969,0.6866
rmvpe_fix,3775,3484,Hakuna,234,1,1,0.8523,0.9469,0.9027
rmvpe_fix,3775,3975,Hakuna,234,1,1,0.8523,1.0915,0.8777
rmvpe_fix,3777,3474,Hakuna,82,1,1,0.7257,1.6791,0.4634
rmvpe_fix,3777,3654,Hakuna,82,1,1,0.6226,1.6811,0.4862
rmvpe_fix,3779,0243,Potter,139,0,1,1.0511,1.5696,0.3868
rmvpe_fix,3779,0824,Potter,139,0,1,1.0089,1.5200,0.4276
rmvpe_fix,3779,0999,StarWars,139,0,1,0.9067,1.3186,0.7326
rmvpe_fix,3779,1240,StarWars,139,0,1,0.8178,1.1834,0.8008
rmvpe_fix,3779,3969,Hakuna,139,1,1,0.8711,0.6871,0.8333
rmvpe_fix,3779,4035,Hakuna,139,1,1,1.0111,0.7930,0.7876
rmvpe_fix,3788,0136,Potter,144,0,1,0.9581,1.0295,0.6748
rmvpe_fix,3788,0330,Potter,144,0,1,0.8641,1.4222,0.3918
rmvpe_fix,3788,1216,StarWars,144,0,1,0.6913,1.2250,0.2085
rmvpe_fix,3788,1421,StarWars,144,0,1,0.7601,1.0557,0.5262
rmvpe_fix,3788,3420,Hakuna,144,1,1,0.6812,1.0913,0.4588
rmvpe_fix,3788,3673,Hakuna,144,1,1,0.7148,1.3017,0.1851
rmvpe_fix,3792,0408,Potter,145,0,1,0.8938,3.5673,0.1747
rmvpe_fix,3792,0619,Potter,145,0,1,0.9264,1.5666,0.8304
rmvpe_fix,3792,0956,StarWars,145,0,1,0.9658,2.0676,0.5645
rmvpe_fix,3792,1199,StarWars,145,0,1,0.9726,2.4354,0.4871
rmvpe_fix,3792,3712,Hakuna,145,1,1,1.0051,0.5888,0.9548
rmvpe_fix,3792,3793,Hakuna,145,1,1,1.0497,0.5094,0.9648
rmvpe_fix,3797,0288,Potter,208,0,1,1.0732,0.7662,0.6274
rmvpe_fix,3797,0482,Potter,208,0,1,1.1136,0.8057,0.5543
rmvpe_fix,3797,1399,StarWars,208,0,1,0.8662,0.6518,0.7077
rmvpe_fix,3797,1436,StarWars,208,0,1,0.5556,0.6977,0.6814
rmvpe_fix,3797,3519,Hakuna,208,1,1,0.8662,0.7901,0.5610
rmvpe_fix,3798,0019,Potter,73,0,1,0.8639,1.3067,0.5642
rmvpe_fix,3798,0078,Potter,73,0,1,0.9606,1.4256,0.5433
rmvpe_fix,3798,1154,StarWars,73,0,1,0.7653,1.2921,0.4666
rmvpe_fix,3798,1359,StarWars,73,0,1,0.8856,1.3595,0.5084
rmvpe_fix,3798,3857,Hakuna,73,1,1,0.7633,1.4174,0.2994
rmvpe_fix,3800,0081,Potter,49,0,1,0.8255,1.6788,0.7859
rmvpe_fix,3800,0423,Potter,49,0,1,0.8431,1.7958,0.7109
rmvpe_fix,3800,1420,StarWars,49,0,1,0.8882,1.3300,0.8402
rmvpe_fix,3800,3920,Hakuna,49,1,1,0.8588,0.7281,0.9260
rmvpe_fix,3800,4138,Hakuna,49,1,1,0.8667,0.6677,0.9553
rmvpe_fix,3801,0616,Potter,71,0,1,0.4482,2.2108,0.5778
rmvpe_fix,3801,0753,Potter,71,0,1,0.4009,2.2332,0.6591
rmvpe_fix,3809,0010,Potter,92,0,1,0.8211,1.5944,0.7232
rmvpe_fix,3809,0232,Potter,92,0,1,0.7252,2.0664,0.5723
rmvpe_fix,3809,0893,StarWars,92,0,1,0.5951,1.4218,0.8087
rmvpe_fix,3809,0922,StarWars,92,0,1,0.5740,1.4706,0.8190
rmvpe_fix,3809,4028,Hakuna,92,1,1,0.8585,0.7496,0.9377
rmvpe_fix,3811,0504,Potter,90,0,1,0.8003,1.4354,0.7283
rmvpe_fix,3811,0597,Potter,90,0,1,0.7601,1.5633,0.6850
rmvpe_fix,3811,0886,StarWars,90,0,1,0.8229,1.7971,0.5755
rmvpe_fix,3811,1075,StarWars,90,0,1,0.8631,1.9482,0.4504
rmvpe_fix,3811,3378,Hakuna,90,1,1,0.7713,1.2934,0.7466
rmvpe_fix,3811,3455,Hakuna,90,1,1,0.9243,2.3047,0.0596
rmvpe_fix,3815,0111,Potter,100,0,1,1.0206,0.6955,0.6073
rmvpe_fix,3815,0407,Potter,100,0,1,0.8058,0.7637,0.4008
rmvpe_fix,3815,1040,StarWars,100,0,1,0.9914,0.6071,0.6226
rmvpe_fix,3815,1344,StarWars,100,0,1,0.7113,0.6068,0.6049
rmvpe_fix,3815,3448,Hakuna,100,1,1,0.7234,0.7944,0.3451
rmvpe_fix,3815,4068,Hakuna,100,1,1,0.7784,0.6136,0.6156
rmvpe_fix,3816,0087,Potter,43,0,1,0.9146,2.2179,0.2766
rmvpe_fix,3816,0212,Potter,43,0,1,1.0163,2.6394,0.2209
rmvpe_fix,3816,1314,StarWars,43,0,1,0.9736,2.2067,0.4669
rmvpe_fix,3816,1490,StarWars,43,0,1,0.9512,1.7306,0.4327
rmvpe_fix,3816,3478,Hakuna,43,1,1,0.9065,0.6851,0.8401
rmvpe_fix,3816,3825,Hakuna,43,1,1,0.9289,0.7261,0.8321
rmvpe_fix,3818,0194,Potter,169,0,1,0.7535,2.4527,0.2660
rmvpe_fix,3818,0728,Potter,169,0,1,0.8609,2.5503,0.2897
rmvpe_fix,3818,0848,StarWars,169,0,1,0.7359,2.2443,0.4593
rmvpe_fix,3818,1533,StarWars,169,0,1,0.7095,2.2481,0.4343
rmvpe_fix,3818,3399,Hakuna,169,1,1,0.7394,2.3564,0.1622
rmvpe_fix,3818,3605,Hakuna,169,1,1,0.6232,2.1657,0.5213
rmvpe_fix,3819,0140,Potter,175,0,1,0.6876,3.7540,0.3472
rmvpe_fix,3819,0758,Potter,175,0,1,0.9273,3.2479,0.4253
rmvpe_fix,3819,1428,StarWars,175,0,1,0.9037,3.7812,0.5522
rmvpe_fix,3819,1599,StarWars,175,0,1,0.7937,3.0596,0.4893
rmvpe_fix,3819,3425,Hakuna,175,1,1,0.8998,2.9158,0.1847
rmvpe_fix,3819,3997,Hakuna,175,1,1,1.0295,2.6801,0.3516
rmvpe_fix,3821,0756,Potter,219,0,1,0.6125,1.3945,0.4619
rmvpe_fix,3821,0805,Potter,219,0,1,0.8291,1.4635,0.3665
rmvpe_fix,3821,0988,StarWars,219,0,1,0.7578,1.4318,0.5051
rmvpe_fix,3821,1255,StarWars,219,0,1,0.8120,1.4655,0.5235
rmvpe_fix,3821,3355,Hakuna,219,1,1,0.7151,1.6100,0.1396
rmvpe_fix,3821,3635,Hakuna,219,1,1,0.7379,1.5572,0.2293
rmvpe_fix,3826,0762,Potter,69,0,1,0.6351,1.2336,0.3344
rmvpe_fix,3826,0771,Potter,69,0,1,1.0808,1.1432,0.5037
rmvpe_fix,3826,1323,StarWars,69,0,1,0.3233,1.3290,0.1243
rmvpe_fix,3826,1496,StarWars,69,0,1,0.4758,1.2985,0.1629
rmvpe_fix,3826,3410,Hakuna,69,1,1,0.5012,3.5199,0.1983
rmvpe_fix,3831,0286,Potter,47,0,1,0.8242,1.2420,0.7312
rmvpe_fix,3831,0443,Potter,47,0,1,0.7585,1.1792,0.7338
rmvpe_fix,3831,1258,StarWars,47,0,1,0.9195,1.5298,0.5584
rmvpe_fix,3831,1300,StarWars,47,0,1,0.7288,1.4909,0.6202
rmvpe_fix,3831,4019,Hakuna,47,1,1,0.9767,1.1156,0.6858
rmvpe_fix,3831,4044,Hakuna,47,1,1,1.0360,1.0433,0.7725
rmvpe_fix,3832,0427,Potter,174,0,1,0.6984,1.4207,0.7859
rmvpe_fix,3832,0577,Potter,174,0,1,0.6250,1.9005,0.5511
rmvpe_fix,3832,1403,StarWars,174,0,1,0.5312,2.1124,0.5352
rmvpe_fix,3832,1502,StarWars,174,0,1,0.6531,1.9346,0.6773
rmvpe_fix,3832,3424,Hakuna,174,1,1,0.6547,1.1687,0.8911
rmvpe_fix,3832,4122,Hakuna,174,1,1,0.4578,1.0801,0.8927
rmvpe_fix,3833,0044,Potter,217,0,1,0.9665,1.1863,0.8098
rmvpe_fix,3833,0101,Potter,217,0,1,1.0168,1.2454,0.8128
rmvpe_fix,3833,1131,StarWars,217,0,1,0.8124,1.6321,0.6393
rmvpe_fix,3833,1509,StarWars,217,0,1,0.8442,1.5918,0.6811
rmvpe_fix,3833,3701,Hakuna,217,1,1,1.0017,0.7902,0.9168
rmvpe_fix,3833,4103,Hakuna,217,1,1,0.9983,0.8491,0.8836
rmvpe_fix,3850,0649,Potter,197,0,1,0.9312,1.6414,0.6898
rmvpe_fix,3850,0688,Potter,197,0,1,1.0059,1.6555,0.7413
rmvpe_fix,3850,0921,StarWars,197,0,1,0.9293,1.7426,0.6783
rmvpe_fix,3850,1322,StarWars,197,0,1,0.7642,1.9191,0.7162
rmvpe_fix,3850,3512,Hakuna,197,1,1,0.8055,0.4541,0.9692
rmvpe_fix,3850,3851,Hakuna,197,1,1,0.7760,0.3661,0.9844
rmvpe_fix,3853,0145,Potter,141,0,1,0.6438,1.9562,0.3990
rmvpe_fix,3853,0620,Potter,141,0,1,0.3981,1.4549,0.4949
rmvpe_fix,3853,1636,StarWars,141,0,1,0.7124,1.4441,0.4808
rmvpe_fix,3853,1652,StarWars,141,0,1,0.6057,1.5917,0.2774
rmvpe_fix,3853,3687,Hakuna,141,1,1,0.6781,1.1966,0.7355
rmvpe_fix,3853,3895,Hakuna,141,1,1,0.6819,1.0998,0.7640
rmvpe_fix,3859,3474,Hakuna,82,1,1,0.7346,1.4840,0.4548
rmvpe_fix,3859,3654,Hakuna,82,1,1,0.6302,1.4387,0.4738
rmvpe_fix,3864,0553,Potter,0,0,1,0.9057,1.9310,0.5117
rmvpe_fix,3864,0590,Potter,0,0,1,0.8911,1.5638,0.5808
rmvpe_fix,3864,0915,StarWars,0,0,1,0.6589,1.3319,0.6680
rmvpe_fix,3864,1140,StarWars,0,0,1,0.6473,1.5727,0.5860
rmvpe_fix,3864,3690,Hakuna,0,1,1,0.8679,1.3361,0.5189
rmvpe_fix,3864,4031,Hakuna,0,1,1,0.8607,1.2568,0.6159
rmvpe_fix,3871,0186,Potter,22,0,1,0.7709,1.4008,0.6758
rmvpe_fix,3871,1340,StarWars,22,0,1,0.6444,1.2866,0.7277
rmvpe_fix,3871,3791,Hakuna,22,1,1,0.8427,1.6567,0.3552
rmvpe_fix,3871,3834,Hakuna,22,1,1,0.8957,1.6373,0.3902
rmvpe_fix,3873,0229,Potter,230,0,1,0.7416,2.3518,0.5167
rmvpe_fix,3873,0245,Potter,230,0,1,0.4815,2.5634,0.6127
rmvpe_fix,3873,1010,StarWars,230,0,1,0.6007,1.6228,0.7507
rmvpe_fix,3873,1048,StarWars,230,0,1,0.4916,2.0716,0.6163
rmvpe_fix,3873,3670,Hakuna,230,1,1,0.5285,0.6578,0.9725
rmvpe_fix,3873,3702,Hakuna,230,1,1,0.5688,0.9068,0.8912
rmvpe_fix,3874,0081,Potter,49,0,1,0.7184,1.7967,0.6691
rmvpe_fix,3874,0423,Potter,49,0,1,0.7338,1.9274,0.5672
rmvpe_fix,3874,1420,StarWars,49,0,1,0.7730,1.3071,0.7563
rmvpe_fix,3874,3920,Hakuna,49,1,1,0.7474,0.8832,0.9173
rmvpe_fix,3874,4138,Hakuna,49,1,1,0.7543,1.0556,0.9007
rmvpe_fix,3875,0787,Potter,136,0,1,0.8608,1.7726,0.3515
rmvpe_fix,3875,0837,Potter,136,0,1,0.8986,1.7099,0.4429
rmvpe_fix,3875,1004,StarWars,136,0,1,0.8763,1.4527,0.6253
rmvpe_fix,3875,1042,StarWars,136,0,1,0.7526,1.6715,0.4729
rmvpe_fix,3875,3526,Hakuna,136,1,1,1.0670,1.6462,0.4476
rmvpe_fix,3875,3943,Hakuna,136,1,1,1.0670,1.6479,0.4442
rmvpe_fix,3888,0508,Potter,120,0,1,1.4136,2.2013,0.3963
rmvpe_fix,3888,0559,Potter,120,0,1,1.2886,2.3407,0.3994
rmvpe_fix,3888,0878,StarWars,120,0,1,0.9636,2.3340,0.0678
rmvpe_fix,3888,1449,StarWars,120,0,1,0.9932,2.1053,0.0887
rmvpe_fix,3888,3503,Hakuna,120,1,1,0.7568,0.4886,0.9708
rmvpe_fix,3888,3549,Hakuna,120,1,1,0.9000,0.4665,0.9699
rmvpe_fix,3892,0008,Potter,213,0,1,1.0442,1.6806,0.8388
rmvpe_fix,3892,0681,Potter,213,0,1,1.0542,1.6431,0.8585
rmvpe_fix,3892,0860,StarWars,213,0,1,1.1948,2.0403,0.6617
rmvpe_fix,3892,1317,StarWars,213,0,1,1.0763,2.2291,0.7508
rmvpe_fix,3892,3548,Hakuna,213,1,1,0.7309,0.5106,0.9699
rmvpe_fix,3892,3720,Hakuna,213,1,1,0.8112,0.4664,0.9656
rmvpe_fix,3900,0787,Potter,136,0,1,0.8608,1.7724,0.3515
rmvpe_fix,3900,0837,Potter,136,0,1,0.8986,1.7097,0.4416
rmvpe_fix,3900,1004,StarWars,136,0,1,0.8763,1.4525,0.6253
rmvpe_fix,3900,1042,StarWars,136,0,1,0.7526,1.6713,0.4729
rmvpe_fix,3900,3526,Hakuna,136,1,1,1.0670,1.6460,0.4476
rmvpe_fix,3900,3943,Hakuna,136,1,1,1.0670,1.6477,0.4442
rmvpe_fix,3902,0538,Potter,16,0,1,0.4381,1.6106,0.4302
rmvpe_fix,3902,0797,Potter,16,0,1,0.5000,1.2690,0.4761
rmvpe_fix,3902,1261,StarWars,16,0,1,0.3670,1.3265,0.5578
rmvpe_fix,3902,1522,StarWars,16,0,1,0.2500,1.1123,0.5221
rmvpe_fix,3902,3846,Hakuna,16,1,1,1.2225,0.5468,0.8754
rmvpe_fix,3902,4150,Hakuna,16,1,1,1.2018,0.6025,0.8089
rmvpe_fix,3903,0673,Potter,89,0,1,0.4293,1.4560,0.4659
rmvpe_fix,3903,3769,Hakuna,89,1,1,0.1897,1.3250,0.3430
rmvpe_fix,3903,4107,Hakuna,89,1,1,0.3939,1.2309,0.5161
rmvpe_fix,3908,0418,Potter,111,0,1,0.1835,4.1448,0.1508
rmvpe_fix,3908,0454,Potter,111,0,1,0.1544,3.5564,0.0328
rmvpe_fix,3908,1398,StarWars,111,0,1,0.1595,2.9218,0.5146
rmvpe_fix,3908,4091,Hakuna,111,1,1,0.1612,2.2355,-0.1134
rmvpe_fix,3908,4133,Hakuna,111,1,1,0.1338,2.3582,0.2512
rmvpe_fix,3911,0038,Potter,207,0,1,0.7421,2.8615,0.3692
rmvpe_fix,3911,0672,Potter,207,0,1,0.8879,2.1148,0.6692
rmvpe_fix,3911,1206,StarWars,207,0,1,0.4617,1.7591,0.6728
rmvpe_fix,3911,1265,StarWars,207,0,1,0.4710,1.8099,0.5509
rmvpe_fix,3911,3446,Hakuna,207,1,1,0.8579,0.3510,0.9872
rmvpe_fix,3911,3565,Hakuna,207,1,1,0.8093,0.4119,0.9821
rmvpe_fix,3922,0997,StarWars,135,0,1,0.7941,1.9126,0.5064
rmvpe_fix,3922,1195,StarWars,135,0,1,0.9136,2.0809,0.4934
rmvpe_fix,3922,3501,Hakuna,135,1,1,0.5055,1.1509,0.4651
rmvpe_fix,3922,4070,Hakuna,135,1,1,0.5790,1.1774,0.3034
rmvpe_fix,3925,0004,Potter,160,0,1,0.7290,2.4707,0.5187
rmvpe_fix,3925,0517,Potter,160,0,1,0.6667,2.6025,0.3856
rmvpe_fix,3925,1390,StarWars,160,0,1,0.7953,2.5526,0.4277
rmvpe_fix,3925,1641,StarWars,160,0,1,0.8830,2.5666,0.3847
rmvpe_fix,3925,3786,Hakuna,160,1,1,0.8441,2.2652,0.5918
rmvpe_fix,3925,3994,Hakuna,160,1,1,0.8713,2.1386,0.5895
rmvpe_fix,3927,0371,Potter,52,0,1,0.8483,2.3224,0.4002
rmvpe_fix,3927,0529,Potter,52,0,1,0.5829,2.2245,0.4505
rmvpe_fix,3927,0954,StarWars,52,0,1,0.5924,1.4592,0.7260
rmvpe_fix,3927,1331,StarWars,52,0,1,0.5284,1.6319,0.6555
rmvpe_fix,3927,3349,Hakuna,52,1,1,0.6635,0.6338,0.9299
rmvpe_fix,3927,3915,Hakuna,52,1,1,0.8199,0.9643,0.8687
rmvpe_fix,3932,0356,Potter,196,0,1,0.7043,1.6695,0.6226
rmvpe_fix,3932,0686,Potter,196,0,1,0.6149,2.0006,0.4967
rmvpe_fix,3932,0907,StarWars,196,0,1,0.6213,1.9719,0.6119
rmvpe_fix,3932,1611,StarWars,196,0,1,0.5574,1.5566,0.7219
rmvpe_fix,3932,4056,Hakuna,196,1,1,0.7085,0.4365,0.9806
rmvpe_fix,3932,4082,Hakuna,196,1,1,0.7532,0.4610,0.9778
rmvpe_fix,3933,0613,Potter,137,0,1,0.4889,1.4874,0.7919
rmvpe_fix,3933,0788,Potter,137,0,1,0.5480,2.1725,0.5913
rmvpe_fix,3933,1163,StarWars,137,0,1,0.6033,1.7988,0.7078
rmvpe_fix,3933,1177,StarWars,137,0,1,0.6402,1.7246,0.7470
rmvpe_fix,3933,3594,Hakuna,137,1,1,0.8063,1.1312,0.9045
rmvpe_fix,3933,3944,Hakuna,137,1,1,0.7749,0.9390,0.9399
rmvpe_fix,3937,0437,Potter,40,0,1,0.8866,1.6826,0.7481
rmvpe_fix,3937,0502,Potter,40,0,1,0.7202,2.3149,0.4774
rmvpe_fix,3937,0892,StarWars,40,0,1,0.6635,2.7092,0.2816
rmvpe_fix,3937,1600,StarWars,40,0,1,0.6843,2.4275,0.4226
rmvpe_fix,3937,3966,Hakuna,40,1,1,0.7940,0.7171,0.9460
rmvpe_fix,3937,4094,Hakuna,40,1,1,0.7221,0.6581,0.9590
rmvpe_fix,3939,0279,Potter,223,0,1,0.9967,1.6618,0.5173
rmvpe_fix,3939,0609,Potter,223,0,1,1.0167,1.8404,0.4207
rmvpe_fix,3939,1197,StarWars,223,0,1,0.7629,1.8243,0.5473
rmvpe_fix,3939,3343,Hakuna,223,1,1,0.7629,0.7301,0.9388
rmvpe_fix,3939,4153,Hakuna,223,1,1,0.7579,0.8545,0.8989
rmvpe_fix,3948,0072,Potter,15,0,1,1.1450,2.0638,0.6365
rmvpe_fix,3948,0465,Potter,15,0,1,0.9211,2.2788,0.5315
rmvpe_fix,3948,0877,StarWars,15,0,1,1.0853,1.7171,0.7015
rmvpe_fix,3948,1633,StarWars,15,0,1,0.9915,2.9768,0.1561
rmvpe_fix,3948,3996,Hakuna,15,1,1,0.9701,0.7739,0.9283
rmvpe_fix,3948,4096,Hakuna,15,1,1,1.0661,0.5765,0.9592
rmvpe_fix,3951,0076,Potter,30,0,1,0.7031,2.1796,0.3667
rmvpe_fix,3951,0151,Potter,30,0,1,0.8385,1.7987,0.5968
rmvpe_fix,3951,1101,StarWars,30,0,1,0.9514,2.1156,0.6001
rmvpe_fix,3951,1369,StarWars,30,0,1,0.8038,1.7992,0.5709
rmvpe_fix,3951,3443,Hakuna,30,1,1,0.7031,1.1643,0.8268
rmvpe_fix,3951,3694,Hakuna,30,1,1,0.3889,2.0250,0.2997
rmvpe_fix,3955,3332,Hakuna,6,1,1,1.0169,0.7769,0.9202
rmvpe_fix,3957,0699,Potter,154,0,1,0.5556,1.9372,0.5604
rmvpe_fix,3957,0790,Potter,154,0,1,0.6000,2.0933,0.4648
rmvpe_fix,3957,1008,StarWars,154,0,1,0.4205,1.9024,0.4457
rmvpe_fix,3957,1152,StarWars,154,0,1,0.5624,1.6899,0.5254
rmvpe_fix,3957,3375,Hakuna,154,1,1,0.5521,1.3004,0.7575
rmvpe_fix,3957,3762,Hakuna,154,1,1,0.7043,2.0196,0.4563
rmvpe_fix,3963,0633,Potter,231,0,1,0.4914,1.1916,0.7980
rmvpe_fix,3963,0803,Potter,231,0,1,0.5975,1.1397,0.8541
rmvpe_fix,3963,1150,StarWars,231,0,1,0.6022,1.5325,0.6863
rmvpe_fix,3963,1605,StarWars,231,0,1,0.6147,1.4123,0.7590
rmvpe_fix,3963,4049,Hakuna,231,1,1,0.7956,0.2890,0.9879
rmvpe_fix,3963,4112,Hakuna,231,1,1,0.7956,0.3116,0.9868
rmvpe_fix,3964,0623,Potter,10,0,1,1.0958,1.0769,0.8143
rmvpe_fix,3964,0830,Potter,10,0,1,0.9933,1.3010,0.7272
rmvpe_fix,3964,1176,StarWars,10,0,1,1.1381,1.2370,0.6261
rmvpe_fix,3964,1321,StarWars,10,0,1,1.0735,1.2580,0.6809
rmvpe_fix,3964,3717,Hakuna,10,1,1,1.0267,1.4606,0.6912
rmvpe_fix,3964,3891,Hakuna,10,1,1,0.8396,1.4877,0.4964
rmvpe_fix,3968,0713,Potter,3,0,1,0.3770,1.7022,0.6156
rmvpe_fix,3968,0748,Potter,3,0,1,0.3866,1.8016,0.4509
rmvpe_fix,3968,0974,StarWars,3,0,1,0.5304,1.5703,0.6888
rmvpe_fix,3970,0075,Potter,55,0,1,0.7407,1.6034,0.5933
rmvpe_fix,3970,0785,Potter,55,0,1,0.7090,1.5383,0.6542
rmvpe_fix,3970,1160,StarWars,55,0,1,0.6279,1.3713,0.7265
rmvpe_fix,3970,1648,StarWars,55,0,1,0.8854,1.2446,0.7647
rmvpe_fix,3970,3887,Hakuna,55,1,1,0.8448,1.1697,0.8295
rmvpe_fix,3970,4060,Hakuna,55,1,1,0.7566,1.0038,0.8878
rmvpe_fix,3979,0155,Potter,76,0,1,0.8482,1.8010,0.5856
rmvpe_fix,3979,0584,Potter,76,0,1,0.8748,1.6564,0.5775
rmvpe_fix,3979,1381,StarWars,76,0,1,0.8075,2.3383,0.2662
rmvpe_fix,3979,1445,StarWars,76,0,1,0.8654,2.1974,0.3787
rmvpe_fix,3979,3706,Hakuna,76,1,1,0.8106,0.9257,0.9125
rmvpe_fix,3979,4048,Hakuna,76,1,1,0.8232,0.7004,0.9444
rmvpe_fix,3981,0394,Potter,215,0,1,1.1020,3.4479,0.2012
rmvpe_fix,3981,0975,StarWars,215,0,1,0.8865,2.2386,0.6458
rmvpe_fix,3981,1423,StarWars,215,0,1,0.9622,2.0450,0.7461
rmvpe_fix,3981,3480,Hakuna,215,1,1,0.8273,0.4325,0.9594
rmvpe_fix,3981,3858,Hakuna,215,1,1,0.8503,0.4303,0.9684
rmvpe_fix,3982,0124,Potter,58,0,1,0.9110,1.6517,0.5514
rmvpe_fix,3982,0467,Potter,58,0,1,0.9691,1.6645,0.4131
rmvpe_fix,3982,1178,StarWars,58,0,1,0.8008,1.8193,0.3272
rmvpe_fix,3982,1262,StarWars,58,0,1,0.9265,1.4572,0.3744
rmvpe_fix,3982,3556,Hakuna,58,1,1,0.7311,0.9661,0.6169
rmvpe_fix,3982,3668,Hakuna,58,1,1,0.6963,0.7782,0.7653
rmvpe_fix,3995,0663,Potter,149,0,1,0.5864,1.4063,0.0617
rmvpe_fix,3995,1284,StarWars,149,0,1,0.5417,1.2928,0.4619
rmvpe_fix,3995,3578,Hakuna,149,1,1,0.2022,1.3344,0.3806
rmvpe_fix,3999,0055,Potter,200,0,1,1.0713,2.2540,0.4045
rmvpe_fix,3999,0417,Potter,200,0,1,1.0419,2.4098,0.4332
rmvpe_fix,3999,1015,StarWars,200,0,1,1.0943,1.8321,0.5485
rmvpe_fix,3999,1626,StarWars,200,0,1,1.0566,2.1104,0.5433
rmvpe_fix,3999,3586,Hakuna,200,1,1,0.8616,0.7460,0.7648
rmvpe_fix,3999,3862,Hakuna,200,1,1,0.8952,0.5539,0.8975
rmvpe_fix,4006,0004,Potter,160,0,1,0.6328,1.9830,0.4964
rmvpe_fix,4006,0517,Potter,160,0,1,0.5787,1.9574,0.4951
rmvpe_fix,4006,1390,StarWars,160,0,1,0.6904,2.1817,0.3263
rmvpe_fix,4006,1641,StarWars,160,0,1,0.7665,1.9010,0.5602
rmvpe_fix,4006,3786,Hakuna,160,1,1,0.7327,1.6053,0.7521
rmvpe_fix,4006,3994,Hakuna,160,1,1,0.7563,1.6243,0.7015
rmvpe_fix,4009,0542,Potter,44,0,1,0.9159,1.5886,0.7712
rmvpe_fix,4009,0739,Potter,44,0,1,0.9288,1.4849,0.8100
rmvpe_fix,4009,0964,StarWars,44,0,1,1.1117,2.0649,0.7616
rmvpe_fix,4009,1026,StarWars,44,0,1,1.0227,2.5145,0.6712
rmvpe_fix,4009,3485,Hakuna,44,1,1,0.9903,0.3986,0.9802
rmvpe_fix,4009,3781,Hakuna,44,1,1,0.8916,0.4266,0.9778
rmvpe_fix,4011,0145,Potter,141,0,1,0.6318,1.9605,0.4158
rmvpe_fix,4011,0620,Potter,141,0,1,0.3907,1.4803,0.5545
rmvpe_fix,4011,1636,StarWars,141,0,1,0.6991,1.4904,0.4380
rmvpe_fix,4011,1652,StarWars,141,0,1,0.5944,1.6935,0.2104
rmvpe_fix,4011,3687,Hakuna,141,1,1,0.6654,1.3851,0.5854
rmvpe_fix,4011,3895,Hakuna,141,1,1,0.6692,1.1645,0.7748
rmvpe_fix,4017,0057,Potter,60,0,1,0.7764,1.5464,0.5810
rmvpe_fix,4017,0348,Potter,60,0,1,0.7559,1.3519,0.7535
rmvpe_fix,4018,0427,Potter,174,0,1,0.5936,2.1043,0.4951
rmvpe_fix,4018,0577,Potter,174,0,1,0.5312,1.7717,0.6520
rmvpe_fix,4018,1403,StarWars,174,0,1,0.4515,2.3698,0.3761
rmvpe_fix,4018,1502,StarWars,174,0,1,0.5551,2.6734,0.2349
rmvpe_fix,4018,3424,Hakuna,174,1,1,0.5564,2.5672,0.2510
rmvpe_fix,4018,4122,Hakuna,174,1,1,0.3891,2.2805,0.3183
rmvpe_fix,4021,0229,Potter,230,0,1,0.7106,2.0861,0.5468
rmvpe_fix,4021,0245,Potter,230,0,1,0.4614,2.1769,0.6328
rmvpe_fix,4021,1010,StarWars,230,0,1,0.5756,1.5085,0.7693
rmvpe_fix,4021,1048,StarWars,230,0,1,0.4711,2.0661,0.5389
rmvpe_fix,4021,3670,Hakuna,230,1,1,0.5064,0.6595,0.9625
rmvpe_fix,4021,3702,Hakuna,230,1,1,0.5450,0.9235,0.8670
rmvpe_fix,4025,0273,Potter,172,0,1,0.6140,1.6424,0.5423
rmvpe_fix,4025,1064,StarWars,172,0,1,0.5847,1.5880,0.7042
rmvpe_fix,4025,1498,StarWars,172,0,1,0.5993,1.2180,0.7930
rmvpe_fix,4025,3708,Hakuna,172,1,1,0.5114,2.4418,0.1728
rmvpe_fix,4025,4145,Hakuna,172,1,1,0.6270,1.5699,0.6863
rmvpe_fix,4029,0418,Potter,111,0,1,0.1838,4.5272,0.1062
rmvpe_fix,4029,0454,Potter,111,0,1,0.1546,3.7606,0.1511
rmvpe_fix,4029,1398,StarWars,111,0,1,0.1598,3.0644,0.5180
rmvpe_fix,4029,4091,Hakuna,111,1,1,0.1615,2.4818,0.0171
rmvpe_fix,4029,4133,Hakuna,111,1,1,0.1340,2.5124,0.0884
rmvpe_fix,4032,0060,Potter,222,0,1,1.0719,1.9604,0.7234
rmvpe_fix,4032,0107,Potter,222,0,1,1.2278,2.1015,0.6735
rmvpe_fix,4032,0959,StarWars,222,0,1,0.6930,1.8748,0.7527
rmvpe_fix,4032,1276,StarWars,222,0,1,0.7266,2.2720,0.5664
rmvpe_fix,4032,4064,Hakuna,222,1,1,1.1175,1.4041,0.8661
rmvpe_fix,4032,4085,Hakuna,222,1,1,1.1894,1.7406,0.7727
rmvpe_fix,4033,0202,Potter,164,0,1,0.8913,1.4908,0.7003
rmvpe_fix,4033,0293,Potter,164,0,1,0.8895,1.5312,0.7370
rmvpe_fix,4033,1315,StarWars,164,0,1,0.8424,2.0654,0.4680
rmvpe_fix,4033,1482,StarWars,164,0,1,0.7808,1.8097,0.5731
rmvpe_fix,4033,3746,Hakuna,164,1,1,0.7518,1.5065,0.7850
rmvpe_fix,4033,3954,Hakuna,164,1,1,0.7699,1.3901,0.7446
rmvpe_fix,4034,0616,Potter,71,0,1,0.4605,2.1197,0.6236
rmvpe_fix,4034,0753,Potter,71,0,1,0.4119,2.0912,0.7115
rmvpe_fix,4038,0282,Potter,8,0,1,0.9819,2.2893,0.5786
rmvpe_fix,4038,0802,Potter,8,0,1,0.8982,2.2472,0.5128
rmvpe_fix,4038,1046,StarWars,8,0,1,0.7159,2.4845,0.4564
rmvpe_fix,4038,1667,StarWars,8,0,1,0.7406,2.4535,0.5272
rmvpe_fix,4038,3795,Hakuna,8,1,1,0.6880,2.2569,0.7071
rmvpe_fix,4038,4144,Hakuna,8,1,1,0.6749,2.3650,0.6080
rmvpe_fix,4040,0328,Potter,106,0,1,0.5417,1.2465,0.7078
rmvpe_fix,4040,0777,Potter,106,0,1,0.5565,1.2288,0.6990
rmvpe_fix,4040,1062,StarWars,106,0,1,0.1915,2.6384,0.4369
rmvpe_fix,4040,3427,Hakuna,106,1,1,0.2488,2.0587,0.0771
rmvpe_fix,4040,4075,Hakuna,106,1,1,0.1620,1.8873,0.0927
rmvpe_fix,4043,0292,Potter,166,0,1,0.9042,2.0855,0.4029
rmvpe_fix,4043,0353,Potter,166,0,1,1.3533,1.7457,0.3753
rmvpe_fix,4043,1233,StarWars,166,0,1,0.8543,1.8412,0.3730
rmvpe_fix,4043,1267,StarWars,166,0,1,0.8144,1.7474,0.3727
rmvpe_fix,4045,0377,Potter,234,0,1,0.7599,1.3610,0.7282
rmvpe_fix,4045,0406,Potter,234,0,1,0.8325,1.6861,0.6694
rmvpe_fix,4045,0906,StarWars,234,0,1,0.8670,1.6541,0.6812
rmvpe_fix,4045,3484,Hakuna,234,1,1,0.7772,0.9031,0.8818
rmvpe_fix,4045,3975,Hakuna,234,1,1,0.7772,1.1705,0.7949
rmvpe_fix,4046,0445,Potter,146,0,1,0.5775,2.1004,0.3178
rmvpe_fix,4046,0622,Potter,146,0,1,0.6679,1.7182,0.7058
rmvpe_fix,4046,0925,StarWars,146,0,1,0.3948,1.7173,0.5971
rmvpe_fix,4046,1456,StarWars,146,0,1,0.4004,1.7070,0.6730
rmvpe_fix,4046,3439,Hakuna,146,1,1,0.4539,1.4697,0.7843
rmvpe_fix,4046,3822,Hakuna,146,1,1,0.3653,1.9570,0.5263
rmvpe_fix,4057,0489,Potter,87,0,1,0.8871,1.7361,0.2730
rmvpe_fix,4057,0684,Potter,87,0,1,0.7807,1.6951,0.3379
rmvpe_fix,4057,1090,StarWars,87,0,1,0.7676,1.3797,0.4968
rmvpe_fix,4057,1460,StarWars,87,0,1,0.7561,1.0435,0.7457
rmvpe_fix,4057,3341,Hakuna,87,1,1,0.7283,0.9205,0.7358
rmvpe_fix,4057,3728,Hakuna,87,1,1,0.7856,1.0657,0.7104
rmvpe_fix,4059,0397,Potter,20,0,1,0.8390,1.8254,0.6861
rmvpe_fix,4059,0513,Potter,20,0,1,0.7853,2.1484,0.5813
rmvpe_fix,4059,1297,StarWars,20,0,1,0.8390,1.9885,0.4940
rmvpe_fix,4059,1582,StarWars,20,0,1,0.7793,1.4480,0.7236
rmvpe_fix,4059,3642,Hakuna,20,1,1,0.8330,0.7291,0.9257
rmvpe_fix,4059,3992,Hakuna,20,1,1,0.7654,0.6921,0.9312
rmvpe_fix,4062,0386,Potter,184,0,1,0.9715,2.1870,0.4954
rmvpe_fix,4062,0729,Potter,184,0,1,0.8492,2.4180,0.5798
rmvpe_fix,4062,0887,StarWars,184,0,1,0.5946,1.9238,0.6794
rmvpe_fix,4062,3612,Hakuna,184,1,1,0.8291,0.9835,0.8941
rmvpe_fix,4062,3844,Hakuna,184,1,1,0.8358,1.0408,0.8792
rmvpe_fix,4063,0123,Potter,29,0,1,0.8100,1.7764,0.7359
rmvpe_fix,4063,0631,Potter,29,0,1,0.8529,2.0193,0.5632
rmvpe_fix,4063,1142,StarWars,29,0,1,1.0068,2.1842,0.2850
rmvpe_fix,4063,1493,StarWars,29,0,1,1.0407,1.8017,0.5934
rmvpe_fix,4063,3893,Hakuna,29,1,1,0.8756,1.7825,0.7427
rmvpe_fix,4063,4086,Hakuna,29,1,1,0.9140,1.6201,0.7618
rmvpe_fix,4073,0068,Potter,134,0,1,0.5874,1.8216,0.6280
rmvpe_fix,4073,0695,Potter,134,0,1,0.3577,1.8930,0.3204
rmvpe_fix,4073,1461,StarWars,134,0,1,0.2679,1.9048,0.3888
rmvpe_fix,4073,1589,StarWars,134,0,1,0.3844,2.1498,0.2593
rmvpe_fix,4073,3780,Hakuna,134,1,1,0.3428,1.7455,0.5150
rmvpe_fix,4073,3912,Hakuna,134,1,1,0.3245,1.8123,0.4337
rmvpe_fix,4074,0295,Potter,83,0,1,0.8285,2.5881,0.4320
rmvpe_fix,4074,0648,Potter,83,0,1,1.0542,3.0124,0.3370
rmvpe_fix,4074,1165,StarWars,83,0,1,1.0505,3.3040,0.3383
rmvpe_fix,4074,1491,StarWars,83,0,1,0.9025,1.9777,0.6628
rmvpe_fix,4074,3452,Hakuna,83,1,1,0.9585,1.4703,0.8942
rmvpe_fix,4074,4101,Hakuna,83,1,1,0.9224,1.1960,0.9489
rmvpe_fix,4081,0041,Potter,151,0,1,0.8762,1.1906,0.7984
rmvpe_fix,4081,0778,Potter,151,0,1,0.9481,1.2058,0.8002
rmvpe_fix,4081,1060,StarWars,151,0,1,1.0599,2.2978,0.3604
rmvpe_fix,4081,1252,StarWars,151,0,1,1.0240,2.1366,0.4747
rmvpe_fix,4081,3523,Hakuna,151,1,1,0.7146,0.4939,0.9568
rmvpe_fix,4081,3573,Hakuna,151,1,1,0.8503,0.4268,0.9672
rmvpe_fix,4083,0246,Potter,190,0,1,0.7526,1.1623,0.7642
rmvpe_fix,4083,0410,Potter,190,0,1,0.8124,1.0308,0.7475
rmvpe_fix,4083,1077,StarWars,190,0,1,0.8000,1.1579,0.6696
rmvpe_fix,4083,1085,StarWars,190,0,1,0.7835,1.0340,0.8196
rmvpe_fix,4083,3625,Hakuna,190,1,1,0.6845,1.2228,0.7336
rmvpe_fix,4083,3898,Hakuna,190,1,1,0.8103,1.1156,0.8280
rmvpe_fix,4093,0582,Potter,57,0,1,0.5012,0.9337,0.6102
rmvpe_fix,4093,0801,Potter,57,0,1,0.5267,0.9992,0.5198
rmvpe_fix,4093,0985,StarWars,57,0,1,0.4594,1.4086,0.2634
rmvpe_fix,4093,1249,StarWars,57,0,1,0.4803,1.0566,0.3988
rmvpe_fix,4093,3745,Hakuna,57,1,1,0.8121,1.1799,-0.0031
rmvpe_fix,4093,3802,Hakuna,57,1,1,0.8329,1.1412,0.3427
rmvpe_fix,4097,0713,Potter,3,0,1,0.3837,1.5084,0.6441
rmvpe_fix,4097,0748,Potter,3,0,1,0.3935,1.8481,0.4371
rmvpe_fix,4097,0974,StarWars,3,0,1,0.5398,1.5192,0.7245
rmvpe_fix,4098,0123,Potter,29,0,1,0.8287,1.7857,0.7325
rmvpe_fix,4098,0631,Potter,29,0,1,0.8727,2.0587,0.5557
rmvpe_fix,4098,1142,StarWars,29,0,1,1.0301,2.0595,0.4216
rmvpe_fix,4098,1493,StarWars,29,0,1,1.0648,1.7025,0.6197
rmvpe_fix,4098,3893,Hakuna,29,1,1,0.8958,1.7602,0.7885
rmvpe_fix,4098,4086,Hakuna,29,1,1,0.9352,1.6371,0.7653
rmvpe_fix,4108,0279,Potter,223,0,1,1.0437,1.4713,0.5335
rmvpe_fix,4108,0609,Potter,223,0,1,1.0647,1.6693,0.4335
rmvpe_fix,4108,1197,StarWars,223,0,1,0.7990,1.7240,0.5712
rmvpe_fix,4108,3343,Hakuna,223,1,1,0.7990,0.5584,0.9446
rmvpe_fix,4108,4153,Hakuna,223,1,1,0.7937,0.6470,0.9058
rmvpe_fix,4109,0461,Potter,198,0,1,0.1650,2.6385,0.2295
rmvpe_fix,4115,0239,Potter,59,0,1,0.5689,1.9769,0.6190
rmvpe_fix,4115,0798,Potter,59,0,1,0.4637,1.9946,0.5985
rmvpe_fix,4115,0923,StarWars,59,0,1,0.3111,1.8199,0.6721
rmvpe_fix,4115,1246,StarWars,59,0,1,0.4430,2.0789,0.3515
rmvpe_fix,4115,3956,Hakuna,59,1,1,0.4148,2.1030,0.3139
rmvpe_fix,4115,4124,Hakuna,59,1,1,0.4430,1.9342,0.5250
rmvpe_fix,4117,0071,Potter,109,0,1,0.9151,1.9900,0.6966
rmvpe_fix,4117,0388,Potter,109,0,1,0.9959,1.4691,0.8075
rmvpe_fix,4117,0986,StarWars,109,0,1,1.0062,2.4775,0.4611
rmvpe_fix,4117,1078,StarWars,109,0,1,1.0663,2.5272,0.4404
rmvpe_fix,4117,3457,Hakuna,109,1,1,0.8634,0.6390,0.9696
rmvpe_fix,4117,3837,Hakuna,109,1,1,0.8923,0.7016,0.9626
rmvpe_fix,4127,0435,Potter,185,0,1,0.5541,1.6120,0.6927
rmvpe_fix,4127,0666,Potter,185,0,1,0.7005,1.2789,0.8302
rmvpe_fix,4127,1173,StarWars,185,0,1,0.6889,1.9812,0.2806
rmvpe_fix,4127,1575,StarWars,185,0,1,0.3161,1.8557,0.4794
rmvpe_fix,4127,3561,Hakuna,185,1,1,0.6905,1.1765,0.8689
rmvpe_fix,4127,3613,Hakuna,185,1,1,0.7105,1.1337,0.8884
rmvpe_fix,4128,0319,Potter,54,0,1,0.9357,1.8450,0.7408
rmvpe_fix,4128,0573,Potter,54,0,1,1.0282,1.7047,0.7955
rmvpe_fix,4128,0885,StarWars,54,0,1,1.0940,1.9396,0.7999
rmvpe_fix,4128,1561,StarWars,54,0,1,1.0533,2.4343,0.6957
rmvpe_fix,4128,3395,Hakuna,54,1,1,0.9498,0.7932,0.9421
rmvpe_fix,4128,3880,Hakuna,54,1,1,0.8918,0.7357,0.9441
rmvpe_fix,4129,0424,Potter,38,0,1,1.1726,1.4193,0.6270
rmvpe_fix,4129,0829,Potter,38,0,1,1.1281,1.5834,0.5330
rmvpe_fix,4129,1149,StarWars,38,0,1,1.0018,1.4233,0.6450
rmvpe_fix,4129,1273,StarWars,38,0,1,1.0053,1.6195,0.6307
rmvpe_fix,4129,3506,Hakuna,38,1,1,0.8683,0.4802,0.9451
rmvpe_fix,4129,3732,Hakuna,38,1,1,0.9733,0.6337,0.8789
rmvpe_fix,4130,0198,Potter,67,0,1,1.1611,1.8350,0.5287
rmvpe_fix,4130,0369,Potter,67,0,1,0.9861,1.5523,0.6155
rmvpe_fix,4130,1298,StarWars,67,0,1,1.2028,2.2063,0.4747
rmvpe_fix,4130,1326,StarWars,67,0,1,0.8444,2.3681,0.6045
rmvpe_fix,4130,3412,Hakuna,67,1,1,0.7556,1.4904,0.7196
rmvpe_fix,4130,3447,Hakuna,67,1,1,0.9833,1.5996,0.7501
rmvpe_fix,4136,0194,Potter,169,0,1,0.6698,2.1813,0.4873
rmvpe_fix,4136,0728,Potter,169,0,1,0.7653,2.2838,0.4737
rmvpe_fix,4136,0848,StarWars,169,0,1,0.6541,2.2595,0.4825
rmvpe_fix,4136,1533,StarWars,169,0,1,0.6307,2.3173,0.4995
rmvpe_fix,4136,3399,Hakuna,169,1,1,0.6573,2.1455,0.2864
rmvpe_fix,4136,3605,Hakuna,169,1,1,0.5540,2.0082,0.6163
rmvpe_fix,4147,0371,Potter,52,0,1,0.8136,2.4473,0.5149
rmvpe_fix,4147,0529,Potter,52,0,1,0.5591,2.0158,0.4111
rmvpe_fix,4147,0954,StarWars,52,0,1,0.5682,1.5654,0.6759
rmvpe_fix,4147,1331,StarWars,52,0,1,0.5068,1.6494,0.6170
rmvpe_fix,4147,3349,Hakuna,52,1,1,0.6364,0.7098,0.8963
rmvpe_fix,4147,3915,Hakuna,52,1,1,0.7864,1.0433,0.8314
rmvpe_fix,4152,0271,Potter,121,0,1,1.0173,1.9826,0.5145
rmvpe_fix,4152,0416,Potter,121,0,1,0.7896,1.7072,0.5885
rmvpe_fix,4152,0852,StarWars,121,0,1,1.0619,1.8258,0.5178
rmvpe_fix,4152,1525,StarWars,121,0,1,0.8713,1.5436,0.5685
rmvpe_fix,4152,3647,Hakuna,121,1,1,0.8020,0.8528,0.8561
rmvpe_fix,4152,4058,Hakuna,121,1,1,0.7921,0.8725,0.8782
rmvpe_fix,4158,0756,Potter,219,0,1,0.4909,1.4096,0.5325
rmvpe_fix,4158,0805,Potter,219,0,1,0.6644,1.4287,0.5789
rmvpe_fix,4158,0988,StarWars,219,0,1,0.6073,1.5797,0.5159
rmvpe_fix,4158,1255,StarWars,219,0,1,0.6507,1.6588,0.5055
rmvpe_fix,4158,3355,Hakuna,219,1,1,0.5731,1.6864,0.4772
rmvpe_fix,4158,3635,Hakuna,219,1,1,0.5913,1.6163,0.3874
rmvpe_raw,3337,1027,StarWars,96,0,1,0.2301,1.6496,0.6914
rmvpe_raw,3337,1402,StarWars,96,0,1,0.3656,1.7705,0.5189
rmvpe_raw,3337,3406,Hakuna,96,1,1,0.2108,1.9309,0.3554
rmvpe_raw,3337,3938,Hakuna,96,1,1,0.2323,2.0606,0.3885
rmvpe_raw,3339,0182,Potter,61,0,1,0.9543,3.0592,0.4978
rmvpe_raw,3339,0336,Potter,61,0,1,0.7788,2.7712,0.4875
rmvpe_raw,3339,1236,StarWars,61,0,1,0.4543,3.8105,-0.1276
rmvpe_raw,3339,1318,StarWars,61,0,1,0.6442,3.7989,0.0580
rmvpe_raw,3345,0271,Potter,121,0,1,0.2257,3.4197,-0.0366
rmvpe_raw,3345,0416,Potter,121,0,1,0.3252,1.3442,0.7540
rmvpe_raw,3345,0852,StarWars,121,0,1,0.2985,2.6001,0.3341
rmvpe_raw,3345,1525,StarWars,121,0,1,0.2112,2.3730,0.1594
rmvpe_raw,3345,3647,Hakuna,121,1,1,0.2063,2.7235,0.4398
rmvpe_raw,3345,4058,Hakuna,121,1,1,0.2791,2.6936,0.2421
rmvpe_raw,3347,0408,Potter,145,0,1,0.2480,3.2295,0.2441
rmvpe_raw,3347,0619,Potter,145,0,1,0.2749,1.9343,0.7226
rmvpe_raw,3347,0956,StarWars,145,0,1,0.4455,2.8321,0.3898
rmvpe_raw,3347,1199,StarWars,145,0,1,0.4265,2.5771,0.4736
rmvpe_raw,3347,3712,Hakuna,145,1,1,0.2275,2.5408,0.6654
rmvpe_raw,3347,3793,Hakuna,145,1,1,0.2180,2.1142,0.6780
rmvpe_raw,3348,0649,Potter,197,0,1,0.3006,2.6113,0.3199
rmvpe_raw,3348,0688,Potter,197,0,1,0.4735,1.7669,0.6489
rmvpe_raw,3348,0921,StarWars,197,0,1,0.4420,2.3374,0.3661
rmvpe_raw,3348,1322,StarWars,197,0,1,0.2770,2.2293,0.3373
rmvpe_raw,3348,3512,Hakuna,197,1,1,0.1690,2.3263,0.6077
rmvpe_raw,3348,3851,Hakuna,197,1,1,0.2672,3.0601,0.5353
rmvpe_raw,3352,0755,Potter,220,0,1,0.1840,1.5164,0.4653
rmvpe_raw,3354,0651,Potter,97,0,1,0.3537,1.7160,0.6390
rmvpe_raw,3354,0706,Potter,97,0,1,0.3827,1.5791,0.6650
rmvpe_raw,3354,1313,StarWars,97,0,1,0.2585,2.3447,0.3469
rmvpe_raw,3354,1418,StarWars,97,0,1,0.2738,1.7257,0.6916
rmvpe_raw,3371,0508,Potter,120,0,1,0.4904,2.7097,0.5719
rmvpe_raw,3371,0559,Potter,120,0,1,0.5203,1.8751,0.6289
rmvpe_raw,3371,0878,StarWars,120,0,1,0.3028,2.3579,0.6526
rmvpe_raw,3371,1449,StarWars,120,0,1,0.3475,1.5644,0.7418
rmvpe_raw,3371,3549,Hakuna,120,1,1,0.1919,3.7719,0.1828
rmvpe_raw,3376,0097,Potter,201,0,1,0.5116,1.1054,0.4789
rmvpe_raw,3376,0927,StarWars,201,0,1,0.1705,2.2107,0.4721
rmvpe_raw,3379,3403,Hakuna,178,1,1,0.2350,1.2729,0.5759
rmvpe_raw,3381,0202,Potter,164,0,1,0.1220,2.4385,0.7194
rmvpe_raw,3381,0293,Potter,164,0,1,0.2168,2.2898,0.6855
rmvpe_raw,3381,1315,StarWars,164,0,1,0.1202,3.5979,0.2164
rmvpe_raw,3381,1482,StarWars,164,0,1,0.1257,2.4982,0.3892
rmvpe_raw,3381,3746,Hakuna,164,1,1,0.2113,2.3949,0.6450
rmvpe_raw,3381,3954,Hakuna,164,1,1,0.2095,3.5101,-0.0460
rmvpe_raw,3383,0060,Potter,222,0,1,0.9606,1.9849,0.6476
rmvpe_raw,3383,0107,Potter,222,0,1,0.8592,2.3203,0.6381
rmvpe_raw,3383,0959,StarWars,222,0,1,0.2958,3.4587,0.1583
rmvpe_raw,3383,1276,StarWars,222,0,1,0.2958,2.6282,0.4554
rmvpe_raw,3383,4064,Hakuna,222,1,1,0.6113,2.8153,0.2630
rmvpe_raw,3383,4085,Hakuna,222,1,1,0.8000,2.6702,0.3587
rmvpe_raw,3388,0410,Potter,190,0,1,0.1996,2.3079,0.4161
rmvpe_raw,3388,1077,StarWars,190,0,1,0.1708,1.5927,0.6524
rmvpe_raw,3388,1085,StarWars,190,0,1,0.1049,1.5812,0.6465
rmvpe_raw,3388,3625,Hakuna,190,1,1,0.1975,2.1208,0.2364
rmvpe_raw,3388,3898,Hakuna,190,1,1,0.2942,1.7720,0.5012
rmvpe_raw,3389,0189,Potter,203,0,1,0.0723,1.8510,0.5475
rmvpe_raw,3389,0302,Potter,203,0,1,0.1186,1.7176,0.5726
rmvpe_raw,3389,0934,StarWars,203,0,1,0.0588,2.4800,0.2924
rmvpe_raw,3389,3497,Hakuna,203,1,1,0.2739,1.9487,0.5187
rmvpe_raw,3389,3926,Hakuna,203,1,1,0.2623,1.8017,0.4459
rmvpe_raw,3391,0124,Potter,58,0,1,0.2369,2.1470,0.6368
rmvpe_raw,3391,0467,Potter,58,0,1,0.1754,2.6563,0.1184
rmvpe_raw,3391,1178,StarWars,58,0,1,0.1493,2.4234,0.2837
rmvpe_raw,3391,1262,StarWars,58,0,1,0.1567,1.6565,0.5504
rmvpe_raw,3391,3556,Hakuna,58,1,1,0.2108,2.6731,-0.0234
rmvpe_raw,3391,3668,Hakuna,58,1,1,0.1978,3.9495,0.2391
rmvpe_raw,3397,0182,Potter,61,0,1,0.9636,3.2057,0.4463
rmvpe_raw,3397,0336,Potter,61,0,1,0.7864,2.6306,0.5614
rmvpe_raw,3397,1236,StarWars,61,0,1,0.4587,4.0823,-0.0528
rmvpe_raw,3397,1318,StarWars,61,0,1,0.6505,3.5921,0.0943
rmvpe_raw,3401,0044,Potter,217,0,1,0.2124,1.3788,0.7220
rmvpe_raw,3401,0101,Potter,217,0,1,0.3886,1.7825,0.6499
rmvpe_raw,3401,1131,StarWars,217,0,1,0.1157,1.9281,0.5567
rmvpe_raw,3401,3701,Hakuna,217,1,1,0.2573,1.5825,0.5834
rmvpe_raw,3401,4103,Hakuna,217,1,1,0.2470,1.6514,0.5622
rmvpe_raw,3413,0155,Potter,76,0,1,0.4152,3.3135,0.3584
rmvpe_raw,3413,0584,Potter,76,0,1,0.4561,2.0429,0.5979
rmvpe_raw,3413,1381,StarWars,76,0,1,0.5015,2.8726,0.5546
rmvpe_raw,3413,1445,StarWars,76,0,1,0.4212,2.8635,0.4241
rmvpe_raw,3413,3706,Hakuna,76,1,1,0.3500,2.2442,0.4872
rmvpe_raw,3413,4048,Hakuna,76,1,1,0.3515,3.0705,0.4265
rmvpe_raw,3414,3782,Hakuna,69,1,1,0.2058,3.4982,-0.0031
rmvpe_raw,3428,0097,Potter,201,0,1,0.4481,1.2708,0.2886
rmvpe_raw,3428,0927,StarWars,201,0,1,0.1494,2.4514,0.2064
rmvpe_raw,3429,0295,Potter,83,0,1,0.1168,1.7585,0.5859
rmvpe_raw,3429,0648,Potter,83,0,1,0.5073,2.3698,0.5345
rmvpe_raw,3429,1165,StarWars,83,0,1,0.3741,2.2246,0.5040
rmvpe_raw,3429,1491,StarWars,83,0,1,0.4051,2.3514,0.4315
rmvpe_raw,3429,3452,Hakuna,83,1,1,0.4416,1.8186,0.6860
rmvpe_raw,3429,4101,Hakuna,83,1,1,0.2263,2.1370,0.6163
rmvpe_raw,3432,0187,Potter,214,0,1,0.1013,2.5016,0.4970
rmvpe_raw,3435,1027,StarWars,96,0,1,0.2512,1.7721,0.6565
rmvpe_raw,3435,1402,StarWars,96,0,1,0.3991,1.8619,0.4893
rmvpe_raw,3435,3406,Hakuna,96,1,1,0.2300,1.8910,0.4110
rmvpe_raw,3435,3938,Hakuna,96,1,1,0.2535,2.1852,0.4515
rmvpe_raw,3437,0125,Potter,205,0,1,0.4465,1.2677,0.6759
rmvpe_raw,3437,0359,Potter,205,0,1,0.4237,2.2985,0.5485
rmvpe_raw,3437,0966,StarWars,205,0,1,0.4784,2.9341,-0.0305
rmvpe_raw,3437,1480,StarWars,205,0,1,0.3781,1.3017,0.6696
rmvpe_raw,3437,3581,Hakuna,205,1,1,0.1913,5.5877,0.0183
rmvpe_raw,3442,0477,Potter,17,0,1,0.5271,3.9896,0.4738
rmvpe_raw,3442,0558,Potter,17,0,1,0.4509,1.3698,0.5754
rmvpe_raw,3442,1609,StarWars,17,0,1,0.4709,1.8689,0.4916
rmvpe_raw,3442,1620,StarWars,17,0,1,0.3347,1.7702,0.5305
rmvpe_raw,3442,3878,Hakuna,17,1,1,0.4589,1.7889,0.2527
rmvpe_raw,3442,4105,Hakuna,17,1,1,0.3387,1.4082,0.5973
rmvpe_raw,3460,0542,Potter,44,0,1,0.2723,1.6520,0.7845
rmvpe_raw,3460,0739,Potter,44,0,1,0.3128,1.7367,0.7431
rmvpe_raw,3460,0964,StarWars,44,0,1,0.7925,1.2303,0.8232
rmvpe_raw,3460,1026,StarWars,44,0,1,0.7115,1.3562,0.7802
rmvpe_raw,3460,3485,Hakuna,44,1,1,0.2496,3.5655,0.2438
rmvpe_raw,3460,3781,Hakuna,44,1,1,0.1767,2.5411,0.4692
rmvpe_raw,3461,0582,Potter,57,0,1,0.2335,3.6562,0.2982
rmvpe_raw,3461,0801,Potter,57,0,1,0.2731,2.9602,0.2815
rmvpe_raw,3461,0985,StarWars,57,0,1,0.2719,5.2107,0.1871
rmvpe_raw,3461,1249,StarWars,57,0,1,0.2563,2.9072,0.4187
rmvpe_raw,3461,3745,Hakuna,57,1,1,0.5533,4.2694,0.4407
rmvpe_raw,3461,3802,Hakuna,57,1,1,0.5210,6.6243,0.1122
rmvpe_raw,3463,0386,Potter,184,0,1,0.3108,2.2432,0.5009
rmvpe_raw,3463,0729,Potter,184,0,1,0.2095,1.8682,0.6879
rmvpe_raw,3463,0887,StarWars,184,0,1,0.1250,2.0671,0.7093
rmvpe_raw,3463,3612,Hakuna,184,1,1,0.2078,3.2069,0.3622
rmvpe_raw,3463,3844,Hakuna,184,1,1,0.1841,3.9068,0.2994
rmvpe_raw,3464,0732,Potter,150,0,1,0.1381,1.5289,0.7817
rmvpe_raw,3464,0825,Potter,150,0,1,0.1647,2.5767,0.2255
rmvpe_raw,3464,0844,StarWars,150,0,1,0.2629,1.8780,0.6851
rmvpe_raw,3464,1510,StarWars,150,0,1,0.2396,1.7808,0.7701
rmvpe_raw,3464,3493,Hakuna,150,1,1,0.1764,2.1196,0.2228
rmvpe_raw,3465,0038,Potter,207,0,1,0.2114,2.4438,0.5398
rmvpe_raw,3465,0672,Potter,207,0,1,0.2231,1.5437,0.7729
rmvpe_raw,3465,3446,Hakuna,207,1,1,0.1977,1.3829,0.8007
rmvpe_raw,3465,3565,Hakuna,207,1,1,0.2211,1.6560,0.6607
rmvpe_raw,3467,0438,Potter,192,0,1,0.2981,2.7511,0.0444
rmvpe_raw,3467,0783,Potter,192,0,1,0.1703,5.8753,0.1381
rmvpe_raw,3467,0909,StarWars,192,0,1,0.2834,2.5216,0.4526
rmvpe_raw,3467,1642,StarWars,192,0,1,0.1968,1.5915,0.5030
rmvpe_raw,3467,4148,Hakuna,192,1,1,0.0954,1.4705,0.4359
rmvpe_raw,3470,0623,Potter,10,0,1,0.7814,1.1772,0.5639
rmvpe_raw,3470,0830,Potter,10,0,1,0.5433,2.2387,0.0603
rmvpe_raw,3470,1176,StarWars,10,0,1,0.5065,3.0850,-0.0245
rmvpe_raw,3470,1321,StarWars,10,0,1,0.4848,2.9489,-0.0944
rmvpe_raw,3470,3717,Hakuna,10,1,1,0.1558,0.9745,0.8090
rmvpe_raw,3470,3891,Hakuna,10,1,1,0.4481,0.9753,0.6243
rmvpe_raw,3473,3882,Hakuna,128,1,1,0.2698,2.2268,0.5067
rmvpe_raw,3477,0319,Potter,54,0,1,0.5304,1.7281,0.7342
rmvpe_raw,3477,0573,Potter,54,0,1,0.4856,2.4258,0.6218
rmvpe_raw,3477,0885,StarWars,54,0,1,0.7981,2.3888,0.3790
rmvpe_raw,3477,1561,StarWars,54,0,1,0.8173,1.8877,0.7356
rmvpe_raw,3477,3395,Hakuna,54,1,1,0.3526,2.3901,0.4503
rmvpe_raw,3477,3880,Hakuna,54,1,1,0.3542,3.3324,0.2402
rmvpe_raw,3487,0997,StarWars,135,0,1,0.1068,2.3664,0.0268
rmvpe_raw,3487,1195,StarWars,135,0,1,0.1261,1.9139,0.4343
rmvpe_raw,3487,3501,Hakuna,135,1,1,0.1132,1.4018,0.2139
rmvpe_raw,3489,0111,Potter,100,0,1,0.3580,1.1614,0.5517
rmvpe_raw,3489,0407,Potter,100,0,1,0.3890,1.2646,0.3202
rmvpe_raw,3489,1040,StarWars,100,0,1,0.6386,1.1288,0.3069
rmvpe_raw,3489,1344,StarWars,100,0,1,0.1325,1.3018,0.1868
rmvpe_raw,3489,3448,Hakuna,100,1,1,0.2065,1.0754,0.3714
rmvpe_raw,3489,4068,Hakuna,100,1,1,0.3804,1.1030,0.3727
rmvpe_raw,3490,3762,Hakuna,154,1,1,0.1464,2.2482,0.8463
rmvpe_raw,3491,0732,Potter,150,0,1,0.1424,1.5869,0.7620
rmvpe_raw,3491,0825,Potter,150,0,1,0.1698,2.6481,0.1718
rmvpe_raw,3491,0844,StarWars,150,0,1,0.2710,1.8544,0.6653
rmvpe_raw,3491,1510,StarWars,150,0,1,0.2470,1.8234,0.7274
rmvpe_raw,3491,3493,Hakuna,150,1,1,0.1818,2.1354,0.2678
rmvpe_raw,3496,0531,Potter,105,0,1,0.6234,2.2846,0.5673
rmvpe_raw,3496,0583,Potter,105,0,1,0.6553,2.2777,0.4654
rmvpe_raw,3496,1579,StarWars,105,0,1,0.7149,2.1708,0.2478
rmvpe_raw,3496,3587,Hakuna,105,1,1,0.3766,3.0975,0.0685
rmvpe_raw,3496,3906,Hakuna,105,1,1,0.5447,3.0606,0.0316
rmvpe_raw,3502,0470,Potter,91,0,1,0.1616,5.2551,0.1914
rmvpe_raw,3502,1006,StarWars,91,0,1,0.1507,6.2797,0.2524
rmvpe_raw,3502,1366,StarWars,91,0,1,0.1310,2.4019,0.1175
rmvpe_raw,3502,3411,Hakuna,91,1,1,0.1179,5.5795,0.3088
rmvpe_raw,3502,3440,Hakuna,91,1,1,0.1659,1.7670,0.2904
rmvpe_raw,3508,0425,Potter,5,0,1,0.1038,2.7153,0.3093
rmvpe_raw,3508,0528,Potter,5,0,1,0.2109,1.9782,0.5088
rmvpe_raw,3508,0854,StarWars,5,0,1,0.1582,2.2848,0.4039
rmvpe_raw,3508,1444,StarWars,5,0,1,0.2916,2.0736,0.6777
rmvpe_raw,3508,3606,Hakuna,5,1,1,0.2356,1.9651,0.4808
rmvpe_raw,3508,3860,Hakuna,5,1,1,0.1450,2.1526,0.3568
rmvpe_raw,3513,0177,Potter,14,0,1,0.3183,1.6306,0.2331
rmvpe_raw,3513,0774,Potter,14,0,1,0.2550,1.9384,0.4657
rmvpe_raw,3513,1435,StarWars,14,0,1,0.2495,1.6926,0.6570
rmvpe_raw,3513,1519,StarWars,14,0,1,0.1410,2.1954,0.3386
rmvpe_raw,3513,3682,Hakuna,14,1,1,0.1356,4.2485,0.0419
rmvpe_raw,3514,0470,Potter,91,0,1,0.1399,5.2619,0.0710
rmvpe_raw,3514,1006,StarWars,91,0,1,0.1304,6.1331,0.2948
rmvpe_raw,3514,1366,StarWars,91,0,1,0.1134,2.0200,-0.0782
rmvpe_raw,3514,3411,Hakuna,91,1,1,0.1021,6.2456,0.0706
rmvpe_raw,3514,3440,Hakuna,91,1,1,0.1437,1.2613,0.2745
rmvpe_raw,3515,0356,Potter,196,0,1,0.2959,1.8673,0.4916
rmvpe_raw,3515,0686,Potter,196,0,1,0.2354,1.3851,0.7491
rmvpe_raw,3515,0907,StarWars,196,0,1,0.1166,2.2066,0.4974
rmvpe_raw,3515,1611,StarWars,196,0,1,0.1620,2.0682,0.4777
rmvpe_raw,3515,4056,Hakuna,196,1,1,0.2894,3.0262,-0.2371
rmvpe_raw,3515,4082,Hakuna,196,1,1,0.2419,3.5700,-0.4221
rmvpe_raw,3516,0189,Potter,203,0,1,0.0712,2.3853,0.6011
rmvpe_raw,3516,0302,Potter,203,0,1,0.1168,2.1241,0.5601
rmvpe_raw,3516,0934,StarWars,203,0,1,0.0579,2.2956,0.5509
rmvpe_raw,3516,3497,Hakuna,203,1,1,0.2697,2.0418,0.6281
rmvpe_raw,3516,3926,Hakuna,203,1,1,0.2583,2.1614,0.5636
rmvpe_raw,3517,0311,Potter,218,0,1,0.3728,3.5472,0.3654
rmvpe_raw,3517,0518,Potter,218,0,1,0.2880,3.6533,0.6081
rmvpe_raw,3517,0994,StarWars,218,0,1,0.2848,2.1345,0.8516
rmvpe_raw,3517,1220,StarWars,218,0,1,0.2656,2.7434,0.7775
rmvpe_raw,3517,3475,Hakuna,218,1,1,0.2800,6.4291,0.0528
rmvpe_raw,3517,3521,Hakuna,218,1,1,0.4192,3.5778,0.3496
rmvpe_raw,3527,0275,Potter,33,0,1,0.2241,2.2671,0.4109
rmvpe_raw,3527,0468,Potter,33,0,1,0.3755,2.0512,0.5619
rmvpe_raw,3527,1174,StarWars,33,0,1,0.0977,2.3800,0.2712
rmvpe_raw,3527,3868,Hakuna,33,1,1,0.0996,1.8813,0.4900
rmvpe_raw,3528,3882,Hakuna,128,1,1,0.2755,1.9961,0.5948
rmvpe_raw,3531,0131,Potter,53,0,1,0.5672,1.8541,0.5858
rmvpe_raw,3531,0689,Potter,53,0,1,0.6828,1.9836,0.4275
rmvpe_raw,3531,1269,StarWars,53,0,1,0.1786,2.5704,0.0946
rmvpe_raw,3531,1596,StarWars,53,0,1,0.2794,2.2023,0.1367
rmvpe_raw,3531,3585,Hakuna,53,1,1,0.2710,2.1395,0.2889
rmvpe_raw,3531,3856,Hakuna,53,1,1,0.2773,1.6896,0.6494
rmvpe_raw,3532,0394,Potter,215,0,1,0.6869,1.7522,0.6672
rmvpe_raw,3532,0975,StarWars,215,0,1,0.6419,1.4702,0.7300
rmvpe_raw,3532,1423,StarWars,215,0,1,0.8010,1.3894,0.7611
rmvpe_raw,3532,3480,Hakuna,215,1,1,0.3114,1.7436,0.5557
rmvpe_raw,3532,3858,Hakuna,215,1,1,0.3581,1.5450,0.6193
rmvpe_raw,3535,0286,Potter,47,0,1,0.4670,2.5663,0.5306
rmvpe_raw,3535,0443,Potter,47,0,1,0.4471,1.9444,0.4781
rmvpe_raw,3535,1258,StarWars,47,0,1,0.4890,2.1792,0.3467
rmvpe_raw,3535,1300,StarWars,47,0,1,0.2643,1.4242,0.7276
rmvpe_raw,3535,4019,Hakuna,47,1,1,0.4075,1.4217,0.5418
rmvpe_raw,3535,4044,Hakuna,47,1,1,0.5837,1.4321,0.6035
rmvpe_raw,3544,0008,Potter,213,0,1,0.7923,2.3428,0.5328
rmvpe_raw,3544,0681,Potter,213,0,1,0.6893,2.2730,0.4168
rmvpe_raw,3544,0860,StarWars,213,0,1,0.7335,1.4020,0.7719
rmvpe_raw,3544,1317,StarWars,213,0,1,0.6857,1.6627,0.6307
rmvpe_raw,3544,3548,Hakuna,213,1,1,0.1618,1.5988,0.5914
rmvpe_raw,3544,3720,Hakuna,213,1,1,0.2114,1.1925,0.7803
rmvpe_raw,3545,0553,Potter,0,0,1,0.2942,3.4790,0.4220
rmvpe_raw,3545,0590,Potter,0,0,1,0.2704,2.5259,0.4601
rmvpe_raw,3545,1140,StarWars,0,0,1,0.0802,3.1849,-0.0302
rmvpe_raw,3552,1163,StarWars,137,0,1,0.1029,2.1660,0.5622
rmvpe_raw,3552,3594,Hakuna,137,1,1,0.1905,2.1810,0.5895
rmvpe_raw,3552,3944,Hakuna,137,1,1,0.2343,1.9272,0.5117
rmvpe_raw,3553,0102,Potter,191,0,1,0.2433,2.7336,0.5518
rmvpe_raw,3553,0426,Potter,191,0,1,0.1460,2.5605,0.3732
rmvpe_raw,3553,0993,StarWars,191,0,1,0.1484,1.6938,0.4675
rmvpe_raw,3553,1506,StarWars,191,0,1,0.1387,2.4686,0.2573
rmvpe_raw,3553,3928,Hakuna,191,1,1,0.2822,1.8247,0.5636
rmvpe_raw,3553,3984,Hakuna,191,1,1,0.1922,2.0068,0.2929
rmvpe_raw,3555,0292,Potter,166,0,1,0.3457,2.2093,0.5926
rmvpe_raw,3555,0353,Potter,166,0,1,0.3765,2.9917,0.4159
rmvpe_raw,3555,1267,StarWars,166,0,1,0.1152,2.1266,0.3401
rmvpe_raw,3557,0373,Potter,122,0,1,0.3910,2.6386,0.3857
rmvpe_raw,3557,0547,Potter,122,0,1,0.2442,2.5771,0.4141
rmvpe_raw,3557,1408,StarWars,122,0,1,0.1788,2.6343,0.3176
rmvpe_raw,3557,1495,StarWars,122,0,1,0.1541,2.0095,0.7239
rmvpe_raw,3557,3595,Hakuna,122,1,1,0.1773,2.3174,0.6375
rmvpe_raw,3557,3655,Hakuna,122,1,1,0.1730,2.3029,0.5830
rmvpe_raw,3560,0239,Potter,59,0,1,0.1256,1.8863,0.5359
rmvpe_raw,3560,0798,Potter,59,0,1,0.0973,2.3434,0.1091
rmvpe_raw,3566,0651,Potter,97,0,1,0.3845,1.7205,0.6119
rmvpe_raw,3566,0706,Potter,97,0,1,0.4159,1.7621,0.5874
rmvpe_raw,3566,1313,StarWars,97,0,1,0.2810,2.4817,0.2749
rmvpe_raw,3566,1418,StarWars,97,0,1,0.2976,1.7437,0.7079
rmvpe_raw,3572,0057,Potter,60,0,1,0.9091,1.5095,0.7173
rmvpe_raw,3572,0348,Potter,60,0,1,0.8654,1.5091,0.7442
rmvpe_raw,3575,0090,Potter,24,0,1,0.3699,1.8668,0.4874
rmvpe_raw,3575,0320,Potter,24,0,1,0.3204,1.5264,0.6953
rmvpe_raw,3575,1045,StarWars,24,0,1,0.3947,2.2113,0.1419
rmvpe_raw,3575,1325,StarWars,24,0,1,0.3611,1.7020,0.5467
rmvpe_raw,3575,3814,Hakuna,24,1,1,0.3841,1.6009,0.5387
rmvpe_raw,3575,4118,Hakuna,24,1,1,0.3593,1.7653,0.3855
rmvpe_raw,3577,0633,Potter,231,0,1,0.1442,1.8525,0.6439
rmvpe_raw,3577,0803,Potter,231,0,1,0.1814,1.3665,0.7185
rmvpe_raw,3577,1150,StarWars,231,0,1,0.0853,1.8756,0.5428
rmvpe_raw,3577,1605,StarWars,231,0,1,0.0977,4.3184,0.1897
rmvpe_raw,3577,4049,Hakuna,231,1,1,0.2729,1.8165,0.7122
rmvpe_raw,3577,4112,Hakuna,231,1,1,0.2946,3.4520,-0.0108
rmvpe_raw,3580,0595,Potter,26,0,1,0.3725,1.7695,0.2423
rmvpe_raw,3580,0768,Potter,26,0,1,0.3275,1.6071,0.0836
rmvpe_raw,3580,1087,StarWars,26,0,1,0.2900,1.3655,0.4260
rmvpe_raw,3580,1132,StarWars,26,0,1,0.2000,1.5232,0.3304
rmvpe_raw,3582,0254,Potter,129,0,1,0.4022,2.2421,0.3459
rmvpe_raw,3582,0554,Potter,129,0,1,0.4674,2.2238,0.3232
rmvpe_raw,3582,3576,Hakuna,129,1,1,0.1551,1.9720,-0.0681
rmvpe_raw,3582,3651,Hakuna,129,1,1,0.1528,2.0918,0.0004
rmvpe_raw,3583,0206,Potter,84,0,1,0.0872,2.5329,0.6524
rmvpe_raw,3583,1341,StarWars,84,0,1,0.3221,2.4779,0.2335
rmvpe_raw,3583,1504,StarWars,84,0,1,0.1292,1.5809,0.8594
rmvpe_raw,3588,0680,Potter,123,0,1,0.2154,4.3854,0.0254
rmvpe_raw,3588,0835,Potter,123,0,1,0.4496,1.9206,0.2077
rmvpe_raw,3588,1196,StarWars,123,0,1,0.5744,4.7613,-0.2304
rmvpe_raw,3588,1378,StarWars,123,0,1,0.6410,3.2226,-0.3169
rmvpe_raw,3588,3567,Hakuna,123,1,1,0.1812,7.0388,0.2409
rmvpe_raw,3588,3787,Hakuna,123,1,1,0.2957,6.9835,-0.1010
rmvpe_raw,3591,0177,Potter,14,0,1,0.2914,1.4076,0.4767
rmvpe_raw,3591,0774,Potter,14,0,1,0.2334,1.7747,0.4853
rmvpe_raw,3591,1435,StarWars,14,0,1,0.2285,1.7708,0.6086
rmvpe_raw,3591,1519,StarWars,14,0,1,0.1291,1.9389,0.3406
rmvpe_raw,3591,3682,Hakuna,14,1,1,0.1242,4.2200,0.1641
rmvpe_raw,3593,0595,Potter,26,0,1,0.3326,1.4035,0.4761
rmvpe_raw,3593,0768,Potter,26,0,1,0.2924,1.2580,0.4048
rmvpe_raw,3593,1087,StarWars,26,0,1,0.2589,1.1298,0.5226
rmvpe_raw,3593,1132,StarWars,26,0,1,0.1786,1.3315,0.4903
rmvpe_raw,3599,0071,Potter,109,0,1,0.3129,2.5605,0.4381
rmvpe_raw,3599,0388,Potter,109,0,1,0.4131,3.3267,0.1929
rmvpe_raw,3599,0986,StarWars,109,0,1,0.2863,2.8458,0.3498
rmvpe_raw,3599,1078,StarWars,109,0,1,0.2740,1.8389,0.7431
rmvpe_raw,3599,3457,Hakuna,109,1,1,0.2515,2.6247,0.5199
rmvpe_raw,3599,3837,Hakuna,109,1,1,0.2045,2.8643,0.3864
rmvpe_raw,3601,1215,StarWars,72,0,1,0.5878,1.3306,0.7515
rmvpe_raw,3601,1478,StarWars,72,0,1,0.4951,2.4965,0.4316
rmvpe_raw,3601,3666,Hakuna,72,1,1,0.4317,2.0050,0.6201
rmvpe_raw,3601,4069,Hakuna,72,1,1,0.2683,2.0465,0.6375
rmvpe_raw,3602,0424,Potter,38,0,1,0.7902,1.6760,0.5246
rmvpe_raw,3602,0829,Potter,38,0,1,0.5459,1.5894,0.6070
rmvpe_raw,3602,1149,StarWars,38,0,1,0.6574,1.7785,0.4744
rmvpe_raw,3602,1273,StarWars,38,0,1,0.4836,1.8550,0.2949
rmvpe_raw,3602,3506,Hakuna,38,1,1,0.4607,0.7449,0.7629
rmvpe_raw,3602,3732,Hakuna,38,1,1,0.5787,0.8094,0.6458
rmvpe_raw,3611,0136,Potter,144,0,1,0.0938,2.4083,-0.0124
rmvpe_raw,3611,0330,Potter,144,0,1,0.3573,3.1566,0.4107
rmvpe_raw,3611,1216,StarWars,144,0,1,0.1250,3.2086,0.2706
rmvpe_raw,3611,3420,Hakuna,144,1,1,0.3179,1.2411,0.2950
rmvpe_raw,3616,0797,Potter,16,0,1,0.1018,2.0475,-0.6428
rmvpe_raw,3616,3846,Hakuna,16,1,1,0.6069,1.5009,0.2877
rmvpe_raw,3616,4150,Hakuna,16,1,1,0.6008,1.2014,0.6199
rmvpe_raw,3621,0373,Potter,122,0,1,0.4045,1.8245,0.4170
rmvpe_raw,3621,0547,Potter,122,0,1,0.2526,1.8929,0.4739
rmvpe_raw,3621,1408,StarWars,122,0,1,0.1850,1.5916,0.6280
rmvpe_raw,3621,1495,StarWars,122,0,1,0.1594,1.4498,0.6383
rmvpe_raw,3621,3595,Hakuna,122,1,1,0.1835,1.7402,0.5306
rmvpe_raw,3621,3655,Hakuna,122,1,1,0.1789,1.8137,0.5559
rmvpe_raw,3622,0076,Potter,30,0,1,0.1559,2.4904,0.2101
rmvpe_raw,3622,0151,Potter,30,0,1,0.1808,3.1516,0.0527
rmvpe_raw,3622,1101,StarWars,30,0,1,0.3085,2.0073,0.7019
rmvpe_raw,3622,1369,StarWars,30,0,1,0.3167,1.7696,0.6140
rmvpe_raw,3622,3443,Hakuna,30,1,1,0.1493,3.0605,0.3139
rmvpe_raw,3622,3694,Hakuna,30,1,1,0.1808,3.7506,-0.0834
rmvpe_raw,3624,0437,Potter,40,0,1,0.2115,2.6777,0.4624
rmvpe_raw,3624,0892,StarWars,40,0,1,0.2154,2.2809,0.4363
rmvpe_raw,3624,1600,StarWars,40,0,1,0.1581,2.8516,0.1049
rmvpe_raw,3624,3966,Hakuna,40,1,1,0.1877,2.9088,0.2864
rmvpe_raw,3624,4094,Hakuna,40,1,1,0.1877,2.5548,0.4160
rmvpe_raw,3630,1215,StarWars,72,0,1,0.5921,1.4199,0.7308
rmvpe_raw,3630,1478,StarWars,72,0,1,0.4988,2.5379,0.3546
rmvpe_raw,3630,3666,Hakuna,72,1,1,0.4349,2.1687,0.5663
rmvpe_raw,3630,4069,Hakuna,72,1,1,0.2703,2.1556,0.5848
rmvpe_raw,3632,0438,Potter,192,0,1,0.3039,2.5591,0.1073
rmvpe_raw,3632,0783,Potter,192,0,1,0.1737,5.8729,0.0937
rmvpe_raw,3632,0909,StarWars,192,0,1,0.2889,2.3367,0.4735
rmvpe_raw,3632,1642,StarWars,192,0,1,0.2006,1.6403,0.5249
rmvpe_raw,3632,4148,Hakuna,192,1,1,0.0973,1.5229,0.4174
rmvpe_raw,3633,3403,Hakuna,178,1,1,0.2378,1.4512,0.3135
rmvpe_raw,3636,0075,Potter,55,0,1,0.3144,1.9309,0.3312
rmvpe_raw,3636,0785,Potter,55,0,1,0.2303,1.4590,0.6901
rmvpe_raw,3636,1160,StarWars,55,0,1,0.1316,2.0102,0.4677
rmvpe_raw,3636,1648,StarWars,55,0,1,0.3053,2.1861,0.6501
rmvpe_raw,3636,3887,Hakuna,55,1,1,0.4973,2.2196,0.4582
rmvpe_raw,3636,4060,Hakuna,55,1,1,0.3291,1.7016,0.6156
rmvpe_raw,3644,0531,Potter,105,0,1,0.5667,2.2754,0.5562
rmvpe_raw,3644,0583,Potter,105,0,1,0.5957,2.4681,0.4899
rmvpe_raw,3644,1579,StarWars,105,0,1,0.6499,1.9595,0.5042
rmvpe_raw,3644,3587,Hakuna,105,1,1,0.3424,2.0720,0.6073
rmvpe_raw,3644,3906,Hakuna,105,1,1,0.4952,2.5565,0.4329
rmvpe_raw,3646,3896,Hakuna,228,1,1,0.1699,4.3166,0.5294
rmvpe_raw,3650,0090,Potter,24,0,1,0.3712,1.8743,0.5274
rmvpe_raw,3650,0320,Potter,24,0,1,0.3215,1.4808,0.6788
rmvpe_raw,3650,1045,StarWars,24,0,1,0.3961,2.0254,0.1854
rmvpe_raw,3650,1325,StarWars,24,0,1,0.3623,1.5477,0.5660
rmvpe_raw,3650,3814,Hakuna,24,1,1,0.3854,1.5372,0.5610
rmvpe_raw,3650,4118,Hakuna,24,1,1,0.3606,1.7329,0.3819
rmvpe_raw,3652,0131,Potter,53,0,1,0.5556,1.6887,0.5943
rmvpe_raw,3652,0689,Potter,53,0,1,0.6687,1.8912,0.4205
rmvpe_raw,3652,1269,StarWars,53,0,1,0.1749,2.3636,-0.0548
rmvpe_raw,3652,1596,StarWars,53,0,1,0.2737,2.1059,0.1187
rmvpe_raw,3652,3585,Hakuna,53,1,1,0.2654,2.4752,0.2273
rmvpe_raw,3652,3856,Hakuna,53,1,1,0.2716,1.6454,0.6140
rmvpe_raw,3653,0489,Potter,87,0,1,0.1234,1.4344,0.5494
rmvpe_raw,3653,0684,Potter,87,0,1,0.1377,1.4392,0.4196
rmvpe_raw,3653,1090,StarWars,87,0,1,0.1076,1.5115,0.4028
rmvpe_raw,3653,1460,StarWars,87,0,1,0.3576,1.3291,0.5599
rmvpe_raw,3653,3341,Hakuna,87,1,1,0.2041,1.3572,0.5991
rmvpe_raw,3656,0755,Potter,220,0,1,0.1869,1.3025,0.4642
rmvpe_raw,3657,0041,Potter,151,0,1,0.3267,2.3239,0.1989
rmvpe_raw,3657,0778,Potter,151,0,1,0.2867,2.0789,0.4535
rmvpe_raw,3657,1060,StarWars,151,0,1,0.4578,1.1355,0.8196
rmvpe_raw,3657,1252,StarWars,151,0,1,0.3978,1.2492,0.8037
rmvpe_raw,3657,3523,Hakuna,151,1,1,0.1756,1.4962,0.3623
rmvpe_raw,3657,3573,Hakuna,151,1,1,0.3289,1.5172,0.5231
rmvpe_raw,3658,0254,Potter,129,0,1,0.3800,2.4686,0.2154
rmvpe_raw,3658,0554,Potter,129,0,1,0.4416,2.3552,0.3516
rmvpe_raw,3658,3576,Hakuna,129,1,1,0.1465,2.0563,0.1209
rmvpe_raw,3658,3651,Hakuna,129,1,1,0.1444,2.0528,0.0605
rmvpe_raw,3659,0181,Potter,13,0,1,0.5598,2.4009,0.3364
rmvpe_raw,3659,0299,Potter,13,0,1,0.4153,1.9326,0.4613
rmvpe_raw,3659,1619,StarWars,13,0,1,0.3973,1.4384,0.4480
rmvpe_raw,3659,3353,Hakuna,13,1,1,0.4176,2.8383,0.0201
rmvpe_raw,3659,4020,Hakuna,13,1,1,0.2348,3.2568,0.1485
rmvpe_raw,3663,0125,Potter,205,0,1,0.4109,1.8931,0.5928
rmvpe_raw,3663,0359,Potter,205,0,1,0.3899,2.7418,0.5478
rmvpe_raw,3663,0966,StarWars,205,0,1,0.4403,3.2125,0.0638
rmvpe_raw,3663,1480,StarWars,205,0,1,0.3480,2.0434,0.4152
rmvpe_raw,3663,3581,Hakuna,205,1,1,0.1761,5.4517,0.2612
rmvpe_raw,3669,0361,Potter,46,0,1,0.2734,2.1489,0.4691
rmvpe_raw,3669,0632,Potter,46,0,1,0.1678,1.1041,0.8915
rmvpe_raw,3669,0841,StarWars,46,0,1,0.3460,2.0707,0.6241
rmvpe_raw,3669,1237,StarWars,46,0,1,0.1782,2.8293,-0.0391
rmvpe_raw,3669,3661,Hakuna,46,1,1,0.2768,1.2149,0.8692
rmvpe_raw,3669,4156,Hakuna,46,1,1,0.3235,1.3912,0.7504
rmvpe_raw,3674,0181,Potter,13,0,1,0.5463,2.2049,0.3958
rmvpe_raw,3674,0299,Potter,13,0,1,0.4053,2.0497,0.3067
rmvpe_raw,3674,1619,StarWars,13,0,1,0.3877,1.3061,0.4717
rmvpe_raw,3674,3353,Hakuna,13,1,1,0.4075,3.0663,0.0663
rmvpe_raw,3674,4020,Hakuna,13,1,1,0.2291,3.1836,0.0127
rmvpe_raw,3677,0311,Potter,218,0,1,0.3903,2.3056,0.4983
rmvpe_raw,3677,0518,Potter,218,0,1,0.3015,3.4175,0.2922
rmvpe_raw,3677,0994,StarWars,218,0,1,0.2982,1.8632,0.7820
rmvpe_raw,3677,1220,StarWars,218,0,1,0.2781,1.5848,0.7906
rmvpe_raw,3677,3475,Hakuna,218,1,1,0.2931,5.3751,-0.0456
rmvpe_raw,3677,3521,Hakuna,218,1,1,0.4389,2.1499,0.4449
rmvpe_raw,3681,0397,Potter,20,0,1,0.6661,1.6993,0.6590
rmvpe_raw,3681,0513,Potter,20,0,1,0.5469,1.7808,0.5757
rmvpe_raw,3681,1297,StarWars,20,0,1,0.6516,2.0926,0.6093
rmvpe_raw,3681,1582,StarWars,20,0,1,0.4819,2.0313,0.5318
rmvpe_raw,3681,3642,Hakuna,20,1,1,0.5542,3.3519,0.2962
rmvpe_raw,3681,3992,Hakuna,20,1,1,0.5108,3.7222,0.2142
rmvpe_raw,3684,0073,Potter,189,0,1,0.2074,2.7857,0.5274
rmvpe_raw,3684,0298,Potter,189,0,1,0.3227,1.4110,0.7854
rmvpe_raw,3684,1251,StarWars,189,0,1,0.3706,1.6471,0.2627
rmvpe_raw,3684,1497,StarWars,189,0,1,0.3901,1.9236,0.2981
rmvpe_raw,3684,3342,Hakuna,189,1,1,0.2376,1.2515,0.6573
rmvpe_raw,3685,0055,Potter,200,0,1,0.4263,2.1670,0.5050
rmvpe_raw,3685,0417,Potter,200,0,1,0.3798,2.4336,0.3622
rmvpe_raw,3685,1015,StarWars,200,0,1,0.4404,3.2915,0.1653
rmvpe_raw,3685,1626,StarWars,200,0,1,0.3737,2.9530,0.2420
rmvpe_raw,3685,3586,Hakuna,200,1,1,0.4687,1.5729,0.3950
rmvpe_raw,3685,3862,Hakuna,200,1,1,0.5111,1.5344,0.4742
rmvpe_raw,3698,0140,Potter,175,0,1,0.1836,3.2116,0.3238
rmvpe_raw,3698,1428,StarWars,175,0,1,0.0927,7.7493,0.1643
rmvpe_raw,3698,1599,StarWars,175,0,1,0.1364,3.6361,-0.0758
rmvpe_raw,3698,3425,Hakuna,175,1,1,0.8077,2.0036,0.6698
rmvpe_raw,3698,3997,Hakuna,175,1,1,0.8636,1.8373,0.6414
rmvpe_raw,3703,0370,Potter,153,0,1,0.3357,3.0483,0.4986
rmvpe_raw,3703,0710,Potter,153,0,1,0.4466,2.0879,0.4323
rmvpe_raw,3703,0882,StarWars,153,0,1,0.3694,2.0875,0.3993
rmvpe_raw,3703,1138,StarWars,153,0,1,0.3399,1.6780,0.5980
rmvpe_raw,3703,3534,Hakuna,153,1,1,0.5407,1.6300,0.4477
rmvpe_raw,3703,3689,Hakuna,153,1,1,0.4874,1.5040,0.5604
rmvpe_raw,3713,0435,Potter,185,0,1,0.1082,3.6227,0.5248
rmvpe_raw,3713,0666,Potter,185,0,1,0.1344,1.6736,0.5745
rmvpe_raw,3713,3613,Hakuna,185,1,1,0.1553,3.5421,0.5076
rmvpe_raw,3714,1461,StarWars,134,0,1,0.0850,1.9689,0.0056
rmvpe_raw,3714,1589,StarWars,134,0,1,0.0901,2.1298,0.1218
rmvpe_raw,3721,0361,Potter,46,0,1,0.2738,2.2629,0.4262
rmvpe_raw,3721,0632,Potter,46,0,1,0.1681,0.9175,0.9271
rmvpe_raw,3721,0841,StarWars,46,0,1,0.3466,1.9803,0.6417
rmvpe_raw,3721,1237,StarWars,46,0,1,0.1785,2.7525,-0.0698
rmvpe_raw,3721,3661,Hakuna,46,1,1,0.2773,1.1909,0.8819
rmvpe_raw,3721,4156,Hakuna,46,1,1,0.3241,1.3981,0.7276
rmvpe_raw,3726,0243,Potter,139,0,1,0.2708,2.2280,0.2404
rmvpe_raw,3726,0824,Potter,139,0,1,0.2765,2.0081,0.6388
rmvpe_raw,3726,0999,StarWars,139,0,1,0.2330,2.8073,0.3399
rmvpe_raw,3726,1240,StarWars,139,0,1,0.2614,1.8455,0.2454
rmvpe_raw,3726,3969,Hakuna,139,1,1,0.2462,1.7826,0.4245
rmvpe_raw,3726,4035,Hakuna,139,1,1,0.3333,2.1109,0.6331
rmvpe_raw,3727,0102,Potter,191,0,1,0.2045,3.1079,0.2700
rmvpe_raw,3727,0426,Potter,191,0,1,0.1227,2.0025,0.3290
rmvpe_raw,3727,0993,StarWars,191,0,1,0.1247,1.1843,0.5493
rmvpe_raw,3727,1506,StarWars,191,0,1,0.1166,1.7838,0.4603
rmvpe_raw,3727,3928,Hakuna,191,1,1,0.2372,1.4588,0.5142
rmvpe_raw,3727,3984,Hakuna,191,1,1,0.1616,1.3940,0.4509
rmvpe_raw,3730,0328,Potter,106,0,1,0.1977,2.2177,0.1711
rmvpe_raw,3730,0777,Potter,106,0,1,0.0915,2.7637,0.4739
rmvpe_raw,3735,0504,Potter,90,0,1,0.0949,1.3221,0.7236
rmvpe_raw,3735,0597,Potter,90,0,1,0.1514,1.4340,0.5070
rmvpe_raw,3735,0886,StarWars,90,0,1,0.0949,1.7514,0.4030
rmvpe_raw,3735,1075,StarWars,90,0,1,0.0928,1.5423,0.4681
rmvpe_raw,3735,3378,Hakuna,90,1,1,0.1834,1.6321,0.3420
rmvpe_raw,3735,3455,Hakuna,90,1,1,0.2047,1.8286,0.2235
rmvpe_raw,3739,0019,Potter,73,0,1,0.3435,2.1766,0.5433
rmvpe_raw,3739,0078,Potter,73,0,1,0.4794,2.7624,0.3129
rmvpe_raw,3739,1154,StarWars,73,0,1,0.2773,3.9983,0.4372
rmvpe_raw,3739,1359,StarWars,73,0,1,0.3113,2.7681,0.4236
rmvpe_raw,3739,3857,Hakuna,73,1,1,0.2433,3.1041,0.2979
rmvpe_raw,3740,0477,Potter,17,0,1,0.5693,3.9212,0.5458
rmvpe_raw,3740,0558,Potter,17,0,1,0.4870,1.3428,0.5483
rmvpe_raw,3740,1609,StarWars,17,0,1,0.5087,1.8213,0.4480
rmvpe_raw,3740,1620,StarWars,17,0,1,0.3615,1.7639,0.5217
rmvpe_raw,3740,3878,Hakuna,17,1,1,0.4957,1.8883,0.1599
rmvpe_raw,3740,4105,Hakuna,17,1,1,0.3658,1.3034,0.6208
rmvpe_raw,3742,0072,Potter,15,0,1,0.5243,1.8866,0.5927
rmvpe_raw,3742,0465,Potter,15,0,1,0.4089,1.8234,0.5618
rmvpe_raw,3742,0877,StarWars,15,0,1,0.2004,2.3300,0.6138
rmvpe_raw,3742,1633,StarWars,15,0,1,0.4818,1.6316,0.7143
rmvpe_raw,3742,3996,Hakuna,15,1,1,0.2449,1.5538,0.6836
rmvpe_raw,3742,4096,Hakuna,15,1,1,0.4251,2.5354,0.4996
rmvpe_raw,3743,0186,Potter,22,0,1,0.1816,1.7202,0.3240
rmvpe_raw,3743,3791,Hakuna,22,1,1,0.1449,2.1804,0.1913
rmvpe_raw,3743,3834,Hakuna,22,1,1,0.2776,2.0015,0.2704
rmvpe_raw,3751,0187,Potter,214,0,1,0.1007,2.7500,0.4808
rmvpe_raw,3756,0425,Potter,5,0,1,0.1023,2.6962,0.3473
rmvpe_raw,3756,0528,Potter,5,0,1,0.2078,2.2243,0.4415
rmvpe_raw,3756,0854,StarWars,5,0,1,0.1558,2.1707,0.4664
rmvpe_raw,3756,1444,StarWars,5,0,1,0.2873,1.9158,0.7143
rmvpe_raw,3756,3606,Hakuna,5,1,1,0.2321,2.1262,0.4009
rmvpe_raw,3756,3860,Hakuna,5,1,1,0.1429,2.2734,0.3040
rmvpe_raw,3757,0680,Potter,123,0,1,0.2203,4.4441,0.0266
rmvpe_raw,3757,0835,Potter,123,0,1,0.4598,1.9792,0.1848
rmvpe_raw,3757,1196,StarWars,123,0,1,0.5874,4.7922,-0.2449
rmvpe_raw,3757,1378,StarWars,123,0,1,0.6556,3.2283,-0.3283
rmvpe_raw,3757,3567,Hakuna,123,1,1,0.1853,6.9843,0.2734
rmvpe_raw,3757,3787,Hakuna,123,1,1,0.3024,7.0716,-0.0963
rmvpe_raw,3758,0198,Potter,67,0,1,0.1981,2.3932,0.5154
rmvpe_raw,3758,0369,Potter,67,0,1,0.2530,2.6199,0.3623
rmvpe_raw,3758,1298,StarWars,67,0,1,0.2936,2.7611,0.2223
rmvpe_raw,3758,1326,StarWars,67,0,1,0.1527,2.2006,0.4910
rmvpe_raw,3758,3412,Hakuna,67,1,1,0.1432,1.9918,0.6097
rmvpe_raw,3771,0087,Potter,43,0,1,0.4902,2.6176,0.4904
rmvpe_raw,3771,0212,Potter,43,0,1,0.7126,1.9908,0.5466
rmvpe_raw,3771,1314,StarWars,43,0,1,0.5827,1.9640,0.4316
rmvpe_raw,3771,1490,StarWars,43,0,1,0.5138,2.6146,0.4494
rmvpe_raw,3771,3478,Hakuna,43,1,1,0.5295,1.9255,0.1409
rmvpe_raw,3771,3825,Hakuna,43,1,1,0.4547,1.6392,0.3828
rmvpe_raw,3775,0377,Potter,234,0,1,0.2898,2.6067,0.4347
rmvpe_raw,3775,0406,Potter,234,0,1,0.4205,2.4199,0.5627
rmvpe_raw,3775,0906,StarWars,234,0,1,0.5814,2.7285,0.5602
rmvpe_raw,3775,3484,Hakuna,234,1,1,0.2462,1.9051,0.7873
rmvpe_raw,3775,3975,Hakuna,234,1,1,0.2633,2.2533,0.4569
rmvpe_raw,3777,3474,Hakuna,82,1,1,0.1966,1.9441,0.2063
rmvpe_raw,3777,3654,Hakuna,82,1,1,0.2124,1.8058,0.2736
rmvpe_raw,3779,0243,Potter,139,0,1,0.3178,1.9936,0.2335
rmvpe_raw,3779,0824,Potter,139,0,1,0.3244,2.6955,0.2057
rmvpe_raw,3779,0999,StarWars,139,0,1,0.2733,3.1312,0.1452
rmvpe_raw,3779,1240,StarWars,139,0,1,0.3067,1.6935,0.3058
rmvpe_raw,3779,3969,Hakuna,139,1,1,0.2889,1.4383,0.6267
rmvpe_raw,3779,4035,Hakuna,139,1,1,0.3911,2.1726,0.4411
rmvpe_raw,3788,0136,Potter,144,0,1,0.1158,2.0204,0.5575
rmvpe_raw,3788,0330,Potter,144,0,1,0.4413,3.2003,0.3752
rmvpe_raw,3788,1216,StarWars,144,0,1,0.1544,3.4153,0.2787
rmvpe_raw,3788,3420,Hakuna,144,1,1,0.3926,1.1769,0.4696
rmvpe_raw,3792,0408,Potter,145,0,1,0.2688,2.7857,0.3502
rmvpe_raw,3792,0619,Potter,145,0,1,0.2979,1.8703,0.7411
rmvpe_raw,3792,0956,StarWars,145,0,1,0.4829,2.5369,0.4208
rmvpe_raw,3792,1199,StarWars,145,0,1,0.4623,2.3617,0.5011
rmvpe_raw,3792,3712,Hakuna,145,1,1,0.2466,2.5660,0.6723
rmvpe_raw,3792,3793,Hakuna,145,1,1,0.2363,1.9773,0.7099
rmvpe_raw,3797,0288,Potter,208,0,1,0.6515,0.7681,0.5987
rmvpe_raw,3797,0482,Potter,208,0,1,0.7247,0.8567,0.4735
rmvpe_raw,3797,1399,StarWars,208,0,1,0.2753,0.7407,0.4476
rmvpe_raw,3797,1436,StarWars,208,0,1,0.1894,0.8395,0.5509
rmvpe_raw,3797,3519,Hakuna,208,1,1,0.1490,1.0512,0.1262
rmvpe_raw,3798,0019,Potter,73,0,1,0.3787,2.2360,0.2848
rmvpe_raw,3798,0078,Potter,73,0,1,0.5286,2.5385,0.0433
rmvpe_raw,3798,1154,StarWars,73,0,1,0.3057,3.4021,0.2958
rmvpe_raw,3798,1359,StarWars,73,0,1,0.3432,2.3432,0.2608
rmvpe_raw,3798,3857,Hakuna,73,1,1,0.2682,2.1555,0.3269
rmvpe_raw,3800,0081,Potter,49,0,1,0.3157,2.6896,0.5898
rmvpe_raw,3800,0423,Potter,49,0,1,0.2667,2.7051,0.2319
rmvpe_raw,3800,1420,StarWars,49,0,1,0.5157,2.1254,0.5629
rmvpe_raw,3800,3920,Hakuna,49,1,1,0.4039,3.5613,0.2195
rmvpe_raw,3800,4138,Hakuna,49,1,1,0.3824,3.0694,0.6378
rmvpe_raw,3801,0616,Potter,71,0,1,0.0976,1.7604,0.6186
rmvpe_raw,3801,0753,Potter,71,0,1,0.1538,2.2933,0.3652
rmvpe_raw,3809,0010,Potter,92,0,1,0.2780,2.3490,0.4232
rmvpe_raw,3809,0232,Potter,92,0,1,0.1626,1.7470,0.8662
rmvpe_raw,3809,0922,StarWars,92,0,1,0.1480,2.1892,0.4474
rmvpe_raw,3809,4028,Hakuna,92,1,1,0.4098,1.7930,0.6124
rmvpe_raw,3811,0504,Potter,90,0,1,0.1433,1.7914,0.5560
rmvpe_raw,3811,0597,Potter,90,0,1,0.2287,1.7774,0.5106
rmvpe_raw,3811,0886,StarWars,90,0,1,0.1433,2.0523,0.2487
rmvpe_raw,3811,1075,StarWars,90,0,1,0.1401,1.9886,0.3452
rmvpe_raw,3811,3378,Hakuna,90,1,1,0.2770,1.5456,0.6529
rmvpe_raw,3811,3455,Hakuna,90,1,1,0.3092,1.9977,0.2749
rmvpe_raw,3815,0111,Potter,100,0,1,0.3574,0.8480,0.5407
rmvpe_raw,3815,0407,Potter,100,0,1,0.3883,0.9873,0.3661
rmvpe_raw,3815,1040,StarWars,100,0,1,0.6375,0.7481,0.3809
rmvpe_raw,3815,1344,StarWars,100,0,1,0.1323,0.9455,0.1366
rmvpe_raw,3815,3448,Hakuna,100,1,1,0.2062,0.8207,0.2792
rmvpe_raw,3815,4068,Hakuna,100,1,1,0.3797,0.8425,0.3372
rmvpe_raw,3816,0087,Potter,43,0,1,0.5061,2.6124,0.4382
rmvpe_raw,3816,0212,Potter,43,0,1,0.7358,1.9966,0.4043
rmvpe_raw,3816,1314,StarWars,43,0,1,0.6016,1.9077,0.4728
rmvpe_raw,3816,1490,StarWars,43,0,1,0.5305,2.2524,0.4082
rmvpe_raw,3816,3478,Hakuna,43,1,1,0.5467,1.3933,0.1735
rmvpe_raw,3816,3825,Hakuna,43,1,1,0.4695,1.1509,0.3928
rmvpe_raw,3818,0194,Potter,169,0,1,0.2518,2.3665,0.4281
rmvpe_raw,3818,0728,Potter,169,0,1,0.2359,2.3054,0.5357
rmvpe_raw,3818,0848,StarWars,169,0,1,0.4014,2.4092,0.3590
rmvpe_raw,3818,1533,StarWars,169,0,1,0.2236,2.2763,0.5008
rmvpe_raw,3818,3399,Hakuna,169,1,1,0.2958,2.7971,0.2308
rmvpe_raw,3819,0140,Potter,175,0,1,0.2063,2.9127,0.5826
rmvpe_raw,3819,1428,StarWars,175,0,1,0.1041,6.4137,0.6405
rmvpe_raw,3819,1599,StarWars,175,0,1,0.1532,4.0920,-0.0476
rmvpe_raw,3819,3425,Hakuna,175,1,1,0.9077,3.0050,0.3069
rmvpe_raw,3819,3997,Hakuna,175,1,1,0.9705,2.9658,0.1362
rmvpe_raw,3821,0756,Potter,219,0,1,0.1453,1.6109,0.3252
rmvpe_raw,3821,0805,Potter,219,0,1,0.2963,1.5974,0.2987
rmvpe_raw,3821,1255,StarWars,219,0,1,0.2479,3.6575,-0.3370
rmvpe_raw,3821,3635,Hakuna,219,1,1,0.1481,1.6180,0.2697
rmvpe_raw,3826,3782,Hakuna,69,1,1,0.2148,3.1870,-0.0237
rmvpe_raw,3831,0286,Potter,47,0,1,0.4492,2.5303,0.3789
rmvpe_raw,3831,0443,Potter,47,0,1,0.4301,1.7208,0.5727
rmvpe_raw,3831,1258,StarWars,47,0,1,0.4703,1.8182,0.6188
rmvpe_raw,3831,1300,StarWars,47,0,1,0.2542,1.5818,0.6546
rmvpe_raw,3831,4019,Hakuna,47,1,1,0.3919,1.3941,0.6118
rmvpe_raw,3831,4044,Hakuna,47,1,1,0.5614,1.5400,0.5180
rmvpe_raw,3832,0427,Potter,174,0,1,0.2250,2.5627,0.6558
rmvpe_raw,3832,0577,Potter,174,0,1,0.1531,2.1799,0.4493
rmvpe_raw,3832,1403,StarWars,174,0,1,0.1562,2.1441,0.5016
rmvpe_raw,3832,1502,StarWars,174,0,1,0.1891,2.6336,0.3124
rmvpe_raw,3832,3424,Hakuna,174,1,1,0.2234,2.2787,0.4324
rmvpe_raw,3833,0044,Potter,217,0,1,0.2060,1.3928,0.7709
rmvpe_raw,3833,0101,Potter,217,0,1,0.3769,1.9349,0.6406
rmvpe_raw,3833,1131,StarWars,217,0,1,0.1122,1.9290,0.5831
rmvpe_raw,3833,3701,Hakuna,217,1,1,0.2496,1.4293,0.6926
rmvpe_raw,3833,4103,Hakuna,217,1,1,0.2395,1.7111,0.5547
rmvpe_raw,3850,0649,Potter,197,0,1,0.3006,2.6667,0.2490
rmvpe_raw,3850,0688,Potter,197,0,1,0.4735,1.7082,0.6586
rmvpe_raw,3850,0921,StarWars,197,0,1,0.4420,2.0186,0.4860
rmvpe_raw,3850,1322,StarWars,197,0,1,0.2770,2.0155,0.3518
rmvpe_raw,3850,3512,Hakuna,197,1,1,0.1690,2.8466,0.4924
rmvpe_raw,3850,3851,Hakuna,197,1,1,0.2672,3.2224,0.4596
rmvpe_raw,3859,3474,Hakuna,82,1,1,0.1990,1.6857,0.2679
rmvpe_raw,3859,3654,Hakuna,82,1,1,0.2150,1.5890,0.2925
rmvpe_raw,3864,0553,Potter,0,0,1,0.2874,3.2154,0.5227
rmvpe_raw,3864,0590,Potter,0,0,1,0.2642,2.4379,0.5626
rmvpe_raw,3864,1140,StarWars,0,0,1,0.0784,3.2593,-0.1146
rmvpe_raw,3871,0186,Potter,22,0,1,0.1521,1.7879,0.3587
rmvpe_raw,3871,3791,Hakuna,22,1,1,0.1214,1.7263,0.6575
rmvpe_raw,3871,3834,Hakuna,22,1,1,0.2325,1.8745,0.3737
rmvpe_raw,3873,0229,Potter,230,0,1,0.1711,3.2076,0.2997
rmvpe_raw,3873,3670,Hakuna,230,1,1,0.1946,2.5960,0.4622
rmvpe_raw,3873,3702,Hakuna,230,1,1,0.1862,2.5958,0.6728
rmvpe_raw,3874,0081,Potter,49,0,1,0.2747,2.4963,0.4886
rmvpe_raw,3874,0423,Potter,49,0,1,0.2321,2.5142,0.0259
rmvpe_raw,3874,1420,StarWars,49,0,1,0.4488,1.6309,0.5836
rmvpe_raw,3874,3920,Hakuna,49,1,1,0.3515,3.7168,0.1258
rmvpe_raw,3874,4138,Hakuna,49,1,1,0.3328,3.6816,0.4676
rmvpe_raw,3875,0787,Potter,136,0,1,0.1615,1.8488,0.3392
rmvpe_raw,3875,0837,Potter,136,0,1,0.2182,2.4500,0.3653
rmvpe_raw,3875,1004,StarWars,136,0,1,0.3076,2.2128,0.2444
rmvpe_raw,3875,1042,StarWars,136,0,1,0.3866,1.8928,0.5335
rmvpe_raw,3875,3526,Hakuna,136,1,1,0.3832,2.0369,0.3770
rmvpe_raw,3875,3943,Hakuna,136,1,1,0.3935,2.0413,0.3513
rmvpe_raw,3888,0508,Potter,120,0,1,0.5227,2.4717,0.6393
rmvpe_raw,3888,0559,Potter,120,0,1,0.5545,1.7003,0.6997
rmvpe_raw,3888,0878,StarWars,120,0,1,0.3227,1.8546,0.7480
rmvpe_raw,3888,1449,StarWars,120,0,1,0.3705,1.7188,0.6806
rmvpe_raw,3888,3549,Hakuna,120,1,1,0.2045,4.0772,-0.0531
rmvpe_raw,3892,0008,Potter,213,0,1,0.8655,2.2577,0.4253
rmvpe_raw,3892,0681,Potter,213,0,1,0.7530,2.4070,0.3458
rmvpe_raw,3892,0860,StarWars,213,0,1,0.8012,1.3908,0.7260
rmvpe_raw,3892,1317,StarWars,213,0,1,0.7490,1.6395,0.5707
rmvpe_raw,3892,3548,Hakuna,213,1,1,0.1767,1.5739,0.5877
rmvpe_raw,3892,3720,Hakuna,213,1,1,0.2309,1.1884,0.7757
rmvpe_raw,3900,0787,Potter,136,0,1,0.1615,1.8482,0.3394
rmvpe_raw,3900,0837,Potter,136,0,1,0.2182,2.4498,0.3654
rmvpe_raw,3900,1004,StarWars,136,0,1,0.3076,2.2126,0.2443
rmvpe_raw,3900,1042,StarWars,136,0,1,0.3866,1.8927,0.5334
rmvpe_raw,3900,3526,Hakuna,136,1,1,0.3832,2.0367,0.3771
rmvpe_raw,3900,3943,Hakuna,136,1,1,0.3935,2.0412,0.3513
rmvpe_raw,3902,0797,Potter,16,0,1,0.1147,1.4228,0.2470
rmvpe_raw,3902,3846,Hakuna,16,1,1,0.6835,1.1117,0.2489
rmvpe_raw,3902,4150,Hakuna,16,1,1,0.6766,0.7102,0.7873
rmvpe_raw,3911,0038,Potter,207,0,1,0.2019,2.4511,0.5026
rmvpe_raw,3911,0672,Potter,207,0,1,0.2131,1.4925,0.7808
rmvpe_raw,3911,3446,Hakuna,207,1,1,0.1888,1.4811,0.7721
rmvpe_raw,3911,3565,Hakuna,207,1,1,0.2112,1.6618,0.6590
rmvpe_raw,3922,0997,StarWars,135,0,1,0.0919,2.5699,0.1421
rmvpe_raw,3922,1195,StarWars,135,0,1,0.1085,1.8731,0.2844
rmvpe_raw,3922,3501,Hakuna,135,1,1,0.0974,1.4996,0.2669
rmvpe_raw,3925,0004,Potter,160,0,1,0.2261,2.5221,0.4810
rmvpe_raw,3925,0517,Potter,160,0,1,0.1618,2.6200,0.3798
rmvpe_raw,3925,1390,StarWars,160,0,1,0.3626,2.4083,0.5963
rmvpe_raw,3925,1641,StarWars,160,0,1,0.3197,2.9376,0.4584
rmvpe_raw,3925,3786,Hakuna,160,1,1,0.2924,2.5718,0.5169
rmvpe_raw,3925,3994,Hakuna,160,1,1,0.2495,1.7687,0.7365
rmvpe_raw,3927,0371,Potter,52,0,1,0.1327,2.9738,0.3590
rmvpe_raw,3927,1331,StarWars,52,0,1,0.1825,1.8503,0.1751
rmvpe_raw,3927,3349,Hakuna,52,1,1,0.3270,3.9820,0.0240
rmvpe_raw,3927,3915,Hakuna,52,1,1,0.3009,2.6735,0.2395
rmvpe_raw,3932,0356,Potter,196,0,1,0.2915,1.9590,0.4488
rmvpe_raw,3932,0686,Potter,196,0,1,0.2319,1.4438,0.7793
rmvpe_raw,3932,0907,StarWars,196,0,1,0.1149,2.3886,0.4578
rmvpe_raw,3932,1611,StarWars,196,0,1,0.1596,2.2153,0.4748
rmvpe_raw,3932,4056,Hakuna,196,1,1,0.2851,3.0485,-0.2232
rmvpe_raw,3932,4082,Hakuna,196,1,1,0.2383,3.6743,-0.4111
rmvpe_raw,3933,1163,StarWars,137,0,1,0.0996,2.2485,0.5631
rmvpe_raw,3933,3594,Hakuna,137,1,1,0.1845,2.1273,0.6237
rmvpe_raw,3933,3944,Hakuna,137,1,1,0.2269,2.0863,0.4616
rmvpe_raw,3937,0437,Potter,40,0,1,0.2023,2.7195,0.4518
rmvpe_raw,3937,0892,StarWars,40,0,1,0.2060,2.4699,0.4203
rmvpe_raw,3937,1600,StarWars,40,0,1,0.1512,2.7863,0.1947
rmvpe_raw,3937,3966,Hakuna,40,1,1,0.1796,3.0712,0.2983
rmvpe_raw,3937,4094,Hakuna,40,1,1,0.1796,2.4958,0.4994
rmvpe_raw,3939,0279,Potter,223,0,1,0.1803,3.1451,0.0931
rmvpe_raw,3939,0609,Potter,223,0,1,0.1119,1.8591,0.4744
rmvpe_raw,3939,3343,Hakuna,223,1,1,0.1336,2.5177,0.1790
rmvpe_raw,3939,4153,Hakuna,223,1,1,0.1486,2.0120,0.5573
rmvpe_raw,3948,0072,Potter,15,0,1,0.5522,1.9153,0.6038
rmvpe_raw,3948,0465,Potter,15,0,1,0.4307,1.8089,0.5779
rmvpe_raw,3948,0877,StarWars,15,0,1,0.2111,2.1356,0.6708
rmvpe_raw,3948,1633,StarWars,15,0,1,0.5075,1.7858,0.6656
rmvpe_raw,3948,3996,Hakuna,15,1,1,0.2580,1.7709,0.5640
rmvpe_raw,3948,4096,Hakuna,15,1,1,0.4478,2.6383,0.4436
rmvpe_raw,3951,0076,Potter,30,0,1,0.1632,2.3739,0.1064
rmvpe_raw,3951,0151,Potter,30,0,1,0.1892,3.0412,-0.1020
rmvpe_raw,3951,1101,StarWars,30,0,1,0.3229,2.1299,0.5491
rmvpe_raw,3951,1369,StarWars,30,0,1,0.3316,1.6735,0.6432
rmvpe_raw,3951,3443,Hakuna,30,1,1,0.1562,3.0193,0.1830
rmvpe_raw,3951,3694,Hakuna,30,1,1,0.1892,3.5147,-0.0342
rmvpe_raw,3955,3332,Hakuna,6,1,1,0.5008,2.5645,0.3865
rmvpe_raw,3957,3762,Hakuna,154,1,1,0.1419,1.3788,0.6960
rmvpe_raw,3963,0633,Potter,231,0,1,0.1451,1.8482,0.6541
rmvpe_raw,3963,0803,Potter,231,0,1,0.1825,1.3683,0.7184
rmvpe_raw,3963,1150,StarWars,231,0,1,0.0858,1.9408,0.5442
rmvpe_raw,3963,1605,StarWars,231,0,1,0.0983,4.3779,0.2094
rmvpe_raw,3963,4049,Hakuna,231,1,1,0.2746,1.7550,0.7134
rmvpe_raw,3963,4112,Hakuna,231,1,1,0.2964,3.4314,-0.0054
rmvpe_raw,3964,0623,Potter,10,0,1,0.8040,1.5610,0.4570
rmvpe_raw,3964,0830,Potter,10,0,1,0.5590,2.5392,-0.0076
rmvpe_raw,3964,1176,StarWars,10,0,1,0.5212,3.9386,0.1504
rmvpe_raw,3964,1321,StarWars,10,0,1,0.4989,3.5101,-0.1097
rmvpe_raw,3964,3717,Hakuna,10,1,1,0.1604,1.2981,0.8430
rmvpe_raw,3964,3891,Hakuna,10,1,1,0.4610,1.5174,0.5037
rmvpe_raw,3970,0075,Potter,55,0,1,0.3034,1.8285,0.3107
rmvpe_raw,3970,0785,Potter,55,0,1,0.2222,1.7548,0.5365
rmvpe_raw,3970,1160,StarWars,55,0,1,0.1270,2.0170,0.4026
rmvpe_raw,3970,1648,StarWars,55,0,1,0.2945,2.1356,0.6475
rmvpe_raw,3970,3887,Hakuna,55,1,1,0.4797,1.8778,0.5317
rmvpe_raw,3970,4060,Hakuna,55,1,1,0.3175,1.5518,0.6410
rmvpe_raw,3979,0155,Potter,76,0,1,0.4288,3.0849,0.5139
rmvpe_raw,3979,0584,Potter,76,0,1,0.4710,2.1774,0.5764
rmvpe_raw,3979,1381,StarWars,76,0,1,0.5180,2.8857,0.5510
rmvpe_raw,3979,1445,StarWars,76,0,1,0.4351,2.8713,0.4478
rmvpe_raw,3979,3706,Hakuna,76,1,1,0.3615,2.5718,0.4596
rmvpe_raw,3979,4048,Hakuna,76,1,1,0.3631,3.0882,0.4632
rmvpe_raw,3981,0394,Potter,215,0,1,0.6530,1.7489,0.6706
rmvpe_raw,3981,0975,StarWars,215,0,1,0.6102,1.5191,0.7199
rmvpe_raw,3981,1423,StarWars,215,0,1,0.7615,1.4538,0.7529
rmvpe_raw,3981,3480,Hakuna,215,1,1,0.2961,1.8390,0.4794
rmvpe_raw,3981,3858,Hakuna,215,1,1,0.3405,1.6574,0.5953
rmvpe_raw,3982,0124,Potter,58,0,1,0.2456,2.1847,0.4343
rmvpe_raw,3982,0467,Potter,58,0,1,0.1818,1.4254,0.4853
rmvpe_raw,3982,1178,StarWars,58,0,1,0.1547,2.0948,0.1671
rmvpe_raw,3982,1262,StarWars,58,0,1,0.1625,1.6100,0.3754
rmvpe_raw,3982,3556,Hakuna,58,1,1,0.2186,1.6713,0.2296
rmvpe_raw,3982,3668,Hakuna,58,1,1,0.2050,3.1352,0.2903
rmvpe_raw,3999,0055,Potter,200,0,1,0.4423,1.8185,0.6020
rmvpe_raw,3999,0417,Potter,200,0,1,0.3941,2.0714,0.4810
rmvpe_raw,3999,1015,StarWars,200,0,1,0.4570,2.5640,0.5240
rmvpe_raw,3999,1626,StarWars,200,0,1,0.3878,2.4876,0.3710
rmvpe_raw,3999,3586,Hakuna,200,1,1,0.4864,1.3024,0.5527
rmvpe_raw,3999,3862,Hakuna,200,1,1,0.5304,1.2859,0.6001
rmvpe_raw,4006,0004,Potter,160,0,1,0.1963,2.1490,0.3311
rmvpe_raw,4006,0517,Potter,160,0,1,0.1404,2.2524,0.0394
rmvpe_raw,4006,1390,StarWars,160,0,1,0.3147,1.7533,0.6920
rmvpe_raw,4006,1641,StarWars,160,0,1,0.2775,2.3424,0.5056
rmvpe_raw,4006,3786,Hakuna,160,1,1,0.2538,2.0310,0.4569
rmvpe_raw,4006,3994,Hakuna,160,1,1,0.2166,1.6638,0.6990
rmvpe_raw,4009,0542,Potter,44,0,1,0.2718,1.6404,0.7794
rmvpe_raw,4009,0739,Potter,44,0,1,0.3123,1.8362,0.7037
rmvpe_raw,4009,0964,StarWars,44,0,1,0.7913,1.3106,0.8143
rmvpe_raw,4009,1026,StarWars,44,0,1,0.7104,1.4786,0.7617
rmvpe_raw,4009,3485,Hakuna,44,1,1,0.2492,3.6337,0.3426
rmvpe_raw,4009,3781,Hakuna,44,1,1,0.1764,2.6526,0.3587
rmvpe_raw,4017,0057,Potter,60,0,1,0.8189,1.5048,0.6041
rmvpe_raw,4017,0348,Potter,60,0,1,0.7795,1.3618,0.7313
rmvpe_raw,4018,0427,Potter,174,0,1,0.1912,3.1897,0.2134
rmvpe_raw,4018,0577,Potter,174,0,1,0.1301,1.9935,0.5601
rmvpe_raw,4018,1403,StarWars,174,0,1,0.1328,1.5216,0.7756
rmvpe_raw,4018,1502,StarWars,174,0,1,0.1607,2.4175,0.4775
rmvpe_raw,4018,3424,Hakuna,174,1,1,0.1899,1.5824,0.6678
rmvpe_raw,4021,0229,Potter,230,0,1,0.1640,2.6794,0.4227
rmvpe_raw,4021,3670,Hakuna,230,1,1,0.1865,1.9881,0.6581
rmvpe_raw,4021,3702,Hakuna,230,1,1,0.1785,2.3089,0.6151
rmvpe_raw,4032,0060,Potter,222,0,1,0.8177,1.7991,0.7090
rmvpe_raw,4032,0107,Potter,222,0,1,0.7314,2.3461,0.5875
rmvpe_raw,4032,0959,StarWars,222,0,1,0.2518,2.6807,0.4839
rmvpe_raw,4032,1276,StarWars,222,0,1,0.2518,3.3788,0.3538
rmvpe_raw,4032,4064,Hakuna,222,1,1,0.5204,2.6852,0.1473
rmvpe_raw,4032,4085,Hakuna,222,1,1,0.6811,2.5316,0.3255
rmvpe_raw,4033,0202,Potter,164,0,1,0.1214,2.4037,0.6068
rmvpe_raw,4033,0293,Potter,164,0,1,0.2156,2.3366,0.6049
rmvpe_raw,4033,1315,StarWars,164,0,1,0.1196,3.4494,0.1220
rmvpe_raw,4033,1482,StarWars,164,0,1,0.1250,1.7609,0.5313
rmvpe_raw,4033,3746,Hakuna,164,1,1,0.2101,1.8315,0.6666
rmvpe_raw,4033,3954,Hakuna,164,1,1,0.2083,2.9194,0.0117
rmvpe_raw,4034,0616,Potter,71,0,1,0.1003,1.8381,0.6408
rmvpe_raw,4034,0753,Potter,71,0,1,0.1581,2.5243,0.2573
rmvpe_raw,4040,0328,Potter,106,0,1,0.1980,2.2096,0.2765
rmvpe_raw,4040,0777,Potter,106,0,1,0.0917,2.7590,0.3702
rmvpe_raw,4043,0292,Potter,166,0,1,0.3353,2.9386,0.0417
rmvpe_raw,4043,0353,Potter,166,0,1,0.3653,2.7655,0.1472
rmvpe_raw,4043,1267,StarWars,166,0,1,0.1118,2.0306,0.3749
rmvpe_raw,4045,0377,Potter,234,0,1,0.2642,1.8947,0.7132
rmvpe_raw,4045,0406,Potter,234,0,1,0.3834,2.5303,0.5289
rmvpe_raw,4045,0906,StarWars,234,0,1,0.5302,2.8619,0.5909
rmvpe_raw,4045,3484,Hakuna,234,1,1,0.2245,1.8182,0.7606
rmvpe_raw,4045,3975,Hakuna,234,1,1,0.2401,1.9380,0.5048
rmvpe_raw,4057,0489,Potter,87,0,1,0.1277,1.4763,0.5739
rmvpe_raw,4057,0684,Potter,87,0,1,0.1424,1.3513,0.4606
rmvpe_raw,4057,1090,StarWars,87,0,1,0.1113,1.4778,0.4085
rmvpe_raw,4057,1460,StarWars,87,0,1,0.3699,1.3424,0.6062
rmvpe_raw,4057,3341,Hakuna,87,1,1,0.2111,1.3001,0.6032
rmvpe_raw,4059,0397,Potter,20,0,1,0.7336,1.5898,0.6563
rmvpe_raw,4059,0513,Potter,20,0,1,0.6024,1.7126,0.5910
rmvpe_raw,4059,1297,StarWars,20,0,1,0.7177,1.9811,0.6298
rmvpe_raw,4059,1582,StarWars,20,0,1,0.5308,1.8135,0.5655
rmvpe_raw,4059,3642,Hakuna,20,1,1,0.6103,3.1135,0.3504
rmvpe_raw,4059,3992,Hakuna,20,1,1,0.5626,3.3901,0.2491
rmvpe_raw,4062,0386,Potter,184,0,1,0.3082,2.0236,0.4949
rmvpe_raw,4062,0729,Potter,184,0,1,0.2077,1.6729,0.7078
rmvpe_raw,4062,0887,StarWars,184,0,1,0.1240,2.0095,0.6408
rmvpe_raw,4062,3612,Hakuna,184,1,1,0.2060,3.1706,0.3474
rmvpe_raw,4062,3844,Hakuna,184,1,1,0.1826,3.9016,0.2254
rmvpe_raw,4063,0631,Potter,29,0,1,0.2534,1.8893,0.6513
rmvpe_raw,4063,1142,StarWars,29,0,1,0.1176,2.3719,0.6099
rmvpe_raw,4063,1493,StarWars,29,0,1,0.1719,2.2287,0.4836
rmvpe_raw,4073,1461,StarWars,134,0,1,0.0832,1.9783,0.0893
rmvpe_raw,4073,1589,StarWars,134,0,1,0.0882,2.1439,0.0951
rmvpe_raw,4074,0295,Potter,83,0,1,0.1155,2.4863,0.4060
rmvpe_raw,4074,0648,Potter,83,0,1,0.5018,2.8917,0.3966
rmvpe_raw,4074,1165,StarWars,83,0,1,0.3700,2.4397,0.5684
rmvpe_raw,4074,1491,StarWars,83,0,1,0.4007,2.8566,0.3120
rmvpe_raw,4074,3452,Hakuna,83,1,1,0.4368,2.0250,0.7473
rmvpe_raw,4074,4101,Hakuna,83,1,1,0.2238,2.2266,0.5948
rmvpe_raw,4081,0041,Potter,151,0,1,0.2934,2.5267,0.1883
rmvpe_raw,4081,0778,Potter,151,0,1,0.2575,1.9382,0.5404
rmvpe_raw,4081,1060,StarWars,151,0,1,0.4112,1.1320,0.8252
rmvpe_raw,4081,1252,StarWars,151,0,1,0.3573,1.2522,0.8241
rmvpe_raw,4081,3523,Hakuna,151,1,1,0.1577,1.7557,0.2904
rmvpe_raw,4081,3573,Hakuna,151,1,1,0.2954,1.5577,0.5297
rmvpe_raw,4083,0410,Potter,190,0,1,0.2000,2.0449,0.3807
rmvpe_raw,4083,1077,StarWars,190,0,1,0.1711,1.3232,0.6145
rmvpe_raw,4083,1085,StarWars,190,0,1,0.1052,1.3412,0.6787
rmvpe_raw,4083,3625,Hakuna,190,1,1,0.1979,1.7498,0.2482
rmvpe_raw,4083,3898,Hakuna,190,1,1,0.2948,1.5182,0.4378
rmvpe_raw,4093,0582,Potter,57,0,1,0.2262,3.5134,0.3483
rmvpe_raw,4093,0801,Potter,57,0,1,0.2645,2.9629,0.1432
rmvpe_raw,4093,0985,StarWars,57,0,1,0.2633,5.2570,0.1125
rmvpe_raw,4093,1249,StarWars,57,0,1,0.2483,2.8353,0.5322
rmvpe_raw,4093,3745,Hakuna,57,1,1,0.5360,4.2389,0.2955
rmvpe_raw,4093,3802,Hakuna,57,1,1,0.5046,7.0036,0.3201
rmvpe_raw,4098,0631,Potter,29,0,1,0.2593,2.2641,0.5477
rmvpe_raw,4098,1142,StarWars,29,0,1,0.1204,2.5127,0.5868
rmvpe_raw,4098,1493,StarWars,29,0,1,0.1759,2.3482,0.4339
rmvpe_raw,4108,0279,Potter,223,0,1,0.1888,2.6441,0.4054
rmvpe_raw,4108,0609,Potter,223,0,1,0.1171,1.7228,0.4781
rmvpe_raw,4108,3343,Hakuna,223,1,1,0.1399,2.3284,0.2004
rmvpe_raw,4108,4153,Hakuna,223,1,1,0.1556,1.9655,0.5002
rmvpe_raw,4115,0239,Potter,59,0,1,0.1185,1.9484,0.5251
rmvpe_raw,4115,0798,Potter,59,0,1,0.0919,2.3387,0.0878
rmvpe_raw,4117,0071,Potter,109,0,1,0.3168,2.1084,0.5539
rmvpe_raw,4117,0388,Potter,109,0,1,0.4182,3.2116,0.2494
rmvpe_raw,4117,0986,StarWars,109,0,1,0.2899,2.5260,0.5112
rmvpe_raw,4117,1078,StarWars,109,0,1,0.2774,1.8678,0.7386
rmvpe_raw,4117,3457,Hakuna,109,1,1,0.2547,2.8690,0.5122
rmvpe_raw,4117,3837,Hakuna,109,1,1,0.2070,2.9161,0.3482
rmvpe_raw,4127,0435,Potter,185,0,1,0.1032,3.7499,0.5491
rmvpe_raw,4127,0666,Potter,185,0,1,0.1281,1.8488,0.5752
rmvpe_raw,4127,3613,Hakuna,185,1,1,0.1481,3.6342,0.5409
rmvpe_raw,4128,0319,Potter,54,0,1,0.5188,1.8685,0.6803
rmvpe_raw,4128,0573,Potter,54,0,1,0.4749,2.2542,0.6358
rmvpe_raw,4128,0885,StarWars,54,0,1,0.7806,2.3319,0.3938
rmvpe_raw,4128,1561,StarWars,54,0,1,0.7994,1.7333,0.7306
rmvpe_raw,4128,3395,Hakuna,54,1,1,0.3448,2.4223,0.5264
rmvpe_raw,4128,3880,Hakuna,54,1,1,0.3464,3.5511,0.2050
rmvpe_raw,4129,0424,Potter,38,0,1,0.8577,1.6766,0.4852
rmvpe_raw,4129,0829,Potter,38,0,1,0.5925,1.5139,0.6767
rmvpe_raw,4129,1149,StarWars,38,0,1,0.7135,1.6578,0.5672
rmvpe_raw,4129,1273,StarWars,38,0,1,0.5249,1.7211,0.4218
rmvpe_raw,4129,3506,Hakuna,38,1,1,0.5000,0.8771,0.7177
rmvpe_raw,4129,3732,Hakuna,38,1,1,0.6281,0.9462,0.5853
rmvpe_raw,4130,0198,Potter,67,0,1,0.2306,1.7754,0.5424
rmvpe_raw,4130,0369,Potter,67,0,1,0.2944,1.8387,0.4910
rmvpe_raw,4130,1298,StarWars,67,0,1,0.3417,1.6671,0.4693
rmvpe_raw,4130,1326,StarWars,67,0,1,0.1778,1.9726,0.4420
rmvpe_raw,4130,3412,Hakuna,67,1,1,0.1667,1.5930,0.4944
rmvpe_raw,4136,0194,Potter,169,0,1,0.2238,2.3807,0.4912
rmvpe_raw,4136,0728,Potter,169,0,1,0.2097,2.3244,0.5086
rmvpe_raw,4136,0848,StarWars,169,0,1,0.3568,2.5280,0.2904
rmvpe_raw,4136,1533,StarWars,169,0,1,0.1987,2.4081,0.4341
rmvpe_raw,4136,3399,Hakuna,169,1,1,0.2629,2.7982,0.1594
rmvpe_raw,4147,0371,Potter,52,0,1,0.1273,3.0955,0.4332
rmvpe_raw,4147,1331,StarWars,52,0,1,0.1750,1.9140,0.2673
rmvpe_raw,4147,3349,Hakuna,52,1,1,0.3136,3.7309,0.1381
rmvpe_raw,4147,3915,Hakuna,52,1,1,0.2886,2.7189,0.2200
rmvpe_raw,4152,0271,Potter,121,0,1,0.2302,3.3890,0.0480
rmvpe_raw,4152,0416,Potter,121,0,1,0.3317,1.2096,0.7727
rmvpe_raw,4152,0852,StarWars,121,0,1,0.3045,2.5795,0.3402
rmvpe_raw,4152,1525,StarWars,121,0,1,0.2153,2.4731,0.1997
rmvpe_raw,4152,3647,Hakuna,121,1,1,0.2104,2.6172,0.5466
rmvpe_raw,4152,4058,Hakuna,121,1,1,0.2847,2.7720,0.2095
rmvpe_raw,4158,0756,Potter,219,0,1,0.1164,1.7645,0.4343
rmvpe_raw,4158,0805,Potter,219,0,1,0.2374,1.7172,0.4231
rmvpe_raw,4158,1255,StarWars,219,0,1,0.1986,3.7722,-0.2801
rmvpe_raw,4158,3635,Hakuna,219,1,1,0.1187,1.7905,0.2002
peak_prom50,3337,0222,Potter,96,0,1,0.9892,1.6752,0.6562
peak_prom50,3337,0715,Potter,96,0,1,0.9914,1.7104,0.6541
peak_prom50,3337,1027,StarWars,96,0,1,1.0624,2.0123,0.4087
peak_prom50,3337,1402,StarWars,96,0,1,0.9312,2.1334,0.4082
peak_prom50,3337,3406,Hakuna,96,1,1,0.7978,1.5866,0.5838
peak_prom50,3337,3938,Hakuna,96,1,1,0.9161,1.7179,0.5249
peak_prom50,3339,0182,Potter,61,0,1,1.0168,4.1783,0.1285
peak_prom50,3339,0336,Potter,61,0,1,0.8798,2.7510,0.5625
peak_prom50,3339,1236,StarWars,61,0,1,0.8197,3.3281,0.0198
peak_prom50,3339,1318,StarWars,61,0,1,0.9615,3.7417,-0.1842
peak_prom50,3339,3492,Hakuna,61,1,1,0.8462,2.2790,0.6562
peak_prom50,3339,3524,Hakuna,61,1,1,0.6731,2.4126,0.2978
peak_prom50,3345,0271,Potter,121,0,1,1.1189,1.7734,0.4767
peak_prom50,3345,0416,Potter,121,0,1,0.8762,1.6686,0.5414
peak_prom50,3345,0852,StarWars,121,0,1,1.1383,1.5146,0.6001
peak_prom50,3345,1525,StarWars,121,0,1,1.0267,1.5696,0.5140
peak_prom50,3345,3647,Hakuna,121,1,1,0.9733,0.7739,0.9060
peak_prom50,3345,4058,Hakuna,121,1,1,1.0510,0.7992,0.9012
peak_prom50,3347,0408,Potter,145,0,1,0.9463,3.0226,0.4266
peak_prom50,3347,0619,Potter,145,0,1,0.9905,1.6483,0.8148
peak_prom50,3347,0956,StarWars,145,0,1,1.1327,2.3410,0.6738
peak_prom50,3347,1199,StarWars,145,0,1,1.0916,2.3753,0.6682
peak_prom50,3347,3712,Hakuna,145,1,1,1.0363,0.4262,0.9841
peak_prom50,3347,3793,Hakuna,145,1,1,1.0995,0.4692,0.9802
peak_prom50,3348,0649,Potter,197,0,1,0.7741,1.8290,0.6195
peak_prom50,3348,0688,Potter,197,0,1,1.0079,1.6661,0.7546
peak_prom50,3348,0921,StarWars,197,0,1,0.9745,1.6468,0.6808
peak_prom50,3348,1322,StarWars,197,0,1,0.6758,1.5526,0.6962
peak_prom50,3348,3512,Hakuna,197,1,1,0.8644,0.6052,0.9348
peak_prom50,3348,3851,Hakuna,197,1,1,0.9234,0.6053,0.9155
peak_prom50,3351,0236,Potter,170,0,1,0.7053,1.3975,0.1790
peak_prom50,3351,0668,Potter,170,0,1,1.2181,1.1523,0.4974
peak_prom50,3351,1565,StarWars,170,0,1,1.2065,1.1622,0.6056
peak_prom50,3351,3482,Hakuna,170,1,1,0.4362,1.2372,0.5276
peak_prom50,3351,4088,Hakuna,170,1,1,0.3411,1.4962,0.0147
peak_prom50,3352,0352,Potter,220,0,1,0.7613,1.5828,0.3468
peak_prom50,3352,0755,Potter,220,0,1,0.9472,1.5240,0.4519
peak_prom50,3352,1052,StarWars,220,0,1,0.2564,1.3388,0.5794
peak_prom50,3352,1207,StarWars,220,0,1,0.6556,1.4750,0.4292
peak_prom50,3352,3568,Hakuna,220,1,1,0.3992,1.5254,0.2250
peak_prom50,3354,0651,Potter,97,0,1,0.9949,1.6550,0.7871
peak_prom50,3354,0706,Potter,97,0,1,1.0442,1.5795,0.8226
peak_prom50,3354,1313,StarWars,97,0,1,0.8810,1.9584,0.6882
peak_prom50,3354,1418,StarWars,97,0,1,0.9252,2.2779,0.6443
peak_prom50,3354,3631,Hakuna,97,1,1,0.8980,0.3454,0.9787
peak_prom50,3354,3919,Hakuna,97,1,1,0.9099,0.6754,0.9240
peak_prom50,3369,0282,Potter,8,0,1,1.0832,2.3172,0.6076
peak_prom50,3369,0802,Potter,8,0,1,0.1307,2.8617,0.0923
peak_prom50,3369,1046,StarWars,8,0,1,0.8031,2.4226,0.5591
peak_prom50,3369,1667,StarWars,8,0,1,0.7878,2.4440,0.3086
peak_prom50,3369,3795,Hakuna,8,1,1,0.7793,2.3757,0.4454
peak_prom50,3369,4144,Hakuna,8,1,1,0.7402,2.2944,0.5777
peak_prom50,3371,0508,Potter,120,0,1,1.5437,1.5514,0.7432
peak_prom50,3371,0559,Potter,120,0,1,1.4328,1.5755,0.7890
peak_prom50,3371,0878,StarWars,120,0,1,1.2964,2.2771,0.4045
peak_prom50,3371,1449,StarWars,120,0,1,1.2303,1.9950,0.5267
peak_prom50,3371,3503,Hakuna,120,1,1,0.8571,1.1356,0.7309
peak_prom50,3371,3549,Hakuna,120,1,1,0.9723,1.1703,0.6879
peak_prom50,3374,0236,Potter,170,0,1,0.5419,1.3875,0.2933
peak_prom50,3374,0668,Potter,170,0,1,0.9358,1.3557,0.3114
peak_prom50,3374,1565,StarWars,170,0,1,0.9269,1.3024,0.3751
peak_prom50,3374,3482,Hakuna,170,1,1,0.3351,1.5794,0.0240
peak_prom50,3374,4088,Hakuna,170,1,1,0.2620,1.2251,0.5023
peak_prom50,3376,0097,Potter,201,0,1,0.5000,0.9523,0.2862
peak_prom50,3376,0396,Potter,201,0,1,1.0607,0.7866,0.5037
peak_prom50,3376,0927,StarWars,201,0,1,0.9538,1.1297,0.2070
peak_prom50,3376,1129,StarWars,201,0,1,1.0173,0.7765,0.5929
peak_prom50,3376,3870,Hakuna,201,1,1,0.7052,0.8756,0.5383
peak_prom50,3376,4154,Hakuna,201,1,1,0.6647,0.8043,0.5691
peak_prom50,3379,1235,StarWars,178,0,1,0.7993,1.4397,0.2058
peak_prom50,3379,1585,StarWars,178,0,1,0.5729,1.1847,0.3038
peak_prom50,3379,3403,Hakuna,178,1,1,0.6209,1.4791,0.2279
peak_prom50,3379,3665,Hakuna,178,1,1,0.6038,1.3740,0.2437
peak_prom50,3381,0202,Potter,164,0,1,0.9144,1.4199,0.8218
peak_prom50,3381,0293,Potter,164,0,1,0.9636,1.4128,0.8261
peak_prom50,3381,1315,StarWars,164,0,1,1.0783,2.3253,0.4275
peak_prom50,3381,1482,StarWars,164,0,1,0.9508,1.5549,0.7539
peak_prom50,3381,3746,Hakuna,164,1,1,0.9454,1.9906,0.6994
peak_prom50,3381,3954,Hakuna,164,1,1,0.9490,1.8499,0.7495
peak_prom50,3383,0060,Potter,222,0,1,1.5014,1.8609,0.7339
peak_prom50,3383,0107,Potter,222,0,1,1.6732,2.1355,0.6629
peak_prom50,3383,0959,StarWars,222,0,1,1.3014,2.0012,0.7671
peak_prom50,3383,1276,StarWars,222,0,1,1.3042,2.2867,0.6244
peak_prom50,3383,4064,Hakuna,222,1,1,1.5944,1.4714,0.8656
peak_prom50,3383,4085,Hakuna,222,1,1,1.6676,0.9453,0.9168
peak_prom50,3388,0246,Potter,190,0,1,0.9012,1.2286,0.7803
peak_prom50,3388,0410,Potter,190,0,1,0.9033,1.2404,0.7956
peak_prom50,3388,1077,StarWars,190,0,1,0.8951,1.3676,0.7217
peak_prom50,3388,1085,StarWars,190,0,1,0.8169,1.1018,0.8284
peak_prom50,3388,3625,Hakuna,190,1,1,0.8807,1.4713,0.6676
peak_prom50,3388,3898,Hakuna,190,1,1,1.0267,1.1718,0.8077
peak_prom50,3389,0189,Potter,203,0,1,0.4474,1.6159,0.5623
peak_prom50,3389,0302,Potter,203,0,1,0.3664,1.5607,0.5532
peak_prom50,3389,0934,StarWars,203,0,1,0.3173,1.4813,0.6395
peak_prom50,3389,1603,StarWars,203,0,1,0.1292,1.7188,0.5388
peak_prom50,3389,3497,Hakuna,203,1,1,0.6220,1.5241,0.5791
peak_prom50,3389,3926,Hakuna,203,1,1,0.4793,1.7182,0.4223
peak_prom50,3391,0124,Potter,58,0,1,1.1735,1.3964,0.7469
peak_prom50,3391,0467,Potter,58,0,1,1.3209,1.7366,0.6699
peak_prom50,3391,1178,StarWars,58,0,1,1.2201,1.8925,0.5252
peak_prom50,3391,1262,StarWars,58,0,1,1.2687,1.6287,0.6791
peak_prom50,3391,3556,Hakuna,58,1,1,0.9813,0.8549,0.9085
peak_prom50,3391,3668,Hakuna,58,1,1,0.9851,1.3806,0.7397
peak_prom50,3397,0182,Potter,61,0,1,1.0267,4.0838,0.1371
peak_prom50,3397,0336,Potter,61,0,1,0.8883,2.5326,0.6288
peak_prom50,3397,1236,StarWars,61,0,1,0.8277,3.1394,0.0852
peak_prom50,3397,1318,StarWars,61,0,1,0.9709,3.6876,-0.1370
peak_prom50,3397,3492,Hakuna,61,1,1,0.8544,2.1592,0.7104
peak_prom50,3397,3524,Hakuna,61,1,1,0.6796,2.5580,0.2835
peak_prom50,3401,0044,Potter,217,0,1,1.0604,1.1635,0.8104
peak_prom50,3401,0101,Potter,217,0,1,1.1779,1.2918,0.8139
peak_prom50,3401,1131,StarWars,217,0,1,1.0898,1.9982,0.5552
peak_prom50,3401,1509,StarWars,217,0,1,1.1054,1.9538,0.5034
peak_prom50,3401,3701,Hakuna,217,1,1,0.9326,0.7828,0.9095
peak_prom50,3401,4103,Hakuna,217,1,1,0.8463,0.8449,0.9075
peak_prom50,3413,0155,Potter,76,0,1,0.8061,1.8573,0.5239
peak_prom50,3413,0584,Potter,76,0,1,0.8030,1.5809,0.6469
peak_prom50,3413,1381,StarWars,76,0,1,0.7424,2.2276,0.2790
peak_prom50,3413,1445,StarWars,76,0,1,0.7697,2.0912,0.4301
peak_prom50,3413,3706,Hakuna,76,1,1,0.7939,0.9494,0.8834
peak_prom50,3413,4048,Hakuna,76,1,1,0.8576,0.8694,0.9098
peak_prom50,3414,0762,Potter,69,0,1,0.4889,1.3798,0.3064
peak_prom50,3414,0771,Potter,69,0,1,1.0465,1.2207,0.5407
peak_prom50,3414,1323,StarWars,69,0,1,0.6217,1.6287,-0.0895
peak_prom50,3414,1496,StarWars,69,0,1,0.6261,1.2636,0.3408
peak_prom50,3414,3410,Hakuna,69,1,1,0.9934,1.7410,0.2354
peak_prom50,3414,3782,Hakuna,69,1,1,0.5066,3.8832,0.1098
peak_prom50,3416,0445,Potter,146,0,1,0.5343,1.4946,0.7044
peak_prom50,3416,0622,Potter,146,0,1,0.6683,1.8216,0.5790
peak_prom50,3416,0925,StarWars,146,0,1,0.4874,1.6088,0.7142
peak_prom50,3416,1456,StarWars,146,0,1,0.3317,1.7547,0.6711
peak_prom50,3416,3439,Hakuna,146,1,1,0.3886,1.4023,0.8011
peak_prom50,3416,3822,Hakuna,146,1,1,0.3484,1.7020,0.6664
peak_prom50,3428,0097,Potter,201,0,1,0.4380,0.7546,0.6148
peak_prom50,3428,0396,Potter,201,0,1,0.9291,0.6882,0.7020
peak_prom50,3428,0927,StarWars,201,0,1,0.8354,0.9714,0.4624
peak_prom50,3428,1129,StarWars,201,0,1,0.8911,0.7758,0.5910
peak_prom50,3428,3870,Hakuna,201,1,1,0.6177,0.8619,0.4622
peak_prom50,3428,4154,Hakuna,201,1,1,0.5823,0.8216,0.6265
peak_prom50,3429,0295,Potter,83,0,1,1.0018,1.8839,0.7212
peak_prom50,3429,0648,Potter,83,0,1,1.1168,2.1093,0.6654
peak_prom50,3429,1165,StarWars,83,0,1,1.0547,2.5678,0.6093
peak_prom50,3429,1491,StarWars,83,0,1,1.1241,1.6561,0.7219
peak_prom50,3429,3452,Hakuna,83,1,1,1.1150,2.8274,0.7385
peak_prom50,3429,4101,Hakuna,83,1,1,1.0274,2.2841,0.7137
peak_prom50,3432,0187,Potter,214,0,1,0.7486,1.9755,0.7009
peak_prom50,3432,0702,Potter,214,0,1,0.8274,2.0596,0.7050
peak_prom50,3432,1540,StarWars,214,0,1,0.8086,2.3825,0.5001
peak_prom50,3432,1618,StarWars,214,0,1,0.8443,2.1708,0.5332
peak_prom50,3432,3941,Hakuna,214,1,1,0.9869,1.9486,0.7200
peak_prom50,3432,4078,Hakuna,214,1,1,0.8931,1.9245,0.7316
peak_prom50,3434,0326,Potter,23,0,1,1.0988,1.5623,0.7002
peak_prom50,3434,0682,Potter,23,0,1,0.7171,1.5754,0.6993
peak_prom50,3434,1335,StarWars,23,0,1,0.9671,1.7940,0.5217
peak_prom50,3434,1448,StarWars,23,0,1,0.8004,2.0100,0.4257
peak_prom50,3435,0222,Potter,96,0,1,1.0798,1.5014,0.6898
peak_prom50,3435,0715,Potter,96,0,1,1.0822,1.7113,0.6469
peak_prom50,3435,1027,StarWars,96,0,1,1.1596,2.1174,0.3814
peak_prom50,3435,1402,StarWars,96,0,1,1.0164,2.0393,0.5172
peak_prom50,3435,3406,Hakuna,96,1,1,0.8709,1.8683,0.4968
peak_prom50,3435,3938,Hakuna,96,1,1,1.0000,1.8871,0.5223
peak_prom50,3437,0125,Potter,205,0,1,0.7244,1.3311,0.6683
peak_prom50,3437,0359,Potter,205,0,1,0.7062,1.0773,0.7504
peak_prom50,3437,0966,StarWars,205,0,1,0.7745,1.0531,0.7997
peak_prom50,3437,1480,StarWars,205,0,1,0.7540,1.3611,0.6184
peak_prom50,3437,3529,Hakuna,205,1,1,0.5763,1.0888,0.7832
peak_prom50,3437,3581,Hakuna,205,1,1,0.6948,1.2437,0.6737
peak_prom50,3438,0005,Potter,216,0,1,0.6542,1.4419,0.7344
peak_prom50,3438,0036,Potter,216,0,1,0.9009,1.0148,0.8752
peak_prom50,3438,3704,Hakuna,216,1,1,0.4692,1.7851,0.5072
peak_prom50,3438,3876,Hakuna,216,1,1,0.7944,1.5793,0.2903
peak_prom50,3442,0477,Potter,17,0,1,1.2605,1.4289,0.7039
peak_prom50,3442,0558,Potter,17,0,1,1.2044,1.4035,0.7195
peak_prom50,3442,1609,StarWars,17,0,1,1.2084,1.5661,0.6521
peak_prom50,3442,1620,StarWars,17,0,1,1.1643,1.5589,0.7446
peak_prom50,3442,3878,Hakuna,17,1,1,1.2405,1.2655,0.7461
peak_prom50,3442,4105,Hakuna,17,1,1,1.2745,1.1202,0.7986
peak_prom50,3460,0542,Potter,44,0,1,0.9838,1.6344,0.7767
peak_prom50,3460,0739,Potter,44,0,1,1.0616,1.5574,0.8200
peak_prom50,3460,0964,StarWars,44,0,1,1.1783,2.1353,0.7660
peak_prom50,3460,1026,StarWars,44,0,1,1.1135,2.3502,0.7606
peak_prom50,3460,3485,Hakuna,44,1,1,1.0551,0.3678,0.9797
peak_prom50,3460,3781,Hakuna,44,1,1,0.9627,0.4427,0.9706
peak_prom50,3461,0582,Potter,57,0,1,0.4994,0.9293,0.5393
peak_prom50,3461,0801,Potter,57,0,1,0.5269,1.0968,0.4393
peak_prom50,3461,0985,StarWars,57,0,1,0.5078,1.0443,0.3670
peak_prom50,3461,1249,StarWars,57,0,1,0.4479,1.0479,0.4557
peak_prom50,3461,3745,Hakuna,57,1,1,0.8766,0.9447,0.6132
peak_prom50,3461,3802,Hakuna,57,1,1,0.8958,0.8214,0.7195
peak_prom50,3463,0386,Potter,184,0,1,0.8193,2.6860,0.3408
peak_prom50,3463,0729,Potter,184,0,1,0.9257,2.1958,0.7039
peak_prom50,3463,0887,StarWars,184,0,1,0.5828,1.9872,0.6784
peak_prom50,3463,3612,Hakuna,184,1,1,0.7145,1.0903,0.8803
peak_prom50,3463,3844,Hakuna,184,1,1,0.7872,1.1363,0.8678
peak_prom50,3464,0732,Potter,150,0,1,0.7787,1.4592,0.7798
peak_prom50,3464,0825,Potter,150,0,1,1.0067,1.3829,0.8275
peak_prom50,3464,0844,StarWars,150,0,1,1.2230,2.4435,0.4693
peak_prom50,3464,1510,StarWars,150,0,1,1.2529,2.4235,0.6065
peak_prom50,3464,3493,Hakuna,150,1,1,1.0100,0.9652,0.8993
peak_prom50,3464,3767,Hakuna,150,1,1,0.8619,0.6981,0.9469
peak_prom50,3465,0038,Potter,207,0,1,1.1448,1.4757,0.7941
peak_prom50,3465,0672,Potter,207,0,1,1.1546,1.4664,0.8015
peak_prom50,3465,1206,StarWars,207,0,1,0.7730,1.5331,0.7730
peak_prom50,3465,1265,StarWars,207,0,1,0.7984,1.7314,0.7381
peak_prom50,3465,3446,Hakuna,207,1,1,1.0568,0.3767,0.9831
peak_prom50,3465,3565,Hakuna,207,1,1,1.0391,0.4301,0.9816
peak_prom50,3467,0438,Potter,192,0,1,0.8811,1.0510,0.6921
peak_prom50,3467,0783,Potter,192,0,1,0.7665,1.0699,0.6523
peak_prom50,3467,0909,StarWars,192,0,1,0.9413,1.2519,0.5249
peak_prom50,3467,1642,StarWars,192,0,1,0.9207,1.2276,0.5905
peak_prom50,3467,3741,Hakuna,192,1,1,0.9750,0.8928,0.6287
peak_prom50,3467,4148,Hakuna,192,1,1,1.0426,0.7881,0.8300
peak_prom50,3470,0623,Potter,10,0,1,1.0909,1.1082,0.6212
peak_prom50,3470,0830,Potter,10,0,1,0.9784,0.8287,0.8008
peak_prom50,3470,1176,StarWars,10,0,1,1.1753,0.9796,0.7204
peak_prom50,3470,1321,StarWars,10,0,1,1.0801,0.9270,0.7937
peak_prom50,3470,3717,Hakuna,10,1,1,1.0887,0.9107,0.8128
peak_prom50,3470,3891,Hakuna,10,1,1,0.8550,0.9535,0.7300
peak_prom50,3473,0372,Potter,128,0,1,0.4739,1.8405,0.5084
peak_prom50,3473,0440,Potter,128,0,1,0.3991,1.7366,0.5694
peak_prom50,3473,1334,StarWars,128,0,1,0.5828,1.6870,0.6416
peak_prom50,3473,1570,StarWars,128,0,1,0.4875,1.7800,0.4639
peak_prom50,3473,3882,Hakuna,128,1,1,0.5714,1.5489,0.6257
peak_prom50,3473,4119,Hakuna,128,1,1,0.5782,1.1096,0.7870
peak_prom50,3477,0319,Potter,54,0,1,0.9359,1.9542,0.6995
peak_prom50,3477,0573,Potter,54,0,1,1.0192,1.7216,0.7688
peak_prom50,3477,0885,StarWars,54,0,1,1.1330,2.0094,0.7127
peak_prom50,3477,1561,StarWars,54,0,1,1.0000,2.8493,0.6454
peak_prom50,3477,3395,Hakuna,54,1,1,0.9183,0.6662,0.9284
peak_prom50,3477,3880,Hakuna,54,1,1,0.8894,0.7853,0.9156
peak_prom50,3487,0997,StarWars,135,0,1,0.7863,2.1172,0.2564
peak_prom50,3487,1195,StarWars,135,0,1,0.7350,2.2765,0.3687
peak_prom50,3487,3501,Hakuna,135,1,1,0.7158,0.9978,0.6853
peak_prom50,3487,4070,Hakuna,135,1,1,0.9316,1.2598,0.3523
peak_prom50,3489,0111,Potter,100,0,1,1.0757,1.0450,0.4936
peak_prom50,3489,0407,Potter,100,0,1,0.7367,1.0767,0.4235
peak_prom50,3489,1040,StarWars,100,0,1,1.1463,1.0217,0.3761
peak_prom50,3489,1344,StarWars,100,0,1,0.4699,1.0001,0.4001
peak_prom50,3489,3448,Hakuna,100,1,1,0.7384,1.0004,0.4315
peak_prom50,3489,4068,Hakuna,100,1,1,0.8503,1.0095,0.5339
peak_prom50,3490,0699,Potter,154,0,1,0.7231,2.8696,0.5200
peak_prom50,3490,0790,Potter,154,0,1,0.7743,3.0893,0.5143
peak_prom50,3490,1008,StarWars,154,0,1,0.4797,2.8990,0.5372
peak_prom50,3490,1152,StarWars,154,0,1,0.6561,2.8386,0.4590
peak_prom50,3490,3375,Hakuna,154,1,1,0.4480,2.0033,0.8072
peak_prom50,3490,3762,Hakuna,154,1,1,0.7637,2.8578,0.4707
peak_prom50,3491,0732,Potter,150,0,1,0.8027,1.5518,0.7926
peak_prom50,3491,0825,Potter,150,0,1,1.0377,1.5709,0.8224
peak_prom50,3491,0844,StarWars,150,0,1,1.2607,2.5863,0.4163
peak_prom50,3491,1510,StarWars,150,0,1,1.2916,2.7439,0.4957
peak_prom50,3491,3493,Hakuna,150,1,1,1.0412,1.1156,0.8601
peak_prom50,3491,3767,Hakuna,150,1,1,0.8885,0.8720,0.9293
peak_prom50,3496,0531,Potter,105,0,1,0.9723,1.5996,0.7239
peak_prom50,3496,0583,Potter,105,0,1,0.9809,1.7100,0.6836
peak_prom50,3496,1579,StarWars,105,0,1,0.9574,2.0754,0.7102
peak_prom50,3496,3587,Hakuna,105,1,1,0.8617,0.3546,0.9687
peak_prom50,3496,3906,Hakuna,105,1,1,0.9170,0.8249,0.8385
peak_prom50,3502,0470,Potter,91,0,1,1.1681,1.8460,0.3795
peak_prom50,3502,0596,Potter,91,0,1,1.2707,1.2791,0.6995
peak_prom50,3502,1006,StarWars,91,0,1,1.2511,1.4838,0.3377
peak_prom50,3502,1366,StarWars,91,0,1,1.3624,1.2958,0.6388
peak_prom50,3502,3411,Hakuna,91,1,1,1.1943,1.3679,0.3587
peak_prom50,3502,3440,Hakuna,91,1,1,1.1245,1.3254,0.4630
peak_prom50,3505,0168,Potter,198,0,1,0.1643,1.8322,0.3532
peak_prom50,3505,0461,Potter,198,0,1,0.5836,1.9043,0.2680
peak_prom50,3505,1535,StarWars,198,0,1,0.1058,4.3858,-0.0680
peak_prom50,3505,3607,Hakuna,198,1,1,0.1811,3.6260,-0.0512
peak_prom50,3508,0425,Potter,5,0,1,1.0428,1.6983,0.6646
peak_prom50,3508,0528,Potter,5,0,1,1.0725,1.9719,0.6408
peak_prom50,3508,0854,StarWars,5,0,1,1.0313,1.8232,0.6876
peak_prom50,3508,1444,StarWars,5,0,1,1.0675,2.0652,0.5189
peak_prom50,3508,3606,Hakuna,5,1,1,0.8814,0.7881,0.9336
peak_prom50,3508,3860,Hakuna,5,1,1,0.9341,0.7158,0.9398
peak_prom50,3513,0177,Potter,14,0,1,1.0344,1.3742,0.5153
peak_prom50,3513,0774,Potter,14,0,1,0.9910,1.5820,0.3999
peak_prom50,3513,1435,StarWars,14,0,1,1.0000,1.1758,0.6834
peak_prom50,3513,1519,StarWars,14,0,1,1.0000,1.1264,0.6920
peak_prom50,3513,3682,Hakuna,14,1,1,0.8192,1.2092,0.5247
peak_prom50,3513,3807,Hakuna,14,1,1,0.8246,1.2079,0.5928
peak_prom50,3514,0470,Potter,91,0,1,1.0113,1.5345,0.3971
peak_prom50,3514,0596,Potter,91,0,1,1.1002,0.9254,0.6605
peak_prom50,3514,1006,StarWars,91,0,1,1.0832,0.8816,0.4715
peak_prom50,3514,1366,StarWars,91,0,1,1.1796,0.7594,0.6973
peak_prom50,3514,3411,Hakuna,91,1,1,1.0340,0.9395,0.3913
peak_prom50,3514,3440,Hakuna,91,1,1,0.9735,1.0278,0.5331
peak_prom50,3515,0356,Potter,196,0,1,0.9482,1.4755,0.7408
peak_prom50,3515,0686,Potter,196,0,1,0.9006,1.9164,0.5344
peak_prom50,3515,0907,StarWars,196,0,1,0.8121,2.4358,0.6161
peak_prom50,3515,1611,StarWars,196,0,1,0.7667,1.7591,0.6749
peak_prom50,3515,4056,Hakuna,196,1,1,0.9050,0.3298,0.9898
peak_prom50,3515,4082,Hakuna,196,1,1,0.9698,0.3600,0.9862
peak_prom50,3516,0189,Potter,203,0,1,0.4406,2.5693,0.3597
peak_prom50,3516,0302,Potter,203,0,1,0.3609,2.4027,0.4653
peak_prom50,3516,0934,StarWars,203,0,1,0.3124,2.2193,0.7024
peak_prom50,3516,1603,StarWars,203,0,1,0.1273,2.4780,0.4797
peak_prom50,3516,3497,Hakuna,203,1,1,0.6125,2.2630,0.6320
peak_prom50,3516,3926,Hakuna,203,1,1,0.4720,2.4126,0.5230
peak_prom50,3517,0311,Potter,218,0,1,0.6672,3.5469,0.5553
peak_prom50,3517,0518,Potter,218,0,1,0.4992,3.4621,0.6610
peak_prom50,3517,0994,StarWars,218,0,1,0.6480,4.2407,0.1500
peak_prom50,3517,1220,StarWars,218,0,1,0.5408,3.7361,0.1265
peak_prom50,3517,3475,Hakuna,218,1,1,0.5984,1.6598,0.9424
peak_prom50,3517,3521,Hakuna,218,1,1,0.7408,2.0860,0.9031
peak_prom50,3527,0275,Potter,33,0,1,1.0632,2.4415,0.4478
peak_prom50,3527,0468,Potter,33,0,1,1.0977,2.3329,0.4878
peak_prom50,3527,0888,StarWars,33,0,1,1.0402,1.8162,0.4301
peak_prom50,3527,1174,StarWars,33,0,1,0.9598,1.7636,0.5085
peak_prom50,3527,3868,Hakuna,33,1,1,0.9579,1.2149,0.7906
peak_prom50,3528,0372,Potter,128,0,1,0.4838,1.4582,0.6286
peak_prom50,3528,0440,Potter,128,0,1,0.4074,1.5571,0.6990
peak_prom50,3528,1334,StarWars,128,0,1,0.5949,1.5318,0.7002
peak_prom50,3528,1570,StarWars,128,0,1,0.4977,1.5387,0.4913
peak_prom50,3528,3882,Hakuna,128,1,1,0.5833,1.2291,0.7100
peak_prom50,3528,4119,Hakuna,128,1,1,0.5903,0.9896,0.8457
peak_prom50,3531,0131,Potter,53,0,1,1.5000,1.9388,0.4875
peak_prom50,3531,0689,Potter,53,0,1,1.5063,2.7447,-0.0357
peak_prom50,3531,1269,StarWars,53,0,1,1.0126,2.5587,0.0124
peak_prom50,3531,1596,StarWars,53,0,1,1.0084,2.6572,-0.0537
peak_prom50,3531,3585,Hakuna,53,1,1,0.9391,0.3448,0.9868
peak_prom50,3531,3856,Hakuna,53,1,1,0.8950,0.3882,0.9830
peak_prom50,3532,0394,Potter,215,0,1,1.2301,3.2591,0.2201
peak_prom50,3532,0975,StarWars,215,0,1,1.0052,2.2977,0.6667
peak_prom50,3532,1423,StarWars,215,0,1,1.1367,2.2816,0.7477
peak_prom50,3532,3480,Hakuna,215,1,1,1.0657,0.3971,0.9061
peak_prom50,3532,3858,Hakuna,215,1,1,1.0796,0.3386,0.9763
peak_prom50,3535,0286,Potter,47,0,1,0.8260,1.3615,0.6136
peak_prom50,3535,0443,Potter,47,0,1,0.7401,1.0143,0.7417
peak_prom50,3535,1258,StarWars,47,0,1,0.9295,1.4487,0.5498
peak_prom50,3535,1300,StarWars,47,0,1,0.6696,1.4301,0.5848
peak_prom50,3535,4019,Hakuna,47,1,1,0.8899,1.2170,0.6348
peak_prom50,3535,4044,Hakuna,47,1,1,1.0639,1.0651,0.6876
peak_prom50,3536,0196,Potter,232,0,1,0.7296,1.3820,0.7926
peak_prom50,3536,0603,Potter,232,0,1,0.9611,1.3292,0.7988
peak_prom50,3536,0917,StarWars,232,0,1,1.0058,2.2124,0.5030
peak_prom50,3536,1278,StarWars,232,0,1,0.8969,2.3632,0.2798
peak_prom50,3536,3541,Hakuna,232,1,1,0.7043,1.5565,0.7686
peak_prom50,3536,4111,Hakuna,232,1,1,0.7743,1.6972,0.7831
peak_prom50,3538,0005,Potter,216,0,1,0.6119,1.5711,0.7129
peak_prom50,3538,0036,Potter,216,0,1,0.8427,1.1280,0.8532
peak_prom50,3538,3704,Hakuna,216,1,1,0.4388,1.8414,0.4551
peak_prom50,3538,3876,Hakuna,216,1,1,0.7430,1.7743,0.2398
peak_prom50,3544,0008,Potter,213,0,1,1.1268,1.7581,0.7617
peak_prom50,3544,0681,Potter,213,0,1,1.0993,1.8302,0.7521
peak_prom50,3544,0860,StarWars,213,0,1,1.2923,2.2572,0.7038
peak_prom50,3544,1317,StarWars,213,0,1,1.2353,2.1287,0.7077
peak_prom50,3544,3548,Hakuna,213,1,1,0.8346,0.4892,0.9719
peak_prom50,3544,3720,Hakuna,213,1,1,0.9301,0.4852,0.9705
peak_prom50,3545,0553,Potter,0,0,1,0.7964,1.9878,0.5189
peak_prom50,3545,0590,Potter,0,0,1,0.7935,1.9882,0.4305
peak_prom50,3545,0915,StarWars,0,0,1,0.4279,2.6409,0.1452
peak_prom50,3545,1140,StarWars,0,0,1,0.3700,3.1207,0.1125
peak_prom50,3545,3690,Hakuna,0,1,1,0.5260,2.0248,0.2876
peak_prom50,3545,4031,Hakuna,0,1,1,0.5929,1.1315,0.6707
peak_prom50,3552,0613,Potter,137,0,1,0.6762,1.3943,0.8109
peak_prom50,3552,0788,Potter,137,0,1,0.6533,1.6878,0.7503
peak_prom50,3552,1163,StarWars,137,0,1,0.7295,1.7860,0.7309
peak_prom50,3552,1177,StarWars,137,0,1,0.7562,1.8842,0.7041
peak_prom50,3552,3594,Hakuna,137,1,1,0.9257,1.1536,0.8846
peak_prom50,3552,3944,Hakuna,137,1,1,0.9181,0.9578,0.9356
peak_prom50,3553,0102,Potter,191,0,1,1.1849,1.3836,0.6829
peak_prom50,3553,0426,Potter,191,0,1,1.1727,1.4956,0.5945
peak_prom50,3553,0993,StarWars,191,0,1,0.9002,1.4822,0.6697
peak_prom50,3553,1506,StarWars,191,0,1,1.2968,1.6127,0.5202
peak_prom50,3553,3928,Hakuna,191,1,1,1.2190,1.7641,0.5276
peak_prom50,3553,3984,Hakuna,191,1,1,0.9124,1.6315,0.6200
peak_prom50,3554,1030,StarWars,212,0,1,0.4728,1.9223,0.6027
peak_prom50,3554,1646,StarWars,212,0,1,0.8265,2.1183,0.2996
peak_prom50,3554,3761,Hakuna,212,1,1,0.6105,1.7850,0.7601
peak_prom50,3554,3907,Hakuna,212,1,1,0.5714,1.9466,0.6544
peak_prom50,3555,0292,Potter,166,0,1,1.0844,1.9560,0.6581
peak_prom50,3555,0353,Potter,166,0,1,1.6955,1.8753,0.6983
peak_prom50,3555,1233,StarWars,166,0,1,0.9362,1.7909,0.6866
peak_prom50,3555,1267,StarWars,166,0,1,1.0597,2.3204,0.3910
peak_prom50,3557,0373,Potter,122,0,1,0.8561,1.8684,0.7675
peak_prom50,3557,0547,Potter,122,0,1,0.7703,1.7677,0.7124
peak_prom50,3557,1408,StarWars,122,0,1,0.5378,2.4575,0.4855
peak_prom50,3557,1495,StarWars,122,0,1,0.4099,1.8478,0.8160
peak_prom50,3557,3595,Hakuna,122,1,1,0.4782,1.6725,0.8240
peak_prom50,3557,3655,Hakuna,122,1,1,0.4084,2.3948,0.6050
peak_prom50,3560,0239,Potter,59,0,1,0.4772,1.9223,0.5406
peak_prom50,3560,0798,Potter,59,0,1,0.4066,3.2439,0.2115
peak_prom50,3560,0923,StarWars,59,0,1,0.2402,3.7707,0.3840
peak_prom50,3560,1246,StarWars,59,0,1,0.4019,3.5807,0.2575
peak_prom50,3560,3956,Hakuna,59,1,1,0.4223,6.7459,0.2689
peak_prom50,3560,4124,Hakuna,59,1,1,0.1884,2.6363,0.2068
peak_prom50,3566,0651,Potter,97,0,1,1.0813,1.7630,0.7584
peak_prom50,3566,0706,Potter,97,0,1,1.1349,1.5856,0.8175
peak_prom50,3566,1313,StarWars,97,0,1,0.9575,1.8733,0.5847
peak_prom50,3566,1418,StarWars,97,0,1,1.0055,2.2966,0.5775
peak_prom50,3566,3631,Hakuna,97,1,1,0.9760,0.4573,0.9760
peak_prom50,3566,3919,Hakuna,97,1,1,0.9889,0.8395,0.8971
peak_prom50,3570,0273,Potter,172,0,1,0.7816,1.4087,0.6616
peak_prom50,3570,1064,StarWars,172,0,1,0.7833,1.4944,0.7088
peak_prom50,3570,1498,StarWars,172,0,1,0.6126,1.1948,0.8331
peak_prom50,3570,3708,Hakuna,172,1,1,0.7031,2.5331,0.1428
peak_prom50,3570,4145,Hakuna,172,1,1,0.8379,1.3822,0.6741
peak_prom50,3572,0057,Potter,60,0,1,0.8706,1.5137,0.7328
peak_prom50,3572,0348,Potter,60,0,1,0.8427,1.5392,0.7436
peak_prom50,3575,0090,Potter,24,0,1,0.6478,1.3983,0.7220
peak_prom50,3575,0320,Potter,24,0,1,0.6602,1.4289,0.7223
peak_prom50,3575,1045,StarWars,24,0,1,0.8142,2.0242,0.5273
peak_prom50,3575,1325,StarWars,24,0,1,0.6761,1.3189,0.7441
peak_prom50,3575,3814,Hakuna,24,1,1,0.8460,0.7229,0.9339
peak_prom50,3575,4118,Hakuna,24,1,1,0.7628,0.8361,0.9191
peak_prom50,3577,0633,Potter,231,0,1,0.6682,1.4703,0.5957
peak_prom50,3577,0803,Potter,231,0,1,0.7659,1.1363,0.8322
peak_prom50,3577,1150,StarWars,231,0,1,0.7163,1.7799,0.6044
peak_prom50,3577,1605,StarWars,231,0,1,0.7380,1.4251,0.7561
peak_prom50,3577,4049,Hakuna,231,1,1,0.8667,0.3162,0.9854
peak_prom50,3577,4112,Hakuna,231,1,1,0.9147,0.3491,0.9846
peak_prom50,3580,0595,Potter,26,0,1,0.9400,1.1951,0.4062
peak_prom50,3580,0768,Potter,26,0,1,0.7725,1.4546,0.1872
peak_prom50,3580,1087,StarWars,26,0,1,0.7400,1.2545,0.3674
peak_prom50,3580,1132,StarWars,26,0,1,0.6450,1.2551,0.2030
peak_prom50,3580,3392,Hakuna,26,1,1,0.3700,1.3397,0.4961
peak_prom50,3580,4137,Hakuna,26,1,1,0.2925,1.1536,0.4446
peak_prom50,3582,0254,Potter,129,0,1,1.6360,1.6491,0.6726
peak_prom50,3582,0554,Potter,129,0,1,1.6157,1.7520,0.6466
peak_prom50,3582,1014,StarWars,129,0,1,0.9933,1.8996,0.5247
peak_prom50,3582,1167,StarWars,129,0,1,0.9169,1.6197,0.6101
peak_prom50,3582,3576,Hakuna,129,1,1,0.9438,0.9245,0.8366
peak_prom50,3582,3651,Hakuna,129,1,1,0.9528,0.9550,0.8293
peak_prom50,3583,0206,Potter,84,0,1,0.7903,1.4467,0.7900
peak_prom50,3583,1341,StarWars,84,0,1,0.9933,2.4381,0.1109
peak_prom50,3583,1504,StarWars,84,0,1,0.8557,1.7332,0.5718
peak_prom50,3588,0680,Potter,123,0,1,0.9214,2.0062,0.4067
peak_prom50,3588,0835,Potter,123,0,1,0.6752,1.6024,0.6142
peak_prom50,3588,1196,StarWars,123,0,1,0.8188,2.0538,0.6903
peak_prom50,3588,1378,StarWars,123,0,1,0.9009,1.9719,0.7519
peak_prom50,3588,3567,Hakuna,123,1,1,0.7009,0.3483,0.9827
peak_prom50,3588,3787,Hakuna,123,1,1,0.7487,0.3578,0.9728
peak_prom50,3591,0177,Potter,14,0,1,0.9470,1.4022,0.4567
peak_prom50,3591,0774,Potter,14,0,1,0.9073,1.4649,0.4478
peak_prom50,3591,1435,StarWars,14,0,1,0.9156,1.2469,0.5249
peak_prom50,3591,1519,StarWars,14,0,1,0.9156,1.1432,0.6301
peak_prom50,3591,3682,Hakuna,14,1,1,0.7500,1.1111,0.6281
peak_prom50,3591,3807,Hakuna,14,1,1,0.7550,1.0860,0.7067
peak_prom50,3593,0595,Potter,26,0,1,0.8393,1.1096,0.4706
peak_prom50,3593,0768,Potter,26,0,1,0.6897,1.1944,0.3710
peak_prom50,3593,1087,StarWars,26,0,1,0.6607,0.9806,0.5381
peak_prom50,3593,1132,StarWars,26,0,1,0.5759,1.0950,0.4756
peak_prom50,3593,3392,Hakuna,26,1,1,0.3304,1.0093,0.6302
peak_prom50,3593,4137,Hakuna,26,1,1,0.2612,1.1478,0.4081
peak_prom50,3599,0071,Potter,109,0,1,1.1697,1.8445,0.7339
peak_prom50,3599,0388,Potter,109,0,1,1.2679,1.9261,0.7512
peak_prom50,3599,0986,StarWars,109,0,1,1.2843,2.6596,0.3844
peak_prom50,3599,1078,StarWars,109,0,1,1.3088,2.6505,0.3711
peak_prom50,3599,3457,Hakuna,109,1,1,1.0348,0.6445,0.9761
peak_prom50,3599,3837,Hakuna,109,1,1,1.0327,0.8115,0.9428
peak_prom50,3601,0350,Potter,72,0,1,1.1268,1.7310,0.6801
peak_prom50,3601,0506,Potter,72,0,1,1.2366,1.5403,0.7808
peak_prom50,3601,1215,StarWars,72,0,1,1.0732,2.3838,0.7311
peak_prom50,3601,1478,StarWars,72,0,1,1.4244,2.7060,0.4137
peak_prom50,3601,3666,Hakuna,72,1,1,1.0756,0.4951,0.9723
peak_prom50,3601,4069,Hakuna,72,1,1,1.0098,0.4795,0.8895
peak_prom50,3602,0424,Potter,38,0,1,1.1033,1.5878,0.4587
peak_prom50,3602,0829,Potter,38,0,1,1.0705,1.5699,0.4939
peak_prom50,3602,1149,StarWars,38,0,1,0.9721,1.5130,0.6217
peak_prom50,3602,1273,StarWars,38,0,1,0.9525,1.5628,0.4893
peak_prom50,3602,3506,Hakuna,38,1,1,0.8705,0.5793,0.9002
peak_prom50,3602,3732,Hakuna,38,1,1,0.9344,0.7110,0.8433
peak_prom50,3611,0136,Potter,144,0,1,0.7446,1.1475,0.5542
peak_prom50,3611,0330,Potter,144,0,1,0.5503,1.2611,0.4652
peak_prom50,3611,1216,StarWars,144,0,1,0.4538,0.9919,0.5973
peak_prom50,3611,1421,StarWars,144,0,1,0.5652,1.1591,0.4961
peak_prom50,3611,3420,Hakuna,144,1,1,0.5272,0.9257,0.7298
peak_prom50,3611,3673,Hakuna,144,1,1,0.5516,0.8732,0.7412
peak_prom50,3616,3846,Hakuna,16,1,1,0.6253,1.4075,0.2933
peak_prom50,3616,4150,Hakuna,16,1,1,0.6029,1.5481,0.0071
peak_prom50,3621,0373,Potter,122,0,1,0.8857,1.5348,0.6159
peak_prom50,3621,0547,Potter,122,0,1,0.7970,1.4972,0.6138
peak_prom50,3621,1408,StarWars,122,0,1,0.5564,1.6552,0.4608
peak_prom50,3621,1495,StarWars,122,0,1,0.4241,1.4881,0.6402
peak_prom50,3621,3595,Hakuna,122,1,1,0.4947,1.0769,0.8658
peak_prom50,3621,3655,Hakuna,122,1,1,0.4226,1.7306,0.5337
peak_prom50,3622,0076,Potter,30,0,1,0.5904,1.9970,0.6069
peak_prom50,3622,0151,Potter,30,0,1,0.7098,1.7338,0.6993
peak_prom50,3622,1101,StarWars,30,0,1,0.8574,1.9672,0.6880
peak_prom50,3622,1369,StarWars,30,0,1,0.7430,2.0534,0.4528
peak_prom50,3622,3443,Hakuna,30,1,1,0.7396,1.2558,0.8418
peak_prom50,3622,3694,Hakuna,30,1,1,0.7098,1.2830,0.7862
peak_prom50,3624,0437,Potter,40,0,1,0.8241,1.5382,0.7006
peak_prom50,3624,0502,Potter,40,0,1,0.5711,2.6098,0.1233
peak_prom50,3624,0892,StarWars,40,0,1,0.6107,2.6686,0.1293
peak_prom50,3624,1600,StarWars,40,0,1,0.8261,2.6764,0.2578
peak_prom50,3624,3966,Hakuna,40,1,1,0.7826,0.8341,0.9102
peak_prom50,3624,4094,Hakuna,40,1,1,0.6502,0.8720,0.9143
peak_prom50,3626,1030,StarWars,212,0,1,0.5275,2.1843,0.3644
peak_prom50,3626,1646,StarWars,212,0,1,0.9222,2.4394,-0.0232
peak_prom50,3626,3761,Hakuna,212,1,1,0.6812,2.0928,0.5521
peak_prom50,3626,3907,Hakuna,212,1,1,0.6376,2.2078,0.5271
peak_prom50,3630,0350,Potter,72,0,1,1.1351,1.7795,0.6841
peak_prom50,3630,0506,Potter,72,0,1,1.2457,1.5381,0.7608
peak_prom50,3630,1215,StarWars,72,0,1,1.0811,2.4763,0.7305
peak_prom50,3630,1478,StarWars,72,0,1,1.4349,2.5980,0.4626
peak_prom50,3630,3666,Hakuna,72,1,1,1.0835,0.4662,0.9696
peak_prom50,3630,4069,Hakuna,72,1,1,1.0172,0.4998,0.8722
peak_prom50,3632,0438,Potter,192,0,1,0.8982,1.1298,0.6379
peak_prom50,3632,0783,Potter,192,0,1,0.7814,1.0719,0.6328
peak_prom50,3632,0909,StarWars,192,0,1,0.9596,1.1750,0.6038
peak_prom50,3632,1642,StarWars,192,0,1,0.9386,1.2362,0.6307
peak_prom50,3632,3741,Hakuna,192,1,1,0.9940,0.9380,0.6135
peak_prom50,3632,4148,Hakuna,192,1,1,1.0629,0.8057,0.8286
peak_prom50,3633,1235,StarWars,178,0,1,0.8090,1.3170,0.5413
peak_prom50,3633,1585,StarWars,178,0,1,0.5799,1.3434,0.4166
peak_prom50,3633,3403,Hakuna,178,1,1,0.6285,1.4080,0.2936
peak_prom50,3633,3665,Hakuna,178,1,1,0.6111,1.5066,0.2225
peak_prom50,3636,0075,Potter,55,0,1,0.6179,1.7662,0.4854
peak_prom50,3636,0785,Potter,55,0,1,0.5356,1.8930,0.5300
peak_prom50,3636,1160,StarWars,55,0,1,0.7258,1.3424,0.7377
peak_prom50,3636,1648,StarWars,55,0,1,1.1115,1.3473,0.6894
peak_prom50,3636,3887,Hakuna,55,1,1,1.0676,1.4103,0.7490
peak_prom50,3636,4060,Hakuna,55,1,1,1.0347,1.1736,0.6649
peak_prom50,3637,0196,Potter,232,0,1,0.7911,1.2998,0.6694
peak_prom50,3637,0603,Potter,232,0,1,1.0422,1.2522,0.6977
peak_prom50,3637,0917,StarWars,232,0,1,1.0907,2.3768,0.2095
peak_prom50,3637,1278,StarWars,232,0,1,0.9726,2.2943,0.0057
peak_prom50,3637,3541,Hakuna,232,1,1,0.7637,1.6522,0.5223
peak_prom50,3637,4111,Hakuna,232,1,1,0.8397,1.6792,0.6653
peak_prom50,3644,0531,Potter,105,0,1,0.8839,1.5391,0.8228
peak_prom50,3644,0583,Potter,105,0,1,0.8917,1.6590,0.8167
peak_prom50,3644,1579,StarWars,105,0,1,0.8704,2.0342,0.7446
peak_prom50,3644,3587,Hakuna,105,1,1,0.7834,0.6241,0.9396
peak_prom50,3644,3906,Hakuna,105,1,1,0.8337,0.4893,0.9752
peak_prom50,3646,0384,Potter,228,0,1,0.1795,1.7330,0.3256
peak_prom50,3646,3896,Hakuna,228,1,1,0.1660,1.4413,0.6554
peak_prom50,3650,0090,Potter,24,0,1,0.6501,1.4641,0.7092
peak_prom50,3650,0320,Potter,24,0,1,0.6625,1.4526,0.7101
peak_prom50,3650,1045,StarWars,24,0,1,0.8171,1.8750,0.5812
peak_prom50,3650,1325,StarWars,24,0,1,0.6785,1.2581,0.7560
peak_prom50,3650,3814,Hakuna,24,1,1,0.8490,0.6216,0.9515
peak_prom50,3650,4118,Hakuna,24,1,1,0.7655,0.7885,0.9126
peak_prom50,3652,0131,Potter,53,0,1,1.4691,1.9901,0.4185
peak_prom50,3652,0689,Potter,53,0,1,1.4753,2.6556,-0.0964
peak_prom50,3652,1269,StarWars,53,0,1,0.9918,2.6078,-0.1219
peak_prom50,3652,1596,StarWars,53,0,1,0.9877,2.5610,-0.1145
peak_prom50,3652,3585,Hakuna,53,1,1,0.9198,0.3978,0.9756
peak_prom50,3652,3856,Hakuna,53,1,1,0.8765,0.4222,0.9683
peak_prom50,3653,0489,Potter,87,0,1,0.9193,1.7983,0.1886
peak_prom50,3653,0684,Potter,87,0,1,0.8544,1.9905,0.0290
peak_prom50,3653,1090,StarWars,87,0,1,0.8465,1.6425,0.3489
peak_prom50,3653,1460,StarWars,87,0,1,0.8750,1.0851,0.7423
peak_prom50,3653,3341,Hakuna,87,1,1,0.8418,0.9622,0.8247
peak_prom50,3653,3728,Hakuna,87,1,1,0.8639,1.1174,0.7626
peak_prom50,3656,0352,Potter,220,0,1,0.7734,1.4385,0.3698
peak_prom50,3656,0755,Potter,220,0,1,0.9622,1.2231,0.6401
peak_prom50,3656,1052,StarWars,220,0,1,0.2604,1.3207,0.4103
peak_prom50,3656,1207,StarWars,220,0,1,0.6660,1.4019,0.3157
peak_prom50,3656,3568,Hakuna,220,1,1,0.4056,1.4570,0.3065
peak_prom50,3657,0041,Potter,151,0,1,1.1933,1.2011,0.7706
peak_prom50,3657,0778,Potter,151,0,1,1.3067,1.1760,0.7563
peak_prom50,3657,1060,StarWars,151,0,1,1.3800,1.9506,0.4366
peak_prom50,3657,1252,StarWars,151,0,1,1.3711,1.8578,0.5038
peak_prom50,3657,3523,Hakuna,151,1,1,1.0089,0.5666,0.9433
peak_prom50,3657,3573,Hakuna,151,1,1,1.0822,0.6435,0.6975
peak_prom50,3658,0254,Potter,129,0,1,1.5456,1.8484,0.6793
peak_prom50,3658,0554,Potter,129,0,1,1.5265,1.8895,0.6671
peak_prom50,3658,1014,StarWars,129,0,1,0.9384,1.9299,0.5985
peak_prom50,3658,1167,StarWars,129,0,1,0.8662,1.6042,0.7178
peak_prom50,3658,3576,Hakuna,129,1,1,0.8917,0.9690,0.8924
peak_prom50,3658,3651,Hakuna,129,1,1,0.9002,1.0832,0.8695
peak_prom50,3659,0181,Potter,13,0,1,1.1061,1.5508,0.6644
peak_prom50,3659,0299,Potter,13,0,1,0.9300,1.5863,0.6901
peak_prom50,3659,1619,StarWars,13,0,1,0.8510,1.1470,0.6709
peak_prom50,3659,3353,Hakuna,13,1,1,0.9571,0.6705,0.8224
peak_prom50,3659,4020,Hakuna,13,1,1,1.0090,0.8312,0.7082
peak_prom50,3660,0673,Potter,89,0,1,0.5059,1.5974,0.4707
peak_prom50,3660,3769,Hakuna,89,1,1,0.8101,1.5439,0.2926
peak_prom50,3660,4107,Hakuna,89,1,1,0.6538,1.2340,0.7582
peak_prom50,3663,0125,Potter,205,0,1,0.6667,1.8605,0.6501
peak_prom50,3663,0359,Potter,205,0,1,0.6499,1.5893,0.8027
peak_prom50,3663,0966,StarWars,205,0,1,0.7128,1.7381,0.7298
peak_prom50,3663,1480,StarWars,205,0,1,0.6939,1.9700,0.4554
peak_prom50,3663,3529,Hakuna,205,1,1,0.5304,1.6469,0.7786
peak_prom50,3663,3581,Hakuna,205,1,1,0.6394,1.5755,0.7195
peak_prom50,3669,0361,Potter,46,0,1,0.9239,1.4053,0.8311
peak_prom50,3669,0632,Potter,46,0,1,0.8754,1.2374,0.8594
peak_prom50,3669,0841,StarWars,46,0,1,0.9360,1.8750,0.7079
peak_prom50,3669,1237,StarWars,46,0,1,0.8962,1.8919,0.6660
peak_prom50,3669,3661,Hakuna,46,1,1,0.8183,0.4277,0.9775
peak_prom50,3669,4156,Hakuna,46,1,1,0.8875,0.4169,0.9761
peak_prom50,3674,0181,Potter,13,0,1,1.0793,1.5092,0.6930
peak_prom50,3674,0299,Potter,13,0,1,0.9075,1.7646,0.5425
peak_prom50,3674,1619,StarWars,13,0,1,0.8304,1.0894,0.7078
peak_prom50,3674,3353,Hakuna,13,1,1,0.9339,0.5763,0.8801
peak_prom50,3674,4020,Hakuna,13,1,1,0.9846,0.6965,0.8090
peak_prom50,3677,0311,Potter,218,0,1,0.6985,2.1780,0.6075
peak_prom50,3677,0518,Potter,218,0,1,0.5226,2.3241,0.5945
peak_prom50,3677,0994,StarWars,218,0,1,0.6784,2.9999,0.3925
peak_prom50,3677,1220,StarWars,218,0,1,0.5662,2.4439,0.4131
peak_prom50,3677,3475,Hakuna,218,1,1,0.6265,0.7010,0.9563
peak_prom50,3677,3521,Hakuna,218,1,1,0.7755,1.0412,0.8053
peak_prom50,3681,0397,Potter,20,0,1,0.6065,1.7067,0.6784
peak_prom50,3681,0513,Potter,20,0,1,0.4079,1.8018,0.6846
peak_prom50,3681,1297,StarWars,20,0,1,0.6444,2.0130,0.4895
peak_prom50,3681,1582,StarWars,20,0,1,0.6173,1.6947,0.6687
peak_prom50,3681,3642,Hakuna,20,1,1,0.6895,0.8536,0.9072
peak_prom50,3681,3992,Hakuna,20,1,1,0.6227,0.9273,0.8884
peak_prom50,3684,0073,Potter,189,0,1,0.7784,2.3180,0.4471
peak_prom50,3684,0298,Potter,189,0,1,0.7872,1.8074,0.5204
peak_prom50,3684,1251,StarWars,189,0,1,0.8369,1.5797,0.4997
peak_prom50,3684,1497,StarWars,189,0,1,0.8635,1.5561,0.5041
peak_prom50,3684,3342,Hakuna,189,1,1,0.8564,0.9463,0.8422
peak_prom50,3685,0055,Potter,200,0,1,0.9778,2.2360,0.3762
peak_prom50,3685,0417,Potter,200,0,1,0.8646,2.3428,0.3939
peak_prom50,3685,1015,StarWars,200,0,1,0.9960,2.0505,0.5077
peak_prom50,3685,1626,StarWars,200,0,1,0.8848,2.2626,0.4506
peak_prom50,3685,3586,Hakuna,200,1,1,0.7677,1.1490,0.4297
peak_prom50,3685,3862,Hakuna,200,1,1,0.8384,1.1242,0.5494
peak_prom50,3698,0140,Potter,175,0,1,0.3671,3.6389,0.4087
peak_prom50,3698,0758,Potter,175,0,1,0.5839,3.4422,-0.0483
peak_prom50,3698,1428,StarWars,175,0,1,0.3164,2.9569,0.3129
peak_prom50,3698,1599,StarWars,175,0,1,0.4021,2.5972,0.4839
peak_prom50,3698,3425,Hakuna,175,1,1,0.1556,2.2322,0.4765
peak_prom50,3703,0370,Potter,153,0,1,0.7978,1.3817,0.6170
peak_prom50,3703,0710,Potter,153,0,1,0.8694,1.4955,0.5614
peak_prom50,3703,0882,StarWars,153,0,1,0.9143,1.4078,0.6510
peak_prom50,3703,1138,StarWars,153,0,1,0.8034,1.4872,0.2520
peak_prom50,3703,3534,Hakuna,153,1,1,0.9803,1.4488,0.6073
peak_prom50,3703,3689,Hakuna,153,1,1,0.9171,1.4766,0.6497
peak_prom50,3713,0666,Potter,185,0,1,1.0558,1.3230,0.7910
peak_prom50,3713,1173,StarWars,185,0,1,1.1222,1.8125,0.4566
peak_prom50,3713,3561,Hakuna,185,1,1,1.0017,1.0165,0.9019
peak_prom50,3713,3613,Hakuna,185,1,1,0.2094,1.6829,0.4402
peak_prom50,3714,0068,Potter,134,0,1,0.9320,1.7299,0.5410
peak_prom50,3714,0695,Potter,134,0,1,0.2755,1.8134,0.2529
peak_prom50,3714,1461,StarWars,134,0,1,0.4609,1.6054,0.7109
peak_prom50,3714,1589,StarWars,134,0,1,0.5527,1.7669,0.5597
peak_prom50,3714,3780,Hakuna,134,1,1,0.5289,1.6740,0.6091
peak_prom50,3714,3912,Hakuna,134,1,1,0.4915,1.7437,0.5997
peak_prom50,3721,0361,Potter,46,0,1,0.9255,1.2556,0.8503
peak_prom50,3721,0632,Potter,46,0,1,0.8769,1.2126,0.8715
peak_prom50,3721,0841,StarWars,46,0,1,0.9376,1.8174,0.7076
peak_prom50,3721,1237,StarWars,46,0,1,0.8977,1.8731,0.6265
peak_prom50,3721,3661,Hakuna,46,1,1,0.8198,0.4216,0.9806
peak_prom50,3721,4156,Hakuna,46,1,1,0.8891,0.3857,0.9821
peak_prom50,3726,0243,Potter,139,0,1,1.0189,1.2819,0.6860
peak_prom50,3726,0824,Potter,139,0,1,0.9091,1.1721,0.7605
peak_prom50,3726,0999,StarWars,139,0,1,0.8580,1.0341,0.8327
peak_prom50,3726,1240,StarWars,139,0,1,0.7595,1.5646,0.5523
peak_prom50,3726,3969,Hakuna,139,1,1,0.8447,0.6557,0.9100
peak_prom50,3726,4035,Hakuna,139,1,1,0.8504,0.7917,0.8401
peak_prom50,3727,0102,Potter,191,0,1,0.9959,1.3043,0.5632
peak_prom50,3727,0426,Potter,191,0,1,0.9857,1.1861,0.5874
peak_prom50,3727,0993,StarWars,191,0,1,0.7566,1.2161,0.6002
peak_prom50,3727,1506,StarWars,191,0,1,1.0900,1.3464,0.4849
peak_prom50,3727,3928,Hakuna,191,1,1,1.0245,1.1656,0.6346
peak_prom50,3727,3984,Hakuna,191,1,1,0.7669,1.0557,0.7445
peak_prom50,3730,0328,Potter,106,0,1,0.5065,1.4358,0.6134
peak_prom50,3730,0777,Potter,106,0,1,0.5833,1.6355,0.3154
peak_prom50,3730,1062,StarWars,106,0,1,0.4657,1.2302,0.6387
peak_prom50,3730,1581,StarWars,106,0,1,0.1095,1.4547,0.6129
peak_prom50,3730,3427,Hakuna,106,1,1,0.5833,1.2868,0.6191
peak_prom50,3730,4075,Hakuna,106,1,1,0.4673,1.4740,0.5463
peak_prom50,3735,0504,Potter,90,0,1,0.6908,1.7154,0.6184
peak_prom50,3735,0597,Potter,90,0,1,0.6695,1.9447,0.4930
peak_prom50,3735,0886,StarWars,90,0,1,0.7878,1.5553,0.5747
peak_prom50,3735,1075,StarWars,90,0,1,0.7985,1.5230,0.5588
peak_prom50,3735,3378,Hakuna,90,1,1,0.6183,1.5202,0.6189
peak_prom50,3735,3455,Hakuna,90,1,1,0.7591,1.8989,0.2083
peak_prom50,3738,0158,Potter,98,0,1,0.1761,1.3370,0.5266
peak_prom50,3738,0450,Potter,98,0,1,0.0957,1.3944,0.4273
peak_prom50,3738,1654,StarWars,98,0,1,0.2308,1.1607,0.6605
peak_prom50,3738,3993,Hakuna,98,1,1,0.1179,3.8629,-0.1339
peak_prom50,3739,0019,Potter,73,0,1,0.9571,4.2145,0.2639
peak_prom50,3739,0078,Potter,73,0,1,0.8301,2.1046,0.4589
peak_prom50,3739,1154,StarWars,73,0,1,0.6977,2.7906,0.1997
peak_prom50,3739,1359,StarWars,73,0,1,0.7889,2.1935,0.5172
peak_prom50,3739,3857,Hakuna,73,1,1,0.7120,2.5285,0.1297
peak_prom50,3740,0477,Potter,17,0,1,1.3615,1.5940,0.6726
peak_prom50,3740,0558,Potter,17,0,1,1.3009,1.5238,0.6960
peak_prom50,3740,1609,StarWars,17,0,1,1.3052,1.6676,0.6573
peak_prom50,3740,1620,StarWars,17,0,1,1.2576,1.5116,0.7659
peak_prom50,3740,3878,Hakuna,17,1,1,1.3398,1.3213,0.7480
peak_prom50,3740,4105,Hakuna,17,1,1,1.3766,1.1967,0.7515
peak_prom50,3742,0072,Potter,15,0,1,1.0466,1.8747,0.6889
peak_prom50,3742,0465,Potter,15,0,1,1.1842,2.0630,0.6172
peak_prom50,3742,0877,StarWars,15,0,1,1.1012,1.7794,0.6979
peak_prom50,3742,1633,StarWars,15,0,1,1.0445,3.0191,0.1979
peak_prom50,3742,3996,Hakuna,15,1,1,1.0081,0.7728,0.8525
peak_prom50,3742,4096,Hakuna,15,1,1,1.0789,0.6748,0.9440
peak_prom50,3743,0186,Potter,22,0,1,0.9653,1.7201,0.5083
peak_prom50,3743,1340,StarWars,22,0,1,0.9714,1.7408,0.4903
peak_prom50,3743,3791,Hakuna,22,1,1,1.2061,1.5272,0.5950
peak_prom50,3743,3834,Hakuna,22,1,1,1.1755,1.6640,0.5473
peak_prom50,3749,0158,Potter,98,0,1,0.1746,1.3767,0.4739
peak_prom50,3749,0450,Potter,98,0,1,0.0949,1.4632,0.2922
peak_prom50,3749,1654,StarWars,98,0,1,0.2288,1.2060,0.5357
peak_prom50,3749,3993,Hakuna,98,1,1,0.1169,3.8280,-0.0248
peak_prom50,3751,0187,Potter,214,0,1,0.7444,2.2060,0.6821
peak_prom50,3751,0702,Potter,214,0,1,0.8228,2.0968,0.7695
peak_prom50,3751,1540,StarWars,214,0,1,0.8041,2.6416,0.4882
peak_prom50,3751,1618,StarWars,214,0,1,0.8396,2.6680,0.4373
peak_prom50,3751,3941,Hakuna,214,1,1,0.9813,2.0955,0.7222
peak_prom50,3751,4078,Hakuna,214,1,1,0.8881,2.1999,0.7159
peak_prom50,3756,0425,Potter,5,0,1,1.0276,1.5909,0.7249
peak_prom50,3756,0528,Potter,5,0,1,1.0568,1.7276,0.7408
peak_prom50,3756,0854,StarWars,5,0,1,1.0162,1.7040,0.7174
peak_prom50,3756,1444,StarWars,5,0,1,1.0519,2.1291,0.5047
peak_prom50,3756,3606,Hakuna,5,1,1,0.8685,0.8987,0.9136
peak_prom50,3756,3860,Hakuna,5,1,1,0.9205,0.7243,0.9235
peak_prom50,3757,0680,Potter,123,0,1,0.9423,2.1179,0.3850
peak_prom50,3757,0835,Potter,123,0,1,0.6906,1.6385,0.5922
peak_prom50,3757,1196,StarWars,123,0,1,0.8374,2.1118,0.6863
peak_prom50,3757,1378,StarWars,123,0,1,0.9213,2.0006,0.7504
peak_prom50,3757,3567,Hakuna,123,1,1,0.7168,0.4094,0.9768
peak_prom50,3757,3787,Hakuna,123,1,1,0.7657,0.4049,0.9712
peak_prom50,3758,0198,Potter,67,0,1,1.2888,1.9976,0.6229
peak_prom50,3758,0369,Potter,67,0,1,1.1193,1.7379,0.7019
peak_prom50,3758,1298,StarWars,67,0,1,1.2482,2.1873,0.4443
peak_prom50,3758,1326,StarWars,67,0,1,1.0811,2.7305,0.2891
peak_prom50,3758,3412,Hakuna,67,1,1,0.8974,0.9561,0.9044
peak_prom50,3758,3447,Hakuna,67,1,1,0.9833,0.6354,0.9589
peak_prom50,3770,0326,Potter,23,0,1,1.1053,1.5221,0.7471
peak_prom50,3770,0682,Potter,23,0,1,0.7212,1.3447,0.7716
peak_prom50,3770,1335,StarWars,23,0,1,0.9727,1.8601,0.4147
peak_prom50,3770,1448,StarWars,23,0,1,0.8051,2.0827,0.3476
peak_prom50,3771,0087,Potter,43,0,1,0.4272,2.8712,0.1138
peak_prom50,3771,0212,Potter,43,0,1,0.5236,2.9172,0.1442
peak_prom50,3771,1314,StarWars,43,0,1,0.7421,2.8361,0.3396
peak_prom50,3771,1490,StarWars,43,0,1,0.6811,2.5816,0.2706
peak_prom50,3771,3478,Hakuna,43,1,1,0.7126,0.9996,0.7879
peak_prom50,3771,3825,Hakuna,43,1,1,0.5768,1.0415,0.7634
peak_prom50,3775,0377,Potter,234,0,1,0.7917,1.3681,0.7848
peak_prom50,3775,0406,Potter,234,0,1,0.9375,1.6392,0.7203
peak_prom50,3775,0906,StarWars,234,0,1,0.9735,1.8015,0.6898
peak_prom50,3775,3484,Hakuna,234,1,1,0.8996,0.9185,0.9134
peak_prom50,3775,3975,Hakuna,234,1,1,0.9413,0.9616,0.9132
peak_prom50,3777,3474,Hakuna,82,1,1,0.5194,1.6683,0.4556
peak_prom50,3777,3654,Hakuna,82,1,1,0.6735,1.6817,0.6139
peak_prom50,3779,0243,Potter,139,0,1,1.1956,1.6213,0.3766
peak_prom50,3779,0824,Potter,139,0,1,1.0667,1.4005,0.6264
peak_prom50,3779,0999,StarWars,139,0,1,1.0067,1.3537,0.7031
peak_prom50,3779,1240,StarWars,139,0,1,0.8911,1.1124,0.8163
peak_prom50,3779,3969,Hakuna,139,1,1,0.9911,0.7776,0.7887
peak_prom50,3779,4035,Hakuna,139,1,1,0.9978,0.7708,0.8123
peak_prom50,3788,0136,Potter,144,0,1,0.9195,1.0410,0.6775
peak_prom50,3788,0330,Potter,144,0,1,0.6795,1.5092,0.3626
peak_prom50,3788,1216,StarWars,144,0,1,0.5604,1.1228,0.4390
peak_prom50,3788,1421,StarWars,144,0,1,0.6980,1.0549,0.5218
peak_prom50,3788,3420,Hakuna,144,1,1,0.6510,1.1191,0.3835
peak_prom50,3788,3673,Hakuna,144,1,1,0.6812,1.0869,0.4215
peak_prom50,3792,0408,Potter,145,0,1,1.0257,2.9022,0.4431
peak_prom50,3792,0619,Potter,145,0,1,1.0736,1.4425,0.8422
peak_prom50,3792,0956,StarWars,145,0,1,1.2277,2.1580,0.6765
peak_prom50,3792,1199,StarWars,145,0,1,1.1832,2.1550,0.6701
peak_prom50,3792,3712,Hakuna,145,1,1,1.1233,0.4808,0.9712
peak_prom50,3792,3793,Hakuna,145,1,1,1.1918,0.4785,0.9670
peak_prom50,3797,0288,Potter,208,0,1,1.5227,0.7827,0.5849
peak_prom50,3797,0482,Potter,208,0,1,1.5177,0.8790,0.3247
peak_prom50,3797,1399,StarWars,208,0,1,1.0227,0.7675,0.3555
peak_prom50,3797,1436,StarWars,208,0,1,0.5808,0.7569,0.5472
peak_prom50,3797,3519,Hakuna,208,1,1,0.9167,0.8515,0.4570
peak_prom50,3798,0019,Potter,73,0,1,1.0552,3.0977,0.4719
peak_prom50,3798,0078,Potter,73,0,1,0.9152,1.4498,0.4554
peak_prom50,3798,1154,StarWars,73,0,1,0.7692,1.8358,0.1938
peak_prom50,3798,1359,StarWars,73,0,1,0.8698,1.3618,0.5110
peak_prom50,3798,3857,Hakuna,73,1,1,0.7850,1.4210,0.3306
peak_prom50,3800,0081,Potter,49,0,1,0.9059,1.7758,0.7404
peak_prom50,3800,0423,Potter,49,0,1,0.9863,1.9426,0.6553
peak_prom50,3800,1420,StarWars,49,0,1,0.9980,1.3980,0.8241
peak_prom50,3800,3920,Hakuna,49,1,1,1.0510,0.7019,0.9347
peak_prom50,3800,4138,Hakuna,49,1,1,0.9980,0.6745,0.9577
peak_prom50,3801,0616,Potter,71,0,1,0.4970,2.4947,0.5366
peak_prom50,3801,0753,Potter,71,0,1,0.5325,1.9833,0.6988
peak_prom50,3801,3542,Hakuna,71,1,1,0.1065,1.4062,0.7982
peak_prom50,3801,3755,Hakuna,71,1,1,0.1228,1.9393,0.5167
peak_prom50,3809,0010,Potter,92,0,1,0.9398,1.4744,0.7737
peak_prom50,3809,0232,Potter,92,0,1,0.8407,1.5793,0.7604
peak_prom50,3809,0893,StarWars,92,0,1,0.8065,1.9581,0.6787
peak_prom50,3809,0922,StarWars,92,0,1,0.8976,1.7478,0.7467
peak_prom50,3809,4028,Hakuna,92,1,1,0.8520,0.7429,0.9375
peak_prom50,3811,0504,Potter,90,0,1,1.0435,1.3917,0.7134
peak_prom50,3811,0597,Potter,90,0,1,1.0113,1.4026,0.7571
peak_prom50,3811,0886,StarWars,90,0,1,1.1900,1.9078,0.5394
peak_prom50,3811,1075,StarWars,90,0,1,1.2061,1.9205,0.4831
peak_prom50,3811,3378,Hakuna,90,1,1,0.9340,1.3361,0.7343
peak_prom50,3811,3455,Hakuna,90,1,1,1.1465,2.3768,0.1841
peak_prom50,3815,0111,Potter,100,0,1,1.0739,0.7505,0.4728
peak_prom50,3815,0407,Potter,100,0,1,0.7354,0.6901,0.5400
peak_prom50,3815,1040,StarWars,100,0,1,1.1443,0.6265,0.5913
peak_prom50,3815,1344,StarWars,100,0,1,0.4691,0.7176,0.4288
peak_prom50,3815,3448,Hakuna,100,1,1,0.7371,0.8294,0.3352
peak_prom50,3815,4068,Hakuna,100,1,1,0.8488,0.6269,0.6398
peak_prom50,3816,0087,Potter,43,0,1,0.4411,2.3515,0.2702
peak_prom50,3816,0212,Potter,43,0,1,0.5407,2.6003,0.4449
peak_prom50,3816,1314,StarWars,43,0,1,0.7663,2.1695,0.4163
peak_prom50,3816,1490,StarWars,43,0,1,0.7033,1.9224,0.4142
peak_prom50,3816,3478,Hakuna,43,1,1,0.7358,0.7430,0.7355
peak_prom50,3816,3825,Hakuna,43,1,1,0.5955,0.8928,0.7425
peak_prom50,3818,0194,Potter,169,0,1,0.8327,2.5586,0.2329
peak_prom50,3818,0728,Potter,169,0,1,0.5194,2.3526,0.5577
peak_prom50,3818,0848,StarWars,169,0,1,0.7165,2.3629,0.4086
peak_prom50,3818,1533,StarWars,169,0,1,0.5951,2.3840,0.3422
peak_prom50,3818,3399,Hakuna,169,1,1,0.7729,2.2204,0.4497
peak_prom50,3818,3605,Hakuna,169,1,1,0.7130,2.1617,0.5301
peak_prom50,3819,0140,Potter,175,0,1,0.4126,4.0535,0.2054
peak_prom50,3819,0758,Potter,175,0,1,0.6562,4.3276,0.4293
peak_prom50,3819,1428,StarWars,175,0,1,0.3556,3.2700,0.3629
peak_prom50,3819,1599,StarWars,175,0,1,0.4519,3.0954,0.4824
peak_prom50,3819,3425,Hakuna,175,1,1,0.1749,2.9890,0.2912
peak_prom50,3821,0756,Potter,219,0,1,0.8718,1.3046,0.5143
peak_prom50,3821,0805,Potter,219,0,1,1.2023,1.3863,0.4626
peak_prom50,3821,0988,StarWars,219,0,1,1.1595,1.7500,0.1024
peak_prom50,3821,1255,StarWars,219,0,1,1.0228,1.4810,0.5189
peak_prom50,3821,3355,Hakuna,219,1,1,1.1738,1.5372,0.2816
peak_prom50,3821,3635,Hakuna,219,1,1,1.2308,1.5740,0.0533
peak_prom50,3826,0762,Potter,69,0,1,0.5104,1.2872,0.3488
peak_prom50,3826,0771,Potter,69,0,1,1.0924,1.1735,0.4468
peak_prom50,3826,1323,StarWars,69,0,1,0.6490,1.5584,-0.1103
peak_prom50,3826,1496,StarWars,69,0,1,0.6536,1.1759,0.3363
peak_prom50,3826,3410,Hakuna,69,1,1,1.0370,1.6736,0.2156
peak_prom50,3826,3782,Hakuna,69,1,1,0.5289,3.8411,0.4938
peak_prom50,3831,0286,Potter,47,0,1,0.7945,1.2481,0.7309
peak_prom50,3831,0443,Potter,47,0,1,0.7119,1.2960,0.6427
peak_prom50,3831,1258,StarWars,47,0,1,0.8941,1.5822,0.5286
peak_prom50,3831,1300,StarWars,47,0,1,0.6441,1.4820,0.6133
peak_prom50,3831,4019,Hakuna,47,1,1,0.8559,1.1994,0.6182
peak_prom50,3831,4044,Hakuna,47,1,1,1.0233,1.0977,0.7411
peak_prom50,3832,0427,Potter,174,0,1,0.8328,1.3924,0.7852
peak_prom50,3832,0577,Potter,174,0,1,0.7656,1.9158,0.5449
peak_prom50,3832,1403,StarWars,174,0,1,0.6250,2.0967,0.5332
peak_prom50,3832,1502,StarWars,174,0,1,0.8313,1.9622,0.6736
peak_prom50,3832,3424,Hakuna,174,1,1,0.7406,1.2136,0.8690
peak_prom50,3832,4122,Hakuna,174,1,1,0.6562,1.1913,0.8727
peak_prom50,3833,0044,Potter,217,0,1,1.0285,1.0990,0.8302
peak_prom50,3833,0101,Potter,217,0,1,1.1424,1.1939,0.8523
peak_prom50,3833,1131,StarWars,217,0,1,1.0570,1.9439,0.6418
peak_prom50,3833,1509,StarWars,217,0,1,1.0720,1.9882,0.5790
peak_prom50,3833,3701,Hakuna,217,1,1,0.9045,0.8558,0.8983
peak_prom50,3833,4103,Hakuna,217,1,1,0.8208,0.9306,0.8781
peak_prom50,3850,0649,Potter,197,0,1,0.7741,1.6751,0.6763
peak_prom50,3850,0688,Potter,197,0,1,1.0079,1.5828,0.7471
peak_prom50,3850,0921,StarWars,197,0,1,0.9745,1.7133,0.6123
peak_prom50,3850,1322,StarWars,197,0,1,0.6758,1.4281,0.7084
peak_prom50,3850,3512,Hakuna,197,1,1,0.8644,0.5090,0.9594
peak_prom50,3850,3851,Hakuna,197,1,1,0.9234,0.3919,0.9107
peak_prom50,3853,0145,Potter,141,0,1,0.6152,1.9967,0.4329
peak_prom50,3853,0620,Potter,141,0,1,0.2229,1.5173,0.5039
peak_prom50,3853,1636,StarWars,141,0,1,0.7143,1.5199,0.3726
peak_prom50,3853,1652,StarWars,141,0,1,0.3867,1.8160,0.1202
peak_prom50,3853,3687,Hakuna,141,1,1,0.6533,1.2318,0.7148
peak_prom50,3853,3895,Hakuna,141,1,1,0.6571,1.0860,0.7650
peak_prom50,3859,3474,Hakuna,82,1,1,0.5258,1.5247,0.3525
peak_prom50,3859,3654,Hakuna,82,1,1,0.6818,1.4777,0.5506
peak_prom50,3864,0553,Potter,0,0,1,0.7779,2.1899,0.4425
peak_prom50,3864,0590,Potter,0,0,1,0.7750,2.1361,0.4508
peak_prom50,3864,0915,StarWars,0,0,1,0.4180,2.2726,0.4747
peak_prom50,3864,1140,StarWars,0,0,1,0.3614,2.9701,0.4109
peak_prom50,3864,3690,Hakuna,0,1,1,0.5138,2.2205,0.3080
peak_prom50,3864,4031,Hakuna,0,1,1,0.5791,1.3066,0.5982
peak_prom50,3871,0186,Potter,22,0,1,0.8085,1.2924,0.7709
peak_prom50,3871,1340,StarWars,22,0,1,0.8137,1.4661,0.6484
peak_prom50,3871,3791,Hakuna,22,1,1,1.0103,1.6923,0.3788
peak_prom50,3871,3834,Hakuna,22,1,1,0.9846,1.5633,0.4603
peak_prom50,3873,0229,Potter,230,0,1,1.0302,1.7255,0.8010
peak_prom50,3873,0245,Potter,230,0,1,1.0235,1.6733,0.8098
peak_prom50,3873,1010,StarWars,230,0,1,0.8960,2.0627,0.7534
peak_prom50,3873,1048,StarWars,230,0,1,1.1258,3.2485,0.4115
peak_prom50,3873,3670,Hakuna,230,1,1,0.8540,0.6169,0.9786
peak_prom50,3873,3702,Hakuna,230,1,1,0.9077,0.4635,0.9811
peak_prom50,3874,0081,Potter,49,0,1,0.7884,1.7384,0.6552
peak_prom50,3874,0423,Potter,49,0,1,0.8584,1.8658,0.6185
peak_prom50,3874,1420,StarWars,49,0,1,0.8686,1.3089,0.7535
peak_prom50,3874,3920,Hakuna,49,1,1,0.9147,0.8609,0.9172
peak_prom50,3874,4138,Hakuna,49,1,1,0.8686,1.1243,0.8943
peak_prom50,3875,0787,Potter,136,0,1,1.1375,1.7695,0.3611
peak_prom50,3875,0837,Potter,136,0,1,1.1735,1.7546,0.3309
peak_prom50,3875,1004,StarWars,136,0,1,1.1976,1.3337,0.6562
peak_prom50,3875,1042,StarWars,136,0,1,1.2457,1.4913,0.5779
peak_prom50,3875,3526,Hakuna,136,1,1,1.2285,1.6669,0.2825
peak_prom50,3875,3943,Hakuna,136,1,1,1.2285,1.6669,0.2825
peak_prom50,3888,0508,Potter,120,0,1,1.6455,2.2449,0.3746
peak_prom50,3888,0559,Potter,120,0,1,1.5273,2.3259,0.4161
peak_prom50,3888,0878,StarWars,120,0,1,1.3818,2.7203,-0.0595
peak_prom50,3888,1449,StarWars,120,0,1,1.3114,2.2253,0.0563
peak_prom50,3888,3503,Hakuna,120,1,1,0.9136,0.4800,0.9708
peak_prom50,3888,3549,Hakuna,120,1,1,1.0364,0.4660,0.9701
peak_prom50,3892,0008,Potter,213,0,1,1.2309,1.7595,0.7911
peak_prom50,3892,0681,Potter,213,0,1,1.2008,1.7657,0.7735
peak_prom50,3892,0860,StarWars,213,0,1,1.4116,2.2562,0.6962
peak_prom50,3892,1317,StarWars,213,0,1,1.3494,2.1324,0.7193
peak_prom50,3892,3548,Hakuna,213,1,1,0.9116,0.5338,0.9663
peak_prom50,3892,3720,Hakuna,213,1,1,1.0161,0.4459,0.9733
peak_prom50,3900,0787,Potter,136,0,1,1.1375,1.7693,0.3612
peak_prom50,3900,0837,Potter,136,0,1,1.1735,1.7544,0.3309
peak_prom50,3900,1004,StarWars,136,0,1,1.1976,1.3335,0.6562
peak_prom50,3900,1042,StarWars,136,0,1,1.2457,1.4911,0.5779
peak_prom50,3900,3526,Hakuna,136,1,1,1.2285,1.6667,0.2825
peak_prom50,3900,3943,Hakuna,136,1,1,1.2285,1.6667,0.2825
peak_prom50,3902,3846,Hakuna,16,1,1,0.7041,1.0141,0.5740
peak_prom50,3902,4150,Hakuna,16,1,1,0.6789,1.1483,0.3556
peak_prom50,3903,0673,Potter,89,0,1,0.4839,1.3399,0.5919
peak_prom50,3903,3769,Hakuna,89,1,1,0.7749,1.1806,0.4891
peak_prom50,3903,4107,Hakuna,89,1,1,0.6254,0.9992,0.7399
peak_prom50,3908,0418,Potter,111,0,1,0.5609,1.5508,0.2949
peak_prom50,3908,0454,Potter,111,0,1,0.5575,1.4303,0.6068
peak_prom50,3908,0940,StarWars,111,0,1,0.4597,1.6314,0.3563
peak_prom50,3908,1398,StarWars,111,0,1,0.3139,1.7040,0.1672
peak_prom50,3908,4091,Hakuna,111,1,1,0.3636,1.3183,0.7386
peak_prom50,3908,4133,Hakuna,111,1,1,0.2642,1.6952,0.2822
peak_prom50,3911,0038,Potter,207,0,1,1.0935,1.6280,0.7619
peak_prom50,3911,0672,Potter,207,0,1,1.1028,1.5670,0.7845
peak_prom50,3911,1206,StarWars,207,0,1,0.7383,1.5965,0.7564
peak_prom50,3911,1265,StarWars,207,0,1,0.7626,1.8018,0.7035
peak_prom50,3911,3446,Hakuna,207,1,1,1.0093,0.3522,0.9862
peak_prom50,3911,3565,Hakuna,207,1,1,0.9925,0.4014,0.9832
peak_prom50,3922,0997,StarWars,135,0,1,0.6765,2.1299,0.2470
peak_prom50,3922,1195,StarWars,135,0,1,0.6324,2.4975,0.2977
peak_prom50,3922,3501,Hakuna,135,1,1,0.6158,1.2131,0.4355
peak_prom50,3922,4070,Hakuna,135,1,1,0.8015,1.1844,0.3040
peak_prom50,3923,0708,Potter,9,0,1,0.6181,1.3227,0.7025
peak_prom50,3923,0757,Potter,9,0,1,0.8059,1.6192,0.6539
peak_prom50,3923,1280,StarWars,9,0,1,0.3586,1.4485,0.6490
peak_prom50,3923,1463,StarWars,9,0,1,0.4262,1.5954,0.5532
peak_prom50,3923,3431,Hakuna,9,1,1,0.2342,1.6388,0.4699
peak_prom50,3923,3525,Hakuna,9,1,1,0.2236,1.1869,0.7620
peak_prom50,3925,0004,Potter,160,0,1,0.9435,2.5799,0.4005
peak_prom50,3925,0517,Potter,160,0,1,0.8187,2.5981,0.3111
peak_prom50,3925,1390,StarWars,160,0,1,1.1267,2.5469,0.4620
peak_prom50,3925,1641,StarWars,160,0,1,1.2086,2.7498,0.3097
peak_prom50,3925,3786,Hakuna,160,1,1,1.0273,2.1268,0.7341
peak_prom50,3925,3994,Hakuna,160,1,1,1.0039,2.0510,0.6897
peak_prom50,3927,0371,Potter,52,0,1,0.9360,2.5250,0.4135
peak_prom50,3927,0529,Potter,52,0,1,0.8626,2.2403,0.3754
peak_prom50,3927,0954,StarWars,52,0,1,0.9360,1.6590,0.6339
peak_prom50,3927,1331,StarWars,52,0,1,0.9242,1.9639,0.6396
peak_prom50,3927,3349,Hakuna,52,1,1,1.0024,0.7493,0.7843
peak_prom50,3927,3915,Hakuna,52,1,1,1.0521,0.6797,0.9012
peak_prom50,3932,0356,Potter,196,0,1,0.9340,1.4510,0.7376
peak_prom50,3932,0686,Potter,196,0,1,0.8872,2.0479,0.5229
peak_prom50,3932,0907,StarWars,196,0,1,0.8000,2.5738,0.5219
peak_prom50,3932,1611,StarWars,196,0,1,0.7553,1.7811,0.6850
peak_prom50,3932,4056,Hakuna,196,1,1,0.8915,0.3929,0.9846
peak_prom50,3932,4082,Hakuna,196,1,1,0.9553,0.4393,0.9789
peak_prom50,3933,0613,Potter,137,0,1,0.6550,1.5170,0.7833
peak_prom50,3933,0788,Potter,137,0,1,0.6328,1.7846,0.7287
peak_prom50,3933,1163,StarWars,137,0,1,0.7066,1.7678,0.7386
peak_prom50,3933,1177,StarWars,137,0,1,0.7325,1.8745,0.6894
peak_prom50,3933,3594,Hakuna,137,1,1,0.8967,1.1128,0.9081
peak_prom50,3933,3944,Hakuna,137,1,1,0.8893,0.9751,0.9327
peak_prom50,3937,0437,Potter,40,0,1,0.7883,1.7018,0.6957
peak_prom50,3937,0502,Potter,40,0,1,0.5463,2.6543,0.1993
peak_prom50,3937,0892,StarWars,40,0,1,0.5841,2.8719,0.1418
peak_prom50,3937,1600,StarWars,40,0,1,0.7902,2.7929,0.2804
peak_prom50,3937,3966,Hakuna,40,1,1,0.7486,0.8548,0.8992
peak_prom50,3937,4094,Hakuna,40,1,1,0.6219,0.8496,0.9200
peak_prom50,3939,0279,Potter,223,0,1,1.0467,1.6780,0.5316
peak_prom50,3939,0609,Potter,223,0,1,0.9750,1.7843,0.4631
peak_prom50,3939,1197,StarWars,223,0,1,0.9382,1.7807,0.6010
peak_prom50,3939,3343,Hakuna,223,1,1,0.8214,0.8261,0.9149
peak_prom50,3939,4153,Hakuna,223,1,1,0.7846,0.9931,0.8764
peak_prom50,3948,0072,Potter,15,0,1,1.1023,1.8642,0.6975
peak_prom50,3948,0465,Potter,15,0,1,1.2473,2.1066,0.6010
peak_prom50,3948,0877,StarWars,15,0,1,1.1599,1.8305,0.6749
peak_prom50,3948,1633,StarWars,15,0,1,1.1002,3.2338,0.1241
peak_prom50,3948,3996,Hakuna,15,1,1,1.0618,0.6707,0.8965
peak_prom50,3948,4096,Hakuna,15,1,1,1.1365,0.5939,0.9603
peak_prom50,3951,0076,Potter,30,0,1,0.6181,2.1576,0.4221
peak_prom50,3951,0151,Potter,30,0,1,0.7431,1.7182,0.6234
peak_prom50,3951,1101,StarWars,30,0,1,0.8976,2.0825,0.6169
peak_prom50,3951,1369,StarWars,30,0,1,0.7778,1.9659,0.4324
peak_prom50,3951,3443,Hakuna,30,1,1,0.7743,1.1688,0.8285
peak_prom50,3951,3694,Hakuna,30,1,1,0.7431,1.1716,0.8136
peak_prom50,3955,3332,Hakuna,6,1,1,0.9445,0.7800,0.9235
peak_prom50,3957,0699,Potter,154,0,1,0.7009,1.8394,0.5305
peak_prom50,3957,0790,Potter,154,0,1,0.7504,1.8975,0.5193
peak_prom50,3957,1008,StarWars,154,0,1,0.4650,1.8823,0.5173
peak_prom50,3957,1152,StarWars,154,0,1,0.6359,2.0579,0.4552
peak_prom50,3957,3375,Hakuna,154,1,1,0.4342,1.6224,0.6929
peak_prom50,3957,3762,Hakuna,154,1,1,0.7402,2.0387,0.4108
peak_prom50,3963,0633,Potter,231,0,1,0.6724,1.3971,0.6294
peak_prom50,3963,0803,Potter,231,0,1,0.7707,1.0418,0.8453
peak_prom50,3963,1150,StarWars,231,0,1,0.7207,1.7361,0.6116
peak_prom50,3963,1605,StarWars,231,0,1,0.7426,1.4371,0.7408
peak_prom50,3963,4049,Hakuna,231,1,1,0.8721,0.2953,0.9867
peak_prom50,3963,4112,Hakuna,231,1,1,0.9204,0.3164,0.9871
peak_prom50,3964,0623,Potter,10,0,1,1.1225,1.0783,0.8124
peak_prom50,3964,0830,Potter,10,0,1,1.0067,1.3604,0.6136
peak_prom50,3964,1176,StarWars,10,0,1,1.2094,1.2136,0.6296
peak_prom50,3964,1321,StarWars,10,0,1,1.1114,1.2815,0.7037
peak_prom50,3964,3717,Hakuna,10,1,1,1.1203,1.4439,0.7065
peak_prom50,3964,3891,Hakuna,10,1,1,0.8797,1.4342,0.5510
peak_prom50,3968,0713,Potter,3,0,1,0.5048,1.5531,0.6982
peak_prom50,3968,0748,Potter,3,0,1,0.4249,1.6821,0.6447
peak_prom50,3968,0974,StarWars,3,0,1,0.3610,1.6800,0.5893
peak_prom50,3970,0075,Potter,55,0,1,0.5961,1.5798,0.6405
peak_prom50,3970,0785,Potter,55,0,1,0.5168,1.6199,0.6601
peak_prom50,3970,1160,StarWars,55,0,1,0.7002,1.3344,0.7245
peak_prom50,3970,1648,StarWars,55,0,1,1.0723,1.3037,0.7438
peak_prom50,3970,3887,Hakuna,55,1,1,1.0300,1.1478,0.8348
peak_prom50,3970,4060,Hakuna,55,1,1,0.9982,1.1156,0.6661
peak_prom50,3979,0155,Potter,76,0,1,0.8326,1.9085,0.5185
peak_prom50,3979,0584,Potter,76,0,1,0.8294,1.5835,0.6410
peak_prom50,3979,1381,StarWars,76,0,1,0.7668,2.3263,0.2589
peak_prom50,3979,1445,StarWars,76,0,1,0.7950,2.2175,0.3805
peak_prom50,3979,3706,Hakuna,76,1,1,0.8200,0.9907,0.9127
peak_prom50,3979,4048,Hakuna,76,1,1,0.8858,0.7615,0.9363
peak_prom50,3981,0394,Potter,215,0,1,1.1694,3.3971,0.2155
peak_prom50,3981,0975,StarWars,215,0,1,0.9556,2.3627,0.6253
peak_prom50,3981,1423,StarWars,215,0,1,1.0806,2.3346,0.7432
peak_prom50,3981,3480,Hakuna,215,1,1,1.0132,0.4855,0.8885
peak_prom50,3981,3858,Hakuna,215,1,1,1.0263,0.4030,0.9675
peak_prom50,3982,0124,Potter,58,0,1,1.2166,1.6637,0.5392
peak_prom50,3982,0467,Potter,58,0,1,1.3694,1.8963,0.3490
peak_prom50,3982,1178,StarWars,58,0,1,1.2650,1.8978,0.2827
peak_prom50,3982,1262,StarWars,58,0,1,1.3153,1.6244,0.3657
peak_prom50,3982,3556,Hakuna,58,1,1,1.0174,0.9859,0.6423
peak_prom50,3982,3668,Hakuna,58,1,1,1.0213,0.7129,0.8384
peak_prom50,3995,0663,Potter,149,0,1,0.9182,1.7470,0.2410
peak_prom50,3995,1284,StarWars,149,0,1,0.7006,3.2409,0.2521
peak_prom50,3995,3578,Hakuna,149,1,1,0.5787,7.0441,0.1393
peak_prom50,3999,0055,Potter,200,0,1,1.0147,2.0609,0.2994
peak_prom50,3999,0417,Potter,200,0,1,0.8973,2.1314,0.4419
peak_prom50,3999,1015,StarWars,200,0,1,1.0335,1.8052,0.5425
peak_prom50,3999,1626,StarWars,200,0,1,0.9182,2.0510,0.5221
peak_prom50,3999,3586,Hakuna,200,1,1,0.7966,0.8094,0.7473
peak_prom50,3999,3862,Hakuna,200,1,1,0.8700,0.5406,0.8989
peak_prom50,4006,0004,Potter,160,0,1,0.8190,1.8607,0.5718
peak_prom50,4006,0517,Potter,160,0,1,0.7107,1.9145,0.3446
peak_prom50,4006,1390,StarWars,160,0,1,0.9780,2.1717,0.3127
peak_prom50,4006,1641,StarWars,160,0,1,1.0491,2.0453,0.3883
peak_prom50,4006,3786,Hakuna,160,1,1,0.8917,1.4987,0.7311
peak_prom50,4006,3994,Hakuna,160,1,1,0.8714,1.6206,0.7013
peak_prom50,4009,0542,Potter,44,0,1,0.9822,1.5539,0.7942
peak_prom50,4009,0739,Potter,44,0,1,1.0599,1.4382,0.8296
peak_prom50,4009,0964,StarWars,44,0,1,1.1764,2.1466,0.7573
peak_prom50,4009,1026,StarWars,44,0,1,1.1117,2.4668,0.7328
peak_prom50,4009,3485,Hakuna,44,1,1,1.0534,0.3977,0.9830
peak_prom50,4009,3781,Hakuna,44,1,1,0.9612,0.4665,0.9713
peak_prom50,4011,0145,Potter,141,0,1,0.6037,2.0079,0.4518
peak_prom50,4011,0620,Potter,141,0,1,0.2187,1.5637,0.4343
peak_prom50,4011,1636,StarWars,141,0,1,0.7009,1.6042,0.2796
peak_prom50,4011,1652,StarWars,141,0,1,0.3794,1.8706,-0.2234
peak_prom50,4011,3687,Hakuna,141,1,1,0.6411,1.3378,0.6882
peak_prom50,4011,3895,Hakuna,141,1,1,0.6449,1.2236,0.7537
peak_prom50,4017,0057,Potter,60,0,1,0.7843,1.4960,0.6039
peak_prom50,4017,0348,Potter,60,0,1,0.7591,1.3628,0.7665
peak_prom50,4018,0427,Potter,174,0,1,0.7078,2.0115,0.5162
peak_prom50,4018,0577,Potter,174,0,1,0.6507,2.0069,0.4763
peak_prom50,4018,1403,StarWars,174,0,1,0.5312,2.2274,0.4343
peak_prom50,4018,1502,StarWars,174,0,1,0.7065,2.6483,0.2227
peak_prom50,4018,3424,Hakuna,174,1,1,0.6295,2.7639,0.2243
peak_prom50,4018,4122,Hakuna,174,1,1,0.5578,2.2574,0.3435
peak_prom50,4021,0229,Potter,230,0,1,0.9871,1.5438,0.7928
peak_prom50,4021,0245,Potter,230,0,1,0.9807,1.6138,0.8095
peak_prom50,4021,1010,StarWars,230,0,1,0.8585,1.9780,0.7324
peak_prom50,4021,1048,StarWars,230,0,1,1.0788,2.7099,0.6022
peak_prom50,4021,3670,Hakuna,230,1,1,0.8183,0.5707,0.9713
peak_prom50,4021,3702,Hakuna,230,1,1,0.8698,0.5014,0.9706
peak_prom50,4025,0273,Potter,172,0,1,0.7459,1.4067,0.7225
peak_prom50,4025,1064,StarWars,172,0,1,0.7476,1.4049,0.7256
peak_prom50,4025,1498,StarWars,172,0,1,0.5847,1.1440,0.8363
peak_prom50,4025,3708,Hakuna,172,1,1,0.6710,2.5326,0.1822
peak_prom50,4025,4145,Hakuna,172,1,1,0.7997,1.3965,0.6732
peak_prom50,4029,0418,Potter,111,0,1,0.5619,1.7820,0.3373
peak_prom50,4029,0454,Potter,111,0,1,0.5584,1.8321,0.5768
peak_prom50,4029,0940,StarWars,111,0,1,0.4605,2.0117,0.3449
peak_prom50,4029,1398,StarWars,111,0,1,0.3144,2.3161,-0.0759
peak_prom50,4029,4091,Hakuna,111,1,1,0.3643,1.4562,0.7827
peak_prom50,4029,4133,Hakuna,111,1,1,0.2646,2.0524,0.1985
peak_prom50,4032,0060,Potter,222,0,1,1.2782,2.0823,0.6849
peak_prom50,4032,0107,Potter,222,0,1,1.4245,2.0345,0.6838
peak_prom50,4032,0959,StarWars,222,0,1,1.1079,1.8949,0.7455
peak_prom50,4032,1276,StarWars,222,0,1,1.1103,2.2451,0.5812
peak_prom50,4032,4064,Hakuna,222,1,1,1.3573,1.4325,0.8611
peak_prom50,4032,4085,Hakuna,222,1,1,1.4197,1.6029,0.8156
peak_prom50,4033,0202,Potter,164,0,1,0.9094,1.4586,0.7069
peak_prom50,4033,0293,Potter,164,0,1,0.9583,1.4037,0.7526
peak_prom50,4033,1315,StarWars,164,0,1,1.0725,2.1598,0.4235
peak_prom50,4033,1482,StarWars,164,0,1,0.9457,1.7385,0.6039
peak_prom50,4033,3746,Hakuna,164,1,1,0.9402,1.4778,0.8048
peak_prom50,4033,3954,Hakuna,164,1,1,0.9438,1.4048,0.7251
peak_prom50,4034,0616,Potter,71,0,1,0.5106,2.4185,0.5933
peak_prom50,4034,0753,Potter,71,0,1,0.5471,1.8747,0.7527
peak_prom50,4034,3542,Hakuna,71,1,1,0.1094,1.4399,0.7969
peak_prom50,4034,3755,Hakuna,71,1,1,0.1261,2.0032,0.5253
peak_prom50,4038,0282,Potter,8,0,1,1.0476,2.3008,0.5563
peak_prom50,4038,0802,Potter,8,0,1,0.1264,3.0856,0.0735
peak_prom50,4038,1046,StarWars,8,0,1,0.7767,2.5116,0.4743
peak_prom50,4038,1667,StarWars,8,0,1,0.7619,2.4992,0.5223
peak_prom50,4038,3795,Hakuna,8,1,1,0.7537,2.2666,0.6901
peak_prom50,4038,4144,Hakuna,8,1,1,0.7159,2.3045,0.6811
peak_prom50,4040,0328,Potter,106,0,1,0.5074,1.2246,0.7124
peak_prom50,4040,0777,Potter,106,0,1,0.5843,1.3885,0.5931
peak_prom50,4040,1062,StarWars,106,0,1,0.4664,1.1203,0.7305
peak_prom50,4040,1581,StarWars,106,0,1,0.1097,1.3755,0.6517
peak_prom50,4040,3427,Hakuna,106,1,1,0.5843,1.5280,0.4026
peak_prom50,4040,4075,Hakuna,106,1,1,0.4681,1.3104,0.6947
peak_prom50,4043,0292,Potter,166,0,1,1.0519,2.5005,0.4666
peak_prom50,4043,0353,Potter,166,0,1,1.6447,2.3417,0.4791
peak_prom50,4043,1233,StarWars,166,0,1,0.9082,1.8540,0.3547
peak_prom50,4043,1267,StarWars,166,0,1,1.0279,2.5622,0.2996
peak_prom50,4045,0377,Potter,234,0,1,0.7219,1.3329,0.7307
peak_prom50,4045,0406,Potter,234,0,1,0.8549,1.7001,0.6606
peak_prom50,4045,0906,StarWars,234,0,1,0.8877,1.6851,0.6761
peak_prom50,4045,3484,Hakuna,234,1,1,0.8204,0.8446,0.9116
peak_prom50,4045,3975,Hakuna,234,1,1,0.8584,1.0398,0.8598
peak_prom50,4046,0445,Potter,146,0,1,0.5886,1.5204,0.7242
peak_prom50,4046,0622,Potter,146,0,1,0.7362,1.7687,0.6131
peak_prom50,4046,0925,StarWars,146,0,1,0.5369,1.6639,0.6924
peak_prom50,4046,1456,StarWars,146,0,1,0.3653,1.6998,0.6629
peak_prom50,4046,3439,Hakuna,146,1,1,0.4280,1.3612,0.8221
peak_prom50,4046,3822,Hakuna,146,1,1,0.3838,1.6817,0.6930
peak_prom50,4057,0489,Potter,87,0,1,0.9509,1.7470,0.2514
peak_prom50,4057,0684,Potter,87,0,1,0.8838,1.9339,0.2146
peak_prom50,4057,1090,StarWars,87,0,1,0.8756,1.4859,0.3838
peak_prom50,4057,1460,StarWars,87,0,1,0.9051,1.0273,0.7559
peak_prom50,4057,3341,Hakuna,87,1,1,0.8707,0.8627,0.7714
peak_prom50,4057,3728,Hakuna,87,1,1,0.8936,1.0738,0.7039
peak_prom50,4059,0397,Potter,20,0,1,0.6680,1.6173,0.6466
peak_prom50,4059,0513,Potter,20,0,1,0.4493,1.6747,0.7129
peak_prom50,4059,1297,StarWars,20,0,1,0.7097,1.8468,0.4971
peak_prom50,4059,1582,StarWars,20,0,1,0.6799,1.4682,0.7097
peak_prom50,4059,3642,Hakuna,20,1,1,0.7594,0.8112,0.9022
peak_prom50,4059,3992,Hakuna,20,1,1,0.6859,0.7602,0.9190
peak_prom50,4062,0386,Potter,184,0,1,0.8124,2.4439,0.2513
peak_prom50,4062,0729,Potter,184,0,1,0.9179,2.0427,0.6844
peak_prom50,4062,0887,StarWars,184,0,1,0.5779,1.7576,0.7173
peak_prom50,4062,3612,Hakuna,184,1,1,0.7085,1.0725,0.8823
peak_prom50,4062,3844,Hakuna,184,1,1,0.7806,1.0386,0.8760
peak_prom50,4063,0123,Potter,29,0,1,0.5633,2.0307,0.5995
peak_prom50,4063,0631,Potter,29,0,1,0.6538,1.5984,0.8014
peak_prom50,4063,1142,StarWars,29,0,1,0.9050,2.0208,0.5176
peak_prom50,4063,1493,StarWars,29,0,1,1.1063,1.7743,0.6039
peak_prom50,4063,3893,Hakuna,29,1,1,0.9842,1.7657,0.7494
peak_prom50,4063,4086,Hakuna,29,1,1,1.0181,1.6421,0.8014
peak_prom50,4073,0068,Potter,134,0,1,0.9118,1.7662,0.6847
peak_prom50,4073,0695,Potter,134,0,1,0.2696,1.8891,0.3196
peak_prom50,4073,1461,StarWars,134,0,1,0.4509,1.7032,0.6120
peak_prom50,4073,1589,StarWars,134,0,1,0.5408,1.8232,0.5473
peak_prom50,4073,3780,Hakuna,134,1,1,0.5175,1.7648,0.4908
peak_prom50,4073,3912,Hakuna,134,1,1,0.4809,1.7383,0.5977
peak_prom50,4074,0295,Potter,83,0,1,0.9910,2.9946,0.4027
peak_prom50,4074,0648,Potter,83,0,1,1.1047,2.8727,0.4666
peak_prom50,4074,1165,StarWars,83,0,1,1.0433,3.0677,0.5133
peak_prom50,4074,1491,StarWars,83,0,1,1.1119,2.1204,0.6436
peak_prom50,4074,3452,Hakuna,83,1,1,1.1029,1.8477,0.8855
peak_prom50,4074,4101,Hakuna,83,1,1,1.0162,1.3221,0.9398
peak_prom50,4081,0041,Potter,151,0,1,1.0719,1.2172,0.7884
peak_prom50,4081,0778,Potter,151,0,1,1.1737,1.1868,0.7847
peak_prom50,4081,1060,StarWars,151,0,1,1.2395,2.0691,0.4808
peak_prom50,4081,1252,StarWars,151,0,1,1.2315,1.9424,0.5382
peak_prom50,4081,3523,Hakuna,151,1,1,0.9062,0.5163,0.9566
peak_prom50,4081,3573,Hakuna,151,1,1,0.9721,0.5525,0.7486
peak_prom50,4083,0246,Potter,190,0,1,0.9031,1.2328,0.7063
peak_prom50,4083,0410,Potter,190,0,1,0.9052,1.0756,0.7351
peak_prom50,4083,1077,StarWars,190,0,1,0.8969,1.1287,0.7348
peak_prom50,4083,1085,StarWars,190,0,1,0.8186,1.1040,0.7854
peak_prom50,4083,3625,Hakuna,190,1,1,0.8825,1.2067,0.7763
peak_prom50,4083,3898,Hakuna,190,1,1,1.0289,1.0520,0.8246
peak_prom50,4093,0582,Potter,57,0,1,0.4838,0.9156,0.5291
peak_prom50,4093,0801,Potter,57,0,1,0.5104,1.0004,0.5081
peak_prom50,4093,0985,StarWars,57,0,1,0.4919,0.9930,0.4659
peak_prom50,4093,1249,StarWars,57,0,1,0.4339,1.1093,0.3267
peak_prom50,4093,3745,Hakuna,57,1,1,0.8492,0.8881,0.6261
peak_prom50,4093,3802,Hakuna,57,1,1,0.8677,0.7216,0.7462
peak_prom50,4097,0713,Potter,3,0,1,0.5138,1.5298,0.6557
peak_prom50,4097,0748,Potter,3,0,1,0.4325,1.6451,0.6151
peak_prom50,4097,0974,StarWars,3,0,1,0.3675,1.7175,0.5427
peak_prom50,4098,0123,Potter,29,0,1,0.5764,2.1641,0.5026
peak_prom50,4098,0631,Potter,29,0,1,0.6690,1.6511,0.7840
peak_prom50,4098,1142,StarWars,29,0,1,0.9259,1.9139,0.5594
peak_prom50,4098,1493,StarWars,29,0,1,1.1319,1.6956,0.6395
peak_prom50,4098,3893,Hakuna,29,1,1,1.0069,1.6944,0.8214
peak_prom50,4098,4086,Hakuna,29,1,1,1.0417,1.6784,0.8082
peak_prom50,4108,0279,Potter,223,0,1,1.0962,1.4796,0.5415
peak_prom50,4108,0609,Potter,223,0,1,1.0210,1.5587,0.5337
peak_prom50,4108,1197,StarWars,223,0,1,0.9825,1.7101,0.6121
peak_prom50,4108,3343,Hakuna,223,1,1,0.8601,0.6595,0.9227
peak_prom50,4108,4153,Hakuna,223,1,1,0.8217,0.7477,0.8831
peak_prom50,4109,0168,Potter,198,0,1,0.1664,2.3453,0.4778
peak_prom50,4109,0461,Potter,198,0,1,0.5910,2.4017,0.6470
peak_prom50,4109,1535,StarWars,198,0,1,0.1072,4.2410,0.2133
peak_prom50,4109,3607,Hakuna,198,1,1,0.1834,3.8817,0.2309
peak_prom50,4115,0239,Potter,59,0,1,0.4504,2.0061,0.4326
peak_prom50,4115,0798,Potter,59,0,1,0.3837,3.2123,0.1553
peak_prom50,4115,0923,StarWars,59,0,1,0.2267,3.8704,0.3071
peak_prom50,4115,1246,StarWars,59,0,1,0.3793,3.6300,0.2218
peak_prom50,4115,3956,Hakuna,59,1,1,0.3985,6.7575,0.2594
peak_prom50,4115,4124,Hakuna,59,1,1,0.1778,2.7010,0.1423
peak_prom50,4117,0071,Potter,109,0,1,1.1843,1.6908,0.7504
peak_prom50,4117,0388,Potter,109,0,1,1.2836,1.6669,0.8012
peak_prom50,4117,0986,StarWars,109,0,1,1.3002,2.7347,0.3478
peak_prom50,4117,1078,StarWars,109,0,1,1.3251,2.9241,0.2998
peak_prom50,4117,3457,Hakuna,109,1,1,1.0476,0.6516,0.9771
peak_prom50,4117,3837,Hakuna,109,1,1,1.0455,0.8131,0.9449
peak_prom50,4126,0708,Potter,9,0,1,0.5539,1.4608,0.6470
peak_prom50,4126,0757,Potter,9,0,1,0.7221,1.5003,0.7031
peak_prom50,4126,1280,StarWars,9,0,1,0.3214,1.5346,0.6014
peak_prom50,4126,1463,StarWars,9,0,1,0.3819,1.6801,0.5512
peak_prom50,4126,3431,Hakuna,9,1,1,0.2098,1.6405,0.5689
peak_prom50,4126,3525,Hakuna,9,1,1,0.2004,1.3094,0.7476
peak_prom50,4127,0666,Potter,185,0,1,1.0067,1.4571,0.7902
peak_prom50,4127,1173,StarWars,185,0,1,1.0699,1.9222,0.4451
peak_prom50,4127,3561,Hakuna,185,1,1,0.9551,1.1112,0.8781
peak_prom50,4127,3613,Hakuna,185,1,1,0.1997,1.7964,0.3967
peak_prom50,4128,0319,Potter,54,0,1,0.9154,1.9021,0.7235
peak_prom50,4128,0573,Potter,54,0,1,0.9969,1.7031,0.7958
peak_prom50,4128,0885,StarWars,54,0,1,1.1082,1.8808,0.8168
peak_prom50,4128,1561,StarWars,54,0,1,0.9781,2.6191,0.7027
peak_prom50,4128,3395,Hakuna,54,1,1,0.8981,0.8006,0.9380
peak_prom50,4128,3880,Hakuna,54,1,1,0.8699,0.7526,0.9401
peak_prom50,4129,0424,Potter,38,0,1,1.1975,1.4328,0.6300
peak_prom50,4129,0829,Potter,38,0,1,1.1619,1.5602,0.5465
peak_prom50,4129,1149,StarWars,38,0,1,1.0552,1.4065,0.6343
peak_prom50,4129,1273,StarWars,38,0,1,1.0338,1.5719,0.6644
peak_prom50,4129,3506,Hakuna,38,1,1,0.9448,0.4893,0.9411
peak_prom50,4129,3732,Hakuna,38,1,1,1.0142,0.6340,0.8910
peak_prom50,4130,0198,Potter,67,0,1,1.5000,2.3469,0.2783
peak_prom50,4130,0369,Potter,67,0,1,1.3028,1.8319,0.6154
peak_prom50,4130,1298,StarWars,67,0,1,1.4528,2.3267,0.4347
peak_prom50,4130,1326,StarWars,67,0,1,1.2583,2.2311,0.5326
peak_prom50,4130,3412,Hakuna,67,1,1,1.0444,1.5284,0.7527
peak_prom50,4130,3447,Hakuna,67,1,1,1.1444,1.6298,0.7882
peak_prom50,4136,0194,Potter,169,0,1,0.7402,2.3323,0.4306
peak_prom50,4136,0728,Potter,169,0,1,0.4617,2.2641,0.6313
peak_prom50,4136,0848,StarWars,169,0,1,0.6369,2.4056,0.4487
peak_prom50,4136,1533,StarWars,169,0,1,0.5290,2.4163,0.4165
peak_prom50,4136,3399,Hakuna,169,1,1,0.6870,2.0859,0.5376
peak_prom50,4136,3605,Hakuna,169,1,1,0.6338,2.0811,0.5929
peak_prom50,4147,0371,Potter,52,0,1,0.8977,2.3633,0.4996
peak_prom50,4147,0529,Potter,52,0,1,0.8273,2.1129,0.4451
peak_prom50,4147,0954,StarWars,52,0,1,0.8977,1.7420,0.6309
peak_prom50,4147,1331,StarWars,52,0,1,0.8864,2.0787,0.6440
peak_prom50,4147,3349,Hakuna,52,1,1,0.9614,0.7767,0.7592
peak_prom50,4147,3915,Hakuna,52,1,1,1.0091,0.6999,0.8640
peak_prom50,4152,0271,Potter,121,0,1,1.1411,1.7090,0.5383
peak_prom50,4152,0416,Potter,121,0,1,0.8936,1.6742,0.4990
peak_prom50,4152,0852,StarWars,121,0,1,1.1609,1.5065,0.5884
peak_prom50,4152,1525,StarWars,121,0,1,1.0470,1.4316,0.5909
peak_prom50,4152,3647,Hakuna,121,1,1,0.9926,0.8275,0.8723
peak_prom50,4152,4058,Hakuna,121,1,1,1.0718,0.8359,0.8633
peak_prom50,4158,0756,Potter,219,0,1,0.6986,1.3211,0.6171
peak_prom50,4158,0805,Potter,219,0,1,0.9635,1.5331,0.4950
peak_prom50,4158,0988,StarWars,219,0,1,0.9292,1.8720,0.1170
peak_prom50,4158,1255,StarWars,219,0,1,0.8196,1.6551,0.5457
peak_prom50,4158,3355,Hakuna,219,1,1,0.9406,1.6684,0.4712
peak_prom50,4158,3635,Hakuna,219,1,1,0.9863,1.6277,0.1981
peak_tonal_db6,3337,0222,Potter,96,0,1,1.0172,1.6587,0.6668
peak_tonal_db6,3337,0715,Potter,96,0,1,0.9269,1.6355,0.6264
peak_tonal_db6,3337,1027,StarWars,96,0,1,1.1032,2.0380,0.2795
peak_tonal_db6,3337,1402,StarWars,96,0,1,1.1333,2.2773,0.2843
peak_tonal_db6,3337,3406,Hakuna,96,1,1,0.9570,1.6758,0.5743
peak_tonal_db6,3337,3938,Hakuna,96,1,1,0.9677,1.7143,0.5711
peak_tonal_db6,3339,0182,Potter,61,0,1,0.9375,4.1277,0.1000
peak_tonal_db6,3339,0336,Potter,61,0,1,0.7043,2.7294,0.5516
peak_tonal_db6,3339,1236,StarWars,61,0,1,0.4303,4.0604,-0.3961
peak_tonal_db6,3339,1318,StarWars,61,0,1,0.7163,3.8207,-0.1940
peak_tonal_db6,3339,3492,Hakuna,61,1,1,0.4471,2.6248,0.7164
peak_tonal_db6,3339,3524,Hakuna,61,1,1,0.3582,1.7613,0.9120
peak_tonal_db6,3345,0271,Potter,121,0,1,1.0728,1.9234,0.4161
peak_tonal_db6,3345,0416,Potter,121,0,1,0.8738,1.7045,0.5165
peak_tonal_db6,3345,0852,StarWars,121,0,1,1.0850,1.8154,0.4824
peak_tonal_db6,3345,1525,StarWars,121,0,1,1.0364,1.8077,0.3847
peak_tonal_db6,3345,3647,Hakuna,121,1,1,1.0146,0.8048,0.9009
peak_tonal_db6,3345,4058,Hakuna,121,1,1,1.0364,0.6982,0.9154
peak_tonal_db6,3347,0408,Potter,145,0,1,0.9400,3.0544,0.4423
peak_tonal_db6,3347,0619,Potter,145,0,1,1.0047,1.6755,0.8087
peak_tonal_db6,3347,0956,StarWars,145,0,1,1.1359,2.5280,0.6550
peak_tonal_db6,3347,1199,StarWars,145,0,1,1.1485,2.5262,0.6242
peak_tonal_db6,3347,3712,Hakuna,145,1,1,0.9700,0.4346,0.9840
peak_tonal_db6,3347,3793,Hakuna,145,1,1,1.0363,0.4817,0.9793
peak_tonal_db6,3348,0649,Potter,197,0,1,0.9194,1.5748,0.7334
peak_tonal_db6,3348,0688,Potter,197,0,1,1.0295,1.8286,0.7183
peak_tonal_db6,3348,0921,StarWars,197,0,1,0.9764,1.8450,0.6160
peak_tonal_db6,3348,1322,StarWars,197,0,1,0.7603,2.0200,0.6907
peak_tonal_db6,3348,3512,Hakuna,197,1,1,0.8861,0.6057,0.9383
peak_tonal_db6,3348,3851,Hakuna,197,1,1,0.8998,0.5581,0.9729
peak_tonal_db6,3351,0236,Potter,170,0,1,0.8770,1.4093,0.1477
peak_tonal_db6,3351,0668,Potter,170,0,1,1.2923,1.1444,0.4883
peak_tonal_db6,3351,1565,StarWars,170,0,1,1.3179,1.1210,0.6110
peak_tonal_db6,3351,3482,Hakuna,170,1,1,0.7865,1.2541,0.4611
peak_tonal_db6,3351,4088,Hakuna,170,1,1,0.7865,1.3790,0.3600
peak_tonal_db6,3352,0352,Potter,220,0,1,1.0646,1.6129,0.1573
peak_tonal_db6,3352,0755,Potter,220,0,1,1.1409,1.5441,0.2491
peak_tonal_db6,3352,1052,StarWars,220,0,1,0.6321,1.3946,0.4510
peak_tonal_db6,3352,1207,StarWars,220,0,1,1.0352,1.4849,0.3295
peak_tonal_db6,3352,3568,Hakuna,220,1,1,0.7867,1.5436,0.3361
peak_tonal_db6,3352,3759,Hakuna,220,1,1,0.4207,1.5038,0.4002
peak_tonal_db6,3354,0651,Potter,97,0,1,1.1088,1.7045,0.7868
peak_tonal_db6,3354,0706,Potter,97,0,1,1.0544,1.6006,0.8106
peak_tonal_db6,3354,1313,StarWars,97,0,1,0.9643,2.0494,0.6859
peak_tonal_db6,3354,1418,StarWars,97,0,1,0.9456,2.3803,0.6543
peak_tonal_db6,3354,3631,Hakuna,97,1,1,0.9235,0.3516,0.9766
peak_tonal_db6,3354,3919,Hakuna,97,1,1,0.9864,0.6730,0.9304
peak_tonal_db6,3369,0282,Potter,8,0,1,1.0866,2.3128,0.6060
peak_tonal_db6,3369,0802,Potter,8,0,1,0.9406,2.3797,0.4820
peak_tonal_db6,3369,1046,StarWars,8,0,1,0.8302,2.4524,0.5393
peak_tonal_db6,3369,1667,StarWars,8,0,1,0.8472,2.4688,0.2753
peak_tonal_db6,3369,3795,Hakuna,8,1,1,0.7453,2.4053,0.4846
peak_tonal_db6,3369,4144,Hakuna,8,1,1,0.7470,2.3411,0.5696
peak_tonal_db6,3371,0508,Potter,120,0,1,1.4179,1.6488,0.7225
peak_tonal_db6,3371,0559,Potter,120,0,1,1.3603,1.5575,0.7916
peak_tonal_db6,3371,0878,StarWars,120,0,1,1.1578,2.1864,0.5065
peak_tonal_db6,3371,1449,StarWars,120,0,1,1.1706,2.0533,0.5413
peak_tonal_db6,3371,3503,Hakuna,120,1,1,0.8017,1.1502,0.7277
peak_tonal_db6,3371,3549,Hakuna,120,1,1,0.8827,1.1911,0.6945
peak_tonal_db6,3374,0236,Potter,170,0,1,0.6738,1.3406,0.3469
peak_tonal_db6,3374,0668,Potter,170,0,1,0.9929,1.3601,0.3241
peak_tonal_db6,3374,1565,StarWars,170,0,1,1.0125,1.3040,0.3718
peak_tonal_db6,3374,3482,Hakuna,170,1,1,0.6043,1.5080,0.0274
peak_tonal_db6,3374,4088,Hakuna,170,1,1,0.6043,1.1337,0.7003
peak_tonal_db6,3376,0097,Potter,201,0,1,1.0896,0.9955,0.2253
peak_tonal_db6,3376,0396,Potter,201,0,1,1.2572,0.7719,0.5391
peak_tonal_db6,3376,0927,StarWars,201,0,1,1.2225,1.0790,0.1826
peak_tonal_db6,3376,1129,StarWars,201,0,1,1.1908,0.7346,0.6278
peak_tonal_db6,3376,3870,Hakuna,201,1,1,0.8988,0.9020,0.4342
peak_tonal_db6,3376,4154,Hakuna,201,1,1,0.9827,0.8229,0.4685
peak_tonal_db6,3379,1235,StarWars,178,0,1,0.8096,1.4843,0.1787
peak_tonal_db6,3379,1585,StarWars,178,0,1,0.6672,1.1290,0.3603
peak_tonal_db6,3379,3403,Hakuna,178,1,1,0.6021,1.2577,0.2905
peak_tonal_db6,3379,3665,Hakuna,178,1,1,0.6141,1.3410,0.2688
peak_tonal_db6,3381,0202,Potter,164,0,1,0.9818,1.4088,0.8200
peak_tonal_db6,3381,0293,Potter,164,0,1,0.9654,1.4234,0.8181
peak_tonal_db6,3381,1315,StarWars,164,0,1,1.0437,2.3185,0.4247
peak_tonal_db6,3381,1482,StarWars,164,0,1,0.9654,1.6505,0.7340
peak_tonal_db6,3381,3746,Hakuna,164,1,1,0.8251,1.9499,0.7268
peak_tonal_db6,3381,3954,Hakuna,164,1,1,0.8233,1.8415,0.7523
peak_tonal_db6,3383,0060,Potter,222,0,1,1.3155,1.8930,0.7297
peak_tonal_db6,3383,0107,Potter,222,0,1,1.4930,2.1102,0.7129
peak_tonal_db6,3383,0959,StarWars,222,0,1,1.2028,2.0335,0.7516
peak_tonal_db6,3383,1276,StarWars,222,0,1,1.1634,2.3013,0.6052
peak_tonal_db6,3383,4064,Hakuna,222,1,1,1.3606,1.4676,0.8553
peak_tonal_db6,3383,4085,Hakuna,222,1,1,1.3437,0.9120,0.9234
peak_tonal_db6,3388,0246,Potter,190,0,1,0.8807,1.2589,0.7813
peak_tonal_db6,3388,0410,Potter,190,0,1,0.9506,1.2495,0.7859
peak_tonal_db6,3388,1077,StarWars,190,0,1,0.8457,1.3109,0.8072
peak_tonal_db6,3388,1085,StarWars,190,0,1,0.7510,1.1621,0.8322
peak_tonal_db6,3388,3625,Hakuna,190,1,1,0.8436,1.4871,0.6616
peak_tonal_db6,3388,3898,Hakuna,190,1,1,0.9053,1.2129,0.8637
peak_tonal_db6,3389,0189,Potter,203,0,1,0.6056,1.5848,0.5642
peak_tonal_db6,3389,0302,Potter,203,0,1,0.5294,1.5109,0.5562
peak_tonal_db6,3389,0934,StarWars,203,0,1,0.4262,1.4356,0.6579
peak_tonal_db6,3389,1603,StarWars,203,0,1,0.2584,1.6455,0.5626
peak_tonal_db6,3389,3497,Hakuna,203,1,1,0.9142,1.4463,0.5932
peak_tonal_db6,3389,3926,Hakuna,203,1,1,0.9171,1.4433,0.6579
peak_tonal_db6,3391,0124,Potter,58,0,1,1.0802,1.3616,0.7567
peak_tonal_db6,3391,0467,Potter,58,0,1,1.1007,1.6813,0.6540
peak_tonal_db6,3391,1178,StarWars,58,0,1,1.0075,1.8976,0.5812
peak_tonal_db6,3391,1262,StarWars,58,0,1,1.0168,1.6171,0.6712
peak_tonal_db6,3391,3556,Hakuna,58,1,1,0.7854,0.8194,0.9243
peak_tonal_db6,3391,3668,Hakuna,58,1,1,0.8004,1.3479,0.7717
peak_tonal_db6,3397,0182,Potter,61,0,1,0.9466,4.0203,0.1378
peak_tonal_db6,3397,0336,Potter,61,0,1,0.7112,2.5260,0.6165
peak_tonal_db6,3397,1236,StarWars,61,0,1,0.4345,4.0574,-0.3372
peak_tonal_db6,3397,1318,StarWars,61,0,1,0.7233,3.7400,-0.1263
peak_tonal_db6,3397,3492,Hakuna,61,1,1,0.4515,2.5978,0.7439
peak_tonal_db6,3397,3524,Hakuna,61,1,1,0.3617,1.8255,0.9056
peak_tonal_db6,3401,0044,Potter,217,0,1,1.1572,1.1733,0.8160
peak_tonal_db6,3401,0101,Potter,217,0,1,1.1744,1.3306,0.8239
peak_tonal_db6,3401,1131,StarWars,217,0,1,1.1658,2.0875,0.6090
peak_tonal_db6,3401,1509,StarWars,217,0,1,1.2936,2.1892,0.5614
peak_tonal_db6,3401,3701,Hakuna,217,1,1,1.0121,0.8816,0.7360
peak_tonal_db6,3401,4103,Hakuna,217,1,1,0.9793,0.7650,0.9218
peak_tonal_db6,3413,0155,Potter,76,0,1,0.7879,1.9529,0.4947
peak_tonal_db6,3413,0584,Potter,76,0,1,0.7409,1.6909,0.6324
peak_tonal_db6,3413,1381,StarWars,76,0,1,0.7091,2.1866,0.3047
peak_tonal_db6,3413,1445,StarWars,76,0,1,0.7924,1.9637,0.4973
peak_tonal_db6,3413,3706,Hakuna,76,1,1,0.7879,1.0106,0.8615
peak_tonal_db6,3413,4048,Hakuna,76,1,1,0.8394,0.8487,0.9114
peak_tonal_db6,3414,0762,Potter,69,0,1,0.8075,1.2876,0.4326
peak_tonal_db6,3414,0771,Potter,69,0,1,1.4270,1.1797,0.5869
peak_tonal_db6,3414,1323,StarWars,69,0,1,1.0265,1.3046,0.2616
peak_tonal_db6,3414,1496,StarWars,69,0,1,0.7920,1.2533,0.3344
peak_tonal_db6,3414,3410,Hakuna,69,1,1,0.9889,1.2780,0.2901
peak_tonal_db6,3414,3782,Hakuna,69,1,1,0.8805,0.8688,0.7707
peak_tonal_db6,3416,0445,Potter,146,0,1,0.7839,1.5214,0.7589
peak_tonal_db6,3416,0622,Potter,146,0,1,0.8827,1.4746,0.7492
peak_tonal_db6,3416,0925,StarWars,146,0,1,0.6080,1.6203,0.6985
peak_tonal_db6,3416,1456,StarWars,146,0,1,0.6951,1.8385,0.5441
peak_tonal_db6,3416,3439,Hakuna,146,1,1,0.5628,1.4486,0.7797
peak_tonal_db6,3416,3822,Hakuna,146,1,1,0.5913,1.3584,0.7906
peak_tonal_db6,3428,0097,Potter,201,0,1,0.9544,0.9721,0.4449
peak_tonal_db6,3428,0396,Potter,201,0,1,1.1013,0.6794,0.7036
peak_tonal_db6,3428,0927,StarWars,201,0,1,1.0709,0.9018,0.5134
peak_tonal_db6,3428,1129,StarWars,201,0,1,1.0430,0.7898,0.5700
peak_tonal_db6,3428,3870,Hakuna,201,1,1,0.7873,0.8018,0.5764
peak_tonal_db6,3428,4154,Hakuna,201,1,1,0.8608,0.7769,0.6798
peak_tonal_db6,3429,0295,Potter,83,0,1,1.1241,1.9895,0.7108
peak_tonal_db6,3429,0648,Potter,83,0,1,1.2281,2.1008,0.6811
peak_tonal_db6,3429,1165,StarWars,83,0,1,1.1551,2.7005,0.5773
peak_tonal_db6,3429,1491,StarWars,83,0,1,1.1533,2.0335,0.6803
peak_tonal_db6,3429,3452,Hakuna,83,1,1,0.9763,1.4892,0.8208
peak_tonal_db6,3429,4101,Hakuna,83,1,1,0.9434,2.3735,0.7213
peak_tonal_db6,3432,0187,Potter,214,0,1,0.9981,1.9771,0.6785
peak_tonal_db6,3432,0702,Potter,214,0,1,1.1782,2.0665,0.7070
peak_tonal_db6,3432,1540,StarWars,214,0,1,0.9437,2.4956,0.3905
peak_tonal_db6,3432,1618,StarWars,214,0,1,1.1182,2.0450,0.6510
peak_tonal_db6,3432,3941,Hakuna,214,1,1,1.0750,1.9530,0.7131
peak_tonal_db6,3432,4078,Hakuna,214,1,1,1.0675,1.9525,0.7065
peak_tonal_db6,3434,0326,Potter,23,0,1,1.0116,1.5465,0.7295
peak_tonal_db6,3434,0682,Potter,23,0,1,0.7636,1.5412,0.7083
peak_tonal_db6,3434,1335,StarWars,23,0,1,0.8992,1.7799,0.5237
peak_tonal_db6,3434,1448,StarWars,23,0,1,0.8217,2.0554,0.3871
peak_tonal_db6,3435,0222,Potter,96,0,1,1.1103,1.4681,0.6635
peak_tonal_db6,3435,0715,Potter,96,0,1,1.0117,1.6431,0.6579
peak_tonal_db6,3435,1027,StarWars,96,0,1,1.2042,2.2430,0.2681
peak_tonal_db6,3435,1402,StarWars,96,0,1,1.2371,2.2067,0.3411
peak_tonal_db6,3435,3406,Hakuna,96,1,1,1.0446,1.8388,0.5292
peak_tonal_db6,3435,3938,Hakuna,96,1,1,1.0563,1.8727,0.5090
peak_tonal_db6,3437,0125,Potter,205,0,1,0.7494,1.3148,0.6747
peak_tonal_db6,3437,0359,Potter,205,0,1,0.7699,1.0418,0.7721
peak_tonal_db6,3437,0966,StarWars,205,0,1,0.7790,1.0701,0.7980
peak_tonal_db6,3437,1480,StarWars,205,0,1,0.7540,1.3646,0.6132
peak_tonal_db6,3437,3529,Hakuna,205,1,1,0.5923,1.0755,0.8016
peak_tonal_db6,3437,3581,Hakuna,205,1,1,0.6811,1.3810,0.5911
peak_tonal_db6,3438,0005,Potter,216,0,1,0.7776,1.3513,0.7652
peak_tonal_db6,3438,0036,Potter,216,0,1,0.9159,1.0625,0.8536
peak_tonal_db6,3438,3704,Hakuna,216,1,1,0.6224,1.7201,0.5504
peak_tonal_db6,3438,3876,Hakuna,216,1,1,0.7402,1.4778,0.7062
peak_tonal_db6,3442,0477,Potter,17,0,1,1.2285,1.4605,0.6997
peak_tonal_db6,3442,0558,Potter,17,0,1,1.1663,1.4865,0.6902
peak_tonal_db6,3442,1609,StarWars,17,0,1,1.1583,1.6577,0.6068
peak_tonal_db6,3442,1620,StarWars,17,0,1,1.0782,1.6199,0.7396
peak_tonal_db6,3442,3878,Hakuna,17,1,1,1.0862,1.3079,0.7504
peak_tonal_db6,3442,4105,Hakuna,17,1,1,1.0120,1.0809,0.8067
peak_tonal_db6,3460,0542,Potter,44,0,1,1.0389,1.5445,0.8035
peak_tonal_db6,3460,0739,Potter,44,0,1,1.1135,1.5384,0.8214
peak_tonal_db6,3460,0964,StarWars,44,0,1,1.1053,2.2100,0.7680
peak_tonal_db6,3460,1026,StarWars,44,0,1,1.0632,2.3871,0.7581
peak_tonal_db6,3460,3485,Hakuna,44,1,1,1.0032,0.3630,0.9805
peak_tonal_db6,3460,3781,Hakuna,44,1,1,0.9303,0.4090,0.9775
peak_tonal_db6,3461,0582,Potter,57,0,1,0.5605,0.9364,0.5518
peak_tonal_db6,3461,0801,Potter,57,0,1,0.5784,1.1065,0.3978
peak_tonal_db6,3461,0985,StarWars,57,0,1,0.5880,0.9481,0.5430
peak_tonal_db6,3461,1249,StarWars,57,0,1,0.5485,1.0179,0.4936
peak_tonal_db6,3461,3745,Hakuna,57,1,1,0.8910,0.9252,0.6285
peak_tonal_db6,3461,3802,Hakuna,57,1,1,0.8886,0.8380,0.6919
peak_tonal_db6,3463,0386,Potter,184,0,1,0.9916,2.0244,0.6957
peak_tonal_db6,3463,0729,Potter,184,0,1,1.0270,2.3135,0.6438
peak_tonal_db6,3463,0887,StarWars,184,0,1,0.7872,2.1384,0.6609
peak_tonal_db6,3463,3612,Hakuna,184,1,1,0.7686,1.0805,0.8898
peak_tonal_db6,3463,3844,Hakuna,184,1,1,0.7855,1.1388,0.8715
peak_tonal_db6,3464,0732,Potter,150,0,1,0.8686,1.2616,0.8372
peak_tonal_db6,3464,0825,Potter,150,0,1,1.1298,1.3747,0.8585
peak_tonal_db6,3464,0844,StarWars,150,0,1,1.0383,2.3344,0.5490
peak_tonal_db6,3464,1510,StarWars,150,0,1,0.9917,2.2023,0.6463
peak_tonal_db6,3464,3493,Hakuna,150,1,1,0.9384,1.0177,0.8938
peak_tonal_db6,3464,3767,Hakuna,150,1,1,0.8852,0.5866,0.9562
peak_tonal_db6,3465,0038,Potter,207,0,1,1.1918,1.4832,0.8071
peak_tonal_db6,3465,0672,Potter,207,0,1,1.1781,1.5322,0.7906
peak_tonal_db6,3465,1206,StarWars,207,0,1,0.9843,1.6057,0.7693
peak_tonal_db6,3465,1265,StarWars,207,0,1,0.9413,1.6955,0.7485
peak_tonal_db6,3465,3446,Hakuna,207,1,1,1.0235,0.3618,0.9868
peak_tonal_db6,3465,3565,Hakuna,207,1,1,0.9824,0.4403,0.9801
peak_tonal_db6,3467,0438,Potter,192,0,1,0.6975,0.9158,0.7290
peak_tonal_db6,3467,0783,Potter,192,0,1,0.7195,1.0526,0.6602
peak_tonal_db6,3467,0909,StarWars,192,0,1,0.7827,1.2125,0.6619
peak_tonal_db6,3467,1642,StarWars,192,0,1,0.7768,1.1998,0.6269
peak_tonal_db6,3467,3741,Hakuna,192,1,1,0.7283,0.8866,0.7990
peak_tonal_db6,3467,4148,Hakuna,192,1,1,0.7606,0.8569,0.8321
peak_tonal_db6,3470,0623,Potter,10,0,1,1.0628,1.0507,0.6489
peak_tonal_db6,3470,0830,Potter,10,0,1,0.9762,0.8868,0.7729
peak_tonal_db6,3470,1176,StarWars,10,0,1,1.0671,0.9503,0.7362
peak_tonal_db6,3470,1321,StarWars,10,0,1,1.0152,0.9935,0.7377
peak_tonal_db6,3470,3717,Hakuna,10,1,1,0.9892,0.9491,0.7854
peak_tonal_db6,3470,3891,Hakuna,10,1,1,0.7900,0.9240,0.7418
peak_tonal_db6,3473,0372,Potter,128,0,1,0.6463,1.6853,0.6449
peak_tonal_db6,3473,0440,Potter,128,0,1,0.6961,1.4863,0.6836
peak_tonal_db6,3473,1334,StarWars,128,0,1,0.8367,1.7636,0.6563
peak_tonal_db6,3473,1570,StarWars,128,0,1,0.6122,1.3879,0.6992
peak_tonal_db6,3473,3882,Hakuna,128,1,1,0.7687,1.4897,0.6083
peak_tonal_db6,3473,4119,Hakuna,128,1,1,0.7664,1.0847,0.7823
peak_tonal_db6,3477,0319,Potter,54,0,1,1.0897,1.7993,0.7403
peak_tonal_db6,3477,0573,Potter,54,0,1,1.1058,1.6660,0.7772
peak_tonal_db6,3477,0885,StarWars,54,0,1,1.1042,2.0653,0.7121
peak_tonal_db6,3477,1561,StarWars,54,0,1,0.9407,2.9549,0.6305
peak_tonal_db6,3477,3395,Hakuna,54,1,1,0.9792,0.6582,0.9301
peak_tonal_db6,3477,3880,Hakuna,54,1,1,0.9199,0.7702,0.9174
peak_tonal_db6,3487,0997,StarWars,135,0,1,0.9615,1.9806,0.4269
peak_tonal_db6,3487,1195,StarWars,135,0,1,1.1560,1.9927,0.5521
peak_tonal_db6,3487,3501,Hakuna,135,1,1,0.7009,0.9892,0.6955
peak_tonal_db6,3487,4070,Hakuna,135,1,1,0.9252,1.2759,0.3345
peak_tonal_db6,3489,0111,Potter,100,0,1,1.1411,1.0377,0.5034
peak_tonal_db6,3489,0407,Potter,100,0,1,0.8726,1.0708,0.4428
peak_tonal_db6,3489,1040,StarWars,100,0,1,1.1652,1.0217,0.3683
peak_tonal_db6,3489,1344,StarWars,100,0,1,0.6558,0.9552,0.4927
peak_tonal_db6,3489,3448,Hakuna,100,1,1,0.7952,0.9982,0.4493
peak_tonal_db6,3489,4068,Hakuna,100,1,1,0.8985,0.9897,0.5458
peak_tonal_db6,3490,0699,Potter,154,0,1,0.4780,2.8877,0.5039
peak_tonal_db6,3490,0790,Potter,154,0,1,0.5503,3.1521,0.3864
peak_tonal_db6,3490,1008,StarWars,154,0,1,0.2857,2.8333,0.4324
peak_tonal_db6,3490,1152,StarWars,154,0,1,0.3951,3.1693,0.3162
peak_tonal_db6,3490,3375,Hakuna,154,1,1,0.4832,1.8146,0.8358
peak_tonal_db6,3490,3762,Hakuna,154,1,1,0.6896,2.6630,0.4785
peak_tonal_db6,3491,0732,Potter,150,0,1,0.8954,1.3390,0.8131
peak_tonal_db6,3491,0825,Potter,150,0,1,1.1647,1.2979,0.8494
peak_tonal_db6,3491,0844,StarWars,150,0,1,1.0703,2.4792,0.4937
peak_tonal_db6,3491,1510,StarWars,150,0,1,1.0223,2.5701,0.4850
peak_tonal_db6,3491,3493,Hakuna,150,1,1,0.9674,1.1416,0.8474
peak_tonal_db6,3491,3767,Hakuna,150,1,1,0.9125,0.7108,0.9474
peak_tonal_db6,3496,0531,Potter,105,0,1,1.0872,1.6962,0.7181
peak_tonal_db6,3496,0583,Potter,105,0,1,1.0957,1.7515,0.6794
peak_tonal_db6,3496,1579,StarWars,105,0,1,1.0128,2.3609,0.7309
peak_tonal_db6,3496,3587,Hakuna,105,1,1,0.9553,0.3422,0.9694
peak_tonal_db6,3496,3906,Hakuna,105,1,1,1.0128,0.7775,0.8432
peak_tonal_db6,3502,0470,Potter,91,0,1,1.0240,1.6705,0.4957
peak_tonal_db6,3502,0596,Potter,91,0,1,1.1397,1.3102,0.6829
peak_tonal_db6,3502,1006,StarWars,91,0,1,0.9607,1.3776,0.5628
peak_tonal_db6,3502,1366,StarWars,91,0,1,1.1681,1.3083,0.5961
peak_tonal_db6,3502,3411,Hakuna,91,1,1,0.8865,1.2089,0.6253
peak_tonal_db6,3502,3440,Hakuna,91,1,1,0.8646,1.3155,0.4682
peak_tonal_db6,3505,0168,Potter,198,0,1,0.2131,1.9098,0.3349
peak_tonal_db6,3505,0461,Potter,198,0,1,0.6825,1.8944,0.2731
peak_tonal_db6,3505,1354,StarWars,198,0,1,0.1351,2.0812,0.2028
peak_tonal_db6,3505,1535,StarWars,198,0,1,0.1894,1.6905,0.7112
peak_tonal_db6,3505,3607,Hakuna,198,1,1,0.4429,1.8625,0.4335
peak_tonal_db6,3505,4013,Hakuna,198,1,1,0.2744,1.8555,0.2923
peak_tonal_db6,3508,0425,Potter,5,0,1,1.0527,1.7184,0.6717
peak_tonal_db6,3508,0528,Potter,5,0,1,1.1021,1.9905,0.5719
peak_tonal_db6,3508,0854,StarWars,5,0,1,1.0988,1.8203,0.6923
peak_tonal_db6,3508,1444,StarWars,5,0,1,1.1779,1.8733,0.5873
peak_tonal_db6,3508,3606,Hakuna,5,1,1,0.8600,0.7840,0.9341
peak_tonal_db6,3508,3860,Hakuna,5,1,1,0.9176,0.7109,0.9432
peak_tonal_db6,3513,0177,Potter,14,0,1,0.9620,1.4362,0.4857
peak_tonal_db6,3513,0774,Potter,14,0,1,0.9620,1.6269,0.3502
peak_tonal_db6,3513,1435,StarWars,14,0,1,0.8463,1.2390,0.6394
peak_tonal_db6,3513,1519,StarWars,14,0,1,0.7866,1.1525,0.6472
peak_tonal_db6,3513,3682,Hakuna,14,1,1,0.6745,1.1678,0.5750
peak_tonal_db6,3513,3807,Hakuna,14,1,1,0.7016,1.2003,0.6303
peak_tonal_db6,3514,0470,Potter,91,0,1,0.8866,1.3937,0.4941
peak_tonal_db6,3514,0596,Potter,91,0,1,0.9868,0.9416,0.6836
peak_tonal_db6,3514,1006,StarWars,91,0,1,0.8318,0.8245,0.6767
peak_tonal_db6,3514,1366,StarWars,91,0,1,1.0113,0.7419,0.7082
peak_tonal_db6,3514,3411,Hakuna,91,1,1,0.7675,0.8146,0.6781
peak_tonal_db6,3514,3440,Hakuna,91,1,1,0.7486,1.0227,0.4849
peak_tonal_db6,3515,0356,Potter,196,0,1,0.8898,1.6131,0.6866
peak_tonal_db6,3515,0686,Potter,196,0,1,0.8164,2.0769,0.5122
peak_tonal_db6,3515,0907,StarWars,196,0,1,0.7905,2.5990,0.5882
peak_tonal_db6,3515,1611,StarWars,196,0,1,0.7689,2.4836,0.6058
peak_tonal_db6,3515,4056,Hakuna,196,1,1,0.8164,0.3816,0.9807
peak_tonal_db6,3515,4082,Hakuna,196,1,1,0.8596,0.3870,0.9830
peak_tonal_db6,3516,0189,Potter,203,0,1,0.5964,2.5587,0.3520
peak_tonal_db6,3516,0302,Potter,203,0,1,0.5214,2.4059,0.4941
peak_tonal_db6,3516,0934,StarWars,203,0,1,0.4198,2.2281,0.5543
peak_tonal_db6,3516,1603,StarWars,203,0,1,0.2545,2.3824,0.5790
peak_tonal_db6,3516,3497,Hakuna,203,1,1,0.9003,2.2570,0.5698
peak_tonal_db6,3516,3926,Hakuna,203,1,1,0.9031,2.2264,0.6232
peak_tonal_db6,3517,0311,Potter,218,0,1,0.7856,3.3340,0.6697
peak_tonal_db6,3517,0518,Potter,218,0,1,0.6960,3.4737,0.6332
peak_tonal_db6,3517,0994,StarWars,218,0,1,0.8416,3.5492,0.4474
peak_tonal_db6,3517,1220,StarWars,218,0,1,0.7344,4.3572,-0.0345
peak_tonal_db6,3517,3475,Hakuna,218,1,1,0.8496,1.6653,0.9407
peak_tonal_db6,3517,3521,Hakuna,218,1,1,0.8704,1.9187,0.9221
peak_tonal_db6,3527,0275,Potter,33,0,1,1.0556,2.4424,0.4151
peak_tonal_db6,3527,0468,Potter,33,0,1,1.1073,2.2045,0.5053
peak_tonal_db6,3527,0888,StarWars,33,0,1,1.1303,1.7387,0.5607
peak_tonal_db6,3527,1174,StarWars,33,0,1,1.0958,1.7050,0.6195
peak_tonal_db6,3527,3868,Hakuna,33,1,1,0.9061,1.2556,0.7811
peak_tonal_db6,3528,0372,Potter,128,0,1,0.6597,1.3376,0.7952
peak_tonal_db6,3528,0440,Potter,128,0,1,0.7106,1.4673,0.7397
peak_tonal_db6,3528,1334,StarWars,128,0,1,0.8542,2.0337,0.5861
peak_tonal_db6,3528,1570,StarWars,128,0,1,0.6250,1.5212,0.6547
peak_tonal_db6,3528,3882,Hakuna,128,1,1,0.7847,1.2121,0.7270
peak_tonal_db6,3528,4119,Hakuna,128,1,1,0.7824,0.9873,0.8405
peak_tonal_db6,3531,0131,Potter,53,0,1,1.5084,1.8974,0.5148
peak_tonal_db6,3531,0689,Potter,53,0,1,1.4643,2.0636,0.3993
peak_tonal_db6,3531,1269,StarWars,53,0,1,1.0567,2.5566,0.0099
peak_tonal_db6,3531,1596,StarWars,53,0,1,1.0651,2.6442,-0.0101
peak_tonal_db6,3531,3585,Hakuna,53,1,1,0.9517,0.3588,0.9856
peak_tonal_db6,3531,3856,Hakuna,53,1,1,0.8718,0.3975,0.9823
peak_tonal_db6,3532,0394,Potter,215,0,1,1.1817,3.2301,0.1922
peak_tonal_db6,3532,0975,StarWars,215,0,1,0.9706,2.4580,0.6798
peak_tonal_db6,3532,1423,StarWars,215,0,1,1.0952,2.5481,0.7663
peak_tonal_db6,3532,3480,Hakuna,215,1,1,0.9827,0.3242,0.9731
peak_tonal_db6,3532,3858,Hakuna,215,1,1,1.0381,0.3163,0.9812
peak_tonal_db6,3535,0286,Potter,47,0,1,0.7511,1.4223,0.6095
peak_tonal_db6,3535,0443,Potter,47,0,1,0.6344,1.0394,0.7244
peak_tonal_db6,3535,1258,StarWars,47,0,1,0.8767,1.5180,0.4916
peak_tonal_db6,3535,1300,StarWars,47,0,1,0.6256,1.5587,0.4686
peak_tonal_db6,3535,4019,Hakuna,47,1,1,0.9273,1.2188,0.6416
peak_tonal_db6,3535,4044,Hakuna,47,1,1,0.9912,1.0346,0.7106
peak_tonal_db6,3536,0196,Potter,232,0,1,0.9105,1.2293,0.8345
peak_tonal_db6,3536,0603,Potter,232,0,1,1.0447,1.2922,0.8082
peak_tonal_db6,3536,0917,StarWars,232,0,1,1.1440,2.2146,0.5108
peak_tonal_db6,3536,1278,StarWars,232,0,1,1.0000,2.2077,0.4661
peak_tonal_db6,3536,3541,Hakuna,232,1,1,0.9533,1.3696,0.8733
peak_tonal_db6,3536,4111,Hakuna,232,1,1,0.9864,1.3418,0.8983
peak_tonal_db6,3538,0005,Potter,216,0,1,0.7273,1.5786,0.7234
peak_tonal_db6,3538,0036,Potter,216,0,1,0.8566,1.1446,0.8528
peak_tonal_db6,3538,3704,Hakuna,216,1,1,0.5822,1.7620,0.6137
peak_tonal_db6,3538,3876,Hakuna,216,1,1,0.6923,1.6318,0.6977
peak_tonal_db6,3544,0008,Potter,213,0,1,0.9853,1.7409,0.8085
peak_tonal_db6,3544,0681,Potter,213,0,1,0.9485,1.5917,0.8547
peak_tonal_db6,3544,0860,StarWars,213,0,1,0.9596,2.9641,0.7473
peak_tonal_db6,3544,1317,StarWars,213,0,1,0.9136,2.5406,0.7414
peak_tonal_db6,3544,3548,Hakuna,213,1,1,0.7335,0.5222,0.9616
peak_tonal_db6,3544,3720,Hakuna,213,1,1,0.7923,0.5526,0.9549
peak_tonal_db6,3545,0553,Potter,0,0,1,0.9034,1.8697,0.5418
peak_tonal_db6,3545,0590,Potter,0,0,1,0.9822,1.5697,0.5216
peak_tonal_db6,3545,0915,StarWars,0,0,1,0.6374,2.0460,0.2610
peak_tonal_db6,3545,1140,StarWars,0,0,1,0.5958,2.3733,0.2299
peak_tonal_db6,3545,3690,Hakuna,0,1,1,0.8425,1.5326,0.3419
peak_tonal_db6,3545,4031,Hakuna,0,1,1,0.8484,0.9916,0.7407
peak_tonal_db6,3552,0613,Potter,137,0,1,0.8362,1.3524,0.8282
peak_tonal_db6,3552,0788,Potter,137,0,1,0.7714,1.6301,0.7214
peak_tonal_db6,3552,1163,StarWars,137,0,1,0.8743,1.8121,0.6837
peak_tonal_db6,3552,1177,StarWars,137,0,1,0.9181,1.9885,0.6643
peak_tonal_db6,3552,3594,Hakuna,137,1,1,1.0019,1.1465,0.8857
peak_tonal_db6,3552,3944,Hakuna,137,1,1,0.9143,0.9623,0.9225
peak_tonal_db6,3553,0102,Potter,191,0,1,1.0414,1.3623,0.6559
peak_tonal_db6,3553,0426,Potter,191,0,1,1.1144,1.4530,0.6080
peak_tonal_db6,3553,0993,StarWars,191,0,1,1.1192,1.4402,0.6843
peak_tonal_db6,3553,1506,StarWars,191,0,1,1.0706,1.6243,0.4596
peak_tonal_db6,3553,3928,Hakuna,191,1,1,1.2360,1.6244,0.7063
peak_tonal_db6,3553,3984,Hakuna,191,1,1,0.9489,1.5998,0.6278
peak_tonal_db6,3554,1030,StarWars,212,0,1,0.7194,1.9182,0.5684
peak_tonal_db6,3554,1646,StarWars,212,0,1,0.8333,2.1784,0.2099
peak_tonal_db6,3554,3761,Hakuna,212,1,1,0.7313,1.4514,0.8494
peak_tonal_db6,3554,3907,Hakuna,212,1,1,0.7959,1.4979,0.8592
peak_tonal_db6,3555,0292,Potter,166,0,1,1.2016,1.9847,0.6541
peak_tonal_db6,3555,0353,Potter,166,0,1,1.7160,1.8262,0.7033
peak_tonal_db6,3555,1233,StarWars,166,0,1,1.0144,1.7829,0.6826
peak_tonal_db6,3555,1267,StarWars,166,0,1,1.0123,2.3418,0.3817
peak_tonal_db6,3557,0373,Potter,122,0,1,0.8430,1.9482,0.7452
peak_tonal_db6,3557,0547,Potter,122,0,1,0.7892,1.9049,0.7184
peak_tonal_db6,3557,1408,StarWars,122,0,1,0.7209,2.1793,0.6272
peak_tonal_db6,3557,1495,StarWars,122,0,1,0.6424,2.2292,0.6435
peak_tonal_db6,3557,3595,Hakuna,122,1,1,0.7369,1.6712,0.8064
peak_tonal_db6,3557,3655,Hakuna,122,1,1,0.6919,2.0917,0.6467
peak_tonal_db6,3560,0239,Potter,59,0,1,0.5918,1.9790,0.5012
peak_tonal_db6,3560,0798,Potter,59,0,1,0.4349,1.9261,0.6217
peak_tonal_db6,3560,0923,StarWars,59,0,1,0.2826,1.9153,0.5005
peak_tonal_db6,3560,1246,StarWars,59,0,1,0.4239,2.1169,0.4019
peak_tonal_db6,3560,3956,Hakuna,59,1,1,0.3485,2.1648,0.4296
peak_tonal_db6,3560,4124,Hakuna,59,1,1,0.3768,1.9403,0.5158
peak_tonal_db6,3566,0651,Potter,97,0,1,1.2052,1.8614,0.7921
peak_tonal_db6,3566,0706,Potter,97,0,1,1.1460,1.5604,0.8092
peak_tonal_db6,3566,1313,StarWars,97,0,1,1.0481,1.9982,0.6580
peak_tonal_db6,3566,1418,StarWars,97,0,1,1.0277,2.3976,0.6260
peak_tonal_db6,3566,3631,Hakuna,97,1,1,1.0037,0.4520,0.9769
peak_tonal_db6,3566,3919,Hakuna,97,1,1,1.0721,0.8087,0.9113
peak_tonal_db6,3570,0273,Potter,172,0,1,0.8259,1.3597,0.7279
peak_tonal_db6,3570,1064,StarWars,172,0,1,0.8311,1.6394,0.6624
peak_tonal_db6,3570,1498,StarWars,172,0,1,0.7014,1.4417,0.7289
peak_tonal_db6,3570,3708,Hakuna,172,1,1,0.8174,3.0314,-0.1992
peak_tonal_db6,3570,4145,Hakuna,172,1,1,0.8328,1.2643,0.7594
peak_tonal_db6,3572,0057,Potter,60,0,1,0.8007,1.5316,0.7212
peak_tonal_db6,3572,0348,Potter,60,0,1,0.7745,1.5230,0.7588
peak_tonal_db6,3575,0090,Potter,24,0,1,0.8531,1.4690,0.7177
peak_tonal_db6,3575,0320,Potter,24,0,1,0.7982,1.3914,0.7367
peak_tonal_db6,3575,1045,StarWars,24,0,1,0.9221,2.2097,0.4691
peak_tonal_db6,3575,1325,StarWars,24,0,1,0.8319,1.5980,0.6235
peak_tonal_db6,3575,3814,Hakuna,24,1,1,0.8549,0.6906,0.9373
peak_tonal_db6,3575,4118,Hakuna,24,1,1,0.7699,0.8115,0.9203
peak_tonal_db6,3577,0633,Potter,231,0,1,0.5504,1.2300,0.7940
peak_tonal_db6,3577,0803,Potter,231,0,1,0.7085,1.1385,0.8454
peak_tonal_db6,3577,1150,StarWars,231,0,1,0.7535,1.6949,0.6417
peak_tonal_db6,3577,1605,StarWars,231,0,1,0.8062,1.6450,0.7154
peak_tonal_db6,3577,4049,Hakuna,231,1,1,0.8124,0.3065,0.9868
peak_tonal_db6,3577,4112,Hakuna,231,1,1,0.8326,0.3399,0.9855
peak_tonal_db6,3580,0595,Potter,26,0,1,0.8900,1.1967,0.4394
peak_tonal_db6,3580,0768,Potter,26,0,1,0.8400,1.4349,0.1879
peak_tonal_db6,3580,1087,StarWars,26,0,1,0.6475,1.2664,0.3903
peak_tonal_db6,3580,1132,StarWars,26,0,1,0.5150,1.2073,0.3038
peak_tonal_db6,3580,3392,Hakuna,26,1,1,0.3225,1.2138,0.4712
peak_tonal_db6,3580,4137,Hakuna,26,1,1,0.4300,1.2282,0.4716
peak_tonal_db6,3582,0254,Potter,129,0,1,1.6067,1.6722,0.6650
peak_tonal_db6,3582,0554,Potter,129,0,1,1.6090,1.8543,0.6304
peak_tonal_db6,3582,1014,StarWars,129,0,1,0.9101,1.9961,0.5285
peak_tonal_db6,3582,1167,StarWars,129,0,1,0.8427,1.6394,0.5998
peak_tonal_db6,3582,3576,Hakuna,129,1,1,0.8360,1.0050,0.8125
peak_tonal_db6,3582,3651,Hakuna,129,1,1,0.8112,1.0141,0.8169
peak_tonal_db6,3583,0206,Potter,84,0,1,0.8490,1.4157,0.8029
peak_tonal_db6,3583,1341,StarWars,84,0,1,0.9178,2.3986,0.1440
peak_tonal_db6,3583,1504,StarWars,84,0,1,0.8255,1.6970,0.6565
peak_tonal_db6,3588,0680,Potter,123,0,1,1.0308,2.1241,0.4195
peak_tonal_db6,3588,0835,Potter,123,0,1,1.0308,1.9192,0.5395
peak_tonal_db6,3588,1196,StarWars,123,0,1,0.9128,2.0391,0.6657
peak_tonal_db6,3588,1378,StarWars,123,0,1,0.9624,1.9947,0.7276
peak_tonal_db6,3588,3567,Hakuna,123,1,1,0.7043,0.3553,0.9821
peak_tonal_db6,3588,3787,Hakuna,123,1,1,0.7897,0.2655,0.9903
peak_tonal_db6,3591,0177,Potter,14,0,1,0.8808,1.4144,0.4557
peak_tonal_db6,3591,0774,Potter,14,0,1,0.8808,1.4806,0.4943
peak_tonal_db6,3591,1435,StarWars,14,0,1,0.7748,1.2644,0.5342
peak_tonal_db6,3591,1519,StarWars,14,0,1,0.7202,1.2450,0.5620
peak_tonal_db6,3591,3682,Hakuna,14,1,1,0.6175,1.1685,0.4973
peak_tonal_db6,3591,3807,Hakuna,14,1,1,0.6424,1.0755,0.6915
peak_tonal_db6,3593,0595,Potter,26,0,1,0.7946,1.1129,0.4602
peak_tonal_db6,3593,0768,Potter,26,0,1,0.7500,1.1185,0.4123
peak_tonal_db6,3593,1087,StarWars,26,0,1,0.5781,0.9818,0.5253
peak_tonal_db6,3593,1132,StarWars,26,0,1,0.4598,1.0721,0.4836
peak_tonal_db6,3593,3392,Hakuna,26,1,1,0.2879,1.0576,0.6019
peak_tonal_db6,3593,4137,Hakuna,26,1,1,0.3839,1.0040,0.6205
peak_tonal_db6,3599,0071,Potter,109,0,1,1.1493,1.8265,0.7275
peak_tonal_db6,3599,0388,Potter,109,0,1,1.2331,1.8444,0.7584
peak_tonal_db6,3599,0986,StarWars,109,0,1,1.1125,2.6271,0.4615
peak_tonal_db6,3599,1078,StarWars,109,0,1,1.1881,2.4691,0.4705
peak_tonal_db6,3599,3457,Hakuna,109,1,1,0.9141,0.7458,0.9512
peak_tonal_db6,3599,3837,Hakuna,109,1,1,0.8446,0.9958,0.9045
peak_tonal_db6,3601,0350,Potter,72,0,1,1.1707,1.7096,0.7335
peak_tonal_db6,3601,0506,Potter,72,0,1,1.1366,1.5679,0.7736
peak_tonal_db6,3601,1215,StarWars,72,0,1,1.1146,2.9872,0.6148
peak_tonal_db6,3601,1478,StarWars,72,0,1,1.3561,2.5883,0.3895
peak_tonal_db6,3601,3666,Hakuna,72,1,1,0.9902,0.4800,0.9761
peak_tonal_db6,3601,4069,Hakuna,72,1,1,0.9098,0.4407,0.9784
peak_tonal_db6,3602,0424,Potter,38,0,1,1.1049,1.5987,0.4530
peak_tonal_db6,3602,0829,Potter,38,0,1,1.1000,1.5817,0.4815
peak_tonal_db6,3602,1149,StarWars,38,0,1,0.9475,1.5377,0.6069
peak_tonal_db6,3602,1273,StarWars,38,0,1,0.9410,1.6343,0.4817
peak_tonal_db6,3602,3506,Hakuna,38,1,1,0.8410,0.5977,0.8913
peak_tonal_db6,3602,3732,Hakuna,38,1,1,0.9197,0.7197,0.8377
peak_tonal_db6,3611,0136,Potter,144,0,1,0.5625,1.5347,0.3385
peak_tonal_db6,3611,0330,Potter,144,0,1,0.5571,1.3135,0.5412
peak_tonal_db6,3611,1216,StarWars,144,0,1,0.5408,0.8972,0.6438
peak_tonal_db6,3611,1421,StarWars,144,0,1,0.5679,1.1282,0.5052
peak_tonal_db6,3611,3420,Hakuna,144,1,1,0.5163,0.9501,0.7365
peak_tonal_db6,3611,3673,Hakuna,144,1,1,0.5122,0.8231,0.7636
peak_tonal_db6,3616,0538,Potter,16,0,1,0.2261,2.3559,-0.0822
peak_tonal_db6,3616,0797,Potter,16,0,1,0.1914,1.6973,0.4609
peak_tonal_db6,3616,1261,StarWars,16,0,1,0.1833,2.8283,0.0565
peak_tonal_db6,3616,1522,StarWars,16,0,1,0.1100,1.7656,-0.0244
peak_tonal_db6,3616,3846,Hakuna,16,1,1,1.0387,1.1389,0.5601
peak_tonal_db6,3616,4150,Hakuna,16,1,1,1.0265,1.2829,0.2480
peak_tonal_db6,3621,0373,Potter,122,0,1,0.8722,1.5519,0.5910
peak_tonal_db6,3621,0547,Potter,122,0,1,0.8165,1.6203,0.5908
peak_tonal_db6,3621,1408,StarWars,122,0,1,0.7459,1.6603,0.5523
peak_tonal_db6,3621,1495,StarWars,122,0,1,0.6647,1.5313,0.6118
peak_tonal_db6,3621,3595,Hakuna,122,1,1,0.7624,0.8974,0.8798
peak_tonal_db6,3621,3655,Hakuna,122,1,1,0.7158,1.4468,0.7237
peak_tonal_db6,3622,0076,Potter,30,0,1,0.6882,2.0789,0.5369
peak_tonal_db6,3622,0151,Potter,30,0,1,0.7728,1.7398,0.6896
peak_tonal_db6,3622,1101,StarWars,30,0,1,0.9221,2.0500,0.6875
peak_tonal_db6,3622,1369,StarWars,30,0,1,0.8557,2.1420,0.4945
peak_tonal_db6,3622,3443,Hakuna,30,1,1,0.7214,1.2606,0.8505
peak_tonal_db6,3622,3694,Hakuna,30,1,1,0.6700,1.0882,0.8717
peak_tonal_db6,3624,0437,Potter,40,0,1,0.9921,1.8618,0.6813
peak_tonal_db6,3624,0502,Potter,40,0,1,0.7747,2.3236,0.4644
peak_tonal_db6,3624,0892,StarWars,40,0,1,0.7984,2.8212,0.1765
peak_tonal_db6,3624,1600,StarWars,40,0,1,0.7727,2.6420,0.3318
peak_tonal_db6,3624,3966,Hakuna,40,1,1,0.8182,0.8356,0.9160
peak_tonal_db6,3624,4094,Hakuna,40,1,1,0.7431,0.8781,0.9196
peak_tonal_db6,3626,1030,StarWars,212,0,1,0.8027,2.3066,0.2610
peak_tonal_db6,3626,1646,StarWars,212,0,1,0.9298,2.3666,0.2172
peak_tonal_db6,3626,3761,Hakuna,212,1,1,0.8159,1.7183,0.7659
peak_tonal_db6,3626,3907,Hakuna,212,1,1,0.8880,1.8508,0.7141
peak_tonal_db6,3630,0350,Potter,72,0,1,1.1794,1.7538,0.7278
peak_tonal_db6,3630,0506,Potter,72,0,1,1.1450,1.5471,0.7572
peak_tonal_db6,3630,1215,StarWars,72,0,1,1.1229,3.0830,0.6295
peak_tonal_db6,3630,1478,StarWars,72,0,1,1.3661,2.6392,0.4039
peak_tonal_db6,3630,3666,Hakuna,72,1,1,0.9975,0.4347,0.9751
peak_tonal_db6,3630,4069,Hakuna,72,1,1,0.9165,0.4153,0.9765
peak_tonal_db6,3632,0438,Potter,192,0,1,0.7111,1.0267,0.6616
peak_tonal_db6,3632,0783,Potter,192,0,1,0.7335,1.0534,0.6435
peak_tonal_db6,3632,0909,StarWars,192,0,1,0.7979,1.1008,0.6973
peak_tonal_db6,3632,1642,StarWars,192,0,1,0.7919,1.1814,0.6806
peak_tonal_db6,3632,3741,Hakuna,192,1,1,0.7425,0.9781,0.7745
peak_tonal_db6,3632,4148,Hakuna,192,1,1,0.7754,0.8745,0.8352
peak_tonal_db6,3633,1235,StarWars,178,0,1,0.8194,1.3628,0.5093
peak_tonal_db6,3633,1585,StarWars,178,0,1,0.6753,1.3102,0.4426
peak_tonal_db6,3633,3403,Hakuna,178,1,1,0.6094,1.3723,0.2429
peak_tonal_db6,3633,3665,Hakuna,178,1,1,0.6215,1.5394,0.1939
peak_tonal_db6,3636,0075,Potter,55,0,1,0.8117,1.7732,0.4524
peak_tonal_db6,3636,0785,Potter,55,0,1,0.7587,1.9026,0.4232
peak_tonal_db6,3636,1160,StarWars,55,0,1,0.6819,1.3531,0.7492
peak_tonal_db6,3636,1648,StarWars,55,0,1,0.9909,1.3333,0.7141
peak_tonal_db6,3636,3887,Hakuna,55,1,1,0.9049,1.3895,0.7699
peak_tonal_db6,3636,4060,Hakuna,55,1,1,0.8099,1.0509,0.8705
peak_tonal_db6,3637,0196,Potter,232,0,1,0.9873,1.1786,0.8002
peak_tonal_db6,3637,0603,Potter,232,0,1,1.1329,1.2404,0.7004
peak_tonal_db6,3637,0917,StarWars,232,0,1,1.2405,2.3260,0.2565
peak_tonal_db6,3637,1278,StarWars,232,0,1,1.0844,2.3310,0.1240
peak_tonal_db6,3637,3541,Hakuna,232,1,1,1.0338,1.3048,0.7921
peak_tonal_db6,3637,4111,Hakuna,232,1,1,1.0696,1.2683,0.8466
peak_tonal_db6,3644,0531,Potter,105,0,1,0.9884,1.6091,0.8095
peak_tonal_db6,3644,0583,Potter,105,0,1,0.9961,1.6145,0.8198
peak_tonal_db6,3644,1579,StarWars,105,0,1,0.9207,2.1801,0.7592
peak_tonal_db6,3644,3587,Hakuna,105,1,1,0.8685,0.5650,0.9451
peak_tonal_db6,3644,3906,Hakuna,105,1,1,0.9207,0.4107,0.9804
peak_tonal_db6,3646,0384,Potter,228,0,1,0.4498,1.3799,0.5880
peak_tonal_db6,3646,0820,Potter,228,0,1,0.1293,2.3319,0.5400
peak_tonal_db6,3646,1339,StarWars,228,0,1,0.0965,1.9484,0.1070
peak_tonal_db6,3646,3896,Hakuna,228,1,1,0.1216,1.8165,0.5736
peak_tonal_db6,3650,0090,Potter,24,0,1,0.8561,1.5261,0.7226
peak_tonal_db6,3650,0320,Potter,24,0,1,0.8011,1.3887,0.7412
peak_tonal_db6,3650,1045,StarWars,24,0,1,0.9254,2.0564,0.5487
peak_tonal_db6,3650,1325,StarWars,24,0,1,0.8348,1.5651,0.6127
peak_tonal_db6,3650,3814,Hakuna,24,1,1,0.8579,0.6100,0.9531
peak_tonal_db6,3650,4118,Hakuna,24,1,1,0.7726,0.7356,0.9313
peak_tonal_db6,3652,0131,Potter,53,0,1,1.4774,1.9718,0.4386
peak_tonal_db6,3652,0689,Potter,53,0,1,1.4342,1.9993,0.3657
peak_tonal_db6,3652,1269,StarWars,53,0,1,1.0350,2.5918,-0.0908
peak_tonal_db6,3652,1596,StarWars,53,0,1,1.0432,2.6172,-0.1347
peak_tonal_db6,3652,3585,Hakuna,53,1,1,0.9321,0.3940,0.9763
peak_tonal_db6,3652,3856,Hakuna,53,1,1,0.8539,0.4256,0.9681
peak_tonal_db6,3653,0489,Potter,87,0,1,0.8291,1.8564,0.1500
peak_tonal_db6,3653,0684,Potter,87,0,1,0.7326,1.9413,0.0762
peak_tonal_db6,3653,1090,StarWars,87,0,1,0.7437,1.4317,0.4759
peak_tonal_db6,3653,1460,StarWars,87,0,1,0.7801,1.0442,0.7549
peak_tonal_db6,3653,3341,Hakuna,87,1,1,0.7342,1.0060,0.8100
peak_tonal_db6,3653,3728,Hakuna,87,1,1,0.7089,1.1176,0.7665
peak_tonal_db6,3656,0352,Potter,220,0,1,1.0815,1.4604,0.2582
peak_tonal_db6,3656,0755,Potter,220,0,1,1.1590,1.2606,0.5952
peak_tonal_db6,3656,1052,StarWars,220,0,1,0.6421,1.4547,0.1331
peak_tonal_db6,3656,1207,StarWars,220,0,1,1.0517,1.3027,0.3816
peak_tonal_db6,3656,3568,Hakuna,220,1,1,0.7992,1.2394,0.4385
peak_tonal_db6,3656,3759,Hakuna,220,1,1,0.4274,1.1798,0.6456
peak_tonal_db6,3657,0041,Potter,151,0,1,1.1044,1.1995,0.7771
peak_tonal_db6,3657,0778,Potter,151,0,1,1.0356,1.2967,0.7633
peak_tonal_db6,3657,1060,StarWars,151,0,1,1.3978,2.0298,0.5308
peak_tonal_db6,3657,1252,StarWars,151,0,1,1.3489,1.8713,0.5786
peak_tonal_db6,3657,3523,Hakuna,151,1,1,0.9511,0.6010,0.9361
peak_tonal_db6,3657,3573,Hakuna,151,1,1,0.9622,0.5406,0.9431
peak_tonal_db6,3658,0254,Potter,129,0,1,1.5180,1.8685,0.6619
peak_tonal_db6,3658,0554,Potter,129,0,1,1.5202,1.9307,0.6457
peak_tonal_db6,3658,1014,StarWars,129,0,1,0.8599,2.0007,0.5965
peak_tonal_db6,3658,1167,StarWars,129,0,1,0.7962,1.6256,0.6913
peak_tonal_db6,3658,3576,Hakuna,129,1,1,0.7898,1.0341,0.8722
peak_tonal_db6,3658,3651,Hakuna,129,1,1,0.7665,1.1577,0.8544
peak_tonal_db6,3659,0181,Potter,13,0,1,1.0722,1.5788,0.7309
peak_tonal_db6,3659,0299,Potter,13,0,1,0.9278,1.7001,0.7498
peak_tonal_db6,3659,1619,StarWars,13,0,1,0.7246,1.1402,0.6982
peak_tonal_db6,3659,3353,Hakuna,13,1,1,0.9255,0.7492,0.7822
peak_tonal_db6,3659,4020,Hakuna,13,1,1,0.8668,0.8413,0.7375
peak_tonal_db6,3660,0673,Potter,89,0,1,0.5815,1.6830,0.3566
peak_tonal_db6,3660,3769,Hakuna,89,1,1,0.9412,1.4982,0.3587
peak_tonal_db6,3660,4107,Hakuna,89,1,1,0.7748,1.2653,0.7336
peak_tonal_db6,3663,0125,Potter,205,0,1,0.6897,1.8520,0.6502
peak_tonal_db6,3663,0359,Potter,205,0,1,0.7086,1.5432,0.8239
peak_tonal_db6,3663,0966,StarWars,205,0,1,0.7170,1.8159,0.7158
peak_tonal_db6,3663,1480,StarWars,205,0,1,0.6939,1.9772,0.4562
peak_tonal_db6,3663,3529,Hakuna,205,1,1,0.5451,1.6839,0.7734
peak_tonal_db6,3663,3581,Hakuna,205,1,1,0.6268,1.7342,0.6788
peak_tonal_db6,3669,0361,Potter,46,0,1,1.0657,1.3785,0.8296
peak_tonal_db6,3669,0632,Potter,46,0,1,0.9948,1.2496,0.8608
peak_tonal_db6,3669,0841,StarWars,46,0,1,0.9118,1.9332,0.6914
peak_tonal_db6,3669,1237,StarWars,46,0,1,0.9827,2.0003,0.6689
peak_tonal_db6,3669,3661,Hakuna,46,1,1,0.8391,0.4244,0.9769
peak_tonal_db6,3669,4156,Hakuna,46,1,1,0.8685,0.4452,0.9741
peak_tonal_db6,3674,0181,Potter,13,0,1,1.0463,1.5618,0.6870
peak_tonal_db6,3674,0299,Potter,13,0,1,0.9053,1.8358,0.5702
peak_tonal_db6,3674,1619,StarWars,13,0,1,0.7070,1.1185,0.7181
peak_tonal_db6,3674,3353,Hakuna,13,1,1,0.9031,0.6414,0.8148
peak_tonal_db6,3674,4020,Hakuna,13,1,1,0.8458,0.7410,0.7382
peak_tonal_db6,3677,0311,Potter,218,0,1,0.8224,2.0344,0.6499
peak_tonal_db6,3677,0518,Potter,218,0,1,0.7286,2.1240,0.6006
peak_tonal_db6,3677,0994,StarWars,218,0,1,0.8811,3.2556,0.2387
peak_tonal_db6,3677,1220,StarWars,218,0,1,0.7688,2.9294,0.2365
peak_tonal_db6,3677,3475,Hakuna,218,1,1,0.8894,0.7158,0.9531
peak_tonal_db6,3677,3521,Hakuna,218,1,1,0.9112,0.9006,0.8528
peak_tonal_db6,3681,0397,Potter,20,0,1,0.6986,1.9190,0.5978
peak_tonal_db6,3681,0513,Potter,20,0,1,0.5848,1.6557,0.7630
peak_tonal_db6,3681,1297,StarWars,20,0,1,0.6751,2.2235,0.3714
peak_tonal_db6,3681,1582,StarWars,20,0,1,0.6209,1.7651,0.6561
peak_tonal_db6,3681,3642,Hakuna,20,1,1,0.7383,0.7972,0.9168
peak_tonal_db6,3681,3992,Hakuna,20,1,1,0.6968,0.8925,0.9026
peak_tonal_db6,3684,0073,Potter,189,0,1,0.7039,1.9020,0.4798
peak_tonal_db6,3684,0298,Potter,189,0,1,0.8174,1.8179,0.5100
peak_tonal_db6,3684,1251,StarWars,189,0,1,0.8652,1.6372,0.4661
peak_tonal_db6,3684,1497,StarWars,189,0,1,0.9025,1.6648,0.4383
peak_tonal_db6,3684,3342,Hakuna,189,1,1,0.8635,0.9378,0.8464
peak_tonal_db6,3685,0055,Potter,200,0,1,1.0747,2.2811,0.3766
peak_tonal_db6,3685,0417,Potter,200,0,1,1.0202,2.5194,0.4019
peak_tonal_db6,3685,1015,StarWars,200,0,1,1.0990,2.0835,0.4878
peak_tonal_db6,3685,1626,StarWars,200,0,1,1.0343,2.3417,0.4575
peak_tonal_db6,3685,3586,Hakuna,200,1,1,0.8162,1.1337,0.4478
peak_tonal_db6,3685,3862,Hakuna,200,1,1,0.8929,1.1920,0.5575
peak_tonal_db6,3698,0140,Potter,175,0,1,0.7850,3.7327,0.2881
peak_tonal_db6,3698,0758,Potter,175,0,1,0.9388,3.7078,-0.0812
peak_tonal_db6,3698,1428,StarWars,175,0,1,0.8217,2.8383,0.6096
peak_tonal_db6,3698,1599,StarWars,175,0,1,0.8654,3.3386,0.2555
peak_tonal_db6,3703,0370,Potter,153,0,1,0.7261,1.4003,0.5691
peak_tonal_db6,3703,0710,Potter,153,0,1,0.7598,1.5289,0.5694
peak_tonal_db6,3703,0882,StarWars,153,0,1,0.7907,1.4042,0.6157
peak_tonal_db6,3703,1138,StarWars,153,0,1,0.6784,1.4046,0.5240
peak_tonal_db6,3703,3534,Hakuna,153,1,1,0.8272,1.4769,0.6279
peak_tonal_db6,3703,3689,Hakuna,153,1,1,0.7472,1.4828,0.6543
peak_tonal_db6,3713,0435,Potter,185,0,1,0.6405,1.4936,0.6762
peak_tonal_db6,3713,0666,Potter,185,0,1,1.0716,1.2745,0.8020
peak_tonal_db6,3713,1173,StarWars,185,0,1,1.0733,1.8597,0.4255
peak_tonal_db6,3713,1575,StarWars,185,0,1,0.6300,1.7563,0.4419
peak_tonal_db6,3713,3561,Hakuna,185,1,1,1.0105,1.0183,0.9010
peak_tonal_db6,3713,3613,Hakuna,185,1,1,0.8237,0.9962,0.8798
peak_tonal_db6,3714,0068,Potter,134,0,1,1.1905,1.6373,0.5972
peak_tonal_db6,3714,0695,Potter,134,0,1,0.8027,1.6010,0.5241
peak_tonal_db6,3714,1461,StarWars,134,0,1,0.7636,1.5615,0.7395
peak_tonal_db6,3714,1589,StarWars,134,0,1,0.7449,1.7153,0.5466
peak_tonal_db6,3714,3780,Hakuna,134,1,1,0.7721,1.6402,0.5891
peak_tonal_db6,3714,3912,Hakuna,134,1,1,0.7670,1.6944,0.6056
peak_tonal_db6,3721,0361,Potter,46,0,1,1.0676,1.2610,0.8475
peak_tonal_db6,3721,0632,Potter,46,0,1,0.9965,1.2671,0.8700
peak_tonal_db6,3721,0841,StarWars,46,0,1,0.9133,1.8581,0.6968
peak_tonal_db6,3721,1237,StarWars,46,0,1,0.9844,2.0103,0.6038
peak_tonal_db6,3721,3661,Hakuna,46,1,1,0.8406,0.4173,0.9802
peak_tonal_db6,3721,4156,Hakuna,46,1,1,0.8700,0.3911,0.9821
peak_tonal_db6,3726,0243,Potter,139,0,1,0.9848,1.2674,0.7026
peak_tonal_db6,3726,0824,Potter,139,0,1,0.8693,1.2421,0.7162
peak_tonal_db6,3726,0999,StarWars,139,0,1,0.8201,1.0177,0.8573
peak_tonal_db6,3726,1240,StarWars,139,0,1,0.7633,1.5449,0.5502
peak_tonal_db6,3726,3969,Hakuna,139,1,1,0.8011,0.6852,0.9065
peak_tonal_db6,3726,4035,Hakuna,139,1,1,0.7652,0.8084,0.8844
peak_tonal_db6,3727,0102,Potter,191,0,1,0.8753,1.3234,0.5819
peak_tonal_db6,3727,0426,Potter,191,0,1,0.9366,1.2528,0.4956
peak_tonal_db6,3727,0993,StarWars,191,0,1,0.9407,1.2260,0.6006
peak_tonal_db6,3727,1506,StarWars,191,0,1,0.8998,1.2648,0.5911
peak_tonal_db6,3727,3928,Hakuna,191,1,1,1.0389,1.0052,0.8037
peak_tonal_db6,3727,3984,Hakuna,191,1,1,0.7975,0.9801,0.7579
peak_tonal_db6,3730,0328,Potter,106,0,1,0.5915,1.4648,0.6213
peak_tonal_db6,3730,0777,Potter,106,0,1,0.6634,1.5884,0.4479
peak_tonal_db6,3730,1062,StarWars,106,0,1,0.6552,1.3331,0.5174
peak_tonal_db6,3730,1581,StarWars,106,0,1,0.3775,1.6118,0.3369
peak_tonal_db6,3730,3427,Hakuna,106,1,1,0.6242,1.2501,0.6326
peak_tonal_db6,3730,4075,Hakuna,106,1,1,0.5686,1.4582,0.5114
peak_tonal_db6,3735,0504,Potter,90,0,1,0.6588,1.7587,0.6179
peak_tonal_db6,3735,0597,Potter,90,0,1,0.7036,1.7468,0.6312
peak_tonal_db6,3735,0886,StarWars,90,0,1,0.7463,1.6157,0.5600
peak_tonal_db6,3735,1075,StarWars,90,0,1,0.7974,1.5111,0.5732
peak_tonal_db6,3735,3378,Hakuna,90,1,1,0.5608,1.4659,0.6358
peak_tonal_db6,3735,3455,Hakuna,90,1,1,0.7196,1.8710,0.2038
peak_tonal_db6,3738,0158,Potter,98,0,1,0.8137,1.2836,0.5063
peak_tonal_db6,3738,0450,Potter,98,0,1,0.8017,1.3382,0.4204
peak_tonal_db6,3738,0904,StarWars,98,0,1,0.4274,3.1949,0.0078
peak_tonal_db6,3738,1654,StarWars,98,0,1,0.6889,1.1722,0.5924
peak_tonal_db6,3738,3835,Hakuna,98,1,1,0.5726,1.1081,0.6167
peak_tonal_db6,3738,3993,Hakuna,98,1,1,0.4393,2.5023,-0.1564
peak_tonal_db6,3739,0019,Potter,73,0,1,0.5635,2.3754,0.3943
peak_tonal_db6,3739,0078,Potter,73,0,1,0.8193,2.0876,0.5496
peak_tonal_db6,3739,1154,StarWars,73,0,1,0.6279,2.3858,0.3111
peak_tonal_db6,3739,1359,StarWars,73,0,1,0.7406,2.2022,0.5072
peak_tonal_db6,3739,3857,Hakuna,73,1,1,0.6655,2.5247,0.1147
peak_tonal_db6,3740,0477,Potter,17,0,1,1.3268,1.6498,0.6841
peak_tonal_db6,3740,0558,Potter,17,0,1,1.2597,1.4540,0.7489
peak_tonal_db6,3740,1609,StarWars,17,0,1,1.2511,1.6939,0.6455
peak_tonal_db6,3740,1620,StarWars,17,0,1,1.1645,1.6275,0.7408
peak_tonal_db6,3740,3878,Hakuna,17,1,1,1.1732,1.3488,0.7425
peak_tonal_db6,3740,4105,Hakuna,17,1,1,1.0931,1.1598,0.7714
peak_tonal_db6,3742,0072,Potter,15,0,1,1.1923,1.9929,0.6398
peak_tonal_db6,3742,0465,Potter,15,0,1,1.1883,2.0358,0.6187
peak_tonal_db6,3742,0877,StarWars,15,0,1,1.2065,1.8453,0.6848
peak_tonal_db6,3742,1633,StarWars,15,0,1,1.1680,2.9954,0.1942
peak_tonal_db6,3742,3996,Hakuna,15,1,1,1.0445,0.6921,0.9484
peak_tonal_db6,3742,4096,Hakuna,15,1,1,1.1194,0.6791,0.9458
peak_tonal_db6,3743,0186,Potter,22,0,1,1.0857,1.7774,0.4606
peak_tonal_db6,3743,1340,StarWars,22,0,1,1.0633,1.8484,0.4122
peak_tonal_db6,3743,3791,Hakuna,22,1,1,1.1061,1.4543,0.6455
peak_tonal_db6,3743,3834,Hakuna,22,1,1,1.1102,1.6362,0.5516
peak_tonal_db6,3749,0158,Potter,98,0,1,0.8068,1.3421,0.3768
peak_tonal_db6,3749,0450,Potter,98,0,1,0.7949,1.3257,0.5029
peak_tonal_db6,3749,0904,StarWars,98,0,1,0.4237,3.1775,-0.0650
peak_tonal_db6,3749,1654,StarWars,98,0,1,0.6831,1.1885,0.5965
peak_tonal_db6,3749,3835,Hakuna,98,1,1,0.5678,1.3255,0.5686
peak_tonal_db6,3749,3993,Hakuna,98,1,1,0.4356,2.5312,-0.1039
peak_tonal_db6,3751,0187,Potter,214,0,1,0.9925,2.1140,0.6868
peak_tonal_db6,3751,0702,Potter,214,0,1,1.1716,2.1340,0.7640
peak_tonal_db6,3751,1540,StarWars,214,0,1,0.9384,2.6486,0.3413
peak_tonal_db6,3751,1618,StarWars,214,0,1,1.1119,2.6108,0.5159
peak_tonal_db6,3751,3941,Hakuna,214,1,1,1.0690,2.0777,0.7210
peak_tonal_db6,3751,4078,Hakuna,214,1,1,1.0616,2.2427,0.7203
peak_tonal_db6,3756,0425,Potter,5,0,1,1.0373,1.6149,0.7199
peak_tonal_db6,3756,0528,Potter,5,0,1,1.0860,1.6980,0.7260
peak_tonal_db6,3756,0854,StarWars,5,0,1,1.0828,1.7572,0.7156
peak_tonal_db6,3756,1444,StarWars,5,0,1,1.1607,1.9459,0.5855
peak_tonal_db6,3756,3606,Hakuna,5,1,1,0.8474,0.8797,0.9174
peak_tonal_db6,3756,3860,Hakuna,5,1,1,0.9042,0.7116,0.9316
peak_tonal_db6,3757,0680,Potter,123,0,1,1.0542,2.2266,0.3907
peak_tonal_db6,3757,0835,Potter,123,0,1,1.0542,1.9920,0.5037
peak_tonal_db6,3757,1196,StarWars,123,0,1,0.9336,2.0972,0.6798
peak_tonal_db6,3757,1378,StarWars,123,0,1,0.9843,2.0331,0.7427
peak_tonal_db6,3757,3567,Hakuna,123,1,1,0.7203,0.3990,0.9806
peak_tonal_db6,3757,3787,Hakuna,123,1,1,0.8077,0.3470,0.9827
peak_tonal_db6,3758,0198,Potter,67,0,1,1.3914,2.1758,0.6225
peak_tonal_db6,3758,0369,Potter,67,0,1,1.2053,1.7543,0.7004
peak_tonal_db6,3758,1298,StarWars,67,0,1,1.2840,2.2541,0.4065
peak_tonal_db6,3758,1326,StarWars,67,0,1,1.1981,2.6691,0.3175
peak_tonal_db6,3758,3412,Hakuna,67,1,1,0.9093,0.9475,0.9056
peak_tonal_db6,3758,3447,Hakuna,67,1,1,0.9403,0.6713,0.9566
peak_tonal_db6,3770,0326,Potter,23,0,1,1.0175,1.5347,0.7598
peak_tonal_db6,3770,0682,Potter,23,0,1,0.7680,1.4934,0.7067
peak_tonal_db6,3770,1335,StarWars,23,0,1,0.9045,1.8668,0.3928
peak_tonal_db6,3770,1448,StarWars,23,0,1,0.8265,2.1364,0.2761
peak_tonal_db6,3771,0087,Potter,43,0,1,0.8425,2.5634,0.2746
peak_tonal_db6,3771,0212,Potter,43,0,1,0.8661,2.9941,0.1387
peak_tonal_db6,3771,1314,StarWars,43,0,1,0.9606,2.8174,0.2911
peak_tonal_db6,3771,1490,StarWars,43,0,1,0.9311,2.5710,0.3632
peak_tonal_db6,3771,3478,Hakuna,43,1,1,0.8268,0.9809,0.8007
peak_tonal_db6,3771,3825,Hakuna,43,1,1,0.7874,0.9115,0.8079
peak_tonal_db6,3775,0377,Potter,234,0,1,0.8542,1.3655,0.7987
peak_tonal_db6,3775,0406,Potter,234,0,1,0.9451,1.6289,0.7134
peak_tonal_db6,3775,0906,StarWars,234,0,1,0.9508,1.7720,0.6986
peak_tonal_db6,3775,3484,Hakuna,234,1,1,0.8163,0.9136,0.9139
peak_tonal_db6,3775,3975,Hakuna,234,1,1,0.8731,0.9994,0.9048
peak_tonal_db6,3777,3474,Hakuna,82,1,1,0.6444,1.6898,0.4780
peak_tonal_db6,3777,3654,Hakuna,82,1,1,0.6917,1.6789,0.5992
peak_tonal_db6,3779,0243,Potter,139,0,1,1.1556,1.5769,0.5330
peak_tonal_db6,3779,0824,Potter,139,0,1,1.0200,1.4956,0.5397
peak_tonal_db6,3779,0999,StarWars,139,0,1,0.9622,1.3066,0.7166
peak_tonal_db6,3779,1240,StarWars,139,0,1,0.8956,1.0917,0.8083
peak_tonal_db6,3779,3969,Hakuna,139,1,1,0.9400,0.8088,0.7797
peak_tonal_db6,3779,4035,Hakuna,139,1,1,0.8978,0.8415,0.7503
peak_tonal_db6,3788,0136,Potter,144,0,1,0.6946,1.2113,0.5973
peak_tonal_db6,3788,0330,Potter,144,0,1,0.6879,1.5381,0.3504
peak_tonal_db6,3788,1216,StarWars,144,0,1,0.6678,1.0678,0.4683
peak_tonal_db6,3788,1421,StarWars,144,0,1,0.7013,1.0580,0.5148
peak_tonal_db6,3788,3420,Hakuna,144,1,1,0.6376,1.0418,0.4696
peak_tonal_db6,3788,3673,Hakuna,144,1,1,0.6326,1.0556,0.4478
peak_tonal_db6,3792,0408,Potter,145,0,1,1.0188,2.8239,0.4544
peak_tonal_db6,3792,0619,Potter,145,0,1,1.0890,1.5390,0.8201
peak_tonal_db6,3792,0956,StarWars,145,0,1,1.2312,2.3162,0.6661
peak_tonal_db6,3792,1199,StarWars,145,0,1,1.2449,2.2890,0.6557
peak_tonal_db6,3792,3712,Hakuna,145,1,1,1.0514,0.5071,0.9622
peak_tonal_db6,3792,3793,Hakuna,145,1,1,1.1233,0.5032,0.9604
peak_tonal_db6,3797,0288,Potter,208,0,1,1.2576,0.8193,0.5005
peak_tonal_db6,3797,0482,Potter,208,0,1,1.2273,0.9179,0.2119
peak_tonal_db6,3797,1399,StarWars,208,0,1,0.6995,0.7053,0.6265
peak_tonal_db6,3797,1436,StarWars,208,0,1,0.3283,0.7249,0.6122
peak_tonal_db6,3797,3519,Hakuna,208,1,1,0.8232,0.7638,0.5945
peak_tonal_db6,3798,0019,Potter,73,0,1,0.6213,1.4107,0.5935
peak_tonal_db6,3798,0078,Potter,73,0,1,0.9034,1.4094,0.5469
peak_tonal_db6,3798,1154,StarWars,73,0,1,0.6923,1.3511,0.4183
peak_tonal_db6,3798,1359,StarWars,73,0,1,0.8166,1.3954,0.4724
peak_tonal_db6,3798,3857,Hakuna,73,1,1,0.7337,1.4483,0.3287
peak_tonal_db6,3800,0081,Potter,49,0,1,0.8471,1.8134,0.7759
peak_tonal_db6,3800,0423,Potter,49,0,1,0.9549,1.9442,0.6556
peak_tonal_db6,3800,1420,StarWars,49,0,1,0.9863,1.4242,0.8125
peak_tonal_db6,3800,3920,Hakuna,49,1,1,0.9412,0.7272,0.9311
peak_tonal_db6,3800,4138,Hakuna,49,1,1,0.9294,0.7031,0.9542
peak_tonal_db6,3801,0616,Potter,71,0,1,0.4482,2.2997,0.5457
peak_tonal_db6,3801,0753,Potter,71,0,1,0.4808,1.9298,0.7706
peak_tonal_db6,3801,1170,StarWars,71,0,1,0.1805,2.0329,0.2470
peak_tonal_db6,3801,1327,StarWars,71,0,1,0.1612,1.6377,0.5483
peak_tonal_db6,3801,3542,Hakuna,71,1,1,0.2382,1.6575,0.6412
peak_tonal_db6,3801,3755,Hakuna,71,1,1,0.2441,1.7155,0.6903
peak_tonal_db6,3809,0010,Potter,92,0,1,0.9756,1.5018,0.7633
peak_tonal_db6,3809,0232,Potter,92,0,1,0.9122,1.5922,0.7564
peak_tonal_db6,3809,0893,StarWars,92,0,1,0.8667,2.0182,0.6771
peak_tonal_db6,3809,0922,StarWars,92,0,1,0.9398,1.8267,0.7305
peak_tonal_db6,3809,4028,Hakuna,92,1,1,0.8959,0.7212,0.9440
peak_tonal_db6,3811,0504,Potter,90,0,1,0.9952,1.4026,0.7129
peak_tonal_db6,3811,0597,Potter,90,0,1,1.0628,1.3767,0.7626
peak_tonal_db6,3811,0886,StarWars,90,0,1,1.1272,1.9244,0.5278
peak_tonal_db6,3811,1075,StarWars,90,0,1,1.2045,1.9507,0.4594
peak_tonal_db6,3811,3378,Hakuna,90,1,1,0.8470,1.3518,0.7388
peak_tonal_db6,3811,3455,Hakuna,90,1,1,1.0870,2.3678,0.1689
peak_tonal_db6,3815,0111,Potter,100,0,1,1.1392,0.7362,0.5674
peak_tonal_db6,3815,0407,Potter,100,0,1,0.8711,0.6986,0.5304
peak_tonal_db6,3815,1040,StarWars,100,0,1,1.1632,0.6269,0.5867
peak_tonal_db6,3815,1344,StarWars,100,0,1,0.6546,0.7151,0.4694
peak_tonal_db6,3815,3448,Hakuna,100,1,1,0.7938,0.8081,0.3315
peak_tonal_db6,3815,4068,Hakuna,100,1,1,0.8969,0.6060,0.6494
peak_tonal_db6,3816,0087,Potter,43,0,1,0.8699,1.9988,0.4006
peak_tonal_db6,3816,0212,Potter,43,0,1,0.8943,2.5084,0.3144
peak_tonal_db6,3816,1314,StarWars,43,0,1,0.9919,2.2189,0.3976
peak_tonal_db6,3816,1490,StarWars,43,0,1,0.9614,2.0461,0.4739
peak_tonal_db6,3816,3478,Hakuna,43,1,1,0.8537,0.7197,0.7367
peak_tonal_db6,3816,3825,Hakuna,43,1,1,0.8130,0.7371,0.8048
peak_tonal_db6,3818,0194,Potter,169,0,1,0.7412,2.4679,0.3424
peak_tonal_db6,3818,0728,Potter,169,0,1,0.7817,2.4012,0.3722
peak_tonal_db6,3818,0848,StarWars,169,0,1,0.8151,2.3237,0.4194
peak_tonal_db6,3818,1533,StarWars,169,0,1,0.7711,2.3865,0.3389
peak_tonal_db6,3818,3399,Hakuna,169,1,1,0.8187,2.2574,0.4214
peak_tonal_db6,3818,3605,Hakuna,169,1,1,0.7430,2.1291,0.5470
peak_tonal_db6,3819,0140,Potter,175,0,1,0.8821,3.8475,0.3886
peak_tonal_db6,3819,0758,Potter,175,0,1,1.0550,3.6475,0.4269
peak_tonal_db6,3819,1428,StarWars,175,0,1,0.9234,3.2475,0.5935
peak_tonal_db6,3819,1599,StarWars,175,0,1,0.9725,3.8520,0.3284
peak_tonal_db6,3821,0756,Potter,219,0,1,0.7721,1.2885,0.5041
peak_tonal_db6,3821,0805,Potter,219,0,1,1.0313,1.4241,0.4254
peak_tonal_db6,3821,0988,StarWars,219,0,1,1.1026,1.4553,0.4490
peak_tonal_db6,3821,1255,StarWars,219,0,1,1.0114,1.4675,0.5460
peak_tonal_db6,3821,3355,Hakuna,219,1,1,0.9573,1.6072,0.1540
peak_tonal_db6,3821,3635,Hakuna,219,1,1,1.1368,1.5550,0.2266
peak_tonal_db6,3826,0762,Potter,69,0,1,0.8430,1.2182,0.4140
peak_tonal_db6,3826,0771,Potter,69,0,1,1.4896,1.1454,0.4929
peak_tonal_db6,3826,1323,StarWars,69,0,1,1.0716,1.1782,0.3128
peak_tonal_db6,3826,1496,StarWars,69,0,1,0.8268,1.2275,0.2132
peak_tonal_db6,3826,3410,Hakuna,69,1,1,1.0323,1.2331,0.2789
peak_tonal_db6,3826,3782,Hakuna,69,1,1,0.9192,0.8468,0.7621
peak_tonal_db6,3831,0286,Potter,47,0,1,0.7225,1.3226,0.7087
peak_tonal_db6,3831,0443,Potter,47,0,1,0.6102,1.2509,0.6661
peak_tonal_db6,3831,1258,StarWars,47,0,1,0.8432,1.6131,0.5111
peak_tonal_db6,3831,1300,StarWars,47,0,1,0.6017,1.5219,0.6224
peak_tonal_db6,3831,4019,Hakuna,47,1,1,0.8919,1.2311,0.6007
peak_tonal_db6,3831,4044,Hakuna,47,1,1,0.9534,1.0924,0.7387
peak_tonal_db6,3832,0427,Potter,174,0,1,0.7312,1.5063,0.7556
peak_tonal_db6,3832,0577,Potter,174,0,1,0.7984,1.9376,0.5398
peak_tonal_db6,3832,1403,StarWars,174,0,1,0.6484,2.0820,0.5354
peak_tonal_db6,3832,1502,StarWars,174,0,1,0.8516,2.1162,0.4969
peak_tonal_db6,3832,3424,Hakuna,174,1,1,0.6766,1.2427,0.8719
peak_tonal_db6,3832,4122,Hakuna,174,1,1,0.5328,1.2932,0.8366
peak_tonal_db6,3833,0044,Potter,217,0,1,1.1223,1.0901,0.8448
peak_tonal_db6,3833,0101,Potter,217,0,1,1.1390,1.2438,0.8462
peak_tonal_db6,3833,1131,StarWars,217,0,1,1.1307,2.0088,0.6862
peak_tonal_db6,3833,1509,StarWars,217,0,1,1.2546,2.1342,0.6090
peak_tonal_db6,3833,3701,Hakuna,217,1,1,0.9816,0.9688,0.7355
peak_tonal_db6,3833,4103,Hakuna,217,1,1,0.9497,0.8850,0.8918
peak_tonal_db6,3850,0649,Potter,197,0,1,0.9194,1.5211,0.7377
peak_tonal_db6,3850,0688,Potter,197,0,1,1.0295,1.5825,0.7460
peak_tonal_db6,3850,0921,StarWars,197,0,1,0.9764,2.0475,0.5161
peak_tonal_db6,3850,1322,StarWars,197,0,1,0.7603,1.9135,0.7300
peak_tonal_db6,3850,3512,Hakuna,197,1,1,0.8861,0.4762,0.9639
peak_tonal_db6,3850,3851,Hakuna,197,1,1,0.8998,0.3721,0.9799
peak_tonal_db6,3853,0145,Potter,141,0,1,0.7581,1.9993,0.4437
peak_tonal_db6,3853,0620,Potter,141,0,1,0.4629,1.4298,0.5384
peak_tonal_db6,3853,1636,StarWars,141,0,1,0.8057,1.4756,0.4397
peak_tonal_db6,3853,1652,StarWars,141,0,1,0.7524,1.5536,0.3303
peak_tonal_db6,3853,3687,Hakuna,141,1,1,0.7429,1.2379,0.7381
peak_tonal_db6,3853,3895,Hakuna,141,1,1,0.7390,1.1146,0.7452
peak_tonal_db6,3859,3474,Hakuna,82,1,1,0.6523,1.4986,0.4716
peak_tonal_db6,3859,3654,Hakuna,82,1,1,0.7002,1.4575,0.5760
peak_tonal_db6,3864,0553,Potter,0,0,1,0.8824,2.1208,0.4740
peak_tonal_db6,3864,0590,Potter,0,0,1,0.9594,1.6541,0.5470
peak_tonal_db6,3864,0915,StarWars,0,0,1,0.6226,1.4504,0.6711
peak_tonal_db6,3864,1140,StarWars,0,0,1,0.5820,1.9065,0.5616
peak_tonal_db6,3864,3690,Hakuna,0,1,1,0.8229,1.4207,0.4723
peak_tonal_db6,3864,4031,Hakuna,0,1,1,0.8287,1.2445,0.6378
peak_tonal_db6,3871,0186,Potter,22,0,1,0.9094,1.3890,0.7327
peak_tonal_db6,3871,1340,StarWars,22,0,1,0.8906,1.4899,0.6281
peak_tonal_db6,3871,3791,Hakuna,22,1,1,0.9265,1.6691,0.3186
peak_tonal_db6,3871,3834,Hakuna,22,1,1,0.9299,1.6192,0.4196
peak_tonal_db6,3873,0229,Potter,230,0,1,1.1141,1.5544,0.8211
peak_tonal_db6,3873,0245,Potter,230,0,1,0.9161,1.6329,0.8327
peak_tonal_db6,3873,1010,StarWars,230,0,1,1.0336,3.1123,0.7063
peak_tonal_db6,3873,1048,StarWars,230,0,1,1.0906,3.2966,0.5420
peak_tonal_db6,3873,3670,Hakuna,230,1,1,0.8624,0.5579,0.9810
peak_tonal_db6,3873,3702,Hakuna,230,1,1,0.8523,0.4483,0.9835
peak_tonal_db6,3874,0081,Potter,49,0,1,0.7372,1.9953,0.6690
peak_tonal_db6,3874,0423,Potter,49,0,1,0.8311,1.9340,0.6209
peak_tonal_db6,3874,1420,StarWars,49,0,1,0.8584,1.3264,0.7372
peak_tonal_db6,3874,3920,Hakuna,49,1,1,0.8191,0.8793,0.9109
peak_tonal_db6,3874,4138,Hakuna,49,1,1,0.8089,1.1080,0.8730
peak_tonal_db6,3875,0787,Potter,136,0,1,1.0326,1.7762,0.3744
peak_tonal_db6,3875,0837,Potter,136,0,1,1.0292,1.7218,0.4495
peak_tonal_db6,3875,1004,StarWars,136,0,1,0.9467,1.4006,0.6638
peak_tonal_db6,3875,1042,StarWars,136,0,1,1.1186,1.4781,0.6038
peak_tonal_db6,3875,3526,Hakuna,136,1,1,1.1100,1.6554,0.4468
peak_tonal_db6,3875,3943,Hakuna,136,1,1,1.1100,1.6554,0.4468
peak_tonal_db6,3888,0508,Potter,120,0,1,1.5114,2.3511,0.3452
peak_tonal_db6,3888,0559,Potter,120,0,1,1.4500,2.2871,0.4533
peak_tonal_db6,3888,0878,StarWars,120,0,1,1.2341,2.3362,0.1077
peak_tonal_db6,3888,1449,StarWars,120,0,1,1.2477,2.1700,0.1554
peak_tonal_db6,3888,3503,Hakuna,120,1,1,0.8545,0.4954,0.9693
peak_tonal_db6,3888,3549,Hakuna,120,1,1,0.9409,0.4549,0.9715
peak_tonal_db6,3892,0008,Potter,213,0,1,1.0763,1.7035,0.8355
peak_tonal_db6,3892,0681,Potter,213,0,1,1.0361,1.5930,0.8714
peak_tonal_db6,3892,0860,StarWars,213,0,1,1.0482,3.0286,0.7630
peak_tonal_db6,3892,1317,StarWars,213,0,1,0.9980,2.5526,0.7764
peak_tonal_db6,3892,3548,Hakuna,213,1,1,0.8012,0.5264,0.9688
peak_tonal_db6,3892,3720,Hakuna,213,1,1,0.8655,0.5251,0.9602
peak_tonal_db6,3900,0787,Potter,136,0,1,1.0326,1.7760,0.3744
peak_tonal_db6,3900,0837,Potter,136,0,1,1.0292,1.7217,0.4496
peak_tonal_db6,3900,1004,StarWars,136,0,1,0.9467,1.4004,0.6638
peak_tonal_db6,3900,1042,StarWars,136,0,1,1.1186,1.4756,0.6071
peak_tonal_db6,3900,3526,Hakuna,136,1,1,1.1100,1.6555,0.4470
peak_tonal_db6,3900,3943,Hakuna,136,1,1,1.1100,1.6555,0.4470
peak_tonal_db6,3902,0538,Potter,16,0,1,0.2546,1.5378,0.3943
peak_tonal_db6,3902,0797,Potter,16,0,1,0.2156,1.3376,0.3989
peak_tonal_db6,3902,1261,StarWars,16,0,1,0.2064,2.1477,0.3344
peak_tonal_db6,3902,1522,StarWars,16,0,1,0.1239,1.3298,-0.0358
peak_tonal_db6,3902,3846,Hakuna,16,1,1,1.1697,0.6444,0.8094
peak_tonal_db6,3902,4150,Hakuna,16,1,1,1.1560,0.7276,0.7561
peak_tonal_db6,3903,0673,Potter,89,0,1,0.5563,1.3926,0.4107
peak_tonal_db6,3903,3769,Hakuna,89,1,1,0.9003,1.1563,0.5669
peak_tonal_db6,3903,4107,Hakuna,89,1,1,0.7412,0.9662,0.7825
peak_tonal_db6,3908,0418,Potter,111,0,1,0.9743,1.3970,0.5601
peak_tonal_db6,3908,0454,Potter,111,0,1,0.6827,1.5181,0.4233
peak_tonal_db6,3908,0940,StarWars,111,0,1,0.5472,1.6674,0.3542
peak_tonal_db6,3908,1398,StarWars,111,0,1,0.5437,1.7673,0.0258
peak_tonal_db6,3908,4091,Hakuna,111,1,1,0.7599,1.2886,0.7599
peak_tonal_db6,3908,4133,Hakuna,111,1,1,0.6175,1.4882,0.6229
peak_tonal_db6,3911,0038,Potter,207,0,1,1.1383,1.6271,0.7813
peak_tonal_db6,3911,0672,Potter,207,0,1,1.1252,1.6230,0.7750
peak_tonal_db6,3911,1206,StarWars,207,0,1,0.9402,1.6302,0.7448
peak_tonal_db6,3911,1265,StarWars,207,0,1,0.8991,1.8057,0.7092
peak_tonal_db6,3911,3446,Hakuna,207,1,1,0.9776,0.3430,0.9876
peak_tonal_db6,3911,3565,Hakuna,207,1,1,0.9383,0.4152,0.9820
peak_tonal_db6,3922,0997,StarWars,135,0,1,0.8272,1.9786,0.4382
peak_tonal_db6,3922,1195,StarWars,135,0,1,0.9945,2.1479,0.4686
peak_tonal_db6,3922,3501,Hakuna,135,1,1,0.6029,1.1751,0.4661
peak_tonal_db6,3922,4070,Hakuna,135,1,1,0.7960,1.1970,0.2989
peak_tonal_db6,3923,0708,Potter,9,0,1,0.7932,1.2355,0.7507
peak_tonal_db6,3923,0757,Potter,9,0,1,0.9515,1.6256,0.6329
peak_tonal_db6,3923,1280,StarWars,9,0,1,0.6181,1.3622,0.6737
peak_tonal_db6,3923,1463,StarWars,9,0,1,0.6709,1.4143,0.6702
peak_tonal_db6,3923,3431,Hakuna,9,1,1,0.3544,1.2618,0.7342
peak_tonal_db6,3923,3525,Hakuna,9,1,1,0.4135,1.2686,0.7196
peak_tonal_db6,3925,0004,Potter,160,0,1,0.7758,2.6116,0.3877
peak_tonal_db6,3925,0517,Potter,160,0,1,0.6491,2.4974,0.4828
peak_tonal_db6,3925,1390,StarWars,160,0,1,0.8772,2.4925,0.4761
peak_tonal_db6,3925,1641,StarWars,160,0,1,0.8577,2.5934,0.3678
peak_tonal_db6,3925,3786,Hakuna,160,1,1,0.7154,2.3957,0.5683
peak_tonal_db6,3925,3994,Hakuna,160,1,1,0.7057,2.0918,0.6696
peak_tonal_db6,3927,0371,Potter,52,0,1,1.2346,2.0733,0.4613
peak_tonal_db6,3927,0529,Potter,52,0,1,1.0024,1.8414,0.4758
peak_tonal_db6,3927,0954,StarWars,52,0,1,1.0758,1.6276,0.7015
peak_tonal_db6,3927,1331,StarWars,52,0,1,1.0355,2.0630,0.5795
peak_tonal_db6,3927,3349,Hakuna,52,1,1,0.9242,0.6065,0.9348
peak_tonal_db6,3927,3915,Hakuna,52,1,1,0.9858,0.6804,0.9015
peak_tonal_db6,3932,0356,Potter,196,0,1,0.8766,1.6139,0.6686
peak_tonal_db6,3932,0686,Potter,196,0,1,0.8043,2.2087,0.5178
peak_tonal_db6,3932,0907,StarWars,196,0,1,0.7787,2.7453,0.4392
peak_tonal_db6,3932,1611,StarWars,196,0,1,0.7574,2.4962,0.6073
peak_tonal_db6,3932,4056,Hakuna,196,1,1,0.8043,0.4306,0.9802
peak_tonal_db6,3932,4082,Hakuna,196,1,1,0.8468,0.4672,0.9746
peak_tonal_db6,3933,0613,Potter,137,0,1,0.8100,1.4943,0.8000
peak_tonal_db6,3933,0788,Potter,137,0,1,0.7472,1.8741,0.6887
peak_tonal_db6,3933,1163,StarWars,137,0,1,0.8469,1.8170,0.7104
peak_tonal_db6,3933,1177,StarWars,137,0,1,0.8893,2.0614,0.6670
peak_tonal_db6,3933,3594,Hakuna,137,1,1,0.9705,1.1336,0.9064
peak_tonal_db6,3933,3944,Hakuna,137,1,1,0.8856,0.9776,0.9243
peak_tonal_db6,3937,0437,Potter,40,0,1,0.9490,1.9608,0.6589
peak_tonal_db6,3937,0502,Potter,40,0,1,0.7410,2.3604,0.5213
peak_tonal_db6,3937,0892,StarWars,40,0,1,0.7637,2.7892,0.2681
peak_tonal_db6,3937,1600,StarWars,40,0,1,0.7391,2.7711,0.3407
peak_tonal_db6,3937,3966,Hakuna,40,1,1,0.7826,0.8693,0.8999
peak_tonal_db6,3937,4094,Hakuna,40,1,1,0.7108,0.9054,0.8996
peak_tonal_db6,3939,0279,Potter,223,0,1,0.9983,1.6910,0.5139
peak_tonal_db6,3939,0609,Potter,223,0,1,0.9967,1.8334,0.4404
peak_tonal_db6,3939,1197,StarWars,223,0,1,0.8047,1.8386,0.5327
peak_tonal_db6,3939,3343,Hakuna,223,1,1,0.7696,0.7614,0.9315
peak_tonal_db6,3939,4153,Hakuna,223,1,1,0.7713,0.8838,0.8951
peak_tonal_db6,3948,0072,Potter,15,0,1,1.2559,1.9979,0.6518
peak_tonal_db6,3948,0465,Potter,15,0,1,1.2516,2.0589,0.6306
peak_tonal_db6,3948,0877,StarWars,15,0,1,1.2708,1.8174,0.6872
peak_tonal_db6,3948,1633,StarWars,15,0,1,1.2303,3.2284,0.1266
peak_tonal_db6,3948,3996,Hakuna,15,1,1,1.1002,0.6393,0.9526
peak_tonal_db6,3948,4096,Hakuna,15,1,1,1.1791,0.6212,0.9593
peak_tonal_db6,3951,0076,Potter,30,0,1,0.7205,2.0839,0.4270
peak_tonal_db6,3951,0151,Potter,30,0,1,0.8090,1.7930,0.6096
peak_tonal_db6,3951,1101,StarWars,30,0,1,0.9653,2.1221,0.6189
peak_tonal_db6,3951,1369,StarWars,30,0,1,0.8958,2.1185,0.4481
peak_tonal_db6,3951,3443,Hakuna,30,1,1,0.7552,1.1722,0.8270
peak_tonal_db6,3951,3694,Hakuna,30,1,1,0.7014,0.9759,0.8890
peak_tonal_db6,3955,3332,Hakuna,6,1,1,0.9831,0.7406,0.9264
peak_tonal_db6,3957,0699,Potter,154,0,1,0.4632,1.8771,0.5743
peak_tonal_db6,3957,0790,Potter,154,0,1,0.5333,2.2532,0.3802
peak_tonal_db6,3957,1008,StarWars,154,0,1,0.2769,1.9403,0.5429
peak_tonal_db6,3957,1152,StarWars,154,0,1,0.3829,1.7037,0.5411
peak_tonal_db6,3957,3375,Hakuna,154,1,1,0.4684,1.3029,0.7621
peak_tonal_db6,3957,3762,Hakuna,154,1,1,0.6684,2.0031,0.4322
peak_tonal_db6,3963,0633,Potter,231,0,1,0.5538,1.1348,0.8467
peak_tonal_db6,3963,0803,Potter,231,0,1,0.7129,1.0818,0.8533
peak_tonal_db6,3963,1150,StarWars,231,0,1,0.7582,1.6949,0.6355
peak_tonal_db6,3963,1605,StarWars,231,0,1,0.8112,1.6808,0.6870
peak_tonal_db6,3963,4049,Hakuna,231,1,1,0.8175,0.2929,0.9877
peak_tonal_db6,3963,4112,Hakuna,231,1,1,0.8378,0.3060,0.9874
peak_tonal_db6,3964,0623,Potter,10,0,1,1.0935,1.0891,0.7981
peak_tonal_db6,3964,0830,Potter,10,0,1,1.0045,1.3300,0.6837
peak_tonal_db6,3964,1176,StarWars,10,0,1,1.0980,1.2113,0.6361
peak_tonal_db6,3964,1321,StarWars,10,0,1,1.0445,1.3256,0.6832
peak_tonal_db6,3964,3717,Hakuna,10,1,1,1.0178,1.4954,0.7085
peak_tonal_db6,3964,3891,Hakuna,10,1,1,0.8129,1.4193,0.5505
peak_tonal_db6,3968,0713,Potter,3,0,1,0.4377,1.2778,0.8249
peak_tonal_db6,3968,0748,Potter,3,0,1,0.3866,1.5149,0.6849
peak_tonal_db6,3968,0974,StarWars,3,0,1,0.5096,1.8202,0.4828
peak_tonal_db6,3970,0075,Potter,55,0,1,0.7831,1.5735,0.6384
peak_tonal_db6,3970,0785,Potter,55,0,1,0.7319,1.5439,0.6584
peak_tonal_db6,3970,1160,StarWars,55,0,1,0.6578,1.3943,0.7125
peak_tonal_db6,3970,1648,StarWars,55,0,1,0.9559,1.2107,0.7428
peak_tonal_db6,3970,3887,Hakuna,55,1,1,0.8730,1.1305,0.8357
peak_tonal_db6,3970,4060,Hakuna,55,1,1,0.7813,0.9929,0.8880
peak_tonal_db6,3979,0155,Potter,76,0,1,0.8138,2.0354,0.4613
peak_tonal_db6,3979,0584,Potter,76,0,1,0.7653,1.7048,0.6293
peak_tonal_db6,3979,1381,StarWars,76,0,1,0.7324,2.3144,0.2596
peak_tonal_db6,3979,1445,StarWars,76,0,1,0.8185,2.1451,0.4239
peak_tonal_db6,3979,3706,Hakuna,76,1,1,0.8138,0.9848,0.9103
peak_tonal_db6,3979,4048,Hakuna,76,1,1,0.8670,0.7468,0.9377
peak_tonal_db6,3981,0394,Potter,215,0,1,1.1234,3.3862,0.1980
peak_tonal_db6,3981,0975,StarWars,215,0,1,0.9227,2.4523,0.6534
peak_tonal_db6,3981,1423,StarWars,215,0,1,1.0411,2.6325,0.7049
peak_tonal_db6,3981,3480,Hakuna,215,1,1,0.9342,0.4187,0.9600
peak_tonal_db6,3981,3858,Hakuna,215,1,1,0.9868,0.3768,0.9739
peak_tonal_db6,3982,0124,Potter,58,0,1,1.1199,1.7224,0.3976
peak_tonal_db6,3982,0467,Potter,58,0,1,1.1412,1.8556,0.3075
peak_tonal_db6,3982,1178,StarWars,58,0,1,1.0445,1.8322,0.2948
peak_tonal_db6,3982,1262,StarWars,58,0,1,1.0542,1.8112,0.4218
peak_tonal_db6,3982,3556,Hakuna,58,1,1,0.8143,1.0078,0.6174
peak_tonal_db6,3982,3668,Hakuna,58,1,1,0.8298,0.7494,0.8189
peak_tonal_db6,3995,0663,Potter,149,0,1,0.6620,1.2453,0.4687
peak_tonal_db6,3995,1284,StarWars,149,0,1,0.5370,1.4266,0.3592
peak_tonal_db6,3995,3578,Hakuna,149,1,1,0.1451,1.3302,0.4107
peak_tonal_db6,3999,0055,Potter,200,0,1,1.1153,2.0770,0.3601
peak_tonal_db6,3999,0417,Potter,200,0,1,1.0587,2.3202,0.4562
peak_tonal_db6,3999,1015,StarWars,200,0,1,1.1405,1.8784,0.5083
peak_tonal_db6,3999,1626,StarWars,200,0,1,1.0734,2.2376,0.4654
peak_tonal_db6,3999,3586,Hakuna,200,1,1,0.8470,0.7797,0.7480
peak_tonal_db6,3999,3862,Hakuna,200,1,1,0.9266,0.5739,0.8960
peak_tonal_db6,4006,0004,Potter,160,0,1,0.6734,1.8445,0.6055
peak_tonal_db6,4006,0517,Potter,160,0,1,0.5635,1.8616,0.4671
peak_tonal_db6,4006,1390,StarWars,160,0,1,0.7614,2.1385,0.4398
peak_tonal_db6,4006,1641,StarWars,160,0,1,0.7445,2.1289,0.3746
peak_tonal_db6,4006,3786,Hakuna,160,1,1,0.6210,1.6445,0.7278
peak_tonal_db6,4006,3994,Hakuna,160,1,1,0.6125,1.5979,0.7087
peak_tonal_db6,4009,0542,Potter,44,0,1,1.0372,1.5105,0.7996
peak_tonal_db6,4009,0739,Potter,44,0,1,1.1117,1.5256,0.8210
peak_tonal_db6,4009,0964,StarWars,44,0,1,1.1036,2.2324,0.7452
peak_tonal_db6,4009,1026,StarWars,44,0,1,1.0615,2.4785,0.7249
peak_tonal_db6,4009,3485,Hakuna,44,1,1,1.0016,0.4294,0.9792
peak_tonal_db6,4009,3781,Hakuna,44,1,1,0.9288,0.4491,0.9756
peak_tonal_db6,4011,0145,Potter,141,0,1,0.7439,1.9203,0.4438
peak_tonal_db6,4011,0620,Potter,141,0,1,0.4542,1.5647,0.3848
peak_tonal_db6,4011,1636,StarWars,141,0,1,0.7907,1.5477,0.3862
peak_tonal_db6,4011,1652,StarWars,141,0,1,0.7383,1.6851,0.2284
peak_tonal_db6,4011,3687,Hakuna,141,1,1,0.7290,1.3291,0.7018
peak_tonal_db6,4011,3895,Hakuna,141,1,1,0.7252,1.1809,0.7619
peak_tonal_db6,4017,0057,Potter,60,0,1,0.7213,1.5047,0.5727
peak_tonal_db6,4017,0348,Potter,60,0,1,0.6976,1.3601,0.7822
peak_tonal_db6,4018,0427,Potter,174,0,1,0.6215,2.0914,0.5097
peak_tonal_db6,4018,0577,Potter,174,0,1,0.6786,1.9522,0.4704
peak_tonal_db6,4018,1403,StarWars,174,0,1,0.5511,2.1763,0.4581
peak_tonal_db6,4018,1502,StarWars,174,0,1,0.7238,2.7009,0.2081
peak_tonal_db6,4018,3424,Hakuna,174,1,1,0.5750,2.7448,0.1034
peak_tonal_db6,4018,4122,Hakuna,174,1,1,0.4529,2.3480,0.0663
peak_tonal_db6,4021,0229,Potter,230,0,1,1.0675,1.4309,0.8385
peak_tonal_db6,4021,0245,Potter,230,0,1,0.8778,1.4949,0.8330
peak_tonal_db6,4021,1010,StarWars,230,0,1,0.9904,2.7097,0.7284
peak_tonal_db6,4021,1048,StarWars,230,0,1,1.0450,2.9283,0.5490
peak_tonal_db6,4021,3670,Hakuna,230,1,1,0.8264,0.5466,0.9731
peak_tonal_db6,4021,3702,Hakuna,230,1,1,0.8167,0.4919,0.9735
peak_tonal_db6,4025,0273,Potter,172,0,1,0.7883,1.3032,0.7533
peak_tonal_db6,4025,1064,StarWars,172,0,1,0.7932,1.6172,0.6566
peak_tonal_db6,4025,1498,StarWars,172,0,1,0.6694,1.4031,0.7249
peak_tonal_db6,4025,3708,Hakuna,172,1,1,0.7801,2.4108,0.1634
peak_tonal_db6,4025,4145,Hakuna,172,1,1,0.7948,1.3419,0.6760
peak_tonal_db6,4029,0418,Potter,111,0,1,0.9759,1.6240,0.6851
peak_tonal_db6,4029,0454,Potter,111,0,1,0.6838,1.8252,0.5740
peak_tonal_db6,4029,0940,StarWars,111,0,1,0.5481,1.9518,0.3920
peak_tonal_db6,4029,1398,StarWars,111,0,1,0.5447,1.9813,0.3143
peak_tonal_db6,4029,4091,Hakuna,111,1,1,0.7612,1.5564,0.7809
peak_tonal_db6,4029,4133,Hakuna,111,1,1,0.6186,1.8759,0.5872
peak_tonal_db6,4032,0060,Potter,222,0,1,1.1199,2.1194,0.6762
peak_tonal_db6,4032,0107,Potter,222,0,1,1.2710,2.0848,0.6759
peak_tonal_db6,4032,0959,StarWars,222,0,1,1.0240,1.9920,0.7027
peak_tonal_db6,4032,1276,StarWars,222,0,1,0.9904,2.2203,0.5770
peak_tonal_db6,4032,4064,Hakuna,222,1,1,1.1583,1.4359,0.8670
peak_tonal_db6,4032,4085,Hakuna,222,1,1,1.1439,1.6065,0.8051
peak_tonal_db6,4033,0202,Potter,164,0,1,0.9764,1.4601,0.7123
peak_tonal_db6,4033,0293,Potter,164,0,1,0.9601,1.4220,0.7503
peak_tonal_db6,4033,1315,StarWars,164,0,1,1.0380,2.1903,0.3610
peak_tonal_db6,4033,1482,StarWars,164,0,1,0.9601,1.8051,0.5620
peak_tonal_db6,4033,3746,Hakuna,164,1,1,0.8207,1.4689,0.8337
peak_tonal_db6,4033,3954,Hakuna,164,1,1,0.8188,1.4175,0.7402
peak_tonal_db6,4034,0616,Potter,71,0,1,0.4605,2.2418,0.5906
peak_tonal_db6,4034,0753,Potter,71,0,1,0.4939,1.7905,0.7740
peak_tonal_db6,4034,1170,StarWars,71,0,1,0.1854,1.9723,0.2182
peak_tonal_db6,4034,1327,StarWars,71,0,1,0.1657,1.5251,0.6399
peak_tonal_db6,4034,3542,Hakuna,71,1,1,0.2447,1.5444,0.6652
peak_tonal_db6,4034,3755,Hakuna,71,1,1,0.2508,1.5894,0.6444
peak_tonal_db6,4038,0282,Potter,8,0,1,1.0509,2.3100,0.5541
peak_tonal_db6,4038,0802,Potter,8,0,1,0.9097,2.2450,0.5036
peak_tonal_db6,4038,1046,StarWars,8,0,1,0.8030,2.4695,0.5538
peak_tonal_db6,4038,1667,StarWars,8,0,1,0.8194,2.4418,0.6085
peak_tonal_db6,4038,3795,Hakuna,8,1,1,0.7209,2.2735,0.7040
peak_tonal_db6,4038,4144,Hakuna,8,1,1,0.7225,2.3087,0.7063
peak_tonal_db6,4040,0328,Potter,106,0,1,0.5925,1.2233,0.7098
peak_tonal_db6,4040,0777,Potter,106,0,1,0.6645,1.3338,0.6819
peak_tonal_db6,4040,1062,StarWars,106,0,1,0.6563,1.2194,0.7119
peak_tonal_db6,4040,1581,StarWars,106,0,1,0.3781,1.3063,0.5989
peak_tonal_db6,4040,3427,Hakuna,106,1,1,0.6252,1.5323,0.3794
peak_tonal_db6,4040,4075,Hakuna,106,1,1,0.5696,1.3256,0.5983
peak_tonal_db6,4043,0292,Potter,166,0,1,1.1657,2.4469,0.4669
peak_tonal_db6,4043,0353,Potter,166,0,1,1.6647,2.2888,0.4839
peak_tonal_db6,4043,1233,StarWars,166,0,1,0.9840,1.8264,0.3689
peak_tonal_db6,4043,1267,StarWars,166,0,1,0.9820,2.6054,0.3318
peak_tonal_db6,4045,0377,Potter,234,0,1,0.7789,1.3609,0.7330
peak_tonal_db6,4045,0406,Potter,234,0,1,0.8618,1.6633,0.6563
peak_tonal_db6,4045,0906,StarWars,234,0,1,0.8670,1.6542,0.6955
peak_tonal_db6,4045,3484,Hakuna,234,1,1,0.7444,0.8891,0.8930
peak_tonal_db6,4045,3975,Hakuna,234,1,1,0.7962,1.0349,0.8593
peak_tonal_db6,4046,0445,Potter,146,0,1,0.8635,1.5063,0.7628
peak_tonal_db6,4046,0622,Potter,146,0,1,0.9723,1.4447,0.7599
peak_tonal_db6,4046,0925,StarWars,146,0,1,0.6697,1.7514,0.5665
peak_tonal_db6,4046,1456,StarWars,146,0,1,0.7657,1.8300,0.5740
peak_tonal_db6,4046,3439,Hakuna,146,1,1,0.6199,1.4063,0.8039
peak_tonal_db6,4046,3822,Hakuna,146,1,1,0.6513,1.3747,0.7932
peak_tonal_db6,4057,0489,Potter,87,0,1,0.8576,1.8124,0.2292
peak_tonal_db6,4057,0684,Potter,87,0,1,0.7578,1.8487,0.2998
peak_tonal_db6,4057,1090,StarWars,87,0,1,0.7692,1.4673,0.3624
peak_tonal_db6,4057,1460,StarWars,87,0,1,0.8069,1.0685,0.7050
peak_tonal_db6,4057,3341,Hakuna,87,1,1,0.7594,0.9312,0.7228
peak_tonal_db6,4057,3728,Hakuna,87,1,1,0.7332,1.1073,0.6903
peak_tonal_db6,4059,0397,Potter,20,0,1,0.7694,1.9439,0.5953
peak_tonal_db6,4059,0513,Potter,20,0,1,0.6441,1.5093,0.7578
peak_tonal_db6,4059,1297,StarWars,20,0,1,0.7435,2.1679,0.4240
peak_tonal_db6,4059,1582,StarWars,20,0,1,0.6839,1.5748,0.6814
peak_tonal_db6,4059,3642,Hakuna,20,1,1,0.8131,0.8049,0.9021
peak_tonal_db6,4059,3992,Hakuna,20,1,1,0.7674,0.7395,0.9324
peak_tonal_db6,4062,0386,Potter,184,0,1,0.9832,1.9924,0.6718
peak_tonal_db6,4062,0729,Potter,184,0,1,1.0184,2.1939,0.6579
peak_tonal_db6,4062,0887,StarWars,184,0,1,0.7806,1.9044,0.6636
peak_tonal_db6,4062,3612,Hakuna,184,1,1,0.7621,1.0254,0.8924
peak_tonal_db6,4062,3844,Hakuna,184,1,1,0.7789,1.0497,0.8807
peak_tonal_db6,4063,0123,Potter,29,0,1,0.8688,1.5489,0.8130
peak_tonal_db6,4063,0631,Potter,29,0,1,0.8982,1.7668,0.7470
peak_tonal_db6,4063,1142,StarWars,29,0,1,0.9683,2.1287,0.4291
peak_tonal_db6,4063,1493,StarWars,29,0,1,1.1267,1.7508,0.6102
peak_tonal_db6,4063,3893,Hakuna,29,1,1,0.8891,1.7032,0.7953
peak_tonal_db6,4063,4086,Hakuna,29,1,1,0.8303,1.5761,0.8068
peak_tonal_db6,4073,0068,Potter,134,0,1,1.1647,1.7049,0.5751
peak_tonal_db6,4073,0695,Potter,134,0,1,0.7854,1.6824,0.4454
peak_tonal_db6,4073,1461,StarWars,134,0,1,0.7471,1.6585,0.6332
peak_tonal_db6,4073,1589,StarWars,134,0,1,0.7288,1.8089,0.4401
peak_tonal_db6,4073,3780,Hakuna,134,1,1,0.7554,1.6512,0.6457
peak_tonal_db6,4073,3912,Hakuna,134,1,1,0.7504,1.6675,0.6255
peak_tonal_db6,4074,0295,Potter,83,0,1,1.1119,3.0442,0.4003
peak_tonal_db6,4074,0648,Potter,83,0,1,1.2148,3.2983,0.3817
peak_tonal_db6,4074,1165,StarWars,83,0,1,1.1426,3.0908,0.4243
peak_tonal_db6,4074,1491,StarWars,83,0,1,1.1408,2.5846,0.6434
peak_tonal_db6,4074,3452,Hakuna,83,1,1,0.9657,1.3413,0.8969
peak_tonal_db6,4074,4101,Hakuna,83,1,1,0.9332,1.2806,0.9427
peak_tonal_db6,4081,0041,Potter,151,0,1,0.9920,1.2133,0.7924
peak_tonal_db6,4081,0778,Potter,151,0,1,0.9301,1.2334,0.7793
peak_tonal_db6,4081,1060,StarWars,151,0,1,1.2555,2.1772,0.4814
peak_tonal_db6,4081,1252,StarWars,151,0,1,1.2116,1.9548,0.5883
peak_tonal_db6,4081,3523,Hakuna,151,1,1,0.8543,0.5228,0.9544
peak_tonal_db6,4081,3573,Hakuna,151,1,1,0.8643,0.4659,0.9633
peak_tonal_db6,4083,0246,Potter,190,0,1,0.8825,1.2671,0.6973
peak_tonal_db6,4083,0410,Potter,190,0,1,0.9526,1.0699,0.7049
peak_tonal_db6,4083,1077,StarWars,190,0,1,0.8474,1.2004,0.7110
peak_tonal_db6,4083,1085,StarWars,190,0,1,0.7526,1.0928,0.7963
peak_tonal_db6,4083,3625,Hakuna,190,1,1,0.8454,1.2116,0.7553
peak_tonal_db6,4083,3898,Hakuna,190,1,1,0.9072,1.1423,0.8273
peak_tonal_db6,4093,0582,Potter,57,0,1,0.5429,0.9332,0.5122
peak_tonal_db6,4093,0801,Potter,57,0,1,0.5603,1.0061,0.5086
peak_tonal_db6,4093,0985,StarWars,57,0,1,0.5696,0.9296,0.5806
peak_tonal_db6,4093,1249,StarWars,57,0,1,0.5313,1.0163,0.4278
peak_tonal_db6,4093,3745,Hakuna,57,1,1,0.8631,0.8904,0.6299
peak_tonal_db6,4093,3802,Hakuna,57,1,1,0.8608,0.7053,0.7664
peak_tonal_db6,4097,0713,Potter,3,0,1,0.4455,1.2341,0.7966
peak_tonal_db6,4097,0748,Potter,3,0,1,0.3935,1.4925,0.6729
peak_tonal_db6,4097,0974,StarWars,3,0,1,0.5187,1.9590,0.4740
peak_tonal_db6,4098,0123,Potter,29,0,1,0.8889,1.5745,0.8073
peak_tonal_db6,4098,0631,Potter,29,0,1,0.9190,1.8484,0.6634
peak_tonal_db6,4098,1142,StarWars,29,0,1,0.9907,2.0250,0.4778
peak_tonal_db6,4098,1493,StarWars,29,0,1,1.1528,1.6941,0.6578
peak_tonal_db6,4098,3893,Hakuna,29,1,1,0.9097,1.6734,0.8329
peak_tonal_db6,4098,4086,Hakuna,29,1,1,0.8495,1.7216,0.7894
peak_tonal_db6,4108,0279,Potter,223,0,1,1.0455,1.5007,0.5272
peak_tonal_db6,4108,0609,Potter,223,0,1,1.0437,1.6456,0.4645
peak_tonal_db6,4108,1197,StarWars,223,0,1,0.8427,1.7054,0.5905
peak_tonal_db6,4108,3343,Hakuna,223,1,1,0.8059,0.6056,0.9289
peak_tonal_db6,4108,4153,Hakuna,223,1,1,0.8077,0.6681,0.9017
peak_tonal_db6,4109,0168,Potter,198,0,1,0.2158,2.4797,0.4959
peak_tonal_db6,4109,0461,Potter,198,0,1,0.6911,2.4120,0.6012
peak_tonal_db6,4109,1354,StarWars,198,0,1,0.1368,2.6491,0.1493
peak_tonal_db6,4109,1535,StarWars,198,0,1,0.1918,2.3930,0.4703
peak_tonal_db6,4109,3607,Hakuna,198,1,1,0.4485,2.4877,0.3579
peak_tonal_db6,4109,4013,Hakuna,198,1,1,0.2779,2.3847,0.5113
peak_tonal_db6,4115,0239,Potter,59,0,1,0.5585,2.0170,0.5476
peak_tonal_db6,4115,0798,Potter,59,0,1,0.4104,1.9569,0.6252
peak_tonal_db6,4115,0923,StarWars,59,0,1,0.2667,1.9262,0.5603
peak_tonal_db6,4115,1246,StarWars,59,0,1,0.4000,2.1254,0.4152
peak_tonal_db6,4115,3956,Hakuna,59,1,1,0.3289,2.2300,0.1931
peak_tonal_db6,4115,4124,Hakuna,59,1,1,0.3556,1.9397,0.5584
peak_tonal_db6,4117,0071,Potter,109,0,1,1.1636,1.6276,0.7566
peak_tonal_db6,4117,0388,Potter,109,0,1,1.2484,1.6812,0.7992
peak_tonal_db6,4117,0986,StarWars,109,0,1,1.1263,2.6144,0.4345
peak_tonal_db6,4117,1078,StarWars,109,0,1,1.2029,2.6949,0.4249
peak_tonal_db6,4117,3457,Hakuna,109,1,1,0.9255,0.7386,0.9573
peak_tonal_db6,4117,3837,Hakuna,109,1,1,0.8551,0.9626,0.9142
peak_tonal_db6,4126,0708,Potter,9,0,1,0.7108,1.4737,0.6002
peak_tonal_db6,4126,0757,Potter,9,0,1,0.8526,1.5335,0.6753
peak_tonal_db6,4126,1280,StarWars,9,0,1,0.5539,1.5974,0.5633
peak_tonal_db6,4126,1463,StarWars,9,0,1,0.6011,1.6534,0.5598
peak_tonal_db6,4126,3431,Hakuna,9,1,1,0.3176,1.5444,0.6434
peak_tonal_db6,4126,3525,Hakuna,9,1,1,0.3705,1.3597,0.7446
peak_tonal_db6,4127,0435,Potter,185,0,1,0.6106,1.6897,0.6615
peak_tonal_db6,4127,0666,Potter,185,0,1,1.0216,1.3758,0.7993
peak_tonal_db6,4127,1173,StarWars,185,0,1,1.0233,1.9565,0.4063
peak_tonal_db6,4127,1575,StarWars,185,0,1,0.6007,1.8828,0.3807
peak_tonal_db6,4127,3561,Hakuna,185,1,1,0.9634,1.1265,0.8773
peak_tonal_db6,4127,3613,Hakuna,185,1,1,0.7854,1.1566,0.8893
peak_tonal_db6,4128,0319,Potter,54,0,1,1.0658,1.7789,0.7903
peak_tonal_db6,4128,0573,Potter,54,0,1,1.0815,1.6627,0.7989
peak_tonal_db6,4128,0885,StarWars,54,0,1,1.0799,2.0340,0.7982
peak_tonal_db6,4128,1561,StarWars,54,0,1,0.9201,2.7502,0.6815
peak_tonal_db6,4128,3395,Hakuna,54,1,1,0.9577,0.8229,0.9364
peak_tonal_db6,4128,3880,Hakuna,54,1,1,0.8997,0.7508,0.9394
peak_tonal_db6,4129,0424,Potter,38,0,1,1.1993,1.4324,0.6285
peak_tonal_db6,4129,0829,Potter,38,0,1,1.1940,1.5700,0.5317
peak_tonal_db6,4129,1149,StarWars,38,0,1,1.0285,1.4182,0.6304
peak_tonal_db6,4129,1273,StarWars,38,0,1,1.0214,1.6550,0.6406
peak_tonal_db6,4129,3506,Hakuna,38,1,1,0.9128,0.4670,0.9465
peak_tonal_db6,4129,3732,Hakuna,38,1,1,0.9982,0.6133,0.9014
peak_tonal_db6,4130,0198,Potter,67,0,1,1.6194,2.3674,0.3929
peak_tonal_db6,4130,0369,Potter,67,0,1,1.4028,1.9339,0.5882
peak_tonal_db6,4130,1298,StarWars,67,0,1,1.4944,2.2685,0.4810
peak_tonal_db6,4130,1326,StarWars,67,0,1,1.3944,2.2403,0.4937
peak_tonal_db6,4130,3412,Hakuna,67,1,1,1.0583,1.5121,0.7737
peak_tonal_db6,4130,3447,Hakuna,67,1,1,1.0944,1.6392,0.7855
peak_tonal_db6,4136,0194,Potter,169,0,1,0.6588,2.2667,0.4444
peak_tonal_db6,4136,0728,Potter,169,0,1,0.6948,2.1924,0.5278
peak_tonal_db6,4136,0848,StarWars,169,0,1,0.7246,2.3441,0.4508
peak_tonal_db6,4136,1533,StarWars,169,0,1,0.6854,2.4101,0.4127
peak_tonal_db6,4136,3399,Hakuna,169,1,1,0.7277,2.0629,0.5422
peak_tonal_db6,4136,3605,Hakuna,169,1,1,0.6604,2.0503,0.5959
peak_tonal_db6,4147,0371,Potter,52,0,1,1.1841,1.9131,0.5560
peak_tonal_db6,4147,0529,Potter,52,0,1,0.9614,1.8625,0.4765
peak_tonal_db6,4147,0954,StarWars,52,0,1,1.0318,1.6612,0.6816
peak_tonal_db6,4147,1331,StarWars,52,0,1,0.9932,2.1102,0.5910
peak_tonal_db6,4147,3349,Hakuna,52,1,1,0.8864,0.6814,0.9043
peak_tonal_db6,4147,3915,Hakuna,52,1,1,0.9455,0.7341,0.8411
peak_tonal_db6,4152,0271,Potter,121,0,1,1.0941,1.8976,0.4740
peak_tonal_db6,4152,0416,Potter,121,0,1,0.8911,1.7906,0.4699
peak_tonal_db6,4152,0852,StarWars,121,0,1,1.1064,1.7643,0.5360
peak_tonal_db6,4152,1525,StarWars,121,0,1,1.0569,1.7212,0.4607
peak_tonal_db6,4152,3647,Hakuna,121,1,1,1.0347,0.8782,0.8629
peak_tonal_db6,4152,4058,Hakuna,121,1,1,1.0569,0.8694,0.8732
peak_tonal_db6,4158,0756,Potter,219,0,1,0.6187,1.2624,0.6832
peak_tonal_db6,4158,0805,Potter,219,0,1,0.8265,1.4908,0.5140
peak_tonal_db6,4158,0988,StarWars,219,0,1,0.8836,1.5975,0.5143
peak_tonal_db6,4158,1255,StarWars,219,0,1,0.8105,1.6670,0.5136
peak_tonal_db6,4158,3355,Hakuna,219,1,1,0.7671,1.6836,0.4770
peak_tonal_db6,4158,3635,Hakuna,219,1,1,0.9110,1.5642,0.4342
peakF0_fixVoicing,3337,0222,Potter,96,0,1,0.8000,1.7089,0.6459
peakF0_fixVoicing,3337,0715,Potter,96,0,1,0.7548,1.9115,0.4715
peakF0_fixVoicing,3337,1027,StarWars,96,0,1,1.2430,2.0696,0.3266
peakF0_fixVoicing,3337,1402,StarWars,96,0,1,1.2667,2.2729,0.1943
peakF0_fixVoicing,3337,3406,Hakuna,96,1,1,0.8882,1.4598,0.6526
peakF0_fixVoicing,3337,3938,Hakuna,96,1,1,0.9849,1.6960,0.5784
peakF0_fixVoicing,3339,0182,Potter,61,0,1,0.9736,4.0190,0.1774
peakF0_fixVoicing,3339,0336,Potter,61,0,1,0.8317,2.7641,0.5306
peakF0_fixVoicing,3339,1236,StarWars,61,0,1,0.7764,3.3022,0.0181
peakF0_fixVoicing,3339,1318,StarWars,61,0,1,0.8029,3.8247,-0.2140
peakF0_fixVoicing,3339,3492,Hakuna,61,1,1,0.5457,2.3158,0.7870
peakF0_fixVoicing,3339,3524,Hakuna,61,1,1,0.5433,1.4599,0.9287
peakF0_fixVoicing,3345,0271,Potter,121,0,1,0.9976,2.0225,0.4977
peakF0_fixVoicing,3345,0416,Potter,121,0,1,0.7743,1.6963,0.5504
peakF0_fixVoicing,3345,0852,StarWars,121,0,1,1.0413,1.9108,0.5175
peakF0_fixVoicing,3345,1525,StarWars,121,0,1,0.8544,1.6453,0.5461
peakF0_fixVoicing,3345,3647,Hakuna,121,1,1,0.7864,0.7561,0.9095
peakF0_fixVoicing,3345,4058,Hakuna,121,1,1,0.7767,0.7273,0.9070
peakF0_fixVoicing,3347,0408,Potter,145,0,1,0.8246,3.6639,0.2608
peakF0_fixVoicing,3347,0619,Potter,145,0,1,0.8547,1.8132,0.8031
peakF0_fixVoicing,3347,0956,StarWars,145,0,1,0.8910,2.2735,0.5703
peakF0_fixVoicing,3347,1199,StarWars,145,0,1,0.8973,2.5087,0.5871
peakF0_fixVoicing,3347,3712,Hakuna,145,1,1,0.9273,0.6187,0.9534
peakF0_fixVoicing,3347,3793,Hakuna,145,1,1,0.9684,0.5572,0.9700
peakF0_fixVoicing,3348,0649,Potter,197,0,1,0.9312,1.7191,0.6858
peakF0_fixVoicing,3348,0688,Potter,197,0,1,1.0059,1.7306,0.7172
peakF0_fixVoicing,3348,0921,StarWars,197,0,1,0.9293,1.9327,0.6643
peakF0_fixVoicing,3348,1322,StarWars,197,0,1,0.7642,1.9991,0.7413
peakF0_fixVoicing,3348,3512,Hakuna,197,1,1,0.8055,0.6705,0.9386
peakF0_fixVoicing,3348,3851,Hakuna,197,1,1,0.7760,0.6276,0.9666
peakF0_fixVoicing,3351,0236,Potter,170,0,1,0.3805,1.4674,-0.0348
peakF0_fixVoicing,3351,0668,Potter,170,0,1,0.4269,1.2718,0.4054
peakF0_fixVoicing,3351,1565,StarWars,170,0,1,0.5336,1.3142,0.4364
peakF0_fixVoicing,3352,0352,Potter,220,0,1,0.6947,1.7505,0.3970
peakF0_fixVoicing,3352,0755,Potter,220,0,1,0.3503,1.5755,0.3769
peakF0_fixVoicing,3352,1052,StarWars,220,0,1,0.3229,1.5712,0.3422
peakF0_fixVoicing,3352,1207,StarWars,220,0,1,0.6536,1.4744,0.3889
peakF0_fixVoicing,3352,3568,Hakuna,220,1,1,0.5832,1.3248,0.6444
peakF0_fixVoicing,3352,3759,Hakuna,220,1,1,0.1605,1.4018,0.5517
peakF0_fixVoicing,3354,0651,Potter,97,0,1,0.8690,1.8095,0.7134
peakF0_fixVoicing,3354,0706,Potter,97,0,1,0.9575,1.5663,0.8170
peakF0_fixVoicing,3354,1313,StarWars,97,0,1,0.8078,1.9051,0.5160
peakF0_fixVoicing,3354,1418,StarWars,97,0,1,0.8129,2.2113,0.4927
peakF0_fixVoicing,3354,3631,Hakuna,97,1,1,0.8010,0.4157,0.9690
peakF0_fixVoicing,3354,3919,Hakuna,97,1,1,0.8690,0.6685,0.9253
peakF0_fixVoicing,3369,0282,Potter,8,0,1,1.0153,2.3158,0.6093
peakF0_fixVoicing,3369,0802,Potter,8,0,1,0.9287,2.3644,0.4748
peakF0_fixVoicing,3369,1046,StarWars,8,0,1,0.7402,2.4071,0.5842
peakF0_fixVoicing,3369,1667,StarWars,8,0,1,0.7657,2.4263,0.3640
peakF0_fixVoicing,3369,3795,Hakuna,8,1,1,0.7114,2.3181,0.6376
peakF0_fixVoicing,3369,4144,Hakuna,8,1,1,0.6978,2.2841,0.5736
peakF0_fixVoicing,3371,0508,Potter,120,0,1,1.3262,1.5723,0.7483
peakF0_fixVoicing,3371,0559,Potter,120,0,1,1.2090,1.5790,0.7956
peakF0_fixVoicing,3371,0878,StarWars,120,0,1,0.9041,2.0941,0.4463
peakF0_fixVoicing,3371,1449,StarWars,120,0,1,0.9318,1.9444,0.5347
peakF0_fixVoicing,3371,3503,Hakuna,120,1,1,0.7100,1.1228,0.7343
peakF0_fixVoicing,3371,3549,Hakuna,120,1,1,0.8443,1.1874,0.6857
peakF0_fixVoicing,3374,0236,Potter,170,0,1,0.2923,1.3817,0.3686
peakF0_fixVoicing,3374,0668,Potter,170,0,1,0.3280,1.3643,0.1849
peakF0_fixVoicing,3374,1565,StarWars,170,0,1,0.4100,1.3458,0.3557
peakF0_fixVoicing,3376,0097,Potter,201,0,1,1.2919,0.9925,0.2679
peakF0_fixVoicing,3376,0396,Potter,201,0,1,1.3468,0.7763,0.4790
peakF0_fixVoicing,3376,0927,StarWars,201,0,1,1.2832,1.0336,0.2598
peakF0_fixVoicing,3376,1129,StarWars,201,0,1,1.2110,0.6980,0.6704
peakF0_fixVoicing,3376,3870,Hakuna,201,1,1,0.8324,0.8063,0.6254
peakF0_fixVoicing,3376,4154,Hakuna,201,1,1,0.9595,0.8147,0.4831
peakF0_fixVoicing,3379,1235,StarWars,178,0,1,0.7170,1.5253,0.0989
peakF0_fixVoicing,3379,1585,StarWars,178,0,1,0.6106,1.0779,0.4628
peakF0_fixVoicing,3379,3403,Hakuna,178,1,1,0.4837,1.1483,0.4821
peakF0_fixVoicing,3379,3665,Hakuna,178,1,1,0.5214,1.3559,0.2651
peakF0_fixVoicing,3381,0202,Potter,164,0,1,0.8962,1.4158,0.8250
peakF0_fixVoicing,3381,0293,Potter,164,0,1,0.8944,1.4493,0.8070
peakF0_fixVoicing,3381,1315,StarWars,164,0,1,0.8470,2.3188,0.4217
peakF0_fixVoicing,3381,1482,StarWars,164,0,1,0.7851,1.7197,0.7065
peakF0_fixVoicing,3381,3746,Hakuna,164,1,1,0.7559,2.0097,0.7156
peakF0_fixVoicing,3381,3954,Hakuna,164,1,1,0.7741,1.8123,0.7668
peakF0_fixVoicing,3383,0060,Potter,222,0,1,1.2592,1.8197,0.7397
peakF0_fixVoicing,3383,0107,Potter,222,0,1,1.4423,2.0899,0.7008
peakF0_fixVoicing,3383,0959,StarWars,222,0,1,0.8141,1.9738,0.7792
peakF0_fixVoicing,3383,1276,StarWars,222,0,1,0.8535,2.2908,0.6111
peakF0_fixVoicing,3383,4064,Hakuna,222,1,1,1.3127,1.4523,0.8537
peakF0_fixVoicing,3383,4085,Hakuna,222,1,1,1.3972,0.9449,0.9214
peakF0_fixVoicing,3388,0246,Potter,190,0,1,0.7510,1.1723,0.8162
peakF0_fixVoicing,3388,0410,Potter,190,0,1,0.8107,1.2029,0.7950
peakF0_fixVoicing,3388,1077,StarWars,190,0,1,0.7984,1.3609,0.7768
peakF0_fixVoicing,3388,1085,StarWars,190,0,1,0.7819,1.0478,0.8581
peakF0_fixVoicing,3388,3625,Hakuna,190,1,1,0.6831,1.5689,0.5995
peakF0_fixVoicing,3388,3898,Hakuna,190,1,1,0.8086,1.2155,0.8435
peakF0_fixVoicing,3389,0189,Potter,203,0,1,0.5805,1.5717,0.5844
peakF0_fixVoicing,3389,0302,Potter,203,0,1,0.5101,1.4890,0.5850
peakF0_fixVoicing,3389,0934,StarWars,203,0,1,0.4349,1.4365,0.6555
peakF0_fixVoicing,3389,1603,StarWars,203,0,1,0.2874,1.6498,0.5130
peakF0_fixVoicing,3389,3497,Hakuna,203,1,1,0.9036,1.4450,0.6083
peakF0_fixVoicing,3389,3926,Hakuna,203,1,1,0.8862,1.4128,0.6516
peakF0_fixVoicing,3391,0124,Potter,58,0,1,0.8787,1.4492,0.7669
peakF0_fixVoicing,3391,0467,Potter,58,0,1,0.9347,1.5913,0.7034
peakF0_fixVoicing,3391,1178,StarWars,58,0,1,0.7724,1.8969,0.5609
peakF0_fixVoicing,3391,1262,StarWars,58,0,1,0.8937,1.4969,0.6920
peakF0_fixVoicing,3391,3556,Hakuna,58,1,1,0.7052,0.8092,0.9275
peakF0_fixVoicing,3391,3668,Hakuna,58,1,1,0.6716,1.3590,0.7658
peakF0_fixVoicing,3397,0182,Potter,61,0,1,0.9830,3.9539,0.1780
peakF0_fixVoicing,3397,0336,Potter,61,0,1,0.8398,2.6107,0.5831
peakF0_fixVoicing,3397,1236,StarWars,61,0,1,0.7840,3.3971,-0.0350
peakF0_fixVoicing,3397,1318,StarWars,61,0,1,0.8107,3.7566,-0.1422
peakF0_fixVoicing,3397,3492,Hakuna,61,1,1,0.5510,2.2828,0.7962
peakF0_fixVoicing,3397,3524,Hakuna,61,1,1,0.5485,1.5502,0.9090
peakF0_fixVoicing,3401,0044,Potter,217,0,1,0.9965,1.1831,0.8028
peakF0_fixVoicing,3401,0101,Potter,217,0,1,1.0484,1.2614,0.7977
peakF0_fixVoicing,3401,1131,StarWars,217,0,1,0.8377,1.8770,0.4946
peakF0_fixVoicing,3401,1509,StarWars,217,0,1,0.8705,1.8899,0.5095
peakF0_fixVoicing,3401,3701,Hakuna,217,1,1,1.0328,0.7079,0.9214
peakF0_fixVoicing,3401,4103,Hakuna,217,1,1,1.0294,0.7126,0.9314
peakF0_fixVoicing,3413,0155,Potter,76,0,1,0.8212,1.8075,0.5325
peakF0_fixVoicing,3413,0584,Potter,76,0,1,0.8470,1.5160,0.6727
peakF0_fixVoicing,3413,1381,StarWars,76,0,1,0.7818,2.2265,0.2459
peakF0_fixVoicing,3413,1445,StarWars,76,0,1,0.8379,2.1296,0.4165
peakF0_fixVoicing,3413,3706,Hakuna,76,1,1,0.7848,1.0180,0.8634
peakF0_fixVoicing,3413,4048,Hakuna,76,1,1,0.7970,0.8493,0.9134
peakF0_fixVoicing,3414,0762,Potter,69,0,1,0.6084,1.3413,0.3961
peakF0_fixVoicing,3414,0771,Potter,69,0,1,1.0354,1.2015,0.5708
peakF0_fixVoicing,3414,1323,StarWars,69,0,1,0.3097,1.3849,0.2609
peakF0_fixVoicing,3414,1496,StarWars,69,0,1,0.4558,1.3390,0.2007
peakF0_fixVoicing,3414,3410,Hakuna,69,1,1,0.4801,2.1849,0.1958
peakF0_fixVoicing,3416,0445,Potter,146,0,1,0.5243,1.8373,0.5468
peakF0_fixVoicing,3416,0622,Potter,146,0,1,0.6064,1.9025,0.5570
peakF0_fixVoicing,3416,0925,StarWars,146,0,1,0.3585,1.6174,0.6840
peakF0_fixVoicing,3416,1456,StarWars,146,0,1,0.3635,1.6350,0.6764
peakF0_fixVoicing,3416,3439,Hakuna,146,1,1,0.4121,1.4752,0.7555
peakF0_fixVoicing,3416,3822,Hakuna,146,1,1,0.3317,1.9063,0.5021
peakF0_fixVoicing,3428,0097,Potter,201,0,1,1.1316,0.9436,0.4616
peakF0_fixVoicing,3428,0396,Potter,201,0,1,1.1797,0.6964,0.6738
peakF0_fixVoicing,3428,0927,StarWars,201,0,1,1.1241,0.8375,0.5620
peakF0_fixVoicing,3428,1129,StarWars,201,0,1,1.0608,0.7438,0.6696
peakF0_fixVoicing,3428,3870,Hakuna,201,1,1,0.7291,0.7686,0.6235
peakF0_fixVoicing,3428,4154,Hakuna,201,1,1,0.8405,0.7702,0.6588
peakF0_fixVoicing,3429,0295,Potter,83,0,1,0.8376,1.8629,0.6841
peakF0_fixVoicing,3429,0648,Potter,83,0,1,1.0657,2.2342,0.6574
peakF0_fixVoicing,3429,1165,StarWars,83,0,1,1.0620,2.3174,0.5921
peakF0_fixVoicing,3429,1491,StarWars,83,0,1,0.9124,1.5554,0.7357
peakF0_fixVoicing,3429,3452,Hakuna,83,1,1,0.9690,1.8673,0.8166
peakF0_fixVoicing,3429,4101,Hakuna,83,1,1,0.9325,2.3174,0.7990
peakF0_fixVoicing,3432,0187,Potter,214,0,1,0.5947,2.1406,0.5841
peakF0_fixVoicing,3432,0702,Potter,214,0,1,0.8931,2.4512,0.3544
peakF0_fixVoicing,3432,1540,StarWars,214,0,1,0.7242,2.4228,0.4789
peakF0_fixVoicing,3432,1618,StarWars,214,0,1,0.6942,2.2265,0.5959
peakF0_fixVoicing,3432,3941,Hakuna,214,1,1,0.6210,2.2442,0.4675
peakF0_fixVoicing,3432,4078,Hakuna,214,1,1,0.5741,2.2918,0.6050
peakF0_fixVoicing,3434,0326,Potter,23,0,1,0.8178,1.7163,0.6019
peakF0_fixVoicing,3434,0682,Potter,23,0,1,0.5775,1.4212,0.7272
peakF0_fixVoicing,3434,1335,StarWars,23,0,1,0.7597,1.7208,0.5411
peakF0_fixVoicing,3434,1448,StarWars,23,0,1,0.6860,1.8463,0.4614
peakF0_fixVoicing,3435,0222,Potter,96,0,1,0.8732,1.4183,0.7219
peakF0_fixVoicing,3435,0715,Potter,96,0,1,0.8239,1.9126,0.4530
peakF0_fixVoicing,3435,1027,StarWars,96,0,1,1.3568,1.9913,0.3850
peakF0_fixVoicing,3435,1402,StarWars,96,0,1,1.3826,2.2166,0.3569
peakF0_fixVoicing,3435,3406,Hakuna,96,1,1,0.9695,1.7143,0.5887
peakF0_fixVoicing,3435,3938,Hakuna,96,1,1,1.0751,1.8697,0.5022
peakF0_fixVoicing,3437,0125,Potter,205,0,1,0.7859,1.3704,0.6444
peakF0_fixVoicing,3437,0359,Potter,205,0,1,0.8952,1.0640,0.7886
peakF0_fixVoicing,3437,0966,StarWars,205,0,1,0.8656,1.2339,0.7112
peakF0_fixVoicing,3437,1480,StarWars,205,0,1,0.9271,1.3879,0.6045
peakF0_fixVoicing,3437,3529,Hakuna,205,1,1,0.6378,1.3363,0.5004
peakF0_fixVoicing,3437,3581,Hakuna,205,1,1,0.7608,1.2626,0.6507
peakF0_fixVoicing,3438,0005,Potter,216,0,1,0.5832,1.5842,0.5327
peakF0_fixVoicing,3438,0036,Potter,216,0,1,0.6953,1.1056,0.8257
peakF0_fixVoicing,3438,3704,Hakuna,216,1,1,0.5271,1.6105,0.6756
peakF0_fixVoicing,3438,3876,Hakuna,216,1,1,0.5813,1.4617,0.7319
peakF0_fixVoicing,3442,0477,Potter,17,0,1,1.1603,1.3952,0.7071
peakF0_fixVoicing,3442,0558,Potter,17,0,1,1.0621,1.3203,0.7437
peakF0_fixVoicing,3442,1609,StarWars,17,0,1,1.1283,1.5844,0.6575
peakF0_fixVoicing,3442,1620,StarWars,17,0,1,1.0802,1.4574,0.7427
peakF0_fixVoicing,3442,3878,Hakuna,17,1,1,1.0942,1.2773,0.7438
peakF0_fixVoicing,3442,4105,Hakuna,17,1,1,1.1623,1.1119,0.7976
peakF0_fixVoicing,3460,0542,Potter,44,0,1,0.9173,1.6629,0.7408
peakF0_fixVoicing,3460,0739,Potter,44,0,1,0.9303,1.6227,0.7890
peakF0_fixVoicing,3460,0964,StarWars,44,0,1,1.1135,2.0891,0.7655
peakF0_fixVoicing,3460,1026,StarWars,44,0,1,1.0243,2.3083,0.7529
peakF0_fixVoicing,3460,3485,Hakuna,44,1,1,0.9919,0.3895,0.9698
peakF0_fixVoicing,3460,3781,Hakuna,44,1,1,0.8930,0.3981,0.9781
peakF0_fixVoicing,3461,0582,Potter,57,0,1,0.5174,1.0042,0.4690
peakF0_fixVoicing,3461,0801,Potter,57,0,1,0.5437,1.0576,0.4877
peakF0_fixVoicing,3461,0985,StarWars,57,0,1,0.4743,1.1462,0.3111
peakF0_fixVoicing,3461,1249,StarWars,57,0,1,0.4958,1.0092,0.4643
peakF0_fixVoicing,3461,3745,Hakuna,57,1,1,0.8383,1.1066,0.2946
peakF0_fixVoicing,3461,3802,Hakuna,57,1,1,0.8599,1.2112,0.3398
peakF0_fixVoicing,3463,0386,Potter,184,0,1,0.9797,2.2141,0.5582
peakF0_fixVoicing,3463,0729,Potter,184,0,1,0.8564,2.4938,0.5658
peakF0_fixVoicing,3463,0887,StarWars,184,0,1,0.5997,2.0055,0.6843
peakF0_fixVoicing,3463,3612,Hakuna,184,1,1,0.8361,1.0531,0.8935
peakF0_fixVoicing,3463,3844,Hakuna,184,1,1,0.8429,1.1585,0.8635
peakF0_fixVoicing,3464,0732,Potter,150,0,1,0.7454,1.1249,0.8537
peakF0_fixVoicing,3464,0825,Potter,150,0,1,0.7737,1.3612,0.8285
peakF0_fixVoicing,3464,0844,StarWars,150,0,1,0.9185,2.1353,0.6273
peakF0_fixVoicing,3464,1510,StarWars,150,0,1,0.8719,2.3341,0.6331
peakF0_fixVoicing,3464,3493,Hakuna,150,1,1,0.9201,0.9780,0.8891
peakF0_fixVoicing,3464,3767,Hakuna,150,1,1,0.7820,0.8201,0.9125
peakF0_fixVoicing,3465,0038,Potter,207,0,1,0.7769,2.5787,0.5242
peakF0_fixVoicing,3465,0672,Potter,207,0,1,0.9295,1.7140,0.7633
peakF0_fixVoicing,3465,1206,StarWars,207,0,1,0.4834,1.5679,0.6800
peakF0_fixVoicing,3465,1265,StarWars,207,0,1,0.4932,1.7309,0.5755
peakF0_fixVoicing,3465,3446,Hakuna,207,1,1,0.8982,0.3713,0.9858
peakF0_fixVoicing,3465,3565,Hakuna,207,1,1,0.8474,0.4212,0.9811
peakF0_fixVoicing,3467,0438,Potter,192,0,1,0.6843,0.9623,0.7217
peakF0_fixVoicing,3467,0783,Potter,192,0,1,0.7078,1.0473,0.6723
peakF0_fixVoicing,3467,0909,StarWars,192,0,1,0.7562,1.2103,0.6335
peakF0_fixVoicing,3467,1642,StarWars,192,0,1,0.6696,1.1782,0.6179
peakF0_fixVoicing,3467,3741,Hakuna,192,1,1,0.7959,0.8560,0.7875
peakF0_fixVoicing,3467,4148,Hakuna,192,1,1,0.7562,0.8174,0.8624
peakF0_fixVoicing,3470,0623,Potter,10,0,1,1.0649,1.0823,0.6385
peakF0_fixVoicing,3470,0830,Potter,10,0,1,0.9654,0.8327,0.7964
peakF0_fixVoicing,3470,1176,StarWars,10,0,1,1.1061,0.9413,0.7514
peakF0_fixVoicing,3470,1321,StarWars,10,0,1,1.0433,0.9377,0.7696
peakF0_fixVoicing,3470,3717,Hakuna,10,1,1,0.9978,0.9062,0.8055
peakF0_fixVoicing,3470,3891,Hakuna,10,1,1,0.8160,0.9867,0.6651
peakF0_fixVoicing,3473,0372,Potter,128,0,1,0.4943,1.6764,0.5907
peakF0_fixVoicing,3473,0440,Potter,128,0,1,0.4444,1.4325,0.6717
peakF0_fixVoicing,3473,1334,StarWars,128,0,1,0.7370,1.6421,0.6723
peakF0_fixVoicing,3473,1570,StarWars,128,0,1,0.6259,1.3563,0.7059
peakF0_fixVoicing,3473,3882,Hakuna,128,1,1,0.5283,1.5400,0.6402
peakF0_fixVoicing,3473,4119,Hakuna,128,1,1,0.5737,1.0337,0.8087
peakF0_fixVoicing,3477,0319,Potter,54,0,1,0.9567,1.7784,0.7337
peakF0_fixVoicing,3477,0573,Potter,54,0,1,1.0513,1.7335,0.7569
peakF0_fixVoicing,3477,0885,StarWars,54,0,1,1.1186,2.0729,0.7045
peakF0_fixVoicing,3477,1561,StarWars,54,0,1,1.0769,2.4787,0.6400
peakF0_fixVoicing,3477,3395,Hakuna,54,1,1,0.9712,0.6534,0.9317
peakF0_fixVoicing,3477,3880,Hakuna,54,1,1,0.9119,0.7675,0.9142
peakF0_fixVoicing,3487,0997,StarWars,135,0,1,0.9231,1.8214,0.5295
peakF0_fixVoicing,3487,1195,StarWars,135,0,1,1.0620,1.8038,0.6409
peakF0_fixVoicing,3487,3501,Hakuna,135,1,1,0.5876,0.9309,0.5756
peakF0_fixVoicing,3487,4070,Hakuna,135,1,1,0.6731,1.2843,0.3489
peakF0_fixVoicing,3489,0111,Potter,100,0,1,1.0224,0.9713,0.5800
peakF0_fixVoicing,3489,0407,Potter,100,0,1,0.8072,1.0762,0.3463
peakF0_fixVoicing,3489,1040,StarWars,100,0,1,0.9931,0.9870,0.4768
peakF0_fixVoicing,3489,1344,StarWars,100,0,1,0.7126,0.9388,0.4496
peakF0_fixVoicing,3489,3448,Hakuna,100,1,1,0.7246,1.0036,0.4123
peakF0_fixVoicing,3489,4068,Hakuna,100,1,1,0.7797,1.0209,0.4479
peakF0_fixVoicing,3490,0699,Potter,154,0,1,0.5732,2.9601,0.4400
peakF0_fixVoicing,3490,0790,Potter,154,0,1,0.6190,2.9521,0.4777
peakF0_fixVoicing,3490,1008,StarWars,154,0,1,0.4339,2.5964,0.6333
peakF0_fixVoicing,3490,1152,StarWars,154,0,1,0.5802,3.0414,0.3334
peakF0_fixVoicing,3490,3375,Hakuna,154,1,1,0.5697,1.5527,0.8816
peakF0_fixVoicing,3490,3762,Hakuna,154,1,1,0.7266,2.6710,0.4942
peakF0_fixVoicing,3491,0732,Potter,150,0,1,0.7684,1.1089,0.8638
peakF0_fixVoicing,3491,0825,Potter,150,0,1,0.7976,1.5461,0.8360
peakF0_fixVoicing,3491,0844,StarWars,150,0,1,0.9468,2.3094,0.5500
peakF0_fixVoicing,3491,1510,StarWars,150,0,1,0.8988,2.5611,0.5156
peakF0_fixVoicing,3491,3493,Hakuna,150,1,1,0.9485,1.1478,0.8567
peakF0_fixVoicing,3491,3767,Hakuna,150,1,1,0.8062,0.8521,0.9126
peakF0_fixVoicing,3496,0531,Potter,105,0,1,1.1596,1.5579,0.8283
peakF0_fixVoicing,3496,0583,Potter,105,0,1,1.1681,1.4753,0.8344
peakF0_fixVoicing,3496,1579,StarWars,105,0,1,1.0660,2.1094,0.7384
peakF0_fixVoicing,3496,3587,Hakuna,105,1,1,1.0000,0.3334,0.9717
peakF0_fixVoicing,3496,3906,Hakuna,105,1,1,1.0489,0.6258,0.8918
peakF0_fixVoicing,3502,0470,Potter,91,0,1,0.8493,1.8908,0.3217
peakF0_fixVoicing,3502,0596,Potter,91,0,1,1.0240,1.1924,0.7134
peakF0_fixVoicing,3502,1006,StarWars,91,0,1,0.6943,1.3826,0.5534
peakF0_fixVoicing,3502,1366,StarWars,91,0,1,0.8865,1.2044,0.6388
peakF0_fixVoicing,3502,3411,Hakuna,91,1,1,0.7052,1.4200,0.3440
peakF0_fixVoicing,3502,3440,Hakuna,91,1,1,0.7009,1.3973,0.5562
peakF0_fixVoicing,3505,0461,Potter,198,0,1,0.1630,1.9341,0.4293
peakF0_fixVoicing,3508,0425,Potter,5,0,1,0.7644,1.8898,0.4992
peakF0_fixVoicing,3508,0528,Potter,5,0,1,0.9160,2.1524,0.5776
peakF0_fixVoicing,3508,0854,StarWars,5,0,1,0.9127,1.6299,0.7593
peakF0_fixVoicing,3508,1444,StarWars,5,0,1,0.9094,1.8116,0.6761
peakF0_fixVoicing,3508,3606,Hakuna,5,1,1,0.8138,0.7759,0.9337
peakF0_fixVoicing,3508,3860,Hakuna,5,1,1,0.8386,0.7568,0.9314
peakF0_fixVoicing,3513,0177,Potter,14,0,1,0.8861,1.4480,0.3872
peakF0_fixVoicing,3513,0774,Potter,14,0,1,0.8445,1.6474,0.2809
peakF0_fixVoicing,3513,1435,StarWars,14,0,1,0.8716,1.2207,0.6571
peakF0_fixVoicing,3513,1519,StarWars,14,0,1,0.9530,1.1288,0.6957
peakF0_fixVoicing,3513,3682,Hakuna,14,1,1,0.7197,1.1692,0.5516
peakF0_fixVoicing,3513,3807,Hakuna,14,1,1,0.7233,1.1720,0.6698
peakF0_fixVoicing,3514,0470,Potter,91,0,1,0.7353,1.2060,0.5240
peakF0_fixVoicing,3514,0596,Potter,91,0,1,0.8866,0.8431,0.7104
peakF0_fixVoicing,3514,1006,StarWars,91,0,1,0.6011,0.7960,0.6467
peakF0_fixVoicing,3514,1366,StarWars,91,0,1,0.7675,0.7411,0.7147
peakF0_fixVoicing,3514,3411,Hakuna,91,1,1,0.6106,1.0052,0.4553
peakF0_fixVoicing,3514,3440,Hakuna,91,1,1,0.6068,1.0087,0.5167
peakF0_fixVoicing,3515,0356,Potter,196,0,1,0.7149,1.6117,0.6377
peakF0_fixVoicing,3515,0686,Potter,196,0,1,0.6242,1.8852,0.5086
peakF0_fixVoicing,3515,0907,StarWars,196,0,1,0.6307,2.3055,0.5679
peakF0_fixVoicing,3515,1611,StarWars,196,0,1,0.5659,1.5015,0.7101
peakF0_fixVoicing,3515,4056,Hakuna,196,1,1,0.7192,0.3372,0.9880
peakF0_fixVoicing,3515,4082,Hakuna,196,1,1,0.7646,0.3577,0.9843
peakF0_fixVoicing,3516,0189,Potter,203,0,1,0.5717,2.5518,0.3789
peakF0_fixVoicing,3516,0302,Potter,203,0,1,0.5024,2.4060,0.4752
peakF0_fixVoicing,3516,0934,StarWars,203,0,1,0.4283,2.0316,0.6469
peakF0_fixVoicing,3516,1603,StarWars,203,0,1,0.2830,2.3315,0.5947
peakF0_fixVoicing,3516,3497,Hakuna,203,1,1,0.8898,2.2183,0.5981
peakF0_fixVoicing,3516,3926,Hakuna,203,1,1,0.8727,2.2757,0.5681
peakF0_fixVoicing,3517,0311,Potter,218,0,1,0.7072,3.7605,0.3965
peakF0_fixVoicing,3517,0518,Potter,218,0,1,0.6976,3.4468,0.6207
peakF0_fixVoicing,3517,0994,StarWars,218,0,1,0.8096,3.4893,0.4835
peakF0_fixVoicing,3517,1220,StarWars,218,0,1,0.7536,4.6706,-0.0364
peakF0_fixVoicing,3517,3475,Hakuna,218,1,1,0.8592,1.6360,0.9409
peakF0_fixVoicing,3517,3521,Hakuna,218,1,1,0.8768,1.9299,0.9215
peakF0_fixVoicing,3527,0275,Potter,33,0,1,0.9004,2.2248,0.4714
peakF0_fixVoicing,3527,0468,Potter,33,0,1,0.8985,2.2182,0.5034
peakF0_fixVoicing,3527,0888,StarWars,33,0,1,0.7395,1.8014,0.4304
peakF0_fixVoicing,3527,1174,StarWars,33,0,1,0.6973,1.7182,0.5191
peakF0_fixVoicing,3527,3868,Hakuna,33,1,1,0.8103,1.2361,0.7807
peakF0_fixVoicing,3528,0372,Potter,128,0,1,0.5046,1.4241,0.6956
peakF0_fixVoicing,3528,0440,Potter,128,0,1,0.4537,1.3018,0.7625
peakF0_fixVoicing,3528,1334,StarWars,128,0,1,0.7523,1.5861,0.7081
peakF0_fixVoicing,3528,1570,StarWars,128,0,1,0.6389,1.6360,0.6500
peakF0_fixVoicing,3528,3882,Hakuna,128,1,1,0.5394,1.2076,0.7533
peakF0_fixVoicing,3528,4119,Hakuna,128,1,1,0.5856,0.9064,0.8752
peakF0_fixVoicing,3531,0131,Potter,53,0,1,1.2941,1.8561,0.4735
peakF0_fixVoicing,3531,0689,Potter,53,0,1,1.2374,1.8871,0.4095
peakF0_fixVoicing,3531,1269,StarWars,53,0,1,0.7059,2.0326,0.2413
peakF0_fixVoicing,3531,1596,StarWars,53,0,1,0.7395,2.2933,0.0042
peakF0_fixVoicing,3531,3585,Hakuna,53,1,1,0.7164,0.3718,0.9769
peakF0_fixVoicing,3531,3856,Hakuna,53,1,1,0.7416,0.3988,0.9819
peakF0_fixVoicing,3532,0394,Potter,215,0,1,1.1592,3.3225,0.2205
peakF0_fixVoicing,3532,0975,StarWars,215,0,1,0.9325,2.2213,0.6453
peakF0_fixVoicing,3532,1423,StarWars,215,0,1,1.0121,1.9755,0.7733
peakF0_fixVoicing,3532,3480,Hakuna,215,1,1,0.8702,0.3583,0.9684
peakF0_fixVoicing,3532,3858,Hakuna,215,1,1,0.8945,0.4035,0.9726
peakF0_fixVoicing,3535,0286,Potter,47,0,1,0.8568,1.3019,0.6709
peakF0_fixVoicing,3535,0443,Potter,47,0,1,0.7885,1.0622,0.7497
peakF0_fixVoicing,3535,1258,StarWars,47,0,1,0.9559,1.4213,0.5413
peakF0_fixVoicing,3535,1300,StarWars,47,0,1,0.7577,1.4099,0.6070
peakF0_fixVoicing,3535,4019,Hakuna,47,1,1,1.0154,1.1465,0.6468
peakF0_fixVoicing,3535,4044,Hakuna,47,1,1,1.0771,1.0320,0.7300
peakF0_fixVoicing,3536,0196,Potter,232,0,1,0.5603,1.6237,0.6814
peakF0_fixVoicing,3536,0603,Potter,232,0,1,0.6342,1.3014,0.7885
peakF0_fixVoicing,3536,0917,StarWars,232,0,1,0.7879,1.9114,0.6028
peakF0_fixVoicing,3536,1278,StarWars,232,0,1,0.6537,2.1846,0.2910
peakF0_fixVoicing,3536,3541,Hakuna,232,1,1,0.2938,1.5115,0.8258
peakF0_fixVoicing,3536,4111,Hakuna,232,1,1,0.3852,1.7884,0.7032
peakF0_fixVoicing,3538,0005,Potter,216,0,1,0.5455,1.6929,0.6335
peakF0_fixVoicing,3538,0036,Potter,216,0,1,0.6503,1.2096,0.8609
peakF0_fixVoicing,3538,3704,Hakuna,216,1,1,0.4930,1.7494,0.6287
peakF0_fixVoicing,3538,3876,Hakuna,216,1,1,0.5437,1.6456,0.6801
peakF0_fixVoicing,3544,0008,Potter,213,0,1,0.9559,1.7479,0.8111
peakF0_fixVoicing,3544,0681,Potter,213,0,1,0.9651,1.6638,0.8424
peakF0_fixVoicing,3544,0860,StarWars,213,0,1,1.0938,2.1183,0.6661
peakF0_fixVoicing,3544,1317,StarWars,213,0,1,0.9853,2.2579,0.7542
peakF0_fixVoicing,3544,3548,Hakuna,213,1,1,0.6691,0.4845,0.9706
peakF0_fixVoicing,3544,3720,Hakuna,213,1,1,0.7426,0.5091,0.9582
peakF0_fixVoicing,3545,0553,Potter,0,0,1,0.9272,1.7871,0.5416
peakF0_fixVoicing,3545,0590,Potter,0,0,1,0.9123,1.4413,0.5909
peakF0_fixVoicing,3545,0915,StarWars,0,0,1,0.6746,1.8250,0.3639
peakF0_fixVoicing,3545,1140,StarWars,0,0,1,0.6627,2.0995,0.3327
peakF0_fixVoicing,3545,3690,Hakuna,0,1,1,0.8886,1.4978,0.3764
peakF0_fixVoicing,3545,4031,Hakuna,0,1,1,0.8811,0.8792,0.7749
peakF0_fixVoicing,3552,0613,Potter,137,0,1,0.5048,1.4110,0.8054
peakF0_fixVoicing,3552,0788,Potter,137,0,1,0.5657,1.9507,0.6483
peakF0_fixVoicing,3552,1163,StarWars,137,0,1,0.6229,1.7196,0.6852
peakF0_fixVoicing,3552,1177,StarWars,137,0,1,0.6610,1.7055,0.7176
peakF0_fixVoicing,3552,3594,Hakuna,137,1,1,0.8324,1.1630,0.8801
peakF0_fixVoicing,3552,3944,Hakuna,137,1,1,0.8000,0.9324,0.9366
peakF0_fixVoicing,3553,0102,Potter,191,0,1,0.9002,1.3206,0.7116
peakF0_fixVoicing,3553,0426,Potter,191,0,1,0.9343,1.5612,0.5649
peakF0_fixVoicing,3553,0993,StarWars,191,0,1,1.0365,1.5632,0.6360
peakF0_fixVoicing,3553,1506,StarWars,191,0,1,1.0779,1.5185,0.6262
peakF0_fixVoicing,3553,3928,Hakuna,191,1,1,1.0341,1.6419,0.7114
peakF0_fixVoicing,3553,3984,Hakuna,191,1,1,0.8370,1.6550,0.6192
peakF0_fixVoicing,3554,1030,StarWars,212,0,1,0.4439,1.9832,0.5043
peakF0_fixVoicing,3554,1646,StarWars,212,0,1,0.6071,1.9926,0.4079
peakF0_fixVoicing,3554,3761,Hakuna,212,1,1,0.4490,1.9832,0.6569
peakF0_fixVoicing,3554,3907,Hakuna,212,1,1,0.5476,1.9248,0.7177
peakF0_fixVoicing,3555,0292,Potter,166,0,1,0.9321,1.7580,0.6429
peakF0_fixVoicing,3555,0353,Potter,166,0,1,1.3951,1.8519,0.6261
peakF0_fixVoicing,3555,1233,StarWars,166,0,1,0.8807,1.7650,0.7065
peakF0_fixVoicing,3555,1267,StarWars,166,0,1,0.8395,1.7142,0.6007
peakF0_fixVoicing,3557,0373,Potter,122,0,1,0.7762,1.9390,0.7469
peakF0_fixVoicing,3557,0547,Potter,122,0,1,0.7151,2.2742,0.4802
peakF0_fixVoicing,3557,1408,StarWars,122,0,1,0.6323,2.4336,0.4854
peakF0_fixVoicing,3557,1495,StarWars,122,0,1,0.6163,2.1266,0.5995
peakF0_fixVoicing,3557,3595,Hakuna,122,1,1,0.7209,1.4415,0.8588
peakF0_fixVoicing,3557,3655,Hakuna,122,1,1,0.7166,2.0474,0.6664
peakF0_fixVoicing,3560,0239,Potter,59,0,1,0.6028,1.9182,0.6067
peakF0_fixVoicing,3560,0798,Potter,59,0,1,0.4914,1.9234,0.6364
peakF0_fixVoicing,3560,0923,StarWars,59,0,1,0.3297,2.0812,0.2437
peakF0_fixVoicing,3560,1246,StarWars,59,0,1,0.4694,2.0691,0.4391
peakF0_fixVoicing,3560,3956,Hakuna,59,1,1,0.4396,2.0894,0.2772
peakF0_fixVoicing,3560,4124,Hakuna,59,1,1,0.4694,1.9844,0.4861
peakF0_fixVoicing,3566,0651,Potter,97,0,1,0.9445,2.0100,0.7243
peakF0_fixVoicing,3566,0706,Potter,97,0,1,1.0407,1.5552,0.8095
peakF0_fixVoicing,3566,1313,StarWars,97,0,1,0.8780,1.9201,0.5629
peakF0_fixVoicing,3566,1418,StarWars,97,0,1,0.8835,2.0845,0.5839
peakF0_fixVoicing,3566,3631,Hakuna,97,1,1,0.8706,0.4591,0.9756
peakF0_fixVoicing,3566,3919,Hakuna,97,1,1,0.9445,0.8281,0.9006
peakF0_fixVoicing,3570,0273,Potter,172,0,1,0.6433,1.6986,0.4790
peakF0_fixVoicing,3570,1064,StarWars,172,0,1,0.6126,1.6304,0.6085
peakF0_fixVoicing,3570,1498,StarWars,172,0,1,0.6280,1.3068,0.7722
peakF0_fixVoicing,3570,3708,Hakuna,172,1,1,0.5358,2.5040,0.0818
peakF0_fixVoicing,3570,4145,Hakuna,172,1,1,0.6570,1.5250,0.7028
peakF0_fixVoicing,3572,0057,Potter,60,0,1,0.8619,1.6170,0.6764
peakF0_fixVoicing,3572,0348,Potter,60,0,1,0.8392,1.5014,0.7596
peakF0_fixVoicing,3575,0090,Potter,24,0,1,0.8053,1.3819,0.7466
peakF0_fixVoicing,3575,0320,Potter,24,0,1,0.7646,1.3552,0.7436
peakF0_fixVoicing,3575,1045,StarWars,24,0,1,0.8655,1.9186,0.5517
peakF0_fixVoicing,3575,1325,StarWars,24,0,1,0.9451,1.8634,0.5584
peakF0_fixVoicing,3575,3814,Hakuna,24,1,1,0.7947,0.6976,0.9367
peakF0_fixVoicing,3575,4118,Hakuna,24,1,1,0.7823,0.7557,0.9326
peakF0_fixVoicing,3577,0633,Potter,231,0,1,0.4884,1.2700,0.7840
peakF0_fixVoicing,3577,0803,Potter,231,0,1,0.5938,1.1742,0.8407
peakF0_fixVoicing,3577,1150,StarWars,231,0,1,0.5984,1.5733,0.6629
peakF0_fixVoicing,3577,1605,StarWars,231,0,1,0.6109,1.3675,0.7941
peakF0_fixVoicing,3577,4049,Hakuna,231,1,1,0.7907,0.2875,0.9884
peakF0_fixVoicing,3577,4112,Hakuna,231,1,1,0.7907,0.3413,0.9856
peakF0_fixVoicing,3580,0595,Potter,26,0,1,0.9675,1.1924,0.3965
peakF0_fixVoicing,3580,0768,Potter,26,0,1,0.9125,1.3789,0.3037
peakF0_fixVoicing,3580,1087,StarWars,26,0,1,0.6775,1.2299,0.4507
peakF0_fixVoicing,3580,1132,StarWars,26,0,1,0.6600,1.2849,0.1435
peakF0_fixVoicing,3580,3392,Hakuna,26,1,1,0.4150,1.2546,0.5434
peakF0_fixVoicing,3580,4137,Hakuna,26,1,1,0.4250,1.0097,0.6147
peakF0_fixVoicing,3582,0254,Potter,129,0,1,1.2090,1.5082,0.6720
peakF0_fixVoicing,3582,0554,Potter,129,0,1,1.1348,1.5165,0.6758
peakF0_fixVoicing,3582,1014,StarWars,129,0,1,0.5820,1.5560,0.5811
peakF0_fixVoicing,3582,1167,StarWars,129,0,1,0.5933,1.4454,0.6843
peakF0_fixVoicing,3582,3576,Hakuna,129,1,1,0.8202,0.9117,0.8352
peakF0_fixVoicing,3582,3651,Hakuna,129,1,1,0.7888,0.9632,0.8237
peakF0_fixVoicing,3583,0206,Potter,84,0,1,0.6997,1.5864,0.7525
peakF0_fixVoicing,3583,1341,StarWars,84,0,1,0.8624,2.3785,0.1390
peakF0_fixVoicing,3583,1504,StarWars,84,0,1,0.7265,1.6198,0.6775
peakF0_fixVoicing,3588,0680,Potter,123,0,1,0.9333,2.1304,0.3792
peakF0_fixVoicing,3588,0835,Potter,123,0,1,0.8684,1.9657,0.4847
peakF0_fixVoicing,3588,1196,StarWars,123,0,1,0.9453,1.9825,0.6810
peakF0_fixVoicing,3588,1378,StarWars,123,0,1,0.9590,1.9852,0.7240
peakF0_fixVoicing,3588,3567,Hakuna,123,1,1,0.8239,0.3230,0.9847
peakF0_fixVoicing,3588,3787,Hakuna,123,1,1,0.8462,0.2634,0.9892
peakF0_fixVoicing,3591,0177,Potter,14,0,1,0.8113,1.3957,0.4701
peakF0_fixVoicing,3591,0774,Potter,14,0,1,0.7732,1.5028,0.4557
peakF0_fixVoicing,3591,1435,StarWars,14,0,1,0.7980,1.2899,0.5183
peakF0_fixVoicing,3591,1519,StarWars,14,0,1,0.8725,1.1040,0.6934
peakF0_fixVoicing,3591,3682,Hakuna,14,1,1,0.6589,1.1054,0.5757
peakF0_fixVoicing,3591,3807,Hakuna,14,1,1,0.6623,1.0952,0.6743
peakF0_fixVoicing,3593,0595,Potter,26,0,1,0.8638,1.1134,0.4646
peakF0_fixVoicing,3593,0768,Potter,26,0,1,0.8147,1.1234,0.4270
peakF0_fixVoicing,3593,1087,StarWars,26,0,1,0.6049,0.9395,0.5998
peakF0_fixVoicing,3593,1132,StarWars,26,0,1,0.5893,1.0748,0.4614
peakF0_fixVoicing,3593,3392,Hakuna,26,1,1,0.3705,1.0184,0.6584
peakF0_fixVoicing,3593,4137,Hakuna,26,1,1,0.3795,0.9799,0.6229
peakF0_fixVoicing,3599,0071,Potter,109,0,1,0.9039,2.0074,0.6780
peakF0_fixVoicing,3599,0388,Potter,109,0,1,0.9836,1.6573,0.7797
peakF0_fixVoicing,3599,0986,StarWars,109,0,1,0.9939,2.4670,0.4714
peakF0_fixVoicing,3599,1078,StarWars,109,0,1,1.0532,2.3854,0.4474
peakF0_fixVoicing,3599,3457,Hakuna,109,1,1,0.8528,0.6368,0.9712
peakF0_fixVoicing,3599,3837,Hakuna,109,1,1,0.8814,0.7708,0.9493
peakF0_fixVoicing,3601,0350,Potter,72,0,1,0.6000,1.5115,0.7385
peakF0_fixVoicing,3601,0506,Potter,72,0,1,0.5732,1.5558,0.7601
peakF0_fixVoicing,3601,1215,StarWars,72,0,1,0.8659,1.7055,0.7752
peakF0_fixVoicing,3601,1478,StarWars,72,0,1,1.0878,2.6581,0.4544
peakF0_fixVoicing,3601,3666,Hakuna,72,1,1,0.8780,0.5817,0.9552
peakF0_fixVoicing,3601,4069,Hakuna,72,1,1,0.8268,0.6546,0.9418
peakF0_fixVoicing,3602,0424,Potter,38,0,1,1.0803,1.5806,0.4567
peakF0_fixVoicing,3602,0829,Potter,38,0,1,1.0393,1.6209,0.4733
peakF0_fixVoicing,3602,1149,StarWars,38,0,1,0.9230,1.4741,0.6457
peakF0_fixVoicing,3602,1273,StarWars,38,0,1,0.9262,1.5698,0.5237
peakF0_fixVoicing,3602,3506,Hakuna,38,1,1,0.8000,0.5695,0.8966
peakF0_fixVoicing,3602,3732,Hakuna,38,1,1,0.8967,0.7208,0.8330
peakF0_fixVoicing,3611,0136,Potter,144,0,1,0.7758,1.3223,0.4968
peakF0_fixVoicing,3611,0330,Potter,144,0,1,0.6997,1.2857,0.4184
peakF0_fixVoicing,3611,1216,StarWars,144,0,1,0.5598,1.0914,0.3053
peakF0_fixVoicing,3611,1421,StarWars,144,0,1,0.6155,1.0990,0.5322
peakF0_fixVoicing,3611,3420,Hakuna,144,1,1,0.5516,0.8701,0.7662
peakF0_fixVoicing,3611,3673,Hakuna,144,1,1,0.5788,1.0283,0.3679
peakF0_fixVoicing,3616,0538,Potter,16,0,1,0.3890,1.8896,0.2994
peakF0_fixVoicing,3616,0797,Potter,16,0,1,0.4440,1.8705,0.1687
peakF0_fixVoicing,3616,1261,StarWars,16,0,1,0.3259,1.9926,0.2951
peakF0_fixVoicing,3616,1522,StarWars,16,0,1,0.2220,1.4045,0.5168
peakF0_fixVoicing,3616,3846,Hakuna,16,1,1,1.0855,1.1841,0.4756
peakF0_fixVoicing,3616,4150,Hakuna,16,1,1,1.0672,1.1930,0.4930
peakF0_fixVoicing,3621,0373,Potter,122,0,1,0.8030,1.5824,0.5769
peakF0_fixVoicing,3621,0547,Potter,122,0,1,0.7398,2.1166,0.2696
peakF0_fixVoicing,3621,1408,StarWars,122,0,1,0.6541,1.6590,0.4943
peakF0_fixVoicing,3621,1495,StarWars,122,0,1,0.6376,1.6739,0.3949
peakF0_fixVoicing,3621,3595,Hakuna,122,1,1,0.7459,0.7574,0.9108
peakF0_fixVoicing,3621,3655,Hakuna,122,1,1,0.7414,1.3095,0.7332
peakF0_fixVoicing,3622,0076,Potter,30,0,1,0.6716,2.1345,0.4760
peakF0_fixVoicing,3622,0151,Potter,30,0,1,0.8010,1.8242,0.6726
peakF0_fixVoicing,3622,1101,StarWars,30,0,1,0.9088,2.0546,0.6784
peakF0_fixVoicing,3622,1369,StarWars,30,0,1,0.7678,1.7597,0.6282
peakF0_fixVoicing,3622,3443,Hakuna,30,1,1,0.6716,1.2384,0.8521
peakF0_fixVoicing,3622,3694,Hakuna,30,1,1,0.3715,1.7838,0.5556
peakF0_fixVoicing,3624,0437,Potter,40,0,1,0.9269,1.5189,0.7676
peakF0_fixVoicing,3624,0502,Potter,40,0,1,0.7530,2.1613,0.5125
peakF0_fixVoicing,3624,0892,StarWars,40,0,1,0.6937,2.7444,0.2020
peakF0_fixVoicing,3624,1600,StarWars,40,0,1,0.7154,2.3473,0.4174
peakF0_fixVoicing,3624,3966,Hakuna,40,1,1,0.8300,0.6732,0.9673
peakF0_fixVoicing,3624,4094,Hakuna,40,1,1,0.7549,0.6521,0.9601
peakF0_fixVoicing,3626,1030,StarWars,212,0,1,0.4953,2.2376,0.3827
peakF0_fixVoicing,3626,1646,StarWars,212,0,1,0.6774,2.1939,0.4150
peakF0_fixVoicing,3626,3761,Hakuna,212,1,1,0.5009,2.0844,0.6868
peakF0_fixVoicing,3626,3907,Hakuna,212,1,1,0.6110,2.1962,0.6289
peakF0_fixVoicing,3630,0350,Potter,72,0,1,0.6044,1.6272,0.7230
peakF0_fixVoicing,3630,0506,Potter,72,0,1,0.5774,1.6340,0.7634
peakF0_fixVoicing,3630,1215,StarWars,72,0,1,0.8722,1.7818,0.7840
peakF0_fixVoicing,3630,1478,StarWars,72,0,1,1.0958,2.6497,0.4568
peakF0_fixVoicing,3630,3666,Hakuna,72,1,1,0.8845,0.5242,0.9642
peakF0_fixVoicing,3630,4069,Hakuna,72,1,1,0.8329,0.5959,0.9586
peakF0_fixVoicing,3632,0438,Potter,192,0,1,0.6976,1.0453,0.6667
peakF0_fixVoicing,3632,0783,Potter,192,0,1,0.7216,1.0344,0.6533
peakF0_fixVoicing,3632,0909,StarWars,192,0,1,0.7710,1.1013,0.6602
peakF0_fixVoicing,3632,1642,StarWars,192,0,1,0.6826,1.1681,0.6517
peakF0_fixVoicing,3632,3741,Hakuna,192,1,1,0.8114,0.9162,0.7763
peakF0_fixVoicing,3632,4148,Hakuna,192,1,1,0.7710,0.8594,0.8265
peakF0_fixVoicing,3633,1235,StarWars,178,0,1,0.7257,1.4184,0.4899
peakF0_fixVoicing,3633,1585,StarWars,178,0,1,0.6181,1.3114,0.4429
peakF0_fixVoicing,3633,3403,Hakuna,178,1,1,0.4896,1.3238,0.3489
peakF0_fixVoicing,3633,3665,Hakuna,178,1,1,0.5278,1.5539,0.2167
peakF0_fixVoicing,3636,0075,Potter,55,0,1,0.7678,1.8485,0.3468
peakF0_fixVoicing,3636,0785,Potter,55,0,1,0.7349,1.6230,0.5718
peakF0_fixVoicing,3636,1160,StarWars,55,0,1,0.6508,1.3675,0.7473
peakF0_fixVoicing,3636,1648,StarWars,55,0,1,0.9177,1.3089,0.7100
peakF0_fixVoicing,3636,3887,Hakuna,55,1,1,0.8757,1.3603,0.7923
peakF0_fixVoicing,3636,4060,Hakuna,55,1,1,0.7843,1.0678,0.8715
peakF0_fixVoicing,3637,0196,Potter,232,0,1,0.6076,1.4525,0.6210
peakF0_fixVoicing,3637,0603,Potter,232,0,1,0.6878,1.3330,0.7690
peakF0_fixVoicing,3637,0917,StarWars,232,0,1,0.8544,2.0578,0.4039
peakF0_fixVoicing,3637,1278,StarWars,232,0,1,0.7089,2.0332,0.1344
peakF0_fixVoicing,3637,3541,Hakuna,232,1,1,0.3186,1.6135,0.6523
peakF0_fixVoicing,3637,4111,Hakuna,232,1,1,0.4177,2.1621,0.2367
peakF0_fixVoicing,3644,0531,Potter,105,0,1,1.0542,1.7331,0.7826
peakF0_fixVoicing,3644,0583,Potter,105,0,1,1.0619,1.7764,0.7779
peakF0_fixVoicing,3644,1579,StarWars,105,0,1,0.9691,2.0647,0.7673
peakF0_fixVoicing,3644,3587,Hakuna,105,1,1,0.9091,0.5952,0.9377
peakF0_fixVoicing,3644,3906,Hakuna,105,1,1,0.9536,0.3657,0.9852
peakF0_fixVoicing,3646,0384,Potter,228,0,1,0.5985,1.2497,0.6841
peakF0_fixVoicing,3650,0090,Potter,24,0,1,0.8082,1.4503,0.7376
peakF0_fixVoicing,3650,0320,Potter,24,0,1,0.7673,1.3899,0.7375
peakF0_fixVoicing,3650,1045,StarWars,24,0,1,0.8686,1.7638,0.6499
peakF0_fixVoicing,3650,1325,StarWars,24,0,1,0.9485,1.7362,0.6240
peakF0_fixVoicing,3650,3814,Hakuna,24,1,1,0.7975,0.5960,0.9567
peakF0_fixVoicing,3650,4118,Hakuna,24,1,1,0.7851,0.6870,0.9427
peakF0_fixVoicing,3652,0131,Potter,53,0,1,1.2675,1.8725,0.3791
peakF0_fixVoicing,3652,0689,Potter,53,0,1,1.2119,1.8202,0.4064
peakF0_fixVoicing,3652,1269,StarWars,53,0,1,0.6914,2.0731,0.0709
peakF0_fixVoicing,3652,1596,StarWars,53,0,1,0.7243,2.2389,-0.0985
peakF0_fixVoicing,3652,3585,Hakuna,53,1,1,0.7016,0.3779,0.9756
peakF0_fixVoicing,3652,3856,Hakuna,53,1,1,0.7263,0.4184,0.9684
peakF0_fixVoicing,3653,0489,Potter,87,0,1,0.8576,1.8136,0.1909
peakF0_fixVoicing,3653,0684,Potter,87,0,1,0.7547,1.7088,0.1757
peakF0_fixVoicing,3653,1090,StarWars,87,0,1,0.7421,1.5022,0.5180
peakF0_fixVoicing,3653,1460,StarWars,87,0,1,0.7310,1.0731,0.7410
peakF0_fixVoicing,3653,3341,Hakuna,87,1,1,0.7041,1.0375,0.8070
peakF0_fixVoicing,3653,3728,Hakuna,87,1,1,0.7595,1.1358,0.7366
peakF0_fixVoicing,3656,0352,Potter,220,0,1,0.7058,1.7804,0.3280
peakF0_fixVoicing,3656,0755,Potter,220,0,1,0.3559,1.2672,0.5213
peakF0_fixVoicing,3656,1052,StarWars,220,0,1,0.3280,1.3566,0.3504
peakF0_fixVoicing,3656,1207,StarWars,220,0,1,0.6640,1.4075,0.3229
peakF0_fixVoicing,3656,3568,Hakuna,220,1,1,0.5924,1.2232,0.4636
peakF0_fixVoicing,3656,3759,Hakuna,220,1,1,0.1630,1.2245,0.5628
peakF0_fixVoicing,3657,0041,Potter,151,0,1,0.9756,1.1613,0.7652
peakF0_fixVoicing,3657,0778,Potter,151,0,1,1.0556,1.2102,0.7618
peakF0_fixVoicing,3657,1060,StarWars,151,0,1,1.1800,2.0711,0.3953
peakF0_fixVoicing,3657,1252,StarWars,151,0,1,1.1400,2.0412,0.4762
peakF0_fixVoicing,3657,3523,Hakuna,151,1,1,0.7956,0.5712,0.9421
peakF0_fixVoicing,3657,3573,Hakuna,151,1,1,0.9467,0.5007,0.9473
peakF0_fixVoicing,3658,0254,Potter,129,0,1,1.1423,1.6065,0.6873
peakF0_fixVoicing,3658,0554,Potter,129,0,1,1.0722,1.6047,0.7035
peakF0_fixVoicing,3658,1014,StarWars,129,0,1,0.5499,1.6817,0.6759
peakF0_fixVoicing,3658,1167,StarWars,129,0,1,0.5605,1.4597,0.7787
peakF0_fixVoicing,3658,3576,Hakuna,129,1,1,0.7749,0.9793,0.8913
peakF0_fixVoicing,3658,3651,Hakuna,129,1,1,0.7452,1.1241,0.8451
peakF0_fixVoicing,3659,0181,Potter,13,0,1,1.0090,1.5178,0.7427
peakF0_fixVoicing,3659,0299,Potter,13,0,1,0.8804,1.7009,0.7386
peakF0_fixVoicing,3659,1619,StarWars,13,0,1,0.8217,1.0978,0.7007
peakF0_fixVoicing,3659,3353,Hakuna,13,1,1,0.9142,0.6989,0.8163
peakF0_fixVoicing,3659,4020,Hakuna,13,1,1,0.8465,0.7735,0.7603
peakF0_fixVoicing,3660,0673,Potter,89,0,1,0.4487,1.7322,0.2689
peakF0_fixVoicing,3660,3769,Hakuna,89,1,1,0.1983,1.5323,0.3484
peakF0_fixVoicing,3660,4107,Hakuna,89,1,1,0.4118,1.3446,0.6594
peakF0_fixVoicing,3663,0125,Potter,205,0,1,0.7233,1.8818,0.6386
peakF0_fixVoicing,3663,0359,Potter,205,0,1,0.8239,1.5928,0.7869
peakF0_fixVoicing,3663,0966,StarWars,205,0,1,0.7966,2.0038,0.5537
peakF0_fixVoicing,3663,1480,StarWars,205,0,1,0.8532,1.9610,0.4572
peakF0_fixVoicing,3663,3529,Hakuna,205,1,1,0.5870,1.7917,0.5636
peakF0_fixVoicing,3663,3581,Hakuna,205,1,1,0.7002,1.5695,0.6858
peakF0_fixVoicing,3669,0361,Potter,46,0,1,0.8720,1.4495,0.7938
peakF0_fixVoicing,3669,0632,Potter,46,0,1,0.7924,1.3980,0.8041
peakF0_fixVoicing,3669,0841,StarWars,46,0,1,0.8754,1.9832,0.6620
peakF0_fixVoicing,3669,1237,StarWars,46,0,1,0.8651,1.9706,0.6788
peakF0_fixVoicing,3669,3661,Hakuna,46,1,1,0.8564,0.4006,0.9787
peakF0_fixVoicing,3669,4156,Hakuna,46,1,1,0.9308,0.3881,0.9800
peakF0_fixVoicing,3674,0181,Potter,13,0,1,0.9846,1.5493,0.7002
peakF0_fixVoicing,3674,0299,Potter,13,0,1,0.8590,1.8041,0.5563
peakF0_fixVoicing,3674,1619,StarWars,13,0,1,0.8018,1.0549,0.7294
peakF0_fixVoicing,3674,3353,Hakuna,13,1,1,0.8921,0.5761,0.8754
peakF0_fixVoicing,3674,4020,Hakuna,13,1,1,0.8260,0.7008,0.8289
peakF0_fixVoicing,3677,0311,Potter,218,0,1,0.7404,2.3412,0.5638
peakF0_fixVoicing,3677,0518,Potter,218,0,1,0.7303,2.1398,0.6041
peakF0_fixVoicing,3677,0994,StarWars,218,0,1,0.8476,2.7824,0.1641
peakF0_fixVoicing,3677,1220,StarWars,218,0,1,0.7889,3.3071,0.0880
peakF0_fixVoicing,3677,3475,Hakuna,218,1,1,0.8995,0.6635,0.9643
peakF0_fixVoicing,3677,3521,Hakuna,218,1,1,0.9179,0.8726,0.8549
peakF0_fixVoicing,3681,0397,Potter,20,0,1,0.7617,1.7837,0.7186
peakF0_fixVoicing,3681,0513,Potter,20,0,1,0.7130,2.1717,0.6502
peakF0_fixVoicing,3681,1297,StarWars,20,0,1,0.7617,2.0789,0.4870
peakF0_fixVoicing,3681,1582,StarWars,20,0,1,0.7076,1.6184,0.7023
peakF0_fixVoicing,3681,3642,Hakuna,20,1,1,0.7563,0.7488,0.9261
peakF0_fixVoicing,3681,3992,Hakuna,20,1,1,0.6949,0.8518,0.9043
peakF0_fixVoicing,3684,0073,Potter,189,0,1,0.9078,2.0811,0.4499
peakF0_fixVoicing,3684,0298,Potter,189,0,1,1.0089,1.8065,0.5617
peakF0_fixVoicing,3684,1251,StarWars,189,0,1,0.9309,1.5987,0.4970
peakF0_fixVoicing,3684,1497,StarWars,189,0,1,0.9610,1.6240,0.4616
peakF0_fixVoicing,3684,3342,Hakuna,189,1,1,0.9255,0.9538,0.8362
peakF0_fixVoicing,3685,0055,Potter,200,0,1,1.0323,2.2565,0.3847
peakF0_fixVoicing,3685,0417,Potter,200,0,1,1.0040,2.5895,0.3879
peakF0_fixVoicing,3685,1015,StarWars,200,0,1,1.0545,2.0706,0.5079
peakF0_fixVoicing,3685,1626,StarWars,200,0,1,1.0182,2.2366,0.4702
peakF0_fixVoicing,3685,3586,Hakuna,200,1,1,0.8303,1.1044,0.4663
peakF0_fixVoicing,3685,3862,Hakuna,200,1,1,0.8626,1.1673,0.5545
peakF0_fixVoicing,3698,0140,Potter,175,0,1,0.6119,3.2015,0.3046
peakF0_fixVoicing,3698,0758,Potter,175,0,1,0.8252,3.5740,-0.2159
peakF0_fixVoicing,3698,1428,StarWars,175,0,1,0.8042,3.1076,0.2644
peakF0_fixVoicing,3698,1599,StarWars,175,0,1,0.7063,2.9279,0.3504
peakF0_fixVoicing,3698,3425,Hakuna,175,1,1,0.8007,2.1072,0.5877
peakF0_fixVoicing,3698,3997,Hakuna,175,1,1,0.9161,2.1896,0.5552
peakF0_fixVoicing,3703,0370,Potter,153,0,1,0.6868,1.4066,0.6093
peakF0_fixVoicing,3703,0710,Potter,153,0,1,0.7374,1.5299,0.5502
peakF0_fixVoicing,3703,0882,StarWars,153,0,1,0.7149,1.3205,0.6831
peakF0_fixVoicing,3703,1138,StarWars,153,0,1,0.6096,1.3797,0.5544
peakF0_fixVoicing,3703,3534,Hakuna,153,1,1,0.8371,1.5280,0.5605
peakF0_fixVoicing,3703,3689,Hakuna,153,1,1,0.7584,1.4559,0.6874
peakF0_fixVoicing,3713,0435,Potter,185,0,1,0.5812,1.4385,0.7337
peakF0_fixVoicing,3713,0666,Potter,185,0,1,0.7347,1.1982,0.8343
peakF0_fixVoicing,3713,1173,StarWars,185,0,1,0.7225,1.9393,0.2558
peakF0_fixVoicing,3713,1575,StarWars,185,0,1,0.3316,1.6720,0.5589
peakF0_fixVoicing,3713,3561,Hakuna,185,1,1,0.7243,1.0910,0.8878
peakF0_fixVoicing,3713,3613,Hakuna,185,1,1,0.7452,0.9877,0.8806
peakF0_fixVoicing,3714,0068,Potter,134,0,1,0.6003,1.7817,0.5144
peakF0_fixVoicing,3714,0695,Potter,134,0,1,0.3656,1.6444,0.5127
peakF0_fixVoicing,3714,1461,StarWars,134,0,1,0.2738,1.7860,0.6047
peakF0_fixVoicing,3714,1589,StarWars,134,0,1,0.3929,1.8365,0.4806
peakF0_fixVoicing,3714,3780,Hakuna,134,1,1,0.3503,1.7202,0.5860
peakF0_fixVoicing,3714,3912,Hakuna,134,1,1,0.3316,1.7571,0.6216
peakF0_fixVoicing,3721,0361,Potter,46,0,1,0.8735,1.3385,0.8194
peakF0_fixVoicing,3721,0632,Potter,46,0,1,0.7938,1.3724,0.8144
peakF0_fixVoicing,3721,0841,StarWars,46,0,1,0.8769,1.9291,0.6621
peakF0_fixVoicing,3721,1237,StarWars,46,0,1,0.8666,1.9526,0.6432
peakF0_fixVoicing,3721,3661,Hakuna,46,1,1,0.8579,0.4020,0.9809
peakF0_fixVoicing,3721,4156,Hakuna,46,1,1,0.9324,0.3591,0.9849
peakF0_fixVoicing,3726,0243,Potter,139,0,1,0.8958,1.2903,0.6829
peakF0_fixVoicing,3726,0824,Potter,139,0,1,0.8598,1.2249,0.7123
peakF0_fixVoicing,3726,0999,StarWars,139,0,1,0.7727,1.0220,0.8356
peakF0_fixVoicing,3726,1240,StarWars,139,0,1,0.6970,1.6023,0.5357
peakF0_fixVoicing,3726,3969,Hakuna,139,1,1,0.7424,0.6272,0.9155
peakF0_fixVoicing,3726,4035,Hakuna,139,1,1,0.8617,0.8543,0.8398
peakF0_fixVoicing,3727,0102,Potter,191,0,1,0.7566,1.2341,0.6006
peakF0_fixVoicing,3727,0426,Potter,191,0,1,0.7853,1.2165,0.4971
peakF0_fixVoicing,3727,0993,StarWars,191,0,1,0.8712,1.3213,0.6170
peakF0_fixVoicing,3727,1506,StarWars,191,0,1,0.9059,1.3379,0.5123
peakF0_fixVoicing,3727,3928,Hakuna,191,1,1,0.8691,0.9860,0.8120
peakF0_fixVoicing,3727,3984,Hakuna,191,1,1,0.7035,1.0395,0.7301
peakF0_fixVoicing,3730,0328,Potter,106,0,1,0.5408,1.5519,0.5839
peakF0_fixVoicing,3730,0777,Potter,106,0,1,0.5556,1.3853,0.5178
peakF0_fixVoicing,3730,1062,StarWars,106,0,1,0.1912,1.5423,0.4091
peakF0_fixVoicing,3730,3427,Hakuna,106,1,1,0.2484,1.3497,0.5269
peakF0_fixVoicing,3730,4075,Hakuna,106,1,1,0.1618,1.4621,0.4172
peakF0_fixVoicing,3735,0504,Potter,90,0,1,0.5299,1.7017,0.6728
peakF0_fixVoicing,3735,0597,Potter,90,0,1,0.5032,1.6759,0.6165
peakF0_fixVoicing,3735,0886,StarWars,90,0,1,0.5448,1.5417,0.6026
peakF0_fixVoicing,3735,1075,StarWars,90,0,1,0.5714,1.4285,0.5982
peakF0_fixVoicing,3735,3378,Hakuna,90,1,1,0.5107,1.5874,0.5757
peakF0_fixVoicing,3735,3455,Hakuna,90,1,1,0.6119,1.9155,0.2646
peakF0_fixVoicing,3739,0019,Potter,73,0,1,0.7835,3.3266,0.2989
peakF0_fixVoicing,3739,0078,Potter,73,0,1,0.8712,2.1413,0.4372
peakF0_fixVoicing,3739,1154,StarWars,73,0,1,0.6941,2.7250,0.2253
peakF0_fixVoicing,3739,1359,StarWars,73,0,1,0.8032,2.2023,0.4039
peakF0_fixVoicing,3739,3857,Hakuna,73,1,1,0.6923,2.5471,0.1141
peakF0_fixVoicing,3740,0477,Potter,17,0,1,1.2532,1.5240,0.6752
peakF0_fixVoicing,3740,0558,Potter,17,0,1,1.1472,1.4229,0.6759
peakF0_fixVoicing,3740,1609,StarWars,17,0,1,1.2186,1.6783,0.6570
peakF0_fixVoicing,3740,1620,StarWars,17,0,1,1.1667,1.5422,0.7637
peakF0_fixVoicing,3740,3878,Hakuna,17,1,1,1.1818,1.2382,0.7667
peakF0_fixVoicing,3740,4105,Hakuna,17,1,1,1.2554,1.1724,0.7489
peakF0_fixVoicing,3742,0072,Potter,15,0,1,1.0870,2.0517,0.6382
peakF0_fixVoicing,3742,0465,Potter,15,0,1,0.8745,2.3966,0.4977
peakF0_fixVoicing,3742,0877,StarWars,15,0,1,1.0304,1.6698,0.6826
peakF0_fixVoicing,3742,1633,StarWars,15,0,1,0.9413,2.6844,0.2883
peakF0_fixVoicing,3742,3996,Hakuna,15,1,1,0.9211,0.8744,0.9172
peakF0_fixVoicing,3742,4096,Hakuna,15,1,1,1.0121,0.6785,0.9407
peakF0_fixVoicing,3743,0186,Potter,22,0,1,0.9204,1.7151,0.5736
peakF0_fixVoicing,3743,1340,StarWars,22,0,1,0.7694,1.5026,0.6194
peakF0_fixVoicing,3743,3791,Hakuna,22,1,1,1.0061,1.6769,0.5554
peakF0_fixVoicing,3743,3834,Hakuna,22,1,1,1.0694,1.6338,0.5673
peakF0_fixVoicing,3751,0187,Potter,214,0,1,0.5914,2.4917,0.5296
peakF0_fixVoicing,3751,0702,Potter,214,0,1,0.8881,2.6368,0.5231
peakF0_fixVoicing,3751,1540,StarWars,214,0,1,0.7201,2.7031,0.4306
peakF0_fixVoicing,3751,1618,StarWars,214,0,1,0.6903,2.8488,0.3211
peakF0_fixVoicing,3751,3941,Hakuna,214,1,1,0.6175,2.2956,0.5606
peakF0_fixVoicing,3751,4078,Hakuna,214,1,1,0.5709,2.4356,0.6505
peakF0_fixVoicing,3756,0425,Potter,5,0,1,0.7532,1.9265,0.5888
peakF0_fixVoicing,3756,0528,Potter,5,0,1,0.9026,2.0463,0.6972
peakF0_fixVoicing,3756,0854,StarWars,5,0,1,0.8994,1.4890,0.7916
peakF0_fixVoicing,3756,1444,StarWars,5,0,1,0.8961,1.7894,0.6676
peakF0_fixVoicing,3756,3606,Hakuna,5,1,1,0.8019,0.8984,0.9152
peakF0_fixVoicing,3756,3860,Hakuna,5,1,1,0.8263,0.6653,0.9378
peakF0_fixVoicing,3757,0680,Potter,123,0,1,0.9545,2.2472,0.3387
peakF0_fixVoicing,3757,0835,Potter,123,0,1,0.8881,2.1672,0.4439
peakF0_fixVoicing,3757,1196,StarWars,123,0,1,0.9668,2.0454,0.6935
peakF0_fixVoicing,3757,1378,StarWars,123,0,1,0.9808,2.0127,0.7333
peakF0_fixVoicing,3757,3567,Hakuna,123,1,1,0.8427,0.3766,0.9774
peakF0_fixVoicing,3757,3787,Hakuna,123,1,1,0.8654,0.3590,0.9812
peakF0_fixVoicing,3758,0198,Potter,67,0,1,0.9976,2.1505,0.4967
peakF0_fixVoicing,3758,0369,Potter,67,0,1,0.8473,1.7822,0.6494
peakF0_fixVoicing,3758,1298,StarWars,67,0,1,1.0334,2.0695,0.5263
peakF0_fixVoicing,3758,1326,StarWars,67,0,1,0.7255,2.3453,0.4833
peakF0_fixVoicing,3758,3412,Hakuna,67,1,1,0.6492,1.0510,0.8710
peakF0_fixVoicing,3758,3447,Hakuna,67,1,1,0.8449,0.6951,0.9520
peakF0_fixVoicing,3770,0326,Potter,23,0,1,0.8226,1.7369,0.6190
peakF0_fixVoicing,3770,0682,Potter,23,0,1,0.5809,1.3265,0.7684
peakF0_fixVoicing,3770,1335,StarWars,23,0,1,0.7641,1.7537,0.4531
peakF0_fixVoicing,3770,1448,StarWars,23,0,1,0.6901,1.9307,0.5178
peakF0_fixVoicing,3771,0087,Potter,43,0,1,0.8858,2.4143,0.2181
peakF0_fixVoicing,3771,0212,Potter,43,0,1,0.9843,2.8910,0.0899
peakF0_fixVoicing,3771,1314,StarWars,43,0,1,0.9429,2.7486,0.3258
peakF0_fixVoicing,3771,1490,StarWars,43,0,1,0.9213,2.3850,0.4272
peakF0_fixVoicing,3771,3478,Hakuna,43,1,1,0.8780,0.9316,0.8280
peakF0_fixVoicing,3771,3825,Hakuna,43,1,1,0.8996,0.8481,0.8247
peakF0_fixVoicing,3775,0377,Potter,234,0,1,0.8333,1.4120,0.7762
peakF0_fixVoicing,3775,0406,Potter,234,0,1,0.9129,1.6391,0.7249
peakF0_fixVoicing,3775,0906,StarWars,234,0,1,0.9508,1.7996,0.6834
peakF0_fixVoicing,3775,3484,Hakuna,234,1,1,0.8523,0.9452,0.9023
peakF0_fixVoicing,3775,3975,Hakuna,234,1,1,0.8523,1.0936,0.8792
peakF0_fixVoicing,3777,3474,Hakuna,82,1,1,0.7257,1.6686,0.4621
peakF0_fixVoicing,3777,3654,Hakuna,82,1,1,0.6226,1.6867,0.5245
peakF0_fixVoicing,3779,0243,Potter,139,0,1,1.0511,1.5730,0.3854
peakF0_fixVoicing,3779,0824,Potter,139,0,1,1.0089,1.5241,0.4288
peakF0_fixVoicing,3779,0999,StarWars,139,0,1,0.9067,1.3105,0.7316
peakF0_fixVoicing,3779,1240,StarWars,139,0,1,0.8178,1.1833,0.7961
peakF0_fixVoicing,3779,3969,Hakuna,139,1,1,0.8711,0.6879,0.8352
peakF0_fixVoicing,3779,4035,Hakuna,139,1,1,1.0111,0.7941,0.7895
peakF0_fixVoicing,3788,0136,Potter,144,0,1,0.9581,1.0319,0.6796
peakF0_fixVoicing,3788,0330,Potter,144,0,1,0.8641,1.4794,0.3164
peakF0_fixVoicing,3788,1216,StarWars,144,0,1,0.6913,1.2262,0.2117
peakF0_fixVoicing,3788,1421,StarWars,144,0,1,0.7601,1.0206,0.5754
peakF0_fixVoicing,3788,3420,Hakuna,144,1,1,0.6812,1.0935,0.4550
peakF0_fixVoicing,3788,3673,Hakuna,144,1,1,0.7148,1.2408,0.2058
peakF0_fixVoicing,3792,0408,Potter,145,0,1,0.8938,3.5532,0.1873
peakF0_fixVoicing,3792,0619,Potter,145,0,1,0.9264,1.5638,0.8286
peakF0_fixVoicing,3792,0956,StarWars,145,0,1,0.9658,2.0637,0.5890
peakF0_fixVoicing,3792,1199,StarWars,145,0,1,0.9726,2.3234,0.6167
peakF0_fixVoicing,3792,3712,Hakuna,145,1,1,1.0051,0.6039,0.9548
peakF0_fixVoicing,3792,3793,Hakuna,145,1,1,1.0497,0.5166,0.9653
peakF0_fixVoicing,3797,0288,Potter,208,0,1,1.0732,0.7670,0.6576
peakF0_fixVoicing,3797,0482,Potter,208,0,1,1.1136,0.8068,0.5440
peakF0_fixVoicing,3797,1399,StarWars,208,0,1,0.8662,0.6474,0.7130
peakF0_fixVoicing,3797,1436,StarWars,208,0,1,0.5556,0.7222,0.6615
peakF0_fixVoicing,3797,3519,Hakuna,208,1,1,0.8662,0.8070,0.5249
peakF0_fixVoicing,3798,0019,Potter,73,0,1,0.8639,2.3579,0.3574
peakF0_fixVoicing,3798,0078,Potter,73,0,1,0.9606,1.5335,0.4008
peakF0_fixVoicing,3798,1154,StarWars,73,0,1,0.7653,1.7717,0.2213
peakF0_fixVoicing,3798,1359,StarWars,73,0,1,0.8856,1.4118,0.3907
peakF0_fixVoicing,3798,3857,Hakuna,73,1,1,0.7633,1.4432,0.2909
peakF0_fixVoicing,3800,0081,Potter,49,0,1,0.8255,1.6848,0.7865
peakF0_fixVoicing,3800,0423,Potter,49,0,1,0.8431,1.7809,0.7136
peakF0_fixVoicing,3800,1420,StarWars,49,0,1,0.8882,1.3310,0.8408
peakF0_fixVoicing,3800,3920,Hakuna,49,1,1,0.8588,0.7328,0.9273
peakF0_fixVoicing,3800,4138,Hakuna,49,1,1,0.8667,0.6786,0.9544
peakF0_fixVoicing,3801,0616,Potter,71,0,1,0.4482,2.2583,0.5713
peakF0_fixVoicing,3801,0753,Potter,71,0,1,0.4009,2.2399,0.6563
peakF0_fixVoicing,3809,0010,Potter,92,0,1,0.8211,1.6009,0.7240
peakF0_fixVoicing,3809,0232,Potter,92,0,1,0.7252,2.0663,0.5749
peakF0_fixVoicing,3809,0893,StarWars,92,0,1,0.5951,1.5232,0.7939
peakF0_fixVoicing,3809,0922,StarWars,92,0,1,0.5740,1.4697,0.8208
peakF0_fixVoicing,3809,4028,Hakuna,92,1,1,0.8585,0.7467,0.9375
peakF0_fixVoicing,3811,0504,Potter,90,0,1,0.8003,1.4283,0.7292
peakF0_fixVoicing,3811,0597,Potter,90,0,1,0.7601,1.5691,0.6836
peakF0_fixVoicing,3811,0886,StarWars,90,0,1,0.8229,1.8006,0.5768
peakF0_fixVoicing,3811,1075,StarWars,90,0,1,0.8631,1.9501,0.4510
peakF0_fixVoicing,3811,3378,Hakuna,90,1,1,0.7713,1.2839,0.7446
peakF0_fixVoicing,3811,3455,Hakuna,90,1,1,0.9243,2.3117,0.0486
peakF0_fixVoicing,3815,0111,Potter,100,0,1,1.0206,0.6968,0.6037
peakF0_fixVoicing,3815,0407,Potter,100,0,1,0.8058,0.7665,0.4087
peakF0_fixVoicing,3815,1040,StarWars,100,0,1,0.9914,0.6122,0.6305
peakF0_fixVoicing,3815,1344,StarWars,100,0,1,0.7113,0.5993,0.6150
peakF0_fixVoicing,3815,3448,Hakuna,100,1,1,0.7234,0.7991,0.3413
peakF0_fixVoicing,3815,4068,Hakuna,100,1,1,0.7784,0.6193,0.6045
peakF0_fixVoicing,3816,0087,Potter,43,0,1,0.9146,2.2213,0.2756
peakF0_fixVoicing,3816,0212,Potter,43,0,1,1.0163,2.6347,0.2207
peakF0_fixVoicing,3816,1314,StarWars,43,0,1,0.9736,2.2048,0.4646
peakF0_fixVoicing,3816,1490,StarWars,43,0,1,0.9512,1.9466,0.4937
peakF0_fixVoicing,3816,3478,Hakuna,43,1,1,0.9065,0.6776,0.8422
peakF0_fixVoicing,3816,3825,Hakuna,43,1,1,0.9289,0.7287,0.8088
peakF0_fixVoicing,3818,0194,Potter,169,0,1,0.7535,2.4598,0.2611
peakF0_fixVoicing,3818,0728,Potter,169,0,1,0.8609,2.5536,0.2872
peakF0_fixVoicing,3818,0848,StarWars,169,0,1,0.7359,2.2387,0.4739
peakF0_fixVoicing,3818,1533,StarWars,169,0,1,0.7095,2.2282,0.4591
peakF0_fixVoicing,3818,3399,Hakuna,169,1,1,0.7394,2.3480,0.1577
peakF0_fixVoicing,3818,3605,Hakuna,169,1,1,0.6232,2.1778,0.5152
peakF0_fixVoicing,3819,0140,Potter,175,0,1,0.6876,3.7547,0.3485
peakF0_fixVoicing,3819,0758,Potter,175,0,1,0.9273,3.3585,0.4216
peakF0_fixVoicing,3819,1428,StarWars,175,0,1,0.9037,3.7669,0.5523
peakF0_fixVoicing,3819,1599,StarWars,175,0,1,0.7937,3.0544,0.4922
peakF0_fixVoicing,3819,3425,Hakuna,175,1,1,0.8998,3.1435,0.3167
peakF0_fixVoicing,3819,3997,Hakuna,175,1,1,1.0295,3.2105,0.2348
peakF0_fixVoicing,3821,0756,Potter,219,0,1,0.6125,1.3753,0.4929
peakF0_fixVoicing,3821,0805,Potter,219,0,1,0.8291,1.4605,0.3668
peakF0_fixVoicing,3821,0988,StarWars,219,0,1,0.7578,1.4449,0.4815
peakF0_fixVoicing,3821,1255,StarWars,219,0,1,0.8120,1.4389,0.5811
peakF0_fixVoicing,3821,3355,Hakuna,219,1,1,0.7151,1.6253,0.1019
peakF0_fixVoicing,3821,3635,Hakuna,219,1,1,0.7379,1.5528,0.2374
peakF0_fixVoicing,3826,0762,Potter,69,0,1,0.6351,1.2693,0.4077
peakF0_fixVoicing,3826,0771,Potter,69,0,1,1.0808,1.1491,0.4852
peakF0_fixVoicing,3826,1323,StarWars,69,0,1,0.3233,1.3211,0.1669
peakF0_fixVoicing,3826,1496,StarWars,69,0,1,0.4758,1.2810,0.1551
peakF0_fixVoicing,3826,3410,Hakuna,69,1,1,0.5012,2.1004,0.1747
peakF0_fixVoicing,3831,0286,Potter,47,0,1,0.8242,1.2603,0.7345
peakF0_fixVoicing,3831,0443,Potter,47,0,1,0.7585,1.1946,0.7182
peakF0_fixVoicing,3831,1258,StarWars,47,0,1,0.9195,1.5353,0.5515
peakF0_fixVoicing,3831,1300,StarWars,47,0,1,0.7288,1.4919,0.6206
peakF0_fixVoicing,3831,4019,Hakuna,47,1,1,0.9767,1.0992,0.7034
peakF0_fixVoicing,3831,4044,Hakuna,47,1,1,1.0360,1.0497,0.7639
peakF0_fixVoicing,3832,0427,Potter,174,0,1,0.6984,1.4258,0.7842
peakF0_fixVoicing,3832,0577,Potter,174,0,1,0.6250,1.8969,0.5533
peakF0_fixVoicing,3832,1403,StarWars,174,0,1,0.5312,2.1156,0.5339
peakF0_fixVoicing,3832,1502,StarWars,174,0,1,0.6531,1.9707,0.6687
peakF0_fixVoicing,3832,3424,Hakuna,174,1,1,0.6547,1.1664,0.8896
peakF0_fixVoicing,3832,4122,Hakuna,174,1,1,0.4578,1.1052,0.8886
peakF0_fixVoicing,3833,0044,Potter,217,0,1,0.9665,1.1963,0.8067
peakF0_fixVoicing,3833,0101,Potter,217,0,1,1.0168,1.2106,0.8277
peakF0_fixVoicing,3833,1131,StarWars,217,0,1,0.8124,1.7119,0.5836
peakF0_fixVoicing,3833,1509,StarWars,217,0,1,0.8442,1.8719,0.5430
peakF0_fixVoicing,3833,3701,Hakuna,217,1,1,1.0017,0.7998,0.9152
peakF0_fixVoicing,3833,4103,Hakuna,217,1,1,0.9983,0.8474,0.8829
peakF0_fixVoicing,3850,0649,Potter,197,0,1,0.9312,1.6466,0.6898
peakF0_fixVoicing,3850,0688,Potter,197,0,1,1.0059,1.6646,0.7405
peakF0_fixVoicing,3850,0921,StarWars,197,0,1,0.9293,1.7495,0.6853
peakF0_fixVoicing,3850,1322,StarWars,197,0,1,0.7642,1.9140,0.7319
peakF0_fixVoicing,3850,3512,Hakuna,197,1,1,0.8055,0.4529,0.9695
peakF0_fixVoicing,3850,3851,Hakuna,197,1,1,0.7760,0.3806,0.9841
peakF0_fixVoicing,3853,0145,Potter,141,0,1,0.6438,1.9659,0.3981
peakF0_fixVoicing,3853,0620,Potter,141,0,1,0.3981,1.4556,0.4899
peakF0_fixVoicing,3853,1636,StarWars,141,0,1,0.7124,1.4290,0.4946
peakF0_fixVoicing,3853,1652,StarWars,141,0,1,0.6057,1.5876,0.2902
peakF0_fixVoicing,3853,3687,Hakuna,141,1,1,0.6781,1.2173,0.6970
peakF0_fixVoicing,3853,3895,Hakuna,141,1,1,0.6819,1.1006,0.7634
peakF0_fixVoicing,3859,3474,Hakuna,82,1,1,0.7346,1.4825,0.4587
peakF0_fixVoicing,3859,3654,Hakuna,82,1,1,0.6302,1.4467,0.4910
peakF0_fixVoicing,3864,0553,Potter,0,0,1,0.9057,1.9372,0.5075
peakF0_fixVoicing,3864,0590,Potter,0,0,1,0.8911,1.5659,0.5789
peakF0_fixVoicing,3864,0915,StarWars,0,0,1,0.6589,1.3437,0.6620
peakF0_fixVoicing,3864,1140,StarWars,0,0,1,0.6473,1.5667,0.5880
peakF0_fixVoicing,3864,3690,Hakuna,0,1,1,0.8679,1.3332,0.5233
peakF0_fixVoicing,3864,4031,Hakuna,0,1,1,0.8607,1.2602,0.6163
peakF0_fixVoicing,3871,0186,Potter,22,0,1,0.7709,1.3909,0.6802
peakF0_fixVoicing,3871,1340,StarWars,22,0,1,0.6444,1.2892,0.7278
peakF0_fixVoicing,3871,3791,Hakuna,22,1,1,0.8427,1.7075,0.3371
peakF0_fixVoicing,3871,3834,Hakuna,22,1,1,0.8957,1.6453,0.3857
peakF0_fixVoicing,3873,0229,Potter,230,0,1,0.7416,1.7582,0.7531
peakF0_fixVoicing,3873,0245,Potter,230,0,1,0.4815,1.9831,0.7787
peakF0_fixVoicing,3873,1010,StarWars,230,0,1,0.6007,1.7388,0.7133
peakF0_fixVoicing,3873,1048,StarWars,230,0,1,0.4916,2.2583,0.5465
peakF0_fixVoicing,3873,3670,Hakuna,230,1,1,0.5285,0.6706,0.9726
peakF0_fixVoicing,3873,3702,Hakuna,230,1,1,0.5688,0.9274,0.8871
peakF0_fixVoicing,3874,0081,Potter,49,0,1,0.7184,1.8032,0.6709
peakF0_fixVoicing,3874,0423,Potter,49,0,1,0.7338,1.9240,0.5685
peakF0_fixVoicing,3874,1420,StarWars,49,0,1,0.7730,1.2986,0.7585
peakF0_fixVoicing,3874,3920,Hakuna,49,1,1,0.7474,0.8956,0.9163
peakF0_fixVoicing,3874,4138,Hakuna,49,1,1,0.7543,1.0581,0.9023
peakF0_fixVoicing,3875,0787,Potter,136,0,1,0.8608,1.7814,0.3368
peakF0_fixVoicing,3875,0837,Potter,136,0,1,0.8986,1.7103,0.4543
peakF0_fixVoicing,3875,1004,StarWars,136,0,1,0.8763,1.4540,0.6223
peakF0_fixVoicing,3875,1042,StarWars,136,0,1,0.7526,1.6757,0.4707
peakF0_fixVoicing,3875,3526,Hakuna,136,1,1,1.0670,1.6561,0.4378
peakF0_fixVoicing,3875,3943,Hakuna,136,1,1,1.0670,1.6476,0.4452
peakF0_fixVoicing,3888,0508,Potter,120,0,1,1.4136,2.1995,0.4073
peakF0_fixVoicing,3888,0559,Potter,120,0,1,1.2886,2.3549,0.3940
peakF0_fixVoicing,3888,0878,StarWars,120,0,1,0.9636,2.2372,0.0600
peakF0_fixVoicing,3888,1449,StarWars,120,0,1,0.9932,2.1011,0.0922
peakF0_fixVoicing,3888,3503,Hakuna,120,1,1,0.7568,0.4990,0.9700
peakF0_fixVoicing,3888,3549,Hakuna,120,1,1,0.9000,0.4564,0.9717
peakF0_fixVoicing,3892,0008,Potter,213,0,1,1.0442,1.6964,0.8362
peakF0_fixVoicing,3892,0681,Potter,213,0,1,1.0542,1.6485,0.8621
peakF0_fixVoicing,3892,0860,StarWars,213,0,1,1.1948,2.1891,0.7118
peakF0_fixVoicing,3892,1317,StarWars,213,0,1,1.0763,2.2732,0.7519
peakF0_fixVoicing,3892,3548,Hakuna,213,1,1,0.7309,0.5252,0.9691
peakF0_fixVoicing,3892,3720,Hakuna,213,1,1,0.8112,0.4769,0.9643
peakF0_fixVoicing,3900,0787,Potter,136,0,1,0.8608,1.7812,0.3368
peakF0_fixVoicing,3900,0837,Potter,136,0,1,0.8986,1.7102,0.4543
peakF0_fixVoicing,3900,1004,StarWars,136,0,1,0.8763,1.4538,0.6223
peakF0_fixVoicing,3900,1042,StarWars,136,0,1,0.7526,1.6755,0.4706
peakF0_fixVoicing,3900,3526,Hakuna,136,1,1,1.0670,1.6564,0.4368
peakF0_fixVoicing,3900,3943,Hakuna,136,1,1,1.0670,1.6474,0.4452
peakF0_fixVoicing,3902,0538,Potter,16,0,1,0.4381,1.6044,0.4127
peakF0_fixVoicing,3902,0797,Potter,16,0,1,0.5000,1.2648,0.4774
peakF0_fixVoicing,3902,1261,StarWars,16,0,1,0.3670,1.3294,0.5460
peakF0_fixVoicing,3902,1522,StarWars,16,0,1,0.2500,1.1059,0.5290
peakF0_fixVoicing,3902,3846,Hakuna,16,1,1,1.2225,0.6141,0.6917
peakF0_fixVoicing,3902,4150,Hakuna,16,1,1,1.2018,0.6066,0.8097
peakF0_fixVoicing,3903,0673,Potter,89,0,1,0.4293,1.3798,0.4444
peakF0_fixVoicing,3903,3769,Hakuna,89,1,1,0.1897,1.2697,0.4763
peakF0_fixVoicing,3903,4107,Hakuna,89,1,1,0.3939,1.2261,0.5183
peakF0_fixVoicing,3908,0418,Potter,111,0,1,0.1835,1.3404,0.6626
peakF0_fixVoicing,3908,0454,Potter,111,0,1,0.1544,1.7477,0.2255
peakF0_fixVoicing,3908,1398,StarWars,111,0,1,0.1595,1.5717,0.4263
peakF0_fixVoicing,3908,4091,Hakuna,111,1,1,0.1612,1.2561,0.6938
peakF0_fixVoicing,3908,4133,Hakuna,111,1,1,0.1338,1.5490,0.4944
peakF0_fixVoicing,3911,0038,Potter,207,0,1,0.7421,2.7117,0.5210
peakF0_fixVoicing,3911,0672,Potter,207,0,1,0.8879,1.8343,0.7484
peakF0_fixVoicing,3911,1206,StarWars,207,0,1,0.4617,1.5557,0.7233
peakF0_fixVoicing,3911,1265,StarWars,207,0,1,0.4710,1.8100,0.5516
peakF0_fixVoicing,3911,3446,Hakuna,207,1,1,0.8579,0.3502,0.9876
peakF0_fixVoicing,3911,3565,Hakuna,207,1,1,0.8093,0.4190,0.9815
peakF0_fixVoicing,3922,0997,StarWars,135,0,1,0.7941,1.9196,0.5072
peakF0_fixVoicing,3922,1195,StarWars,135,0,1,0.9136,2.0822,0.4953
peakF0_fixVoicing,3922,3501,Hakuna,135,1,1,0.5055,1.1517,0.4503
peakF0_fixVoicing,3922,4070,Hakuna,135,1,1,0.5790,1.2166,0.2931
peakF0_fixVoicing,3925,0004,Potter,160,0,1,0.7290,2.4777,0.5180
peakF0_fixVoicing,3925,0517,Potter,160,0,1,0.6667,2.6107,0.3773
peakF0_fixVoicing,3925,1390,StarWars,160,0,1,0.7953,2.5717,0.4374
peakF0_fixVoicing,3925,1641,StarWars,160,0,1,0.8830,2.6136,0.3632
peakF0_fixVoicing,3925,3786,Hakuna,160,1,1,0.8441,2.2873,0.5965
peakF0_fixVoicing,3925,3994,Hakuna,160,1,1,0.8713,2.1436,0.5798
peakF0_fixVoicing,3927,0371,Potter,52,0,1,0.8483,2.3316,0.3976
peakF0_fixVoicing,3927,0529,Potter,52,0,1,0.5829,2.1848,0.4527
peakF0_fixVoicing,3927,0954,StarWars,52,0,1,0.5924,1.4589,0.7282
peakF0_fixVoicing,3927,1331,StarWars,52,0,1,0.5284,1.6361,0.6584
peakF0_fixVoicing,3927,3349,Hakuna,52,1,1,0.6635,0.6315,0.9289
peakF0_fixVoicing,3927,3915,Hakuna,52,1,1,0.8199,0.9524,0.8752
peakF0_fixVoicing,3932,0356,Potter,196,0,1,0.7043,1.6903,0.6241
peakF0_fixVoicing,3932,0686,Potter,196,0,1,0.6149,2.0021,0.4960
peakF0_fixVoicing,3932,0907,StarWars,196,0,1,0.6213,2.3984,0.5424
peakF0_fixVoicing,3932,1611,StarWars,196,0,1,0.5574,1.5595,0.7226
peakF0_fixVoicing,3932,4056,Hakuna,196,1,1,0.7085,0.4381,0.9809
peakF0_fixVoicing,3932,4082,Hakuna,196,1,1,0.7532,0.4572,0.9778
peakF0_fixVoicing,3933,0613,Potter,137,0,1,0.4889,1.4892,0.7924
peakF0_fixVoicing,3933,0788,Potter,137,0,1,0.5480,2.1665,0.5982
peakF0_fixVoicing,3933,1163,StarWars,137,0,1,0.6033,1.7981,0.7084
peakF0_fixVoicing,3933,1177,StarWars,137,0,1,0.6402,1.7406,0.7458
peakF0_fixVoicing,3933,3594,Hakuna,137,1,1,0.8063,1.1340,0.9059
peakF0_fixVoicing,3933,3944,Hakuna,137,1,1,0.7749,0.9351,0.9397
peakF0_fixVoicing,3937,0437,Potter,40,0,1,0.8866,1.6733,0.7497
peakF0_fixVoicing,3937,0502,Potter,40,0,1,0.7202,2.3332,0.4562
peakF0_fixVoicing,3937,0892,StarWars,40,0,1,0.6635,2.7278,0.2758
peakF0_fixVoicing,3937,1600,StarWars,40,0,1,0.6843,2.4470,0.4208
peakF0_fixVoicing,3937,3966,Hakuna,40,1,1,0.7940,0.7341,0.9412
peakF0_fixVoicing,3937,4094,Hakuna,40,1,1,0.7221,0.6533,0.9568
peakF0_fixVoicing,3939,0279,Potter,223,0,1,0.9967,1.6548,0.5255
peakF0_fixVoicing,3939,0609,Potter,223,0,1,1.0167,1.8251,0.4306
peakF0_fixVoicing,3939,1197,StarWars,223,0,1,0.7629,1.8311,0.5467
peakF0_fixVoicing,3939,3343,Hakuna,223,1,1,0.7629,0.7483,0.9329
peakF0_fixVoicing,3939,4153,Hakuna,223,1,1,0.7579,0.8659,0.8970
peakF0_fixVoicing,3948,0072,Potter,15,0,1,1.1450,2.0691,0.6373
peakF0_fixVoicing,3948,0465,Potter,15,0,1,0.9211,2.2885,0.5301
peakF0_fixVoicing,3948,0877,StarWars,15,0,1,1.0853,1.7233,0.6883
peakF0_fixVoicing,3948,1633,StarWars,15,0,1,0.9915,2.9827,0.1552
peakF0_fixVoicing,3948,3996,Hakuna,15,1,1,0.9701,0.7746,0.9295
peakF0_fixVoicing,3948,4096,Hakuna,15,1,1,1.0661,0.5773,0.9600
peakF0_fixVoicing,3951,0076,Potter,30,0,1,0.7031,2.1817,0.3643
peakF0_fixVoicing,3951,0151,Potter,30,0,1,0.8385,1.8114,0.5960
peakF0_fixVoicing,3951,1101,StarWars,30,0,1,0.9514,2.1521,0.6131
peakF0_fixVoicing,3951,1369,StarWars,30,0,1,0.8038,1.8021,0.5731
peakF0_fixVoicing,3951,3443,Hakuna,30,1,1,0.7031,1.1646,0.8267
peakF0_fixVoicing,3951,3694,Hakuna,30,1,1,0.3889,1.6239,0.6155
peakF0_fixVoicing,3955,3332,Hakuna,6,1,1,1.0169,0.7868,0.9179
peakF0_fixVoicing,3957,0699,Potter,154,0,1,0.5556,1.9388,0.5667
peakF0_fixVoicing,3957,0790,Potter,154,0,1,0.6000,2.0635,0.4699
peakF0_fixVoicing,3957,1008,StarWars,154,0,1,0.4205,1.9254,0.4428
peakF0_fixVoicing,3957,1152,StarWars,154,0,1,0.5624,1.7041,0.5200
peakF0_fixVoicing,3957,3375,Hakuna,154,1,1,0.5521,1.3114,0.7542
peakF0_fixVoicing,3957,3762,Hakuna,154,1,1,0.7043,2.0056,0.4591
peakF0_fixVoicing,3963,0633,Potter,231,0,1,0.4914,1.1890,0.7994
peakF0_fixVoicing,3963,0803,Potter,231,0,1,0.5975,1.1481,0.8530
peakF0_fixVoicing,3963,1150,StarWars,231,0,1,0.6022,1.5779,0.6707
peakF0_fixVoicing,3963,1605,StarWars,231,0,1,0.6147,1.4046,0.7810
peakF0_fixVoicing,3963,4049,Hakuna,231,1,1,0.7956,0.2865,0.9885
peakF0_fixVoicing,3963,4112,Hakuna,231,1,1,0.7956,0.3063,0.9873
peakF0_fixVoicing,3964,0623,Potter,10,0,1,1.0958,1.0787,0.8138
peakF0_fixVoicing,3964,0830,Potter,10,0,1,0.9933,1.3095,0.7217
peakF0_fixVoicing,3964,1176,StarWars,10,0,1,1.1381,1.2294,0.6300
peakF0_fixVoicing,3964,1321,StarWars,10,0,1,1.0735,1.2712,0.6774
peakF0_fixVoicing,3964,3717,Hakuna,10,1,1,1.0267,1.4613,0.6874
peakF0_fixVoicing,3964,3891,Hakuna,10,1,1,0.8396,1.4706,0.5032
peakF0_fixVoicing,3968,0713,Potter,3,0,1,0.3770,1.6694,0.6219
peakF0_fixVoicing,3968,0748,Potter,3,0,1,0.3866,1.7104,0.5733
peakF0_fixVoicing,3968,0974,StarWars,3,0,1,0.5304,1.5608,0.6881
peakF0_fixVoicing,3970,0075,Potter,55,0,1,0.7407,1.6104,0.5925
peakF0_fixVoicing,3970,0785,Potter,55,0,1,0.7090,1.5343,0.6495
peakF0_fixVoicing,3970,1160,StarWars,55,0,1,0.6279,1.3673,0.7289
peakF0_fixVoicing,3970,1648,StarWars,55,0,1,0.8854,1.2527,0.7636
peakF0_fixVoicing,3970,3887,Hakuna,55,1,1,0.8448,1.1448,0.8327
peakF0_fixVoicing,3970,4060,Hakuna,55,1,1,0.7566,0.9993,0.8898
peakF0_fixVoicing,3979,0155,Potter,76,0,1,0.8482,1.7975,0.5831
peakF0_fixVoicing,3979,0584,Potter,76,0,1,0.8748,1.6402,0.5846
peakF0_fixVoicing,3979,1381,StarWars,76,0,1,0.8075,2.3370,0.2646
peakF0_fixVoicing,3979,1445,StarWars,76,0,1,0.8654,2.2103,0.3812
peakF0_fixVoicing,3979,3706,Hakuna,76,1,1,0.8106,0.9302,0.9119
peakF0_fixVoicing,3979,4048,Hakuna,76,1,1,0.8232,0.7131,0.9422
peakF0_fixVoicing,3981,0394,Potter,215,0,1,1.1020,3.4477,0.2014
peakF0_fixVoicing,3981,0975,StarWars,215,0,1,0.8865,2.2518,0.6385
peakF0_fixVoicing,3981,1423,StarWars,215,0,1,0.9622,2.0492,0.7452
peakF0_fixVoicing,3981,3480,Hakuna,215,1,1,0.8273,0.4382,0.9571
peakF0_fixVoicing,3981,3858,Hakuna,215,1,1,0.8503,0.4319,0.9682
peakF0_fixVoicing,3982,0124,Potter,58,0,1,0.9110,1.6447,0.5658
peakF0_fixVoicing,3982,0467,Potter,58,0,1,0.9691,1.6533,0.4125
peakF0_fixVoicing,3982,1178,StarWars,58,0,1,0.8008,1.8264,0.3267
peakF0_fixVoicing,3982,1262,StarWars,58,0,1,0.9265,1.4588,0.3744
peakF0_fixVoicing,3982,3556,Hakuna,58,1,1,0.7311,0.9674,0.6148
peakF0_fixVoicing,3982,3668,Hakuna,58,1,1,0.6963,0.7853,0.7607
peakF0_fixVoicing,3995,0663,Potter,149,0,1,0.5864,1.4131,0.0640
peakF0_fixVoicing,3995,1284,StarWars,149,0,1,0.5417,1.3410,0.3754
peakF0_fixVoicing,3995,3578,Hakuna,149,1,1,0.2022,1.8537,0.1425
peakF0_fixVoicing,3999,0055,Potter,200,0,1,1.0713,2.2539,0.4042
peakF0_fixVoicing,3999,0417,Potter,200,0,1,1.0419,2.4089,0.4343
peakF0_fixVoicing,3999,1015,StarWars,200,0,1,1.0943,1.8524,0.5478
peakF0_fixVoicing,3999,1626,StarWars,200,0,1,1.0566,2.1118,0.5409
peakF0_fixVoicing,3999,3586,Hakuna,200,1,1,0.8616,0.7466,0.7568
peakF0_fixVoicing,3999,3862,Hakuna,200,1,1,0.8952,0.5577,0.8965
peakF0_fixVoicing,4006,0004,Potter,160,0,1,0.6328,1.9942,0.4918
peakF0_fixVoicing,4006,0517,Potter,160,0,1,0.5787,1.9658,0.4844
peakF0_fixVoicing,4006,1390,StarWars,160,0,1,0.6904,2.1965,0.3169
peakF0_fixVoicing,4006,1641,StarWars,160,0,1,0.7665,1.9637,0.5365
peakF0_fixVoicing,4006,3786,Hakuna,160,1,1,0.7327,1.6229,0.6909
peakF0_fixVoicing,4006,3994,Hakuna,160,1,1,0.7563,1.6346,0.6988
peakF0_fixVoicing,4009,0542,Potter,44,0,1,0.9159,1.5948,0.7691
peakF0_fixVoicing,4009,0739,Potter,44,0,1,0.9288,1.4937,0.8080
peakF0_fixVoicing,4009,0964,StarWars,44,0,1,1.1117,2.0608,0.7614
peakF0_fixVoicing,4009,1026,StarWars,44,0,1,1.0227,2.5568,0.6692
peakF0_fixVoicing,4009,3485,Hakuna,44,1,1,0.9903,0.4241,0.9560
peakF0_fixVoicing,4009,3781,Hakuna,44,1,1,0.8916,0.4349,0.9771
peakF0_fixVoicing,4011,0145,Potter,141,0,1,0.6318,1.9574,0.4198
peakF0_fixVoicing,4011,0620,Potter,141,0,1,0.3907,1.4822,0.5520
peakF0_fixVoicing,4011,1636,StarWars,141,0,1,0.6991,1.4845,0.4389
peakF0_fixVoicing,4011,1652,StarWars,141,0,1,0.5944,1.7089,0.1804
peakF0_fixVoicing,4011,3687,Hakuna,141,1,1,0.6654,1.3859,0.5880
peakF0_fixVoicing,4011,3895,Hakuna,141,1,1,0.6692,1.1639,0.7719
peakF0_fixVoicing,4017,0057,Potter,60,0,1,0.7764,1.5608,0.5686
peakF0_fixVoicing,4017,0348,Potter,60,0,1,0.7559,1.3526,0.7646
peakF0_fixVoicing,4018,0427,Potter,174,0,1,0.5936,2.0990,0.4916
peakF0_fixVoicing,4018,0577,Potter,174,0,1,0.5312,1.7671,0.6534
peakF0_fixVoicing,4018,1403,StarWars,174,0,1,0.4515,2.3583,0.3810
peakF0_fixVoicing,4018,1502,StarWars,174,0,1,0.5551,2.6708,0.2187
peakF0_fixVoicing,4018,3424,Hakuna,174,1,1,0.5564,2.5655,0.2476
peakF0_fixVoicing,4018,4122,Hakuna,174,1,1,0.3891,2.2891,0.3121
peakF0_fixVoicing,4021,0229,Potter,230,0,1,0.7106,1.6542,0.7601
peakF0_fixVoicing,4021,0245,Potter,230,0,1,0.4614,1.8011,0.7799
peakF0_fixVoicing,4021,1010,StarWars,230,0,1,0.5756,1.6084,0.7278
peakF0_fixVoicing,4021,1048,StarWars,230,0,1,0.4711,1.9710,0.5738
peakF0_fixVoicing,4021,3670,Hakuna,230,1,1,0.5064,0.6510,0.9634
peakF0_fixVoicing,4021,3702,Hakuna,230,1,1,0.5450,0.9496,0.8601
peakF0_fixVoicing,4025,0273,Potter,172,0,1,0.6140,1.6418,0.5444
peakF0_fixVoicing,4025,1064,StarWars,172,0,1,0.5847,1.5811,0.6417
peakF0_fixVoicing,4025,1498,StarWars,172,0,1,0.5993,1.2293,0.7898
peakF0_fixVoicing,4025,3708,Hakuna,172,1,1,0.5114,2.4440,0.1719
peakF0_fixVoicing,4025,4145,Hakuna,172,1,1,0.6270,1.5798,0.6767
peakF0_fixVoicing,4029,0418,Potter,111,0,1,0.1838,1.4879,0.7655
peakF0_fixVoicing,4029,0454,Potter,111,0,1,0.1546,2.0184,0.2649
peakF0_fixVoicing,4029,1398,StarWars,111,0,1,0.1598,1.9234,0.4217
peakF0_fixVoicing,4029,4091,Hakuna,111,1,1,0.1615,1.5358,0.7440
peakF0_fixVoicing,4029,4133,Hakuna,111,1,1,0.1340,1.9162,0.3852
peakF0_fixVoicing,4032,0060,Potter,222,0,1,1.0719,1.9709,0.7171
peakF0_fixVoicing,4032,0107,Potter,222,0,1,1.2278,2.0822,0.6741
peakF0_fixVoicing,4032,0959,StarWars,222,0,1,0.6930,1.8623,0.7530
peakF0_fixVoicing,4032,1276,StarWars,222,0,1,0.7266,2.2760,0.5647
peakF0_fixVoicing,4032,4064,Hakuna,222,1,1,1.1175,1.4072,0.8687
peakF0_fixVoicing,4032,4085,Hakuna,222,1,1,1.1894,1.7348,0.7722
peakF0_fixVoicing,4033,0202,Potter,164,0,1,0.8913,1.4923,0.7002
peakF0_fixVoicing,4033,0293,Potter,164,0,1,0.8895,1.5351,0.7377
peakF0_fixVoicing,4033,1315,StarWars,164,0,1,0.8424,2.0678,0.4668
peakF0_fixVoicing,4033,1482,StarWars,164,0,1,0.7808,1.7940,0.5827
peakF0_fixVoicing,4033,3746,Hakuna,164,1,1,0.7518,1.4997,0.7849
peakF0_fixVoicing,4033,3954,Hakuna,164,1,1,0.7699,1.3913,0.7431
peakF0_fixVoicing,4034,0616,Potter,71,0,1,0.4605,2.1475,0.6210
peakF0_fixVoicing,4034,0753,Potter,71,0,1,0.4119,2.0956,0.7121
peakF0_fixVoicing,4038,0282,Potter,8,0,1,0.9819,2.3009,0.5663
peakF0_fixVoicing,4038,0802,Potter,8,0,1,0.8982,2.2472,0.5132
peakF0_fixVoicing,4038,1046,StarWars,8,0,1,0.7159,2.4942,0.4510
peakF0_fixVoicing,4038,1667,StarWars,8,0,1,0.7406,2.4642,0.5270
peakF0_fixVoicing,4038,3795,Hakuna,8,1,1,0.6880,2.2761,0.6720
peakF0_fixVoicing,4038,4144,Hakuna,8,1,1,0.6749,2.3848,0.5994
peakF0_fixVoicing,4040,0328,Potter,106,0,1,0.5417,1.2457,0.7146
peakF0_fixVoicing,4040,0777,Potter,106,0,1,0.5565,1.2852,0.6592
peakF0_fixVoicing,4040,1062,StarWars,106,0,1,0.1915,1.4858,0.5090
peakF0_fixVoicing,4040,3427,Hakuna,106,1,1,0.2488,1.4145,0.5119
peakF0_fixVoicing,4040,4075,Hakuna,106,1,1,0.1620,1.3094,0.6388
peakF0_fixVoicing,4043,0292,Potter,166,0,1,0.9042,2.0714,0.4043
peakF0_fixVoicing,4043,0353,Potter,166,0,1,1.3533,2.0464,0.3874
peakF0_fixVoicing,4043,1233,StarWars,166,0,1,0.8543,1.9731,0.3690
peakF0_fixVoicing,4043,1267,StarWars,166,0,1,0.8144,1.7585,0.3350
peakF0_fixVoicing,4045,0377,Potter,234,0,1,0.7599,1.3584,0.7314
peakF0_fixVoicing,4045,0406,Potter,234,0,1,0.8325,1.6898,0.6682
peakF0_fixVoicing,4045,0906,StarWars,234,0,1,0.8670,1.6577,0.6788
peakF0_fixVoicing,4045,3484,Hakuna,234,1,1,0.7772,0.9066,0.8814
peakF0_fixVoicing,4045,3975,Hakuna,234,1,1,0.7772,1.1711,0.7957
peakF0_fixVoicing,4046,0445,Potter,146,0,1,0.5775,1.8969,0.5558
peakF0_fixVoicing,4046,0622,Potter,146,0,1,0.6679,1.8015,0.6131
peakF0_fixVoicing,4046,0925,StarWars,146,0,1,0.3948,1.6791,0.6950
peakF0_fixVoicing,4046,1456,StarWars,146,0,1,0.4004,1.6927,0.6775
peakF0_fixVoicing,4046,3439,Hakuna,146,1,1,0.4539,1.4701,0.7880
peakF0_fixVoicing,4046,3822,Hakuna,146,1,1,0.3653,1.9493,0.5250
peakF0_fixVoicing,4057,0489,Potter,87,0,1,0.8871,1.7444,0.2751
peakF0_fixVoicing,4057,0684,Potter,87,0,1,0.7807,1.6493,0.3933
peakF0_fixVoicing,4057,1090,StarWars,87,0,1,0.7676,1.3795,0.4971
peakF0_fixVoicing,4057,1460,StarWars,87,0,1,0.7561,1.0405,0.7475
peakF0_fixVoicing,4057,3341,Hakuna,87,1,1,0.7283,0.9086,0.7480
peakF0_fixVoicing,4057,3728,Hakuna,87,1,1,0.7856,1.0726,0.7031
peakF0_fixVoicing,4059,0397,Potter,20,0,1,0.8390,1.8282,0.6881
peakF0_fixVoicing,4059,0513,Potter,20,0,1,0.7853,2.1157,0.5703
peakF0_fixVoicing,4059,1297,StarWars,20,0,1,0.8390,1.9999,0.4762
peakF0_fixVoicing,4059,1582,StarWars,20,0,1,0.7793,1.4464,0.7242
peakF0_fixVoicing,4059,3642,Hakuna,20,1,1,0.8330,0.7391,0.9216
peakF0_fixVoicing,4059,3992,Hakuna,20,1,1,0.7654,0.6511,0.9392
peakF0_fixVoicing,4062,0386,Potter,184,0,1,0.9715,2.1815,0.4952
peakF0_fixVoicing,4062,0729,Potter,184,0,1,0.8492,2.4203,0.5801
peakF0_fixVoicing,4062,0887,StarWars,184,0,1,0.5946,1.9265,0.6759
peakF0_fixVoicing,4062,3612,Hakuna,184,1,1,0.8291,0.9896,0.8950
peakF0_fixVoicing,4062,3844,Hakuna,184,1,1,0.8358,1.0456,0.8778
peakF0_fixVoicing,4063,0123,Potter,29,0,1,0.8100,1.7686,0.7562
peakF0_fixVoicing,4063,0631,Potter,29,0,1,0.8529,2.0185,0.5698
peakF0_fixVoicing,4063,1142,StarWars,29,0,1,1.0068,2.1956,0.2801
peakF0_fixVoicing,4063,1493,StarWars,29,0,1,1.0407,1.8046,0.5954
peakF0_fixVoicing,4063,3893,Hakuna,29,1,1,0.8756,1.7759,0.7581
peakF0_fixVoicing,4063,4086,Hakuna,29,1,1,0.9140,1.6208,0.7711
peakF0_fixVoicing,4073,0068,Potter,134,0,1,0.5874,1.7920,0.6452
peakF0_fixVoicing,4073,0695,Potter,134,0,1,0.3577,1.6859,0.5514
peakF0_fixVoicing,4073,1461,StarWars,134,0,1,0.2679,1.8125,0.5319
peakF0_fixVoicing,4073,1589,StarWars,134,0,1,0.3844,1.8717,0.4261
peakF0_fixVoicing,4073,3780,Hakuna,134,1,1,0.3428,1.7420,0.5364
peakF0_fixVoicing,4073,3912,Hakuna,134,1,1,0.3245,1.7865,0.5350
peakF0_fixVoicing,4074,0295,Potter,83,0,1,0.8285,2.8683,0.3640
peakF0_fixVoicing,4074,0648,Potter,83,0,1,1.0542,3.1344,0.3361
peakF0_fixVoicing,4074,1165,StarWars,83,0,1,1.0505,3.3214,0.3306
peakF0_fixVoicing,4074,1491,StarWars,83,0,1,0.9025,2.0298,0.6585
peakF0_fixVoicing,4074,3452,Hakuna,83,1,1,0.9585,1.3679,0.8940
peakF0_fixVoicing,4074,4101,Hakuna,83,1,1,0.9224,1.2155,0.9472
peakF0_fixVoicing,4081,0041,Potter,151,0,1,0.8762,1.1832,0.7990
peakF0_fixVoicing,4081,0778,Potter,151,0,1,0.9481,1.1936,0.8039
peakF0_fixVoicing,4081,1060,StarWars,151,0,1,1.0599,2.2883,0.3664
peakF0_fixVoicing,4081,1252,StarWars,151,0,1,1.0240,2.1312,0.4742
peakF0_fixVoicing,4081,3523,Hakuna,151,1,1,0.7146,0.5080,0.9540
peakF0_fixVoicing,4081,3573,Hakuna,151,1,1,0.8503,0.4367,0.9658
peakF0_fixVoicing,4083,0246,Potter,190,0,1,0.7526,1.1790,0.7616
peakF0_fixVoicing,4083,0410,Potter,190,0,1,0.8124,1.0455,0.7418
peakF0_fixVoicing,4083,1077,StarWars,190,0,1,0.8000,1.1681,0.6658
peakF0_fixVoicing,4083,1085,StarWars,190,0,1,0.7835,1.0319,0.8240
peakF0_fixVoicing,4083,3625,Hakuna,190,1,1,0.6845,1.2180,0.7356
peakF0_fixVoicing,4083,3898,Hakuna,190,1,1,0.8103,1.1173,0.8274
peakF0_fixVoicing,4093,0582,Potter,57,0,1,0.5012,0.9317,0.6098
peakF0_fixVoicing,4093,0801,Potter,57,0,1,0.5267,1.0005,0.5179
peakF0_fixVoicing,4093,0985,StarWars,57,0,1,0.4594,1.1522,0.3834
peakF0_fixVoicing,4093,1249,StarWars,57,0,1,0.4803,1.0614,0.3985
peakF0_fixVoicing,4093,3745,Hakuna,57,1,1,0.8121,1.0724,0.0896
peakF0_fixVoicing,4093,3802,Hakuna,57,1,1,0.8329,1.0789,0.3681
peakF0_fixVoicing,4097,0713,Potter,3,0,1,0.3837,1.4959,0.6388
peakF0_fixVoicing,4097,0748,Potter,3,0,1,0.3935,1.6991,0.5297
peakF0_fixVoicing,4097,0974,StarWars,3,0,1,0.5398,1.5293,0.7217
peakF0_fixVoicing,4098,0123,Potter,29,0,1,0.8287,1.8002,0.7386
peakF0_fixVoicing,4098,0631,Potter,29,0,1,0.8727,2.0701,0.5475
peakF0_fixVoicing,4098,1142,StarWars,29,0,1,1.0301,2.0812,0.4048
peakF0_fixVoicing,4098,1493,StarWars,29,0,1,1.0648,1.7158,0.6215
peakF0_fixVoicing,4098,3893,Hakuna,29,1,1,0.8958,1.7461,0.8051
peakF0_fixVoicing,4098,4086,Hakuna,29,1,1,0.9352,1.6490,0.7562
peakF0_fixVoicing,4108,0279,Potter,223,0,1,1.0437,1.4679,0.5373
peakF0_fixVoicing,4108,0609,Potter,223,0,1,1.0647,1.6698,0.4349
peakF0_fixVoicing,4108,1197,StarWars,223,0,1,0.7990,1.7252,0.5723
peakF0_fixVoicing,4108,3343,Hakuna,223,1,1,0.7990,0.5819,0.9393
peakF0_fixVoicing,4108,4153,Hakuna,223,1,1,0.7937,0.6472,0.9048
peakF0_fixVoicing,4109,0461,Potter,198,0,1,0.1650,2.6240,0.2561
peakF0_fixVoicing,4115,0239,Potter,59,0,1,0.5689,1.9770,0.6226
peakF0_fixVoicing,4115,0798,Potter,59,0,1,0.4637,1.9476,0.6161
peakF0_fixVoicing,4115,0923,StarWars,59,0,1,0.3111,2.0693,0.1950
peakF0_fixVoicing,4115,1246,StarWars,59,0,1,0.4430,2.0889,0.3509
peakF0_fixVoicing,4115,3956,Hakuna,59,1,1,0.4148,2.1171,0.2498
peakF0_fixVoicing,4115,4124,Hakuna,59,1,1,0.4430,1.9514,0.5159
peakF0_fixVoicing,4117,0071,Potter,109,0,1,0.9151,1.9952,0.6967
peakF0_fixVoicing,4117,0388,Potter,109,0,1,0.9959,1.4808,0.8080
peakF0_fixVoicing,4117,0986,StarWars,109,0,1,1.0062,2.4876,0.4595
peakF0_fixVoicing,4117,1078,StarWars,109,0,1,1.0663,2.5426,0.4397
peakF0_fixVoicing,4117,3457,Hakuna,109,1,1,0.8634,0.6709,0.9686
peakF0_fixVoicing,4117,3837,Hakuna,109,1,1,0.8923,0.7539,0.9588
peakF0_fixVoicing,4127,0435,Potter,185,0,1,0.5541,1.6082,0.6935
peakF0_fixVoicing,4127,0666,Potter,185,0,1,0.7005,1.2854,0.8300
peakF0_fixVoicing,4127,1173,StarWars,185,0,1,0.6889,1.9763,0.2888
peakF0_fixVoicing,4127,1575,StarWars,185,0,1,0.3161,1.8589,0.4787
peakF0_fixVoicing,4127,3561,Hakuna,185,1,1,0.6905,1.1834,0.8698
peakF0_fixVoicing,4127,3613,Hakuna,185,1,1,0.7105,1.1497,0.8841
peakF0_fixVoicing,4128,0319,Potter,54,0,1,0.9357,1.8186,0.7451
peakF0_fixVoicing,4128,0573,Potter,54,0,1,1.0282,1.7142,0.7988
peakF0_fixVoicing,4128,0885,StarWars,54,0,1,1.0940,1.9335,0.7965
peakF0_fixVoicing,4128,1561,StarWars,54,0,1,1.0533,2.4298,0.6990
peakF0_fixVoicing,4128,3395,Hakuna,54,1,1,0.9498,0.8036,0.9407
peakF0_fixVoicing,4128,3880,Hakuna,54,1,1,0.8918,0.7404,0.9440
peakF0_fixVoicing,4129,0424,Potter,38,0,1,1.1726,1.4304,0.6253
peakF0_fixVoicing,4129,0829,Potter,38,0,1,1.1281,1.5848,0.5330
peakF0_fixVoicing,4129,1149,StarWars,38,0,1,1.0018,1.4218,0.6448
peakF0_fixVoicing,4129,1273,StarWars,38,0,1,1.0053,1.6269,0.6309
peakF0_fixVoicing,4129,3506,Hakuna,38,1,1,0.8683,0.4876,0.9465
peakF0_fixVoicing,4129,3732,Hakuna,38,1,1,0.9733,0.6285,0.8820
peakF0_fixVoicing,4130,0198,Potter,67,0,1,1.1611,1.7688,0.5205
peakF0_fixVoicing,4130,0369,Potter,67,0,1,0.9861,1.7871,0.5452
peakF0_fixVoicing,4130,1298,StarWars,67,0,1,1.2028,2.1736,0.4780
peakF0_fixVoicing,4130,1326,StarWars,67,0,1,0.8444,2.1369,0.4797
peakF0_fixVoicing,4130,3412,Hakuna,67,1,1,0.7556,1.4817,0.7165
peakF0_fixVoicing,4130,3447,Hakuna,67,1,1,0.9833,1.6049,0.7521
peakF0_fixVoicing,4136,0194,Potter,169,0,1,0.6698,2.1987,0.4807
peakF0_fixVoicing,4136,0728,Potter,169,0,1,0.7653,2.2949,0.4692
peakF0_fixVoicing,4136,0848,StarWars,169,0,1,0.6541,2.2723,0.4833
peakF0_fixVoicing,4136,1533,StarWars,169,0,1,0.6307,2.3051,0.5145
peakF0_fixVoicing,4136,3399,Hakuna,169,1,1,0.6573,2.1379,0.2853
peakF0_fixVoicing,4136,3605,Hakuna,169,1,1,0.5540,2.0169,0.6132
peakF0_fixVoicing,4147,0371,Potter,52,0,1,0.8136,2.4604,0.5150
peakF0_fixVoicing,4147,0529,Potter,52,0,1,0.5591,1.9943,0.4102
peakF0_fixVoicing,4147,0954,StarWars,52,0,1,0.5682,1.5605,0.6791
peakF0_fixVoicing,4147,1331,StarWars,52,0,1,0.5068,1.6514,0.6167
peakF0_fixVoicing,4147,3349,Hakuna,52,1,1,0.6364,0.7094,0.8941
peakF0_fixVoicing,4147,3915,Hakuna,52,1,1,0.7864,1.0306,0.8344
peakF0_fixVoicing,4152,0271,Potter,121,0,1,1.0173,1.9739,0.5153
peakF0_fixVoicing,4152,0416,Potter,121,0,1,0.7896,1.7210,0.5920
peakF0_fixVoicing,4152,0852,StarWars,121,0,1,1.0619,1.8257,0.5163
peakF0_fixVoicing,4152,1525,StarWars,121,0,1,0.8713,1.5519,0.5664
peakF0_fixVoicing,4152,3647,Hakuna,121,1,1,0.8020,0.8581,0.8566
peakF0_fixVoicing,4152,4058,Hakuna,121,1,1,0.7921,0.8670,0.8820
peakF0_fixVoicing,4158,0756,Potter,219,0,1,0.4909,1.4382,0.5202
peakF0_fixVoicing,4158,0805,Potter,219,0,1,0.6644,1.4235,0.5869
peakF0_fixVoicing,4158,0988,StarWars,219,0,1,0.6073,1.5814,0.5303
peakF0_fixVoicing,4158,1255,StarWars,219,0,1,0.6507,1.6484,0.5286
peakF0_fixVoicing,4158,3355,Hakuna,219,1,1,0.5731,1.6966,0.4202
peakF0_fixVoicing,4158,3635,Hakuna,219,1,1,0.5913,1.6233,0.4125
fixF0_peakVoicing_tonal_db6,3337,0222,Potter,96,0,1,1.0172,1.7832,0.4864
fixF0_peakVoicing_tonal_db6,3337,0715,Potter,96,0,1,0.9269,1.8946,0.5729
fixF0_peakVoicing_tonal_db6,3337,1027,StarWars,96,0,1,1.1032,2.0506,0.2733
fixF0_peakVoicing_tonal_db6,3337,1402,StarWars,96,0,1,1.1333,2.2888,0.2841
fixF0_peakVoicing_tonal_db6,3337,3406,Hakuna,96,1,1,0.9570,1.6871,0.5646
fixF0_peakVoicing_tonal_db6,3337,3938,Hakuna,96,1,1,0.9677,1.7122,0.5720
fixF0_peakVoicing_tonal_db6,3339,0182,Potter,61,0,1,0.9375,4.1291,0.1026
fixF0_peakVoicing_tonal_db6,3339,0336,Potter,61,0,1,0.7043,2.7177,0.5526
fixF0_peakVoicing_tonal_db6,3339,1236,StarWars,61,0,1,0.4303,3.5276,-0.1175
fixF0_peakVoicing_tonal_db6,3339,1318,StarWars,61,0,1,0.7163,3.8192,-0.1946
fixF0_peakVoicing_tonal_db6,3339,3492,Hakuna,61,1,1,0.4471,2.6417,0.7133
fixF0_peakVoicing_tonal_db6,3339,3524,Hakuna,61,1,1,0.3582,1.7704,0.9100
fixF0_peakVoicing_tonal_db6,3345,0271,Potter,121,0,1,1.0728,1.9303,0.4234
fixF0_peakVoicing_tonal_db6,3345,0416,Potter,121,0,1,0.8738,1.7032,0.5049
fixF0_peakVoicing_tonal_db6,3345,0852,StarWars,121,0,1,1.0850,1.8388,0.4627
fixF0_peakVoicing_tonal_db6,3345,1525,StarWars,121,0,1,1.0364,1.8678,0.2917
fixF0_peakVoicing_tonal_db6,3345,3647,Hakuna,121,1,1,1.0146,0.8078,0.9065
fixF0_peakVoicing_tonal_db6,3345,4058,Hakuna,121,1,1,1.0364,0.7267,0.9097
fixF0_peakVoicing_tonal_db6,3347,0408,Potter,145,0,1,0.9400,3.2616,0.4513
fixF0_peakVoicing_tonal_db6,3347,0619,Potter,145,0,1,1.0047,1.9306,0.7215
fixF0_peakVoicing_tonal_db6,3347,0956,StarWars,145,0,1,1.1359,2.6539,0.4635
fixF0_peakVoicing_tonal_db6,3347,1199,StarWars,145,0,1,1.1485,2.7623,0.4700
fixF0_peakVoicing_tonal_db6,3347,3712,Hakuna,145,1,1,0.9700,0.5051,0.9450
fixF0_peakVoicing_tonal_db6,3347,3793,Hakuna,145,1,1,1.0363,0.5075,0.9774
fixF0_peakVoicing_tonal_db6,3348,0649,Potter,197,0,1,0.9194,1.5661,0.7328
fixF0_peakVoicing_tonal_db6,3348,0688,Potter,197,0,1,1.0295,1.7754,0.7261
fixF0_peakVoicing_tonal_db6,3348,0921,StarWars,197,0,1,0.9764,1.8299,0.6175
fixF0_peakVoicing_tonal_db6,3348,1322,StarWars,197,0,1,0.7603,1.9333,0.7011
fixF0_peakVoicing_tonal_db6,3348,3512,Hakuna,197,1,1,0.8861,0.6172,0.9138
fixF0_peakVoicing_tonal_db6,3348,3851,Hakuna,197,1,1,0.8998,0.5375,0.9734
fixF0_peakVoicing_tonal_db6,3351,0236,Potter,170,0,1,0.8770,1.4277,0.1287
fixF0_peakVoicing_tonal_db6,3351,0668,Potter,170,0,1,1.2923,1.4671,0.4136
fixF0_peakVoicing_tonal_db6,3351,1565,StarWars,170,0,1,1.3179,1.9976,0.3680
fixF0_peakVoicing_tonal_db6,3351,3482,Hakuna,170,1,1,0.7865,1.4705,0.6199
fixF0_peakVoicing_tonal_db6,3351,4088,Hakuna,170,1,1,0.7865,1.9921,0.3498
fixF0_peakVoicing_tonal_db6,3352,0352,Potter,220,0,1,1.0646,2.7891,0.3634
fixF0_peakVoicing_tonal_db6,3352,0755,Potter,220,0,1,1.1409,2.6324,0.4673
fixF0_peakVoicing_tonal_db6,3352,1052,StarWars,220,0,1,0.6321,1.4325,0.4354
fixF0_peakVoicing_tonal_db6,3352,1207,StarWars,220,0,1,1.0352,1.6718,0.1865
fixF0_peakVoicing_tonal_db6,3352,3568,Hakuna,220,1,1,0.7867,1.4894,0.4073
fixF0_peakVoicing_tonal_db6,3352,3759,Hakuna,220,1,1,0.4207,1.6659,0.1759
fixF0_peakVoicing_tonal_db6,3354,0651,Potter,97,0,1,1.1088,1.7394,0.7682
fixF0_peakVoicing_tonal_db6,3354,0706,Potter,97,0,1,1.0544,1.6082,0.7989
fixF0_peakVoicing_tonal_db6,3354,1313,StarWars,97,0,1,0.9643,1.9853,0.6858
fixF0_peakVoicing_tonal_db6,3354,1418,StarWars,97,0,1,0.9456,2.2050,0.6377
fixF0_peakVoicing_tonal_db6,3354,3631,Hakuna,97,1,1,0.9235,0.3587,0.9749
fixF0_peakVoicing_tonal_db6,3354,3919,Hakuna,97,1,1,0.9864,0.6749,0.9313
fixF0_peakVoicing_tonal_db6,3369,0282,Potter,8,0,1,1.0866,2.2900,0.6360
fixF0_peakVoicing_tonal_db6,3369,0802,Potter,8,0,1,0.9406,2.3697,0.4866
fixF0_peakVoicing_tonal_db6,3369,1046,StarWars,8,0,1,0.8302,2.6022,0.2032
fixF0_peakVoicing_tonal_db6,3369,1667,StarWars,8,0,1,0.8472,2.4273,0.5005
fixF0_peakVoicing_tonal_db6,3369,3795,Hakuna,8,1,1,0.7453,2.3244,0.5010
fixF0_peakVoicing_tonal_db6,3369,4144,Hakuna,8,1,1,0.7470,2.2861,0.5962
fixF0_peakVoicing_tonal_db6,3371,0508,Potter,120,0,1,1.4179,1.6182,0.7250
fixF0_peakVoicing_tonal_db6,3371,0559,Potter,120,0,1,1.3603,1.5330,0.7921
fixF0_peakVoicing_tonal_db6,3371,0878,StarWars,120,0,1,1.1578,2.2876,0.5372
fixF0_peakVoicing_tonal_db6,3371,1449,StarWars,120,0,1,1.1706,2.1117,0.5407
fixF0_peakVoicing_tonal_db6,3371,3503,Hakuna,120,1,1,0.8017,1.1905,0.6781
fixF0_peakVoicing_tonal_db6,3371,3549,Hakuna,120,1,1,0.8827,1.4129,0.5151
fixF0_peakVoicing_tonal_db6,3374,0236,Potter,170,0,1,0.6738,1.4626,0.2507
fixF0_peakVoicing_tonal_db6,3374,0668,Potter,170,0,1,0.9929,1.3899,0.5219
fixF0_peakVoicing_tonal_db6,3374,1565,StarWars,170,0,1,1.0125,1.8475,0.3522
fixF0_peakVoicing_tonal_db6,3374,3482,Hakuna,170,1,1,0.6043,1.7901,0.3658
fixF0_peakVoicing_tonal_db6,3374,4088,Hakuna,170,1,1,0.6043,2.3254,0.1327
fixF0_peakVoicing_tonal_db6,3376,0097,Potter,201,0,1,1.0896,0.9891,0.2265
fixF0_peakVoicing_tonal_db6,3376,0396,Potter,201,0,1,1.2572,0.7686,0.5412
fixF0_peakVoicing_tonal_db6,3376,0927,StarWars,201,0,1,1.2225,1.0734,0.2201
fixF0_peakVoicing_tonal_db6,3376,1129,StarWars,201,0,1,1.1908,0.7304,0.6312
fixF0_peakVoicing_tonal_db6,3376,3870,Hakuna,201,1,1,0.8988,0.8920,0.4513
fixF0_peakVoicing_tonal_db6,3376,4154,Hakuna,201,1,1,0.9827,0.8375,0.3673
fixF0_peakVoicing_tonal_db6,3379,1235,StarWars,178,0,1,0.8096,1.4147,0.2391
fixF0_peakVoicing_tonal_db6,3379,1585,StarWars,178,0,1,0.6672,1.0672,0.4618
fixF0_peakVoicing_tonal_db6,3379,3403,Hakuna,178,1,1,0.6021,1.2317,0.3801
fixF0_peakVoicing_tonal_db6,3379,3665,Hakuna,178,1,1,0.6141,1.3414,0.3640
fixF0_peakVoicing_tonal_db6,3381,0202,Potter,164,0,1,0.9818,1.4057,0.8218
fixF0_peakVoicing_tonal_db6,3381,0293,Potter,164,0,1,0.9654,1.3890,0.8393
fixF0_peakVoicing_tonal_db6,3381,1315,StarWars,164,0,1,1.0437,2.3369,0.4275
fixF0_peakVoicing_tonal_db6,3381,1482,StarWars,164,0,1,0.9654,1.6612,0.7266
fixF0_peakVoicing_tonal_db6,3381,3746,Hakuna,164,1,1,0.8251,1.9543,0.7087
fixF0_peakVoicing_tonal_db6,3381,3954,Hakuna,164,1,1,0.8233,1.8199,0.7564
fixF0_peakVoicing_tonal_db6,3383,0060,Potter,222,0,1,1.3155,1.8789,0.7332
fixF0_peakVoicing_tonal_db6,3383,0107,Potter,222,0,1,1.4930,2.1515,0.6624
fixF0_peakVoicing_tonal_db6,3383,0959,StarWars,222,0,1,1.2028,2.0645,0.6821
fixF0_peakVoicing_tonal_db6,3383,1276,StarWars,222,0,1,1.1634,2.1920,0.6374
fixF0_peakVoicing_tonal_db6,3383,4064,Hakuna,222,1,1,1.3606,1.4818,0.7753
fixF0_peakVoicing_tonal_db6,3383,4085,Hakuna,222,1,1,1.3437,0.8973,0.9272
fixF0_peakVoicing_tonal_db6,3388,0246,Potter,190,0,1,0.8807,1.2733,0.7734
fixF0_peakVoicing_tonal_db6,3388,0410,Potter,190,0,1,0.9506,1.2595,0.6012
fixF0_peakVoicing_tonal_db6,3388,1077,StarWars,190,0,1,0.8457,1.3708,0.6934
fixF0_peakVoicing_tonal_db6,3388,1085,StarWars,190,0,1,0.7510,1.1034,0.8349
fixF0_peakVoicing_tonal_db6,3388,3625,Hakuna,190,1,1,0.8436,1.5237,0.6184
fixF0_peakVoicing_tonal_db6,3388,3898,Hakuna,190,1,1,0.9053,1.2357,0.5889
fixF0_peakVoicing_tonal_db6,3389,0189,Potter,203,0,1,0.6056,1.5826,0.5629
fixF0_peakVoicing_tonal_db6,3389,0302,Potter,203,0,1,0.5294,1.5128,0.5539
fixF0_peakVoicing_tonal_db6,3389,0934,StarWars,203,0,1,0.4262,1.4563,0.5748
fixF0_peakVoicing_tonal_db6,3389,1603,StarWars,203,0,1,0.2584,1.6243,0.5433
fixF0_peakVoicing_tonal_db6,3389,3497,Hakuna,203,1,1,0.9142,1.4903,0.4366
fixF0_peakVoicing_tonal_db6,3389,3926,Hakuna,203,1,1,0.9171,1.5521,0.3784
fixF0_peakVoicing_tonal_db6,3391,0124,Potter,58,0,1,1.0802,1.3852,0.7504
fixF0_peakVoicing_tonal_db6,3391,0467,Potter,58,0,1,1.1007,1.7352,0.5779
fixF0_peakVoicing_tonal_db6,3391,1178,StarWars,58,0,1,1.0075,1.8447,0.5706
fixF0_peakVoicing_tonal_db6,3391,1262,StarWars,58,0,1,1.0168,1.6982,0.6466
fixF0_peakVoicing_tonal_db6,3391,3556,Hakuna,58,1,1,0.7854,0.8115,0.9249
fixF0_peakVoicing_tonal_db6,3391,3668,Hakuna,58,1,1,0.8004,1.3333,0.7599
fixF0_peakVoicing_tonal_db6,3397,0182,Potter,61,0,1,0.9466,4.0211,0.1394
fixF0_peakVoicing_tonal_db6,3397,0336,Potter,61,0,1,0.7112,2.5089,0.6204
fixF0_peakVoicing_tonal_db6,3397,1236,StarWars,61,0,1,0.4345,4.0711,-0.3467
fixF0_peakVoicing_tonal_db6,3397,1318,StarWars,61,0,1,0.7233,3.7428,-0.1346
fixF0_peakVoicing_tonal_db6,3397,3492,Hakuna,61,1,1,0.4515,2.6159,0.7402
fixF0_peakVoicing_tonal_db6,3397,3524,Hakuna,61,1,1,0.3617,1.8497,0.9027
fixF0_peakVoicing_tonal_db6,3401,0044,Potter,217,0,1,1.1572,1.4202,0.7269
fixF0_peakVoicing_tonal_db6,3401,0101,Potter,217,0,1,1.1744,1.4238,0.7363
fixF0_peakVoicing_tonal_db6,3401,1131,StarWars,217,0,1,1.1658,1.9731,0.5843
fixF0_peakVoicing_tonal_db6,3401,1509,StarWars,217,0,1,1.2936,2.0614,0.4818
fixF0_peakVoicing_tonal_db6,3401,3701,Hakuna,217,1,1,1.0121,0.8734,0.7546
fixF0_peakVoicing_tonal_db6,3401,4103,Hakuna,217,1,1,0.9793,0.7652,0.9220
fixF0_peakVoicing_tonal_db6,3413,0155,Potter,76,0,1,0.7879,1.9062,0.5263
fixF0_peakVoicing_tonal_db6,3413,0584,Potter,76,0,1,0.7409,1.6944,0.6213
fixF0_peakVoicing_tonal_db6,3413,1381,StarWars,76,0,1,0.7091,2.1884,0.3056
fixF0_peakVoicing_tonal_db6,3413,1445,StarWars,76,0,1,0.7924,1.9479,0.5029
fixF0_peakVoicing_tonal_db6,3413,3706,Hakuna,76,1,1,0.7879,1.0063,0.8623
fixF0_peakVoicing_tonal_db6,3413,4048,Hakuna,76,1,1,0.8394,0.8523,0.9131
fixF0_peakVoicing_tonal_db6,3414,0762,Potter,69,0,1,0.8075,1.2952,0.3997
fixF0_peakVoicing_tonal_db6,3414,0771,Potter,69,0,1,1.4270,1.2814,0.1980
fixF0_peakVoicing_tonal_db6,3414,1323,StarWars,69,0,1,1.0265,3.0240,0.4331
fixF0_peakVoicing_tonal_db6,3414,1496,StarWars,69,0,1,0.7920,2.0707,0.3931
fixF0_peakVoicing_tonal_db6,3414,3410,Hakuna,69,1,1,0.9889,3.7732,0.2374
fixF0_peakVoicing_tonal_db6,3414,3782,Hakuna,69,1,1,0.8805,6.7715,0.3656
fixF0_peakVoicing_tonal_db6,3416,0445,Potter,146,0,1,0.7839,2.4513,0.3947
fixF0_peakVoicing_tonal_db6,3416,0622,Potter,146,0,1,0.8827,1.6135,0.7463
fixF0_peakVoicing_tonal_db6,3416,0925,StarWars,146,0,1,0.6080,2.1755,0.4263
fixF0_peakVoicing_tonal_db6,3416,1456,StarWars,146,0,1,0.6951,2.8499,0.2790
fixF0_peakVoicing_tonal_db6,3416,3439,Hakuna,146,1,1,0.5628,1.4452,0.7387
fixF0_peakVoicing_tonal_db6,3416,3822,Hakuna,146,1,1,0.5913,2.4212,0.3274
fixF0_peakVoicing_tonal_db6,3428,0097,Potter,201,0,1,0.9544,0.9714,0.4444
fixF0_peakVoicing_tonal_db6,3428,0396,Potter,201,0,1,1.1013,0.6702,0.7068
fixF0_peakVoicing_tonal_db6,3428,0927,StarWars,201,0,1,1.0709,0.8940,0.5187
fixF0_peakVoicing_tonal_db6,3428,1129,StarWars,201,0,1,1.0430,0.7730,0.5843
fixF0_peakVoicing_tonal_db6,3428,3870,Hakuna,201,1,1,0.7873,0.7937,0.5810
fixF0_peakVoicing_tonal_db6,3428,4154,Hakuna,201,1,1,0.8608,0.7931,0.5615
fixF0_peakVoicing_tonal_db6,3429,0295,Potter,83,0,1,1.1241,1.9984,0.6203
fixF0_peakVoicing_tonal_db6,3429,0648,Potter,83,0,1,1.2281,2.3315,0.5761
fixF0_peakVoicing_tonal_db6,3429,1165,StarWars,83,0,1,1.1551,2.4931,0.5393
fixF0_peakVoicing_tonal_db6,3429,1491,StarWars,83,0,1,1.1533,1.5929,0.7102
fixF0_peakVoicing_tonal_db6,3429,3452,Hakuna,83,1,1,0.9763,1.4816,0.8253
fixF0_peakVoicing_tonal_db6,3429,4101,Hakuna,83,1,1,0.9434,2.3721,0.7309
fixF0_peakVoicing_tonal_db6,3432,0187,Potter,214,0,1,0.9981,2.2287,0.5506
fixF0_peakVoicing_tonal_db6,3432,0702,Potter,214,0,1,1.1782,2.1592,0.5534
fixF0_peakVoicing_tonal_db6,3432,1540,StarWars,214,0,1,0.9437,2.2271,0.5617
fixF0_peakVoicing_tonal_db6,3432,1618,StarWars,214,0,1,1.1182,2.4521,0.4597
fixF0_peakVoicing_tonal_db6,3432,3941,Hakuna,214,1,1,1.0750,3.1447,0.5506
fixF0_peakVoicing_tonal_db6,3432,4078,Hakuna,214,1,1,1.0675,2.2401,0.6995
fixF0_peakVoicing_tonal_db6,3434,0326,Potter,23,0,1,1.0116,1.6340,0.6575
fixF0_peakVoicing_tonal_db6,3434,0682,Potter,23,0,1,0.7636,1.5829,0.5940
fixF0_peakVoicing_tonal_db6,3434,1335,StarWars,23,0,1,0.8992,1.7731,0.5119
fixF0_peakVoicing_tonal_db6,3434,1448,StarWars,23,0,1,0.8217,2.1105,0.3221
fixF0_peakVoicing_tonal_db6,3435,0222,Potter,96,0,1,1.1103,1.7489,0.4910
fixF0_peakVoicing_tonal_db6,3435,0715,Potter,96,0,1,1.0117,1.8133,0.5791
fixF0_peakVoicing_tonal_db6,3435,1027,StarWars,96,0,1,1.2042,2.2562,0.2660
fixF0_peakVoicing_tonal_db6,3435,1402,StarWars,96,0,1,1.2371,2.1868,0.3487
fixF0_peakVoicing_tonal_db6,3435,3406,Hakuna,96,1,1,1.0446,1.8432,0.5135
fixF0_peakVoicing_tonal_db6,3435,3938,Hakuna,96,1,1,1.0563,1.8715,0.5122
fixF0_peakVoicing_tonal_db6,3437,0125,Potter,205,0,1,0.7494,1.3374,0.6624
fixF0_peakVoicing_tonal_db6,3437,0359,Potter,205,0,1,0.7699,1.0298,0.7885
fixF0_peakVoicing_tonal_db6,3437,0966,StarWars,205,0,1,0.7790,1.0734,0.7986
fixF0_peakVoicing_tonal_db6,3437,1480,StarWars,205,0,1,0.7540,1.3658,0.6128
fixF0_peakVoicing_tonal_db6,3437,3529,Hakuna,205,1,1,0.5923,1.0860,0.7971
fixF0_peakVoicing_tonal_db6,3437,3581,Hakuna,205,1,1,0.6811,1.3964,0.5769
fixF0_peakVoicing_tonal_db6,3438,0005,Potter,216,0,1,0.7776,1.8365,0.2396
fixF0_peakVoicing_tonal_db6,3438,0036,Potter,216,0,1,0.9159,2.1768,0.2812
fixF0_peakVoicing_tonal_db6,3438,3704,Hakuna,216,1,1,0.6224,1.7198,0.4874
fixF0_peakVoicing_tonal_db6,3438,3876,Hakuna,216,1,1,0.7402,1.5155,0.6483
fixF0_peakVoicing_tonal_db6,3442,0477,Potter,17,0,1,1.2285,1.4563,0.7009
fixF0_peakVoicing_tonal_db6,3442,0558,Potter,17,0,1,1.1663,1.6477,0.6304
fixF0_peakVoicing_tonal_db6,3442,1609,StarWars,17,0,1,1.1583,1.6568,0.6090
fixF0_peakVoicing_tonal_db6,3442,1620,StarWars,17,0,1,1.0782,1.5941,0.7489
fixF0_peakVoicing_tonal_db6,3442,3878,Hakuna,17,1,1,1.0862,1.3156,0.7088
fixF0_peakVoicing_tonal_db6,3442,4105,Hakuna,17,1,1,1.0120,1.1465,0.7646
fixF0_peakVoicing_tonal_db6,3460,0542,Potter,44,0,1,1.0389,1.6841,0.7123
fixF0_peakVoicing_tonal_db6,3460,0739,Potter,44,0,1,1.1135,1.7555,0.7669
fixF0_peakVoicing_tonal_db6,3460,0964,StarWars,44,0,1,1.1053,2.2383,0.7660
fixF0_peakVoicing_tonal_db6,3460,1026,StarWars,44,0,1,1.0632,2.4515,0.7309
fixF0_peakVoicing_tonal_db6,3460,3485,Hakuna,44,1,1,1.0032,0.3599,0.9811
fixF0_peakVoicing_tonal_db6,3460,3781,Hakuna,44,1,1,0.9303,0.3980,0.9779
fixF0_peakVoicing_tonal_db6,3461,0582,Potter,57,0,1,0.5605,0.9187,0.5534
fixF0_peakVoicing_tonal_db6,3461,0801,Potter,57,0,1,0.5784,1.0961,0.3870
fixF0_peakVoicing_tonal_db6,3461,0985,StarWars,57,0,1,0.5880,0.9477,0.5212
fixF0_peakVoicing_tonal_db6,3461,1249,StarWars,57,0,1,0.5485,0.9797,0.5058
fixF0_peakVoicing_tonal_db6,3461,3745,Hakuna,57,1,1,0.8910,0.9123,0.6361
fixF0_peakVoicing_tonal_db6,3461,3802,Hakuna,57,1,1,0.8886,0.8412,0.5713
fixF0_peakVoicing_tonal_db6,3463,0386,Potter,184,0,1,0.9916,2.0187,0.6969
fixF0_peakVoicing_tonal_db6,3463,0729,Potter,184,0,1,1.0270,2.8814,0.4390
fixF0_peakVoicing_tonal_db6,3463,0887,StarWars,184,0,1,0.7872,2.2130,0.5452
fixF0_peakVoicing_tonal_db6,3463,3612,Hakuna,184,1,1,0.7686,1.0888,0.8839
fixF0_peakVoicing_tonal_db6,3463,3844,Hakuna,184,1,1,0.7855,1.1231,0.8735
fixF0_peakVoicing_tonal_db6,3464,0732,Potter,150,0,1,0.8686,1.3131,0.8146
fixF0_peakVoicing_tonal_db6,3464,0825,Potter,150,0,1,1.1298,1.4201,0.7866
fixF0_peakVoicing_tonal_db6,3464,0844,StarWars,150,0,1,1.0383,2.3304,0.5518
fixF0_peakVoicing_tonal_db6,3464,1510,StarWars,150,0,1,0.9917,2.2027,0.6473
fixF0_peakVoicing_tonal_db6,3464,3493,Hakuna,150,1,1,0.9384,1.2518,0.7283
fixF0_peakVoicing_tonal_db6,3464,3767,Hakuna,150,1,1,0.8852,1.1772,0.6346
fixF0_peakVoicing_tonal_db6,3465,0038,Potter,207,0,1,1.1918,2.8852,0.2701
fixF0_peakVoicing_tonal_db6,3465,0672,Potter,207,0,1,1.1781,2.0648,0.6387
fixF0_peakVoicing_tonal_db6,3465,1206,StarWars,207,0,1,0.9843,2.4792,0.4020
fixF0_peakVoicing_tonal_db6,3465,1265,StarWars,207,0,1,0.9413,2.3665,0.5037
fixF0_peakVoicing_tonal_db6,3465,3446,Hakuna,207,1,1,1.0235,0.4466,0.8872
fixF0_peakVoicing_tonal_db6,3465,3565,Hakuna,207,1,1,0.9824,0.4275,0.9807
fixF0_peakVoicing_tonal_db6,3467,0438,Potter,192,0,1,0.6975,0.9309,0.7194
fixF0_peakVoicing_tonal_db6,3467,0783,Potter,192,0,1,0.7195,1.0433,0.6673
fixF0_peakVoicing_tonal_db6,3467,0909,StarWars,192,0,1,0.7827,1.3043,0.4802
fixF0_peakVoicing_tonal_db6,3467,1642,StarWars,192,0,1,0.7768,1.1661,0.6382
fixF0_peakVoicing_tonal_db6,3467,3741,Hakuna,192,1,1,0.7283,0.8839,0.8028
fixF0_peakVoicing_tonal_db6,3467,4148,Hakuna,192,1,1,0.7606,0.8587,0.8336
fixF0_peakVoicing_tonal_db6,3470,0623,Potter,10,0,1,1.0628,1.0525,0.6461
fixF0_peakVoicing_tonal_db6,3470,0830,Potter,10,0,1,0.9762,0.8892,0.7687
fixF0_peakVoicing_tonal_db6,3470,1176,StarWars,10,0,1,1.0671,0.9255,0.7501
fixF0_peakVoicing_tonal_db6,3470,1321,StarWars,10,0,1,1.0152,0.9842,0.7411
fixF0_peakVoicing_tonal_db6,3470,3717,Hakuna,10,1,1,0.9892,0.9366,0.8031
fixF0_peakVoicing_tonal_db6,3470,3891,Hakuna,10,1,1,0.7900,0.9156,0.7507
fixF0_peakVoicing_tonal_db6,3473,0372,Potter,128,0,1,0.6463,1.6828,0.6302
fixF0_peakVoicing_tonal_db6,3473,0440,Potter,128,0,1,0.6961,1.3339,0.7095
fixF0_peakVoicing_tonal_db6,3473,1334,StarWars,128,0,1,0.8367,1.7213,0.6428
fixF0_peakVoicing_tonal_db6,3473,1570,StarWars,128,0,1,0.6122,1.5720,0.5374
fixF0_peakVoicing_tonal_db6,3473,3882,Hakuna,128,1,1,0.7687,1.6403,0.4382
fixF0_peakVoicing_tonal_db6,3473,4119,Hakuna,128,1,1,0.7664,1.0717,0.7980
fixF0_peakVoicing_tonal_db6,3477,0319,Potter,54,0,1,1.0897,1.9662,0.7043
fixF0_peakVoicing_tonal_db6,3477,0573,Potter,54,0,1,1.1058,1.9066,0.7281
fixF0_peakVoicing_tonal_db6,3477,0885,StarWars,54,0,1,1.1042,2.0745,0.6937
fixF0_peakVoicing_tonal_db6,3477,1561,StarWars,54,0,1,0.9407,3.0128,0.6108
fixF0_peakVoicing_tonal_db6,3477,3395,Hakuna,54,1,1,0.9792,0.6593,0.9322
fixF0_peakVoicing_tonal_db6,3477,3880,Hakuna,54,1,1,0.9199,0.7630,0.9176
fixF0_peakVoicing_tonal_db6,3487,0997,StarWars,135,0,1,0.9615,2.0208,0.3878
fixF0_peakVoicing_tonal_db6,3487,1195,StarWars,135,0,1,1.1560,2.0564,0.4403
fixF0_peakVoicing_tonal_db6,3487,3501,Hakuna,135,1,1,0.7009,0.9709,0.7004
fixF0_peakVoicing_tonal_db6,3487,4070,Hakuna,135,1,1,0.9252,1.3186,0.2223
fixF0_peakVoicing_tonal_db6,3489,0111,Potter,100,0,1,1.1411,1.0173,0.3613
fixF0_peakVoicing_tonal_db6,3489,0407,Potter,100,0,1,0.8726,1.2761,0.0717
fixF0_peakVoicing_tonal_db6,3489,1040,StarWars,100,0,1,1.1652,1.0033,0.3725
fixF0_peakVoicing_tonal_db6,3489,1344,StarWars,100,0,1,0.6558,0.9452,0.4971
fixF0_peakVoicing_tonal_db6,3489,3448,Hakuna,100,1,1,0.7952,1.0046,0.4155
fixF0_peakVoicing_tonal_db6,3489,4068,Hakuna,100,1,1,0.8985,0.9975,0.4568
fixF0_peakVoicing_tonal_db6,3490,0699,Potter,154,0,1,0.4780,2.9128,0.4895
fixF0_peakVoicing_tonal_db6,3490,0790,Potter,154,0,1,0.5503,3.2175,0.3008
fixF0_peakVoicing_tonal_db6,3490,1008,StarWars,154,0,1,0.2857,2.8429,0.4221
fixF0_peakVoicing_tonal_db6,3490,1152,StarWars,154,0,1,0.3951,3.1761,0.3116
fixF0_peakVoicing_tonal_db6,3490,3375,Hakuna,154,1,1,0.4832,1.8026,0.8354
fixF0_peakVoicing_tonal_db6,3490,3762,Hakuna,154,1,1,0.6896,2.7045,0.4516
fixF0_peakVoicing_tonal_db6,3491,0732,Potter,150,0,1,0.8954,1.3283,0.8006
fixF0_peakVoicing_tonal_db6,3491,0825,Potter,150,0,1,1.1647,1.4235,0.7895
fixF0_peakVoicing_tonal_db6,3491,0844,StarWars,150,0,1,1.0703,2.3947,0.4710
fixF0_peakVoicing_tonal_db6,3491,1510,StarWars,150,0,1,1.0223,2.3892,0.5721
fixF0_peakVoicing_tonal_db6,3491,3493,Hakuna,150,1,1,0.9674,1.3700,0.6958
fixF0_peakVoicing_tonal_db6,3491,3767,Hakuna,150,1,1,0.9125,1.2990,0.7225
fixF0_peakVoicing_tonal_db6,3496,0531,Potter,105,0,1,1.0872,1.6994,0.7192
fixF0_peakVoicing_tonal_db6,3496,0583,Potter,105,0,1,1.0957,1.7458,0.6816
fixF0_peakVoicing_tonal_db6,3496,1579,StarWars,105,0,1,1.0128,2.3491,0.7000
fixF0_peakVoicing_tonal_db6,3496,3587,Hakuna,105,1,1,0.9553,0.3388,0.9702
fixF0_peakVoicing_tonal_db6,3496,3906,Hakuna,105,1,1,1.0128,0.7707,0.8455
fixF0_peakVoicing_tonal_db6,3502,0470,Potter,91,0,1,1.0240,1.7370,0.4564
fixF0_peakVoicing_tonal_db6,3502,0596,Potter,91,0,1,1.1397,1.3669,0.5730
fixF0_peakVoicing_tonal_db6,3502,1006,StarWars,91,0,1,0.9607,1.5355,0.3223
fixF0_peakVoicing_tonal_db6,3502,1366,StarWars,91,0,1,1.1681,1.2949,0.6473
fixF0_peakVoicing_tonal_db6,3502,3411,Hakuna,91,1,1,0.8865,1.1874,0.6316
fixF0_peakVoicing_tonal_db6,3502,3440,Hakuna,91,1,1,0.8646,1.5108,0.3094
fixF0_peakVoicing_tonal_db6,3505,0168,Potter,198,0,1,0.2131,1.9410,0.2827
fixF0_peakVoicing_tonal_db6,3505,0461,Potter,198,0,1,0.6825,1.8005,0.3917
fixF0_peakVoicing_tonal_db6,3505,1354,StarWars,198,0,1,0.1351,1.8683,0.4709
fixF0_peakVoicing_tonal_db6,3505,1535,StarWars,198,0,1,0.1894,1.8272,0.5534
fixF0_peakVoicing_tonal_db6,3505,3607,Hakuna,198,1,1,0.4429,2.1423,0.4211
fixF0_peakVoicing_tonal_db6,3505,4013,Hakuna,198,1,1,0.2744,2.2090,0.4295
fixF0_peakVoicing_tonal_db6,3508,0425,Potter,5,0,1,1.0527,1.9959,0.6165
fixF0_peakVoicing_tonal_db6,3508,0528,Potter,5,0,1,1.1021,2.2446,0.4496
fixF0_peakVoicing_tonal_db6,3508,0854,StarWars,5,0,1,1.0988,1.8171,0.6964
fixF0_peakVoicing_tonal_db6,3508,1444,StarWars,5,0,1,1.1779,2.1690,0.4916
fixF0_peakVoicing_tonal_db6,3508,3606,Hakuna,5,1,1,0.8600,0.7802,0.9325
fixF0_peakVoicing_tonal_db6,3508,3860,Hakuna,5,1,1,0.9176,0.6886,0.9281
fixF0_peakVoicing_tonal_db6,3513,0177,Potter,14,0,1,0.9620,1.4287,0.4949
fixF0_peakVoicing_tonal_db6,3513,0774,Potter,14,0,1,0.9620,1.6428,0.3341
fixF0_peakVoicing_tonal_db6,3513,1435,StarWars,14,0,1,0.8463,1.2251,0.6647
fixF0_peakVoicing_tonal_db6,3513,1519,StarWars,14,0,1,0.7866,1.1459,0.6639
fixF0_peakVoicing_tonal_db6,3513,3682,Hakuna,14,1,1,0.6745,1.1535,0.5874
fixF0_peakVoicing_tonal_db6,3513,3807,Hakuna,14,1,1,0.7016,1.1954,0.6354
fixF0_peakVoicing_tonal_db6,3514,0470,Potter,91,0,1,0.8866,1.4138,0.4895
fixF0_peakVoicing_tonal_db6,3514,0596,Potter,91,0,1,0.9868,0.9829,0.5933
fixF0_peakVoicing_tonal_db6,3514,1006,StarWars,91,0,1,0.8318,0.9878,0.4116
fixF0_peakVoicing_tonal_db6,3514,1366,StarWars,91,0,1,1.0113,0.7568,0.6969
fixF0_peakVoicing_tonal_db6,3514,3411,Hakuna,91,1,1,0.7675,0.8304,0.6657
fixF0_peakVoicing_tonal_db6,3514,3440,Hakuna,91,1,1,0.7486,1.1336,0.3959
fixF0_peakVoicing_tonal_db6,3515,0356,Potter,196,0,1,0.8898,1.8367,0.5720
fixF0_peakVoicing_tonal_db6,3515,0686,Potter,196,0,1,0.8164,2.1048,0.5048
fixF0_peakVoicing_tonal_db6,3515,0907,StarWars,196,0,1,0.7905,2.0311,0.6241
fixF0_peakVoicing_tonal_db6,3515,1611,StarWars,196,0,1,0.7689,1.7614,0.6412
fixF0_peakVoicing_tonal_db6,3515,4056,Hakuna,196,1,1,0.8164,0.6402,0.6417
fixF0_peakVoicing_tonal_db6,3515,4082,Hakuna,196,1,1,0.8596,0.4135,0.9435
fixF0_peakVoicing_tonal_db6,3516,0189,Potter,203,0,1,0.5964,2.5501,0.3590
fixF0_peakVoicing_tonal_db6,3516,0302,Potter,203,0,1,0.5214,2.4013,0.5079
fixF0_peakVoicing_tonal_db6,3516,0934,StarWars,203,0,1,0.4198,2.2446,0.5146
fixF0_peakVoicing_tonal_db6,3516,1603,StarWars,203,0,1,0.2545,2.3218,0.6061
fixF0_peakVoicing_tonal_db6,3516,3497,Hakuna,203,1,1,0.9003,2.2943,0.4157
fixF0_peakVoicing_tonal_db6,3516,3926,Hakuna,203,1,1,0.9031,2.3426,0.3051
fixF0_peakVoicing_tonal_db6,3517,0311,Potter,218,0,1,0.7856,3.6085,0.5648
fixF0_peakVoicing_tonal_db6,3517,0518,Potter,218,0,1,0.6960,3.5023,0.6200
fixF0_peakVoicing_tonal_db6,3517,0994,StarWars,218,0,1,0.8416,3.5413,0.4493
fixF0_peakVoicing_tonal_db6,3517,1220,StarWars,218,0,1,0.7344,4.3509,-0.0328
fixF0_peakVoicing_tonal_db6,3517,3475,Hakuna,218,1,1,0.8496,1.6652,0.9410
fixF0_peakVoicing_tonal_db6,3517,3521,Hakuna,218,1,1,0.8704,1.9256,0.9225
fixF0_peakVoicing_tonal_db6,3527,0275,Potter,33,0,1,1.0556,2.3535,0.4311
fixF0_peakVoicing_tonal_db6,3527,0468,Potter,33,0,1,1.1073,2.0737,0.4996
fixF0_peakVoicing_tonal_db6,3527,0888,StarWars,33,0,1,1.1303,2.1588,0.4258
fixF0_peakVoicing_tonal_db6,3527,1174,StarWars,33,0,1,1.0958,2.0497,0.3443
fixF0_peakVoicing_tonal_db6,3527,3868,Hakuna,33,1,1,0.9061,1.2266,0.7908
fixF0_peakVoicing_tonal_db6,3528,0372,Potter,128,0,1,0.6597,1.3324,0.7971
fixF0_peakVoicing_tonal_db6,3528,0440,Potter,128,0,1,0.7106,1.3438,0.7488
fixF0_peakVoicing_tonal_db6,3528,1334,StarWars,128,0,1,0.8542,1.8463,0.6073
fixF0_peakVoicing_tonal_db6,3528,1570,StarWars,128,0,1,0.6250,1.6867,0.4924
fixF0_peakVoicing_tonal_db6,3528,3882,Hakuna,128,1,1,0.7847,1.4667,0.4642
fixF0_peakVoicing_tonal_db6,3528,4119,Hakuna,128,1,1,0.7824,0.9971,0.8314
fixF0_peakVoicing_tonal_db6,3531,0131,Potter,53,0,1,1.5084,1.8683,0.5072
fixF0_peakVoicing_tonal_db6,3531,0689,Potter,53,0,1,1.4643,2.1067,0.3585
fixF0_peakVoicing_tonal_db6,3531,1269,StarWars,53,0,1,1.0567,2.3735,0.1823
fixF0_peakVoicing_tonal_db6,3531,1596,StarWars,53,0,1,1.0651,2.4885,0.0807
fixF0_peakVoicing_tonal_db6,3531,3585,Hakuna,53,1,1,0.9517,1.1711,0.3898
fixF0_peakVoicing_tonal_db6,3531,3856,Hakuna,53,1,1,0.8718,0.6260,0.8364
fixF0_peakVoicing_tonal_db6,3532,0394,Potter,215,0,1,1.1817,3.2280,0.1957
fixF0_peakVoicing_tonal_db6,3532,0975,StarWars,215,0,1,0.9706,2.4311,0.6815
fixF0_peakVoicing_tonal_db6,3532,1423,StarWars,215,0,1,1.0952,2.5162,0.7668
fixF0_peakVoicing_tonal_db6,3532,3480,Hakuna,215,1,1,0.9827,0.3279,0.9741
fixF0_peakVoicing_tonal_db6,3532,3858,Hakuna,215,1,1,1.0381,0.3088,0.9815
fixF0_peakVoicing_tonal_db6,3535,0286,Potter,47,0,1,0.7511,1.4230,0.6125
fixF0_peakVoicing_tonal_db6,3535,0443,Potter,47,0,1,0.6344,1.0358,0.7265
fixF0_peakVoicing_tonal_db6,3535,1258,StarWars,47,0,1,0.8767,1.4859,0.5113
fixF0_peakVoicing_tonal_db6,3535,1300,StarWars,47,0,1,0.6256,1.5345,0.4779
fixF0_peakVoicing_tonal_db6,3535,4019,Hakuna,47,1,1,0.9273,1.2242,0.6337
fixF0_peakVoicing_tonal_db6,3535,4044,Hakuna,47,1,1,0.9912,0.9909,0.7767
fixF0_peakVoicing_tonal_db6,3536,0196,Potter,232,0,1,0.9105,3.2790,0.3480
fixF0_peakVoicing_tonal_db6,3536,0603,Potter,232,0,1,1.0447,3.0639,0.3238
fixF0_peakVoicing_tonal_db6,3536,0917,StarWars,232,0,1,1.1440,2.5176,0.4540
fixF0_peakVoicing_tonal_db6,3536,1278,StarWars,232,0,1,1.0000,2.8067,0.4316
fixF0_peakVoicing_tonal_db6,3536,3541,Hakuna,232,1,1,0.9533,3.7418,0.4958
fixF0_peakVoicing_tonal_db6,3536,4111,Hakuna,232,1,1,0.9864,3.8280,0.3561
fixF0_peakVoicing_tonal_db6,3538,0005,Potter,216,0,1,0.7273,2.2080,0.1869
fixF0_peakVoicing_tonal_db6,3538,0036,Potter,216,0,1,0.8566,2.2658,0.2654
fixF0_peakVoicing_tonal_db6,3538,3704,Hakuna,216,1,1,0.5822,1.7996,0.4535
fixF0_peakVoicing_tonal_db6,3538,3876,Hakuna,216,1,1,0.6923,1.6716,0.6294
fixF0_peakVoicing_tonal_db6,3544,0008,Potter,213,0,1,0.9853,1.7623,0.8020
fixF0_peakVoicing_tonal_db6,3544,0681,Potter,213,0,1,0.9485,1.5917,0.8551
fixF0_peakVoicing_tonal_db6,3544,0860,StarWars,213,0,1,0.9596,2.9692,0.7449
fixF0_peakVoicing_tonal_db6,3544,1317,StarWars,213,0,1,0.9136,2.5346,0.7428
fixF0_peakVoicing_tonal_db6,3544,3548,Hakuna,213,1,1,0.7335,0.4913,0.9641
fixF0_peakVoicing_tonal_db6,3544,3720,Hakuna,213,1,1,0.7923,0.5482,0.9561
fixF0_peakVoicing_tonal_db6,3545,0553,Potter,0,0,1,0.9034,1.8331,0.5369
fixF0_peakVoicing_tonal_db6,3545,0590,Potter,0,0,1,0.9822,1.5671,0.5216
fixF0_peakVoicing_tonal_db6,3545,0915,StarWars,0,0,1,0.6374,2.0311,0.2759
fixF0_peakVoicing_tonal_db6,3545,1140,StarWars,0,0,1,0.5958,2.3808,0.2482
fixF0_peakVoicing_tonal_db6,3545,3690,Hakuna,0,1,1,0.8425,1.5370,0.3475
fixF0_peakVoicing_tonal_db6,3545,4031,Hakuna,0,1,1,0.8484,0.9772,0.7264
fixF0_peakVoicing_tonal_db6,3552,0613,Potter,137,0,1,0.8362,1.3882,0.7455
fixF0_peakVoicing_tonal_db6,3552,0788,Potter,137,0,1,0.7714,1.7994,0.6948
fixF0_peakVoicing_tonal_db6,3552,1163,StarWars,137,0,1,0.8743,1.8259,0.6545
fixF0_peakVoicing_tonal_db6,3552,1177,StarWars,137,0,1,0.9181,1.9733,0.6449
fixF0_peakVoicing_tonal_db6,3552,3594,Hakuna,137,1,1,1.0019,1.2603,0.7531
fixF0_peakVoicing_tonal_db6,3552,3944,Hakuna,137,1,1,0.9143,0.9994,0.8955
fixF0_peakVoicing_tonal_db6,3553,0102,Potter,191,0,1,1.0414,1.3694,0.6621
fixF0_peakVoicing_tonal_db6,3553,0426,Potter,191,0,1,1.1144,1.4360,0.6145
fixF0_peakVoicing_tonal_db6,3553,0993,StarWars,191,0,1,1.1192,1.4374,0.6793
fixF0_peakVoicing_tonal_db6,3553,1506,StarWars,191,0,1,1.0706,1.6279,0.4356
fixF0_peakVoicing_tonal_db6,3553,3928,Hakuna,191,1,1,1.2360,1.5942,0.6668
fixF0_peakVoicing_tonal_db6,3553,3984,Hakuna,191,1,1,0.9489,1.6253,0.5411
fixF0_peakVoicing_tonal_db6,3554,1030,StarWars,212,0,1,0.7194,2.4819,0.3886
fixF0_peakVoicing_tonal_db6,3554,1646,StarWars,212,0,1,0.8333,2.3417,0.1156
fixF0_peakVoicing_tonal_db6,3554,3761,Hakuna,212,1,1,0.7313,2.3227,0.3042
fixF0_peakVoicing_tonal_db6,3554,3907,Hakuna,212,1,1,0.7959,2.3589,0.3460
fixF0_peakVoicing_tonal_db6,3555,0292,Potter,166,0,1,1.2016,2.0004,0.5881
fixF0_peakVoicing_tonal_db6,3555,0353,Potter,166,0,1,1.7160,2.2752,0.4440
fixF0_peakVoicing_tonal_db6,3555,1233,StarWars,166,0,1,1.0144,1.7670,0.6885
fixF0_peakVoicing_tonal_db6,3555,1267,StarWars,166,0,1,1.0123,1.9178,0.5420
fixF0_peakVoicing_tonal_db6,3557,0373,Potter,122,0,1,0.8430,1.9352,0.7488
fixF0_peakVoicing_tonal_db6,3557,0547,Potter,122,0,1,0.7892,1.9373,0.7056
fixF0_peakVoicing_tonal_db6,3557,1408,StarWars,122,0,1,0.7209,2.2461,0.5182
fixF0_peakVoicing_tonal_db6,3557,1495,StarWars,122,0,1,0.6424,2.2308,0.6373
fixF0_peakVoicing_tonal_db6,3557,3595,Hakuna,122,1,1,0.7369,1.6382,0.8142
fixF0_peakVoicing_tonal_db6,3557,3655,Hakuna,122,1,1,0.6919,2.1049,0.6329
fixF0_peakVoicing_tonal_db6,3560,0239,Potter,59,0,1,0.5918,1.9705,0.5003
fixF0_peakVoicing_tonal_db6,3560,0798,Potter,59,0,1,0.4349,1.9243,0.6096
fixF0_peakVoicing_tonal_db6,3560,0923,StarWars,59,0,1,0.2826,1.9150,0.4807
fixF0_peakVoicing_tonal_db6,3560,1246,StarWars,59,0,1,0.4239,2.1086,0.3754
fixF0_peakVoicing_tonal_db6,3560,3956,Hakuna,59,1,1,0.3485,2.1582,0.4093
fixF0_peakVoicing_tonal_db6,3560,4124,Hakuna,59,1,1,0.3768,1.9543,0.4832
fixF0_peakVoicing_tonal_db6,3566,0651,Potter,97,0,1,1.2052,1.8580,0.7504
fixF0_peakVoicing_tonal_db6,3566,0706,Potter,97,0,1,1.1460,1.5332,0.8124
fixF0_peakVoicing_tonal_db6,3566,1313,StarWars,97,0,1,1.0481,1.9489,0.6868
fixF0_peakVoicing_tonal_db6,3566,1418,StarWars,97,0,1,1.0277,2.2727,0.5786
fixF0_peakVoicing_tonal_db6,3566,3631,Hakuna,97,1,1,1.0037,0.4548,0.9767
fixF0_peakVoicing_tonal_db6,3566,3919,Hakuna,97,1,1,1.0721,0.8124,0.9113
fixF0_peakVoicing_tonal_db6,3570,0273,Potter,172,0,1,0.8259,2.0852,0.2315
fixF0_peakVoicing_tonal_db6,3570,1064,StarWars,172,0,1,0.8311,1.8075,0.5957
fixF0_peakVoicing_tonal_db6,3570,1498,StarWars,172,0,1,0.7014,1.4678,0.7034
fixF0_peakVoicing_tonal_db6,3570,3708,Hakuna,172,1,1,0.8174,3.1999,0.1853
fixF0_peakVoicing_tonal_db6,3570,4145,Hakuna,172,1,1,0.8328,1.5992,0.5248
fixF0_peakVoicing_tonal_db6,3572,0057,Potter,60,0,1,0.8007,1.5354,0.7210
fixF0_peakVoicing_tonal_db6,3572,0348,Potter,60,0,1,0.7745,1.5172,0.7584
fixF0_peakVoicing_tonal_db6,3575,0090,Potter,24,0,1,0.8531,1.4695,0.7202
fixF0_peakVoicing_tonal_db6,3575,0320,Potter,24,0,1,0.7982,1.3936,0.7410
fixF0_peakVoicing_tonal_db6,3575,1045,StarWars,24,0,1,0.9221,2.1906,0.4738
fixF0_peakVoicing_tonal_db6,3575,1325,StarWars,24,0,1,0.8319,1.6430,0.6122
fixF0_peakVoicing_tonal_db6,3575,3814,Hakuna,24,1,1,0.8549,0.8255,0.6851
fixF0_peakVoicing_tonal_db6,3575,4118,Hakuna,24,1,1,0.7699,0.8960,0.7222
fixF0_peakVoicing_tonal_db6,3577,0633,Potter,231,0,1,0.5504,1.2432,0.7758
fixF0_peakVoicing_tonal_db6,3577,0803,Potter,231,0,1,0.7085,1.1319,0.8489
fixF0_peakVoicing_tonal_db6,3577,1150,StarWars,231,0,1,0.7535,1.7544,0.5835
fixF0_peakVoicing_tonal_db6,3577,1605,StarWars,231,0,1,0.8062,1.7775,0.6291
fixF0_peakVoicing_tonal_db6,3577,4049,Hakuna,231,1,1,0.8124,0.3113,0.9867
fixF0_peakVoicing_tonal_db6,3577,4112,Hakuna,231,1,1,0.8326,0.3323,0.9861
fixF0_peakVoicing_tonal_db6,3580,0595,Potter,26,0,1,0.8900,1.1963,0.4357
fixF0_peakVoicing_tonal_db6,3580,0768,Potter,26,0,1,0.8400,1.4359,0.1881
fixF0_peakVoicing_tonal_db6,3580,1087,StarWars,26,0,1,0.6475,1.2404,0.4098
fixF0_peakVoicing_tonal_db6,3580,1132,StarWars,26,0,1,0.5150,1.2216,0.2954
fixF0_peakVoicing_tonal_db6,3580,3392,Hakuna,26,1,1,0.3225,1.1596,0.5198
fixF0_peakVoicing_tonal_db6,3580,4137,Hakuna,26,1,1,0.4300,1.2285,0.4764
fixF0_peakVoicing_tonal_db6,3582,0254,Potter,129,0,1,1.6067,1.8040,0.5785
fixF0_peakVoicing_tonal_db6,3582,0554,Potter,129,0,1,1.6090,1.7742,0.6155
fixF0_peakVoicing_tonal_db6,3582,1014,StarWars,129,0,1,0.9101,2.1326,0.5324
fixF0_peakVoicing_tonal_db6,3582,1167,StarWars,129,0,1,0.8427,1.6527,0.6185
fixF0_peakVoicing_tonal_db6,3582,3576,Hakuna,129,1,1,0.8360,1.0166,0.8166
fixF0_peakVoicing_tonal_db6,3582,3651,Hakuna,129,1,1,0.8112,1.2379,0.4839
fixF0_peakVoicing_tonal_db6,3583,0206,Potter,84,0,1,0.8490,1.4826,0.7431
fixF0_peakVoicing_tonal_db6,3583,1341,StarWars,84,0,1,0.9178,2.3776,0.1671
fixF0_peakVoicing_tonal_db6,3583,1504,StarWars,84,0,1,0.8255,1.7221,0.6574
fixF0_peakVoicing_tonal_db6,3588,0680,Potter,123,0,1,1.0308,2.1116,0.4202
fixF0_peakVoicing_tonal_db6,3588,0835,Potter,123,0,1,1.0308,2.2918,0.4128
fixF0_peakVoicing_tonal_db6,3588,1196,StarWars,123,0,1,0.9128,2.0453,0.6631
fixF0_peakVoicing_tonal_db6,3588,1378,StarWars,123,0,1,0.9624,1.9665,0.7322
fixF0_peakVoicing_tonal_db6,3588,3567,Hakuna,123,1,1,0.7043,0.3631,0.9817
fixF0_peakVoicing_tonal_db6,3588,3787,Hakuna,123,1,1,0.7897,0.2676,0.9905
fixF0_peakVoicing_tonal_db6,3591,0177,Potter,14,0,1,0.8808,1.4352,0.4401
fixF0_peakVoicing_tonal_db6,3591,0774,Potter,14,0,1,0.8808,1.5161,0.4736
fixF0_peakVoicing_tonal_db6,3591,1435,StarWars,14,0,1,0.7748,1.2706,0.5332
fixF0_peakVoicing_tonal_db6,3591,1519,StarWars,14,0,1,0.7202,1.2468,0.5620
fixF0_peakVoicing_tonal_db6,3591,3682,Hakuna,14,1,1,0.6175,1.1497,0.5094
fixF0_peakVoicing_tonal_db6,3591,3807,Hakuna,14,1,1,0.6424,1.0789,0.6818
fixF0_peakVoicing_tonal_db6,3593,0595,Potter,26,0,1,0.7946,1.1066,0.4624
fixF0_peakVoicing_tonal_db6,3593,0768,Potter,26,0,1,0.7500,1.1234,0.3889
fixF0_peakVoicing_tonal_db6,3593,1087,StarWars,26,0,1,0.5781,1.0059,0.5565
fixF0_peakVoicing_tonal_db6,3593,1132,StarWars,26,0,1,0.4598,1.0591,0.4988
fixF0_peakVoicing_tonal_db6,3593,3392,Hakuna,26,1,1,0.2879,1.0342,0.6128
fixF0_peakVoicing_tonal_db6,3593,4137,Hakuna,26,1,1,0.3839,0.9933,0.6361
fixF0_peakVoicing_tonal_db6,3599,0071,Potter,109,0,1,1.1493,2.1122,0.5568
fixF0_peakVoicing_tonal_db6,3599,0388,Potter,109,0,1,1.2331,1.8878,0.7366
fixF0_peakVoicing_tonal_db6,3599,0986,StarWars,109,0,1,1.1125,2.6113,0.4628
fixF0_peakVoicing_tonal_db6,3599,1078,StarWars,109,0,1,1.1881,2.4689,0.4680
fixF0_peakVoicing_tonal_db6,3599,3457,Hakuna,109,1,1,0.9141,0.8901,0.7412
fixF0_peakVoicing_tonal_db6,3599,3837,Hakuna,109,1,1,0.8446,0.9677,0.9057
fixF0_peakVoicing_tonal_db6,3601,0350,Potter,72,0,1,1.1707,1.7600,0.6823
fixF0_peakVoicing_tonal_db6,3601,0506,Potter,72,0,1,1.1366,1.7760,0.5939
fixF0_peakVoicing_tonal_db6,3601,1215,StarWars,72,0,1,1.1146,2.9681,0.6179
fixF0_peakVoicing_tonal_db6,3601,1478,StarWars,72,0,1,1.3561,2.4956,0.4058
fixF0_peakVoicing_tonal_db6,3601,3666,Hakuna,72,1,1,0.9902,0.4646,0.9717
fixF0_peakVoicing_tonal_db6,3601,4069,Hakuna,72,1,1,0.9098,0.4291,0.9789
fixF0_peakVoicing_tonal_db6,3602,0424,Potter,38,0,1,1.1049,1.5884,0.4686
fixF0_peakVoicing_tonal_db6,3602,0829,Potter,38,0,1,1.1000,1.6185,0.4495
fixF0_peakVoicing_tonal_db6,3602,1149,StarWars,38,0,1,0.9475,1.5289,0.6094
fixF0_peakVoicing_tonal_db6,3602,1273,StarWars,38,0,1,0.9410,1.6238,0.4853
fixF0_peakVoicing_tonal_db6,3602,3506,Hakuna,38,1,1,0.8410,0.5910,0.8915
fixF0_peakVoicing_tonal_db6,3602,3732,Hakuna,38,1,1,0.9197,0.7115,0.8425
fixF0_peakVoicing_tonal_db6,3611,0136,Potter,144,0,1,0.5625,1.5480,0.3343
fixF0_peakVoicing_tonal_db6,3611,0330,Potter,144,0,1,0.5571,1.3091,0.5418
fixF0_peakVoicing_tonal_db6,3611,1216,StarWars,144,0,1,0.5408,1.0117,0.3306
fixF0_peakVoicing_tonal_db6,3611,1421,StarWars,144,0,1,0.5679,1.1291,0.4973
fixF0_peakVoicing_tonal_db6,3611,3420,Hakuna,144,1,1,0.5163,0.9471,0.7317
fixF0_peakVoicing_tonal_db6,3611,3673,Hakuna,144,1,1,0.5122,1.0649,0.3267
fixF0_peakVoicing_tonal_db6,3616,0538,Potter,16,0,1,0.2261,2.3674,-0.0848
fixF0_peakVoicing_tonal_db6,3616,0797,Potter,16,0,1,0.1914,1.6911,0.4639
fixF0_peakVoicing_tonal_db6,3616,1261,StarWars,16,0,1,0.1833,2.8607,0.0557
fixF0_peakVoicing_tonal_db6,3616,1522,StarWars,16,0,1,0.1100,1.9844,-0.0842
fixF0_peakVoicing_tonal_db6,3616,3846,Hakuna,16,1,1,1.0387,1.2183,0.2949
fixF0_peakVoicing_tonal_db6,3616,4150,Hakuna,16,1,1,1.0265,1.2825,0.2442
fixF0_peakVoicing_tonal_db6,3621,0373,Potter,122,0,1,0.8722,1.5293,0.6008
fixF0_peakVoicing_tonal_db6,3621,0547,Potter,122,0,1,0.8165,1.5753,0.5929
fixF0_peakVoicing_tonal_db6,3621,1408,StarWars,122,0,1,0.7459,1.5391,0.5828
fixF0_peakVoicing_tonal_db6,3621,1495,StarWars,122,0,1,0.6647,1.5341,0.6064
fixF0_peakVoicing_tonal_db6,3621,3595,Hakuna,122,1,1,0.7624,0.8676,0.8865
fixF0_peakVoicing_tonal_db6,3621,3655,Hakuna,122,1,1,0.7158,1.3822,0.7123
fixF0_peakVoicing_tonal_db6,3622,0076,Potter,30,0,1,0.6882,2.1286,0.5332
fixF0_peakVoicing_tonal_db6,3622,0151,Potter,30,0,1,0.7728,1.7431,0.6907
fixF0_peakVoicing_tonal_db6,3622,1101,StarWars,30,0,1,0.9221,2.0347,0.6861
fixF0_peakVoicing_tonal_db6,3622,1369,StarWars,30,0,1,0.8557,2.2000,0.4425
fixF0_peakVoicing_tonal_db6,3622,3443,Hakuna,30,1,1,0.7214,1.2704,0.8485
fixF0_peakVoicing_tonal_db6,3622,3694,Hakuna,30,1,1,0.6700,1.7888,0.5661
fixF0_peakVoicing_tonal_db6,3624,0437,Potter,40,0,1,0.9921,1.8772,0.6816
fixF0_peakVoicing_tonal_db6,3624,0502,Potter,40,0,1,0.7747,2.3016,0.4694
fixF0_peakVoicing_tonal_db6,3624,0892,StarWars,40,0,1,0.7984,2.7645,0.1180
fixF0_peakVoicing_tonal_db6,3624,1600,StarWars,40,0,1,0.7727,2.7475,0.2119
fixF0_peakVoicing_tonal_db6,3624,3966,Hakuna,40,1,1,0.8182,0.9109,0.8240
fixF0_peakVoicing_tonal_db6,3624,4094,Hakuna,40,1,1,0.7431,0.9428,0.7950
fixF0_peakVoicing_tonal_db6,3626,1030,StarWars,212,0,1,0.8027,2.9314,0.3409
fixF0_peakVoicing_tonal_db6,3626,1646,StarWars,212,0,1,0.9298,2.5075,0.0809
fixF0_peakVoicing_tonal_db6,3626,3761,Hakuna,212,1,1,0.8159,2.5875,0.1762
fixF0_peakVoicing_tonal_db6,3626,3907,Hakuna,212,1,1,0.8880,2.9100,0.0910
fixF0_peakVoicing_tonal_db6,3630,0350,Potter,72,0,1,1.1794,1.9271,0.6515
fixF0_peakVoicing_tonal_db6,3630,0506,Potter,72,0,1,1.1450,1.8875,0.5733
fixF0_peakVoicing_tonal_db6,3630,1215,StarWars,72,0,1,1.1229,3.0939,0.6254
fixF0_peakVoicing_tonal_db6,3630,1478,StarWars,72,0,1,1.3661,2.5431,0.4208
fixF0_peakVoicing_tonal_db6,3630,3666,Hakuna,72,1,1,0.9975,0.4314,0.9686
fixF0_peakVoicing_tonal_db6,3630,4069,Hakuna,72,1,1,0.9165,0.4241,0.9762
fixF0_peakVoicing_tonal_db6,3632,0438,Potter,192,0,1,0.7111,1.0412,0.6532
fixF0_peakVoicing_tonal_db6,3632,0783,Potter,192,0,1,0.7335,1.0462,0.6475
fixF0_peakVoicing_tonal_db6,3632,0909,StarWars,192,0,1,0.7979,1.1997,0.4739
fixF0_peakVoicing_tonal_db6,3632,1642,StarWars,192,0,1,0.7919,1.1819,0.6755
fixF0_peakVoicing_tonal_db6,3632,3741,Hakuna,192,1,1,0.7425,0.9578,0.7904
fixF0_peakVoicing_tonal_db6,3632,4148,Hakuna,192,1,1,0.7754,0.8765,0.8319
fixF0_peakVoicing_tonal_db6,3633,1235,StarWars,178,0,1,0.8194,1.3494,0.5102
fixF0_peakVoicing_tonal_db6,3633,1585,StarWars,178,0,1,0.6753,1.2824,0.4730
fixF0_peakVoicing_tonal_db6,3633,3403,Hakuna,178,1,1,0.6094,1.2644,0.4690
fixF0_peakVoicing_tonal_db6,3633,3665,Hakuna,178,1,1,0.6215,1.6381,0.1658
fixF0_peakVoicing_tonal_db6,3636,0075,Potter,55,0,1,0.8117,1.7630,0.4595
fixF0_peakVoicing_tonal_db6,3636,0785,Potter,55,0,1,0.7587,1.8974,0.4300
fixF0_peakVoicing_tonal_db6,3636,1160,StarWars,55,0,1,0.6819,1.3596,0.7341
fixF0_peakVoicing_tonal_db6,3636,1648,StarWars,55,0,1,0.9909,1.2704,0.7396
fixF0_peakVoicing_tonal_db6,3636,3887,Hakuna,55,1,1,0.9049,1.3744,0.7709
fixF0_peakVoicing_tonal_db6,3636,4060,Hakuna,55,1,1,0.8099,1.1529,0.6370
fixF0_peakVoicing_tonal_db6,3637,0196,Potter,232,0,1,0.9873,3.5037,0.1541
fixF0_peakVoicing_tonal_db6,3637,0603,Potter,232,0,1,1.1329,2.8019,0.4721
fixF0_peakVoicing_tonal_db6,3637,0917,StarWars,232,0,1,1.2405,2.3598,0.4397
fixF0_peakVoicing_tonal_db6,3637,1278,StarWars,232,0,1,1.0844,2.6139,0.4245
fixF0_peakVoicing_tonal_db6,3637,3541,Hakuna,232,1,1,1.0338,3.6251,0.4873
fixF0_peakVoicing_tonal_db6,3637,4111,Hakuna,232,1,1,1.0696,3.5040,0.4394
fixF0_peakVoicing_tonal_db6,3644,0531,Potter,105,0,1,0.9884,1.6064,0.8117
fixF0_peakVoicing_tonal_db6,3644,0583,Potter,105,0,1,0.9961,1.6121,0.8222
fixF0_peakVoicing_tonal_db6,3644,1579,StarWars,105,0,1,0.9207,2.1477,0.7577
fixF0_peakVoicing_tonal_db6,3644,3587,Hakuna,105,1,1,0.8685,0.5687,0.9441
fixF0_peakVoicing_tonal_db6,3644,3906,Hakuna,105,1,1,0.9207,0.4091,0.9812
fixF0_peakVoicing_tonal_db6,3646,0384,Potter,228,0,1,0.4498,1.3145,0.6167
fixF0_peakVoicing_tonal_db6,3646,0820,Potter,228,0,1,0.1293,2.0570,0.4351
fixF0_peakVoicing_tonal_db6,3646,1339,StarWars,228,0,1,0.0965,1.6751,0.3174
fixF0_peakVoicing_tonal_db6,3646,3896,Hakuna,228,1,1,0.1216,1.3845,0.6514
fixF0_peakVoicing_tonal_db6,3650,0090,Potter,24,0,1,0.8561,1.5151,0.7235
fixF0_peakVoicing_tonal_db6,3650,0320,Potter,24,0,1,0.8011,1.4513,0.7349
fixF0_peakVoicing_tonal_db6,3650,1045,StarWars,24,0,1,0.9254,2.0382,0.5500
fixF0_peakVoicing_tonal_db6,3650,1325,StarWars,24,0,1,0.8348,1.6082,0.6118
fixF0_peakVoicing_tonal_db6,3650,3814,Hakuna,24,1,1,0.8579,0.7093,0.7406
fixF0_peakVoicing_tonal_db6,3650,4118,Hakuna,24,1,1,0.7726,0.7992,0.7722
fixF0_peakVoicing_tonal_db6,3652,0131,Potter,53,0,1,1.4774,1.8968,0.4623
fixF0_peakVoicing_tonal_db6,3652,0689,Potter,53,0,1,1.4342,1.9568,0.3724
fixF0_peakVoicing_tonal_db6,3652,1269,StarWars,53,0,1,1.0350,2.5946,-0.0502
fixF0_peakVoicing_tonal_db6,3652,1596,StarWars,53,0,1,1.0432,2.5140,-0.0344
fixF0_peakVoicing_tonal_db6,3652,3585,Hakuna,53,1,1,0.9321,1.2316,0.2514
fixF0_peakVoicing_tonal_db6,3652,3856,Hakuna,53,1,1,0.8539,0.6270,0.7834
fixF0_peakVoicing_tonal_db6,3653,0489,Potter,87,0,1,0.8291,1.8459,0.1676
fixF0_peakVoicing_tonal_db6,3653,0684,Potter,87,0,1,0.7326,1.8156,0.3370
fixF0_peakVoicing_tonal_db6,3653,1090,StarWars,87,0,1,0.7437,1.4193,0.4926
fixF0_peakVoicing_tonal_db6,3653,1460,StarWars,87,0,1,0.7801,1.0869,0.7127
fixF0_peakVoicing_tonal_db6,3653,3341,Hakuna,87,1,1,0.7342,1.0132,0.7953
fixF0_peakVoicing_tonal_db6,3653,3728,Hakuna,87,1,1,0.7089,1.1017,0.7753
fixF0_peakVoicing_tonal_db6,3656,0352,Potter,220,0,1,1.0815,2.6338,0.3523
fixF0_peakVoicing_tonal_db6,3656,0755,Potter,220,0,1,1.1590,2.6609,0.3403
fixF0_peakVoicing_tonal_db6,3656,1052,StarWars,220,0,1,0.6421,1.3754,0.3839
fixF0_peakVoicing_tonal_db6,3656,1207,StarWars,220,0,1,1.0517,1.4484,0.2497
fixF0_peakVoicing_tonal_db6,3656,3568,Hakuna,220,1,1,0.7992,1.2498,0.4297
fixF0_peakVoicing_tonal_db6,3656,3759,Hakuna,220,1,1,0.4274,1.3128,0.3074
fixF0_peakVoicing_tonal_db6,3657,0041,Potter,151,0,1,1.1044,1.1708,0.7551
fixF0_peakVoicing_tonal_db6,3657,0778,Potter,151,0,1,1.0356,1.2775,0.7673
fixF0_peakVoicing_tonal_db6,3657,1060,StarWars,151,0,1,1.3978,1.9448,0.5298
fixF0_peakVoicing_tonal_db6,3657,1252,StarWars,151,0,1,1.3489,1.7925,0.6090
fixF0_peakVoicing_tonal_db6,3657,3523,Hakuna,151,1,1,0.9511,0.7683,0.6933
fixF0_peakVoicing_tonal_db6,3657,3573,Hakuna,151,1,1,0.9622,0.7241,0.6726
fixF0_peakVoicing_tonal_db6,3658,0254,Potter,129,0,1,1.5180,1.8097,0.6484
fixF0_peakVoicing_tonal_db6,3658,0554,Potter,129,0,1,1.5202,1.7758,0.6338
fixF0_peakVoicing_tonal_db6,3658,1014,StarWars,129,0,1,0.8599,2.2360,0.5582
fixF0_peakVoicing_tonal_db6,3658,1167,StarWars,129,0,1,0.7962,1.7443,0.5829
fixF0_peakVoicing_tonal_db6,3658,3576,Hakuna,129,1,1,0.7898,1.0451,0.8753
fixF0_peakVoicing_tonal_db6,3658,3651,Hakuna,129,1,1,0.7665,1.3605,0.5431
fixF0_peakVoicing_tonal_db6,3659,0181,Potter,13,0,1,1.0722,1.5863,0.7236
fixF0_peakVoicing_tonal_db6,3659,0299,Potter,13,0,1,0.9278,1.6281,0.7569
fixF0_peakVoicing_tonal_db6,3659,1619,StarWars,13,0,1,0.7246,1.0950,0.7246
fixF0_peakVoicing_tonal_db6,3659,3353,Hakuna,13,1,1,0.9255,0.7418,0.7882
fixF0_peakVoicing_tonal_db6,3659,4020,Hakuna,13,1,1,0.8668,0.8583,0.7291
fixF0_peakVoicing_tonal_db6,3660,0673,Potter,89,0,1,0.5815,1.8532,0.4579
fixF0_peakVoicing_tonal_db6,3660,3769,Hakuna,89,1,1,0.9412,3.2743,0.4409
fixF0_peakVoicing_tonal_db6,3660,4107,Hakuna,89,1,1,0.7748,2.1251,0.4918
fixF0_peakVoicing_tonal_db6,3663,0125,Potter,205,0,1,0.6897,1.9333,0.6230
fixF0_peakVoicing_tonal_db6,3663,0359,Potter,205,0,1,0.7086,1.5531,0.8224
fixF0_peakVoicing_tonal_db6,3663,0966,StarWars,205,0,1,0.7170,1.8181,0.7137
fixF0_peakVoicing_tonal_db6,3663,1480,StarWars,205,0,1,0.6939,1.9898,0.4512
fixF0_peakVoicing_tonal_db6,3663,3529,Hakuna,205,1,1,0.5451,1.6751,0.7774
fixF0_peakVoicing_tonal_db6,3663,3581,Hakuna,205,1,1,0.6268,1.7242,0.6791
fixF0_peakVoicing_tonal_db6,3669,0361,Potter,46,0,1,1.0657,1.5681,0.7466
fixF0_peakVoicing_tonal_db6,3669,0632,Potter,46,0,1,0.9948,1.4647,0.7770
fixF0_peakVoicing_tonal_db6,3669,0841,StarWars,46,0,1,0.9118,1.9185,0.6914
fixF0_peakVoicing_tonal_db6,3669,1237,StarWars,46,0,1,0.9827,2.0081,0.6340
fixF0_peakVoicing_tonal_db6,3669,3661,Hakuna,46,1,1,0.8391,0.4286,0.9761
fixF0_peakVoicing_tonal_db6,3669,4156,Hakuna,46,1,1,0.8685,0.4428,0.9741
fixF0_peakVoicing_tonal_db6,3674,0181,Potter,13,0,1,1.0463,1.5759,0.6864
fixF0_peakVoicing_tonal_db6,3674,0299,Potter,13,0,1,0.9053,1.8101,0.5663
fixF0_peakVoicing_tonal_db6,3674,1619,StarWars,13,0,1,0.7070,1.0861,0.7214
fixF0_peakVoicing_tonal_db6,3674,3353,Hakuna,13,1,1,0.9031,0.6249,0.8202
fixF0_peakVoicing_tonal_db6,3674,4020,Hakuna,13,1,1,0.8458,0.8055,0.7362
fixF0_peakVoicing_tonal_db6,3677,0311,Potter,218,0,1,0.8224,2.3771,0.5320
fixF0_peakVoicing_tonal_db6,3677,0518,Potter,218,0,1,0.7286,2.1385,0.5969
fixF0_peakVoicing_tonal_db6,3677,0994,StarWars,218,0,1,0.8811,3.2339,0.2394
fixF0_peakVoicing_tonal_db6,3677,1220,StarWars,218,0,1,0.7688,2.9301,0.2354
fixF0_peakVoicing_tonal_db6,3677,3475,Hakuna,218,1,1,0.8894,0.7136,0.9528
fixF0_peakVoicing_tonal_db6,3677,3521,Hakuna,218,1,1,0.9112,0.8936,0.8518
fixF0_peakVoicing_tonal_db6,3681,0397,Potter,20,0,1,0.6986,1.9092,0.5990
fixF0_peakVoicing_tonal_db6,3681,0513,Potter,20,0,1,0.5848,1.6925,0.7211
fixF0_peakVoicing_tonal_db6,3681,1297,StarWars,20,0,1,0.6751,2.2193,0.3733
fixF0_peakVoicing_tonal_db6,3681,1582,StarWars,20,0,1,0.6209,1.7623,0.6550
fixF0_peakVoicing_tonal_db6,3681,3642,Hakuna,20,1,1,0.7383,0.7972,0.9176
fixF0_peakVoicing_tonal_db6,3681,3992,Hakuna,20,1,1,0.6968,0.9169,0.8938
fixF0_peakVoicing_tonal_db6,3684,0073,Potter,189,0,1,0.7039,1.9065,0.4790
fixF0_peakVoicing_tonal_db6,3684,0298,Potter,189,0,1,0.8174,1.8212,0.5089
fixF0_peakVoicing_tonal_db6,3684,1251,StarWars,189,0,1,0.8652,1.6085,0.4894
fixF0_peakVoicing_tonal_db6,3684,1497,StarWars,189,0,1,0.9025,1.6732,0.4359
fixF0_peakVoicing_tonal_db6,3684,3342,Hakuna,189,1,1,0.8635,0.9402,0.8439
fixF0_peakVoicing_tonal_db6,3685,0055,Potter,200,0,1,1.0747,2.2866,0.3800
fixF0_peakVoicing_tonal_db6,3685,0417,Potter,200,0,1,1.0202,2.4873,0.4155
fixF0_peakVoicing_tonal_db6,3685,1015,StarWars,200,0,1,1.0990,2.0795,0.4898
fixF0_peakVoicing_tonal_db6,3685,1626,StarWars,200,0,1,1.0343,2.3207,0.4635
fixF0_peakVoicing_tonal_db6,3685,3586,Hakuna,200,1,1,0.8162,1.1228,0.4453
fixF0_peakVoicing_tonal_db6,3685,3862,Hakuna,200,1,1,0.8929,1.2298,0.5066
fixF0_peakVoicing_tonal_db6,3698,0140,Potter,175,0,1,0.7850,3.2063,0.2613
fixF0_peakVoicing_tonal_db6,3698,0758,Potter,175,0,1,0.9388,2.6164,0.4261
fixF0_peakVoicing_tonal_db6,3698,1428,StarWars,175,0,1,0.8217,3.4085,0.4087
fixF0_peakVoicing_tonal_db6,3698,1599,StarWars,175,0,1,0.8654,2.1286,0.7274
fixF0_peakVoicing_tonal_db6,3703,0370,Potter,153,0,1,0.7261,1.3925,0.5753
fixF0_peakVoicing_tonal_db6,3703,0710,Potter,153,0,1,0.7598,1.5090,0.5767
fixF0_peakVoicing_tonal_db6,3703,0882,StarWars,153,0,1,0.7907,1.3815,0.6214
fixF0_peakVoicing_tonal_db6,3703,1138,StarWars,153,0,1,0.6784,1.4004,0.5445
fixF0_peakVoicing_tonal_db6,3703,3534,Hakuna,153,1,1,0.8272,1.4701,0.6276
fixF0_peakVoicing_tonal_db6,3703,3689,Hakuna,153,1,1,0.7472,1.5088,0.6164
fixF0_peakVoicing_tonal_db6,3713,0435,Potter,185,0,1,0.6405,1.4331,0.7211
fixF0_peakVoicing_tonal_db6,3713,0666,Potter,185,0,1,1.0716,1.5374,0.7052
fixF0_peakVoicing_tonal_db6,3713,1173,StarWars,185,0,1,1.0733,1.9409,0.4476
fixF0_peakVoicing_tonal_db6,3713,1575,StarWars,185,0,1,0.6300,1.9371,0.3297
fixF0_peakVoicing_tonal_db6,3713,3561,Hakuna,185,1,1,1.0105,1.0411,0.8984
fixF0_peakVoicing_tonal_db6,3713,3613,Hakuna,185,1,1,0.8237,0.9954,0.8863
fixF0_peakVoicing_tonal_db6,3714,0068,Potter,134,0,1,1.1905,1.5600,0.5406
fixF0_peakVoicing_tonal_db6,3714,0695,Potter,134,0,1,0.8027,1.7911,0.3135
fixF0_peakVoicing_tonal_db6,3714,1461,StarWars,134,0,1,0.7636,1.4453,0.6575
fixF0_peakVoicing_tonal_db6,3714,1589,StarWars,134,0,1,0.7449,1.9213,0.2676
fixF0_peakVoicing_tonal_db6,3714,3780,Hakuna,134,1,1,0.7721,1.6449,0.4762
fixF0_peakVoicing_tonal_db6,3714,3912,Hakuna,134,1,1,0.7670,1.6706,0.6048
fixF0_peakVoicing_tonal_db6,3721,0361,Potter,46,0,1,1.0676,1.4306,0.7798
fixF0_peakVoicing_tonal_db6,3721,0632,Potter,46,0,1,0.9965,1.3980,0.8001
fixF0_peakVoicing_tonal_db6,3721,0841,StarWars,46,0,1,0.9133,1.8525,0.7038
fixF0_peakVoicing_tonal_db6,3721,1237,StarWars,46,0,1,0.9844,2.0108,0.5836
fixF0_peakVoicing_tonal_db6,3721,3661,Hakuna,46,1,1,0.8406,0.4260,0.9791
fixF0_peakVoicing_tonal_db6,3721,4156,Hakuna,46,1,1,0.8700,0.3903,0.9822
fixF0_peakVoicing_tonal_db6,3726,0243,Potter,139,0,1,0.9848,1.2650,0.7070
fixF0_peakVoicing_tonal_db6,3726,0824,Potter,139,0,1,0.8693,1.2364,0.7215
fixF0_peakVoicing_tonal_db6,3726,0999,StarWars,139,0,1,0.8201,1.0101,0.8588
fixF0_peakVoicing_tonal_db6,3726,1240,StarWars,139,0,1,0.7633,1.5358,0.5533
fixF0_peakVoicing_tonal_db6,3726,3969,Hakuna,139,1,1,0.8011,0.7220,0.8979
fixF0_peakVoicing_tonal_db6,3726,4035,Hakuna,139,1,1,0.7652,0.9314,0.7688
fixF0_peakVoicing_tonal_db6,3727,0102,Potter,191,0,1,0.8753,1.3297,0.5758
fixF0_peakVoicing_tonal_db6,3727,0426,Potter,191,0,1,0.9366,1.3015,0.4712
fixF0_peakVoicing_tonal_db6,3727,0993,StarWars,191,0,1,0.9407,1.2334,0.6204
fixF0_peakVoicing_tonal_db6,3727,1506,StarWars,191,0,1,0.8998,1.2393,0.6081
fixF0_peakVoicing_tonal_db6,3727,3928,Hakuna,191,1,1,1.0389,0.9637,0.7845
fixF0_peakVoicing_tonal_db6,3727,3984,Hakuna,191,1,1,0.7975,1.0110,0.6780
fixF0_peakVoicing_tonal_db6,3730,0328,Potter,106,0,1,0.5915,1.5054,0.5646
fixF0_peakVoicing_tonal_db6,3730,0777,Potter,106,0,1,0.6634,1.5870,0.5373
fixF0_peakVoicing_tonal_db6,3730,1062,StarWars,106,0,1,0.6552,2.7634,0.4593
fixF0_peakVoicing_tonal_db6,3730,1581,StarWars,106,0,1,0.3775,2.1512,0.4881
fixF0_peakVoicing_tonal_db6,3730,3427,Hakuna,106,1,1,0.6242,3.2469,0.4217
fixF0_peakVoicing_tonal_db6,3730,4075,Hakuna,106,1,1,0.5686,2.7862,0.4452
fixF0_peakVoicing_tonal_db6,3735,0504,Potter,90,0,1,0.6588,1.6393,0.7050
fixF0_peakVoicing_tonal_db6,3735,0597,Potter,90,0,1,0.7036,1.7541,0.5111
fixF0_peakVoicing_tonal_db6,3735,0886,StarWars,90,0,1,0.7463,1.6063,0.5066
fixF0_peakVoicing_tonal_db6,3735,1075,StarWars,90,0,1,0.7974,1.5326,0.4403
fixF0_peakVoicing_tonal_db6,3735,3378,Hakuna,90,1,1,0.5608,1.5053,0.5855
fixF0_peakVoicing_tonal_db6,3735,3455,Hakuna,90,1,1,0.7196,1.9843,0.1517
fixF0_peakVoicing_tonal_db6,3738,0158,Potter,98,0,1,0.8137,2.2566,0.5105
fixF0_peakVoicing_tonal_db6,3738,0450,Potter,98,0,1,0.8017,3.2166,0.3236
fixF0_peakVoicing_tonal_db6,3738,0904,StarWars,98,0,1,0.4274,3.5214,0.4204
fixF0_peakVoicing_tonal_db6,3738,1654,StarWars,98,0,1,0.6889,2.9043,0.2883
fixF0_peakVoicing_tonal_db6,3738,3835,Hakuna,98,1,1,0.5726,2.2576,0.4255
fixF0_peakVoicing_tonal_db6,3738,3993,Hakuna,98,1,1,0.4393,3.8535,0.1804
fixF0_peakVoicing_tonal_db6,3739,0019,Potter,73,0,1,0.5635,2.3889,0.3682
fixF0_peakVoicing_tonal_db6,3739,0078,Potter,73,0,1,0.8193,2.0824,0.5433
fixF0_peakVoicing_tonal_db6,3739,1154,StarWars,73,0,1,0.6279,2.3929,0.3094
fixF0_peakVoicing_tonal_db6,3739,1359,StarWars,73,0,1,0.7406,2.1972,0.5126
fixF0_peakVoicing_tonal_db6,3739,3857,Hakuna,73,1,1,0.6655,2.5233,0.1086
fixF0_peakVoicing_tonal_db6,3740,0477,Potter,17,0,1,1.3268,1.6628,0.6778
fixF0_peakVoicing_tonal_db6,3740,0558,Potter,17,0,1,1.2597,1.6580,0.5985
fixF0_peakVoicing_tonal_db6,3740,1609,StarWars,17,0,1,1.2511,1.6846,0.6477
fixF0_peakVoicing_tonal_db6,3740,1620,StarWars,17,0,1,1.1645,1.6251,0.7371
fixF0_peakVoicing_tonal_db6,3740,3878,Hakuna,17,1,1,1.1732,1.3654,0.6951
fixF0_peakVoicing_tonal_db6,3740,4105,Hakuna,17,1,1,1.0931,1.2125,0.7160
fixF0_peakVoicing_tonal_db6,3742,0072,Potter,15,0,1,1.1923,1.9914,0.6388
fixF0_peakVoicing_tonal_db6,3742,0465,Potter,15,0,1,1.1883,2.2277,0.5292
fixF0_peakVoicing_tonal_db6,3742,0877,StarWars,15,0,1,1.2065,1.7904,0.6517
fixF0_peakVoicing_tonal_db6,3742,1633,StarWars,15,0,1,1.1680,2.8896,0.2387
fixF0_peakVoicing_tonal_db6,3742,3996,Hakuna,15,1,1,1.0445,0.6716,0.9470
fixF0_peakVoicing_tonal_db6,3742,4096,Hakuna,15,1,1,1.1194,0.6559,0.9470
fixF0_peakVoicing_tonal_db6,3743,0186,Potter,22,0,1,1.0857,1.7540,0.4663
fixF0_peakVoicing_tonal_db6,3743,1340,StarWars,22,0,1,1.0633,1.7865,0.4471
fixF0_peakVoicing_tonal_db6,3743,3791,Hakuna,22,1,1,1.1061,1.5261,0.6387
fixF0_peakVoicing_tonal_db6,3743,3834,Hakuna,22,1,1,1.1102,1.6280,0.5668
fixF0_peakVoicing_tonal_db6,3749,0158,Potter,98,0,1,0.8068,2.4218,0.4192
fixF0_peakVoicing_tonal_db6,3749,0450,Potter,98,0,1,0.7949,3.0640,0.4434
fixF0_peakVoicing_tonal_db6,3749,0904,StarWars,98,0,1,0.4237,3.5723,0.2395
fixF0_peakVoicing_tonal_db6,3749,1654,StarWars,98,0,1,0.6831,2.6101,0.5158
fixF0_peakVoicing_tonal_db6,3749,3835,Hakuna,98,1,1,0.5678,2.0854,0.6152
fixF0_peakVoicing_tonal_db6,3749,3993,Hakuna,98,1,1,0.4356,3.8797,0.2874
fixF0_peakVoicing_tonal_db6,3751,0187,Potter,214,0,1,0.9925,2.9664,0.4053
fixF0_peakVoicing_tonal_db6,3751,0702,Potter,214,0,1,1.1716,2.7377,0.4587
fixF0_peakVoicing_tonal_db6,3751,1540,StarWars,214,0,1,0.9384,2.3188,0.5764
fixF0_peakVoicing_tonal_db6,3751,1618,StarWars,214,0,1,1.1119,2.4673,0.5417
fixF0_peakVoicing_tonal_db6,3751,3941,Hakuna,214,1,1,1.0690,3.2096,0.4171
fixF0_peakVoicing_tonal_db6,3751,4078,Hakuna,214,1,1,1.0616,2.5932,0.6702
fixF0_peakVoicing_tonal_db6,3756,0425,Potter,5,0,1,1.0373,2.0657,0.5697
fixF0_peakVoicing_tonal_db6,3756,0528,Potter,5,0,1,1.0860,2.3226,0.4848
fixF0_peakVoicing_tonal_db6,3756,0854,StarWars,5,0,1,1.0828,1.6490,0.7461
fixF0_peakVoicing_tonal_db6,3756,1444,StarWars,5,0,1,1.1607,2.2965,0.4080
fixF0_peakVoicing_tonal_db6,3756,3606,Hakuna,5,1,1,0.8474,0.8758,0.9170
fixF0_peakVoicing_tonal_db6,3756,3860,Hakuna,5,1,1,0.9042,0.6510,0.9275
fixF0_peakVoicing_tonal_db6,3757,0680,Potter,123,0,1,1.0542,2.2407,0.3683
fixF0_peakVoicing_tonal_db6,3757,0835,Potter,123,0,1,1.0542,2.4758,0.3545
fixF0_peakVoicing_tonal_db6,3757,1196,StarWars,123,0,1,0.9336,2.1012,0.6788
fixF0_peakVoicing_tonal_db6,3757,1378,StarWars,123,0,1,0.9843,2.0071,0.7338
fixF0_peakVoicing_tonal_db6,3757,3567,Hakuna,123,1,1,0.7203,0.4053,0.9798
fixF0_peakVoicing_tonal_db6,3757,3787,Hakuna,123,1,1,0.8077,0.3503,0.9824
fixF0_peakVoicing_tonal_db6,3758,0198,Potter,67,0,1,1.3914,2.5111,0.5466
fixF0_peakVoicing_tonal_db6,3758,0369,Potter,67,0,1,1.2053,1.7800,0.7162
fixF0_peakVoicing_tonal_db6,3758,1298,StarWars,67,0,1,1.2840,2.1788,0.5682
fixF0_peakVoicing_tonal_db6,3758,1326,StarWars,67,0,1,1.1981,2.0744,0.7186
fixF0_peakVoicing_tonal_db6,3758,3412,Hakuna,67,1,1,0.9093,0.9101,0.9068
fixF0_peakVoicing_tonal_db6,3758,3447,Hakuna,67,1,1,0.9403,0.7318,0.9423
fixF0_peakVoicing_tonal_db6,3770,0326,Potter,23,0,1,1.0175,1.6945,0.6934
fixF0_peakVoicing_tonal_db6,3770,0682,Potter,23,0,1,0.7680,1.5693,0.6186
fixF0_peakVoicing_tonal_db6,3770,1335,StarWars,23,0,1,0.9045,1.8417,0.4059
fixF0_peakVoicing_tonal_db6,3770,1448,StarWars,23,0,1,0.8265,2.1935,0.2598
fixF0_peakVoicing_tonal_db6,3771,0087,Potter,43,0,1,0.8425,2.5592,0.2757
fixF0_peakVoicing_tonal_db6,3771,0212,Potter,43,0,1,0.8661,2.9932,0.1389
fixF0_peakVoicing_tonal_db6,3771,1314,StarWars,43,0,1,0.9606,2.8846,0.3563
fixF0_peakVoicing_tonal_db6,3771,1490,StarWars,43,0,1,0.9311,2.5643,0.3547
fixF0_peakVoicing_tonal_db6,3771,3478,Hakuna,43,1,1,0.8268,0.9791,0.7996
fixF0_peakVoicing_tonal_db6,3771,3825,Hakuna,43,1,1,0.7874,0.9102,0.8087
fixF0_peakVoicing_tonal_db6,3775,0377,Potter,234,0,1,0.8542,1.3654,0.7962
fixF0_peakVoicing_tonal_db6,3775,0406,Potter,234,0,1,0.9451,1.6197,0.7191
fixF0_peakVoicing_tonal_db6,3775,0906,StarWars,234,0,1,0.9508,1.7588,0.7005
fixF0_peakVoicing_tonal_db6,3775,3484,Hakuna,234,1,1,0.8163,0.9156,0.9131
fixF0_peakVoicing_tonal_db6,3775,3975,Hakuna,234,1,1,0.8731,1.0262,0.8687
fixF0_peakVoicing_tonal_db6,3777,3474,Hakuna,82,1,1,0.6444,1.6934,0.4638
fixF0_peakVoicing_tonal_db6,3777,3654,Hakuna,82,1,1,0.6917,1.6822,0.5388
fixF0_peakVoicing_tonal_db6,3779,0243,Potter,139,0,1,1.1556,1.5698,0.5332
fixF0_peakVoicing_tonal_db6,3779,0824,Potter,139,0,1,1.0200,1.4810,0.5503
fixF0_peakVoicing_tonal_db6,3779,0999,StarWars,139,0,1,0.9622,1.3098,0.7174
fixF0_peakVoicing_tonal_db6,3779,1240,StarWars,139,0,1,0.8956,1.0840,0.8090
fixF0_peakVoicing_tonal_db6,3779,3969,Hakuna,139,1,1,0.9400,0.8079,0.7797
fixF0_peakVoicing_tonal_db6,3779,4035,Hakuna,139,1,1,0.8978,0.7953,0.8078
fixF0_peakVoicing_tonal_db6,3788,0136,Potter,144,0,1,0.6946,1.2217,0.5926
fixF0_peakVoicing_tonal_db6,3788,0330,Potter,144,0,1,0.6879,1.5300,0.3526
fixF0_peakVoicing_tonal_db6,3788,1216,StarWars,144,0,1,0.6678,1.1866,0.2429
fixF0_peakVoicing_tonal_db6,3788,1421,StarWars,144,0,1,0.7013,1.0590,0.5091
fixF0_peakVoicing_tonal_db6,3788,3420,Hakuna,144,1,1,0.6376,1.0467,0.4445
fixF0_peakVoicing_tonal_db6,3788,3673,Hakuna,144,1,1,0.6326,1.3310,0.1903
fixF0_peakVoicing_tonal_db6,3792,0408,Potter,145,0,1,1.0188,3.1425,0.4516
fixF0_peakVoicing_tonal_db6,3792,0619,Potter,145,0,1,1.0890,1.7867,0.7305
fixF0_peakVoicing_tonal_db6,3792,0956,StarWars,145,0,1,1.2312,2.5231,0.4799
fixF0_peakVoicing_tonal_db6,3792,1199,StarWars,145,0,1,1.2449,2.5776,0.5010
fixF0_peakVoicing_tonal_db6,3792,3712,Hakuna,145,1,1,1.0514,0.5648,0.9213
fixF0_peakVoicing_tonal_db6,3792,3793,Hakuna,145,1,1,1.1233,0.4990,0.9610
fixF0_peakVoicing_tonal_db6,3797,0288,Potter,208,0,1,1.2576,0.8563,0.1002
fixF0_peakVoicing_tonal_db6,3797,0482,Potter,208,0,1,1.2273,0.9528,-0.0112
fixF0_peakVoicing_tonal_db6,3797,1399,StarWars,208,0,1,0.6995,1.7241,-0.0553
fixF0_peakVoicing_tonal_db6,3797,1436,StarWars,208,0,1,0.3283,1.0099,0.0409
fixF0_peakVoicing_tonal_db6,3797,3519,Hakuna,208,1,1,0.8232,0.7509,0.5928
fixF0_peakVoicing_tonal_db6,3798,0019,Potter,73,0,1,0.6213,1.4186,0.5664
fixF0_peakVoicing_tonal_db6,3798,0078,Potter,73,0,1,0.9034,1.4093,0.5607
fixF0_peakVoicing_tonal_db6,3798,1154,StarWars,73,0,1,0.6923,1.3495,0.4172
fixF0_peakVoicing_tonal_db6,3798,1359,StarWars,73,0,1,0.8166,1.3942,0.4715
fixF0_peakVoicing_tonal_db6,3798,3857,Hakuna,73,1,1,0.7337,1.4248,0.3403
fixF0_peakVoicing_tonal_db6,3800,0081,Potter,49,0,1,0.8471,1.8003,0.7763
fixF0_peakVoicing_tonal_db6,3800,0423,Potter,49,0,1,0.9549,1.9134,0.6657
fixF0_peakVoicing_tonal_db6,3800,1420,StarWars,49,0,1,0.9863,1.3870,0.8211
fixF0_peakVoicing_tonal_db6,3800,3920,Hakuna,49,1,1,0.9412,0.7329,0.9310
fixF0_peakVoicing_tonal_db6,3800,4138,Hakuna,49,1,1,0.9294,0.6902,0.9548
fixF0_peakVoicing_tonal_db6,3801,0616,Potter,71,0,1,0.4482,2.3135,0.5570
fixF0_peakVoicing_tonal_db6,3801,0753,Potter,71,0,1,0.4808,1.8302,0.7789
fixF0_peakVoicing_tonal_db6,3801,1170,StarWars,71,0,1,0.1805,1.8911,0.6029
fixF0_peakVoicing_tonal_db6,3801,1327,StarWars,71,0,1,0.1612,2.0485,0.5251
fixF0_peakVoicing_tonal_db6,3801,3542,Hakuna,71,1,1,0.2382,1.8912,0.6996
fixF0_peakVoicing_tonal_db6,3801,3755,Hakuna,71,1,1,0.2441,1.7539,0.6899
fixF0_peakVoicing_tonal_db6,3809,0010,Potter,92,0,1,0.9756,1.6852,0.7116
fixF0_peakVoicing_tonal_db6,3809,0232,Potter,92,0,1,0.9122,2.3136,0.4997
fixF0_peakVoicing_tonal_db6,3809,0893,StarWars,92,0,1,0.8667,1.9705,0.6055
fixF0_peakVoicing_tonal_db6,3809,0922,StarWars,92,0,1,0.9398,2.4527,0.5574
fixF0_peakVoicing_tonal_db6,3809,4028,Hakuna,92,1,1,0.8959,0.7182,0.9445
fixF0_peakVoicing_tonal_db6,3811,0504,Potter,90,0,1,0.9952,1.2103,0.7960
fixF0_peakVoicing_tonal_db6,3811,0597,Potter,90,0,1,1.0628,1.4386,0.5642
fixF0_peakVoicing_tonal_db6,3811,0886,StarWars,90,0,1,1.1272,2.0225,0.4053
fixF0_peakVoicing_tonal_db6,3811,1075,StarWars,90,0,1,1.2045,2.0486,0.2938
fixF0_peakVoicing_tonal_db6,3811,3378,Hakuna,90,1,1,0.8470,1.4086,0.6479
fixF0_peakVoicing_tonal_db6,3811,3455,Hakuna,90,1,1,1.0870,2.4674,0.0878
fixF0_peakVoicing_tonal_db6,3815,0111,Potter,100,0,1,1.1392,0.7613,0.4073
fixF0_peakVoicing_tonal_db6,3815,0407,Potter,100,0,1,0.8711,0.9206,0.1857
fixF0_peakVoicing_tonal_db6,3815,1040,StarWars,100,0,1,1.1632,0.6243,0.5853
fixF0_peakVoicing_tonal_db6,3815,1344,StarWars,100,0,1,0.6546,0.7129,0.4029
fixF0_peakVoicing_tonal_db6,3815,3448,Hakuna,100,1,1,0.7938,0.8147,0.3322
fixF0_peakVoicing_tonal_db6,3815,4068,Hakuna,100,1,1,0.8969,0.6264,0.5547
fixF0_peakVoicing_tonal_db6,3816,0087,Potter,43,0,1,0.8699,1.9951,0.3996
fixF0_peakVoicing_tonal_db6,3816,0212,Potter,43,0,1,0.8943,2.5095,0.3149
fixF0_peakVoicing_tonal_db6,3816,1314,StarWars,43,0,1,0.9919,2.2144,0.3946
fixF0_peakVoicing_tonal_db6,3816,1490,StarWars,43,0,1,0.9614,2.0591,0.4242
fixF0_peakVoicing_tonal_db6,3816,3478,Hakuna,43,1,1,0.8537,0.7207,0.7372
fixF0_peakVoicing_tonal_db6,3816,3825,Hakuna,43,1,1,0.8130,0.7402,0.8038
fixF0_peakVoicing_tonal_db6,3818,0194,Potter,169,0,1,0.7412,2.4473,0.3425
fixF0_peakVoicing_tonal_db6,3818,0728,Potter,169,0,1,0.7817,2.4618,0.1747
fixF0_peakVoicing_tonal_db6,3818,0848,StarWars,169,0,1,0.8151,2.2986,0.3170
fixF0_peakVoicing_tonal_db6,3818,1533,StarWars,169,0,1,0.7711,2.2393,0.4197
fixF0_peakVoicing_tonal_db6,3818,3399,Hakuna,169,1,1,0.8187,2.2345,0.4321
fixF0_peakVoicing_tonal_db6,3818,3605,Hakuna,169,1,1,0.7430,2.1412,0.5181
fixF0_peakVoicing_tonal_db6,3819,0140,Potter,175,0,1,0.8821,3.6295,0.3849
fixF0_peakVoicing_tonal_db6,3819,0758,Potter,175,0,1,1.0550,3.5068,0.3350
fixF0_peakVoicing_tonal_db6,3819,1428,StarWars,175,0,1,0.9234,3.3410,0.4946
fixF0_peakVoicing_tonal_db6,3819,1599,StarWars,175,0,1,0.9725,3.0790,0.5297
fixF0_peakVoicing_tonal_db6,3821,0756,Potter,219,0,1,0.7721,1.5387,0.2267
fixF0_peakVoicing_tonal_db6,3821,0805,Potter,219,0,1,1.0313,1.5821,0.2110
fixF0_peakVoicing_tonal_db6,3821,0988,StarWars,219,0,1,1.1026,1.3601,0.4863
fixF0_peakVoicing_tonal_db6,3821,1255,StarWars,219,0,1,1.0114,1.3791,0.5478
fixF0_peakVoicing_tonal_db6,3821,3355,Hakuna,219,1,1,0.9573,1.7997,0.0428
fixF0_peakVoicing_tonal_db6,3821,3635,Hakuna,219,1,1,1.1368,1.5971,0.0918
fixF0_peakVoicing_tonal_db6,3826,0762,Potter,69,0,1,0.8430,1.2280,0.3931
fixF0_peakVoicing_tonal_db6,3826,0771,Potter,69,0,1,1.4896,1.2602,0.1399
fixF0_peakVoicing_tonal_db6,3826,1323,StarWars,69,0,1,1.0716,2.8912,0.4585
fixF0_peakVoicing_tonal_db6,3826,1496,StarWars,69,0,1,0.8268,1.9549,0.3814
fixF0_peakVoicing_tonal_db6,3826,3410,Hakuna,69,1,1,1.0323,3.6084,0.2632
fixF0_peakVoicing_tonal_db6,3826,3782,Hakuna,69,1,1,0.9192,6.7849,0.3335
fixF0_peakVoicing_tonal_db6,3831,0286,Potter,47,0,1,0.7225,1.3177,0.7110
fixF0_peakVoicing_tonal_db6,3831,0443,Potter,47,0,1,0.6102,1.2362,0.6730
fixF0_peakVoicing_tonal_db6,3831,1258,StarWars,47,0,1,0.8432,1.6173,0.5104
fixF0_peakVoicing_tonal_db6,3831,1300,StarWars,47,0,1,0.6017,1.5276,0.6213
fixF0_peakVoicing_tonal_db6,3831,4019,Hakuna,47,1,1,0.8919,1.2271,0.5927
fixF0_peakVoicing_tonal_db6,3831,4044,Hakuna,47,1,1,0.9534,1.0853,0.7440
fixF0_peakVoicing_tonal_db6,3832,0427,Potter,174,0,1,0.7312,1.4920,0.7616
fixF0_peakVoicing_tonal_db6,3832,0577,Potter,174,0,1,0.7984,1.9567,0.5336
fixF0_peakVoicing_tonal_db6,3832,1403,StarWars,174,0,1,0.6484,2.0824,0.5333
fixF0_peakVoicing_tonal_db6,3832,1502,StarWars,174,0,1,0.8516,2.0873,0.5054
fixF0_peakVoicing_tonal_db6,3832,3424,Hakuna,174,1,1,0.6766,1.1966,0.8778
fixF0_peakVoicing_tonal_db6,3832,4122,Hakuna,174,1,1,0.5328,1.4003,0.6448
fixF0_peakVoicing_tonal_db6,3833,0044,Potter,217,0,1,1.1223,1.4506,0.7820
fixF0_peakVoicing_tonal_db6,3833,0101,Potter,217,0,1,1.1390,1.5349,0.8190
fixF0_peakVoicing_tonal_db6,3833,1131,StarWars,217,0,1,1.1307,1.8989,0.5854
fixF0_peakVoicing_tonal_db6,3833,1509,StarWars,217,0,1,1.2546,1.9189,0.5092
fixF0_peakVoicing_tonal_db6,3833,3701,Hakuna,217,1,1,0.9816,0.9564,0.7548
fixF0_peakVoicing_tonal_db6,3833,4103,Hakuna,217,1,1,0.9497,0.8875,0.8922
fixF0_peakVoicing_tonal_db6,3850,0649,Potter,197,0,1,0.9194,1.5040,0.7372
fixF0_peakVoicing_tonal_db6,3850,0688,Potter,197,0,1,1.0295,1.5441,0.7619
fixF0_peakVoicing_tonal_db6,3850,0921,StarWars,197,0,1,0.9764,2.0144,0.5135
fixF0_peakVoicing_tonal_db6,3850,1322,StarWars,197,0,1,0.7603,1.8430,0.7417
fixF0_peakVoicing_tonal_db6,3850,3512,Hakuna,197,1,1,0.8861,0.4941,0.9438
fixF0_peakVoicing_tonal_db6,3850,3851,Hakuna,197,1,1,0.8998,0.3712,0.9796
fixF0_peakVoicing_tonal_db6,3853,0145,Potter,141,0,1,0.7581,1.9463,0.4529
fixF0_peakVoicing_tonal_db6,3853,0620,Potter,141,0,1,0.4629,1.4281,0.5406
fixF0_peakVoicing_tonal_db6,3853,1636,StarWars,141,0,1,0.8057,1.6418,0.1683
fixF0_peakVoicing_tonal_db6,3853,1652,StarWars,141,0,1,0.7524,1.5787,0.2132
fixF0_peakVoicing_tonal_db6,3853,3687,Hakuna,141,1,1,0.7429,1.2592,0.7054
fixF0_peakVoicing_tonal_db6,3853,3895,Hakuna,141,1,1,0.7390,1.1111,0.7478
fixF0_peakVoicing_tonal_db6,3859,3474,Hakuna,82,1,1,0.6523,1.4954,0.4678
fixF0_peakVoicing_tonal_db6,3859,3654,Hakuna,82,1,1,0.7002,1.4547,0.5395
fixF0_peakVoicing_tonal_db6,3864,0553,Potter,0,0,1,0.8824,2.0617,0.4743
fixF0_peakVoicing_tonal_db6,3864,0590,Potter,0,0,1,0.9594,1.6460,0.5503
fixF0_peakVoicing_tonal_db6,3864,0915,StarWars,0,0,1,0.6226,1.4331,0.6784
fixF0_peakVoicing_tonal_db6,3864,1140,StarWars,0,0,1,0.5820,1.9399,0.5489
fixF0_peakVoicing_tonal_db6,3864,3690,Hakuna,0,1,1,0.8229,1.4286,0.4685
fixF0_peakVoicing_tonal_db6,3864,4031,Hakuna,0,1,1,0.8287,1.2423,0.6362
fixF0_peakVoicing_tonal_db6,3871,0186,Potter,22,0,1,0.9094,1.4062,0.7175
fixF0_peakVoicing_tonal_db6,3871,1340,StarWars,22,0,1,0.8906,1.4810,0.6118
fixF0_peakVoicing_tonal_db6,3871,3791,Hakuna,22,1,1,0.9265,1.7019,0.3153
fixF0_peakVoicing_tonal_db6,3871,3834,Hakuna,22,1,1,0.9299,1.6135,0.4170
fixF0_peakVoicing_tonal_db6,3873,0229,Potter,230,0,1,1.1141,2.5030,0.3953
fixF0_peakVoicing_tonal_db6,3873,0245,Potter,230,0,1,0.9161,2.5005,0.5551
fixF0_peakVoicing_tonal_db6,3873,1010,StarWars,230,0,1,1.0336,1.4578,0.7965
fixF0_peakVoicing_tonal_db6,3873,1048,StarWars,230,0,1,1.0906,1.8882,0.7378
fixF0_peakVoicing_tonal_db6,3873,3670,Hakuna,230,1,1,0.8624,0.7099,0.9027
fixF0_peakVoicing_tonal_db6,3873,3702,Hakuna,230,1,1,0.8523,0.5869,0.9412
fixF0_peakVoicing_tonal_db6,3874,0081,Potter,49,0,1,0.7372,1.9928,0.6717
fixF0_peakVoicing_tonal_db6,3874,0423,Potter,49,0,1,0.8311,1.9111,0.6246
fixF0_peakVoicing_tonal_db6,3874,1420,StarWars,49,0,1,0.8584,1.3310,0.7393
fixF0_peakVoicing_tonal_db6,3874,3920,Hakuna,49,1,1,0.8191,0.8757,0.9120
fixF0_peakVoicing_tonal_db6,3874,4138,Hakuna,49,1,1,0.8089,1.0884,0.8747
fixF0_peakVoicing_tonal_db6,3875,0787,Potter,136,0,1,1.0326,1.7757,0.3634
fixF0_peakVoicing_tonal_db6,3875,0837,Potter,136,0,1,1.0292,1.7681,0.1974
fixF0_peakVoicing_tonal_db6,3875,1004,StarWars,136,0,1,0.9467,1.3905,0.6643
fixF0_peakVoicing_tonal_db6,3875,1042,StarWars,136,0,1,1.1186,1.3593,0.7088
fixF0_peakVoicing_tonal_db6,3875,3526,Hakuna,136,1,1,1.1100,1.6609,0.4483
fixF0_peakVoicing_tonal_db6,3875,3943,Hakuna,136,1,1,1.1100,1.6596,0.4475
fixF0_peakVoicing_tonal_db6,3888,0508,Potter,120,0,1,1.5114,2.3268,0.3524
fixF0_peakVoicing_tonal_db6,3888,0559,Potter,120,0,1,1.4500,2.2435,0.4533
fixF0_peakVoicing_tonal_db6,3888,0878,StarWars,120,0,1,1.2341,2.8224,0.1227
fixF0_peakVoicing_tonal_db6,3888,1449,StarWars,120,0,1,1.2477,2.3079,0.1624
fixF0_peakVoicing_tonal_db6,3888,3503,Hakuna,120,1,1,0.8545,0.5810,0.7969
fixF0_peakVoicing_tonal_db6,3888,3549,Hakuna,120,1,1,0.9409,0.7614,0.5041
fixF0_peakVoicing_tonal_db6,3892,0008,Potter,213,0,1,1.0763,1.7192,0.8312
fixF0_peakVoicing_tonal_db6,3892,0681,Potter,213,0,1,1.0361,1.5703,0.8682
fixF0_peakVoicing_tonal_db6,3892,0860,StarWars,213,0,1,1.0482,3.0377,0.7608
fixF0_peakVoicing_tonal_db6,3892,1317,StarWars,213,0,1,0.9980,2.5418,0.7691
fixF0_peakVoicing_tonal_db6,3892,3548,Hakuna,213,1,1,0.8012,0.5077,0.9686
fixF0_peakVoicing_tonal_db6,3892,3720,Hakuna,213,1,1,0.8655,0.5113,0.9604
fixF0_peakVoicing_tonal_db6,3900,0787,Potter,136,0,1,1.0326,1.7756,0.3634
fixF0_peakVoicing_tonal_db6,3900,0837,Potter,136,0,1,1.0292,1.7679,0.1974
fixF0_peakVoicing_tonal_db6,3900,1004,StarWars,136,0,1,0.9467,1.3903,0.6644
fixF0_peakVoicing_tonal_db6,3900,1042,StarWars,136,0,1,1.1186,1.3583,0.7090
fixF0_peakVoicing_tonal_db6,3900,3526,Hakuna,136,1,1,1.1100,1.6607,0.4482
fixF0_peakVoicing_tonal_db6,3900,3943,Hakuna,136,1,1,1.1100,1.6594,0.4475
fixF0_peakVoicing_tonal_db6,3902,0538,Potter,16,0,1,0.2546,1.5494,0.3902
fixF0_peakVoicing_tonal_db6,3902,0797,Potter,16,0,1,0.2156,1.3399,0.3982
fixF0_peakVoicing_tonal_db6,3902,1261,StarWars,16,0,1,0.2064,2.0508,0.3145
fixF0_peakVoicing_tonal_db6,3902,1522,StarWars,16,0,1,0.1239,1.5673,-0.0980
fixF0_peakVoicing_tonal_db6,3902,3846,Hakuna,16,1,1,1.1697,0.7240,0.4770
fixF0_peakVoicing_tonal_db6,3902,4150,Hakuna,16,1,1,1.1560,0.7268,0.7550
fixF0_peakVoicing_tonal_db6,3903,0673,Potter,89,0,1,0.5563,1.8181,0.4234
fixF0_peakVoicing_tonal_db6,3903,3769,Hakuna,89,1,1,0.9003,2.8243,0.4285
fixF0_peakVoicing_tonal_db6,3903,4107,Hakuna,89,1,1,0.7412,2.2265,0.3539
fixF0_peakVoicing_tonal_db6,3908,0418,Potter,111,0,1,0.9743,3.5686,0.1154
fixF0_peakVoicing_tonal_db6,3908,0454,Potter,111,0,1,0.6827,3.0461,0.4672
fixF0_peakVoicing_tonal_db6,3908,0940,StarWars,111,0,1,0.5472,1.8768,0.4662
fixF0_peakVoicing_tonal_db6,3908,1398,StarWars,111,0,1,0.5437,2.4421,0.7103
fixF0_peakVoicing_tonal_db6,3908,4091,Hakuna,111,1,1,0.7599,1.8806,0.5772
fixF0_peakVoicing_tonal_db6,3908,4133,Hakuna,111,1,1,0.6175,2.8796,0.2456
fixF0_peakVoicing_tonal_db6,3911,0038,Potter,207,0,1,1.1383,2.9206,0.2395
fixF0_peakVoicing_tonal_db6,3911,0672,Potter,207,0,1,1.1252,2.0898,0.6058
fixF0_peakVoicing_tonal_db6,3911,1206,StarWars,207,0,1,0.9402,2.4121,0.4295
fixF0_peakVoicing_tonal_db6,3911,1265,StarWars,207,0,1,0.8991,2.3585,0.5425
fixF0_peakVoicing_tonal_db6,3911,3446,Hakuna,207,1,1,0.9776,0.4065,0.9100
fixF0_peakVoicing_tonal_db6,3911,3565,Hakuna,207,1,1,0.9383,0.3979,0.9833
fixF0_peakVoicing_tonal_db6,3922,0997,StarWars,135,0,1,0.8272,1.9846,0.4303
fixF0_peakVoicing_tonal_db6,3922,1195,StarWars,135,0,1,0.9945,2.1902,0.4288
fixF0_peakVoicing_tonal_db6,3922,3501,Hakuna,135,1,1,0.6029,1.1587,0.4729
fixF0_peakVoicing_tonal_db6,3922,4070,Hakuna,135,1,1,0.7960,1.1941,0.2723
fixF0_peakVoicing_tonal_db6,3923,0708,Potter,9,0,1,0.7932,1.7634,0.6044
fixF0_peakVoicing_tonal_db6,3923,0757,Potter,9,0,1,0.9515,1.6255,0.6319
fixF0_peakVoicing_tonal_db6,3923,1280,StarWars,9,0,1,0.6181,1.9606,0.6232
fixF0_peakVoicing_tonal_db6,3923,1463,StarWars,9,0,1,0.6709,2.3621,0.4747
fixF0_peakVoicing_tonal_db6,3923,3431,Hakuna,9,1,1,0.3544,1.6979,0.5484
fixF0_peakVoicing_tonal_db6,3923,3525,Hakuna,9,1,1,0.4135,1.8003,0.5292
fixF0_peakVoicing_tonal_db6,3925,0004,Potter,160,0,1,0.7758,2.5583,0.3975
fixF0_peakVoicing_tonal_db6,3925,0517,Potter,160,0,1,0.6491,2.4818,0.4931
fixF0_peakVoicing_tonal_db6,3925,1390,StarWars,160,0,1,0.8772,2.4866,0.4677
fixF0_peakVoicing_tonal_db6,3925,1641,StarWars,160,0,1,0.8577,2.5989,0.3551
fixF0_peakVoicing_tonal_db6,3925,3786,Hakuna,160,1,1,0.7154,2.3065,0.5897
fixF0_peakVoicing_tonal_db6,3925,3994,Hakuna,160,1,1,0.7057,2.0749,0.6739
fixF0_peakVoicing_tonal_db6,3927,0371,Potter,52,0,1,1.2346,2.0930,0.4613
fixF0_peakVoicing_tonal_db6,3927,0529,Potter,52,0,1,1.0024,2.4102,0.3446
fixF0_peakVoicing_tonal_db6,3927,0954,StarWars,52,0,1,1.0758,1.7106,0.6629
fixF0_peakVoicing_tonal_db6,3927,1331,StarWars,52,0,1,1.0355,2.0404,0.6638
fixF0_peakVoicing_tonal_db6,3927,3349,Hakuna,52,1,1,0.9242,0.6405,0.9310
fixF0_peakVoicing_tonal_db6,3927,3915,Hakuna,52,1,1,0.9858,0.7368,0.9153
fixF0_peakVoicing_tonal_db6,3932,0356,Potter,196,0,1,0.8766,1.9202,0.5735
fixF0_peakVoicing_tonal_db6,3932,0686,Potter,196,0,1,0.8043,2.2170,0.4987
fixF0_peakVoicing_tonal_db6,3932,0907,StarWars,196,0,1,0.7787,2.1417,0.6033
fixF0_peakVoicing_tonal_db6,3932,1611,StarWars,196,0,1,0.7574,1.8790,0.6452
fixF0_peakVoicing_tonal_db6,3932,4056,Hakuna,196,1,1,0.8043,0.6727,0.6594
fixF0_peakVoicing_tonal_db6,3932,4082,Hakuna,196,1,1,0.8468,0.5224,0.9261
fixF0_peakVoicing_tonal_db6,3933,0613,Potter,137,0,1,0.8100,1.5064,0.7239
fixF0_peakVoicing_tonal_db6,3933,0788,Potter,137,0,1,0.7472,1.9205,0.6823
fixF0_peakVoicing_tonal_db6,3933,1163,StarWars,137,0,1,0.8469,1.9383,0.6309
fixF0_peakVoicing_tonal_db6,3933,1177,StarWars,137,0,1,0.8893,2.0968,0.6314
fixF0_peakVoicing_tonal_db6,3933,3594,Hakuna,137,1,1,0.9705,1.2416,0.7683
fixF0_peakVoicing_tonal_db6,3933,3944,Hakuna,137,1,1,0.8856,1.0021,0.8944
fixF0_peakVoicing_tonal_db6,3937,0437,Potter,40,0,1,0.9490,1.9700,0.6544
fixF0_peakVoicing_tonal_db6,3937,0502,Potter,40,0,1,0.7410,2.3453,0.5224
fixF0_peakVoicing_tonal_db6,3937,0892,StarWars,40,0,1,0.7637,2.7759,0.2094
fixF0_peakVoicing_tonal_db6,3937,1600,StarWars,40,0,1,0.7391,2.8024,0.2960
fixF0_peakVoicing_tonal_db6,3937,3966,Hakuna,40,1,1,0.7826,0.9484,0.8277
fixF0_peakVoicing_tonal_db6,3937,4094,Hakuna,40,1,1,0.7108,0.9637,0.7888
fixF0_peakVoicing_tonal_db6,3939,0279,Potter,223,0,1,0.9983,1.6879,0.5136
fixF0_peakVoicing_tonal_db6,3939,0609,Potter,223,0,1,0.9967,1.8390,0.4339
fixF0_peakVoicing_tonal_db6,3939,1197,StarWars,223,0,1,0.8047,1.8716,0.5470
fixF0_peakVoicing_tonal_db6,3939,3343,Hakuna,223,1,1,0.7696,0.7632,0.9336
fixF0_peakVoicing_tonal_db6,3939,4153,Hakuna,223,1,1,0.7713,0.8829,0.8963
fixF0_peakVoicing_tonal_db6,3948,0072,Potter,15,0,1,1.2559,1.9932,0.6476
fixF0_peakVoicing_tonal_db6,3948,0465,Potter,15,0,1,1.2516,2.0955,0.5960
fixF0_peakVoicing_tonal_db6,3948,0877,StarWars,15,0,1,1.2708,1.8454,0.6865
fixF0_peakVoicing_tonal_db6,3948,1633,StarWars,15,0,1,1.2303,3.1195,0.1466
fixF0_peakVoicing_tonal_db6,3948,3996,Hakuna,15,1,1,1.1002,0.6273,0.9545
fixF0_peakVoicing_tonal_db6,3948,4096,Hakuna,15,1,1,1.1791,0.6053,0.9609
fixF0_peakVoicing_tonal_db6,3951,0076,Potter,30,0,1,0.7205,2.1354,0.4144
fixF0_peakVoicing_tonal_db6,3951,0151,Potter,30,0,1,0.8090,1.7873,0.6114
fixF0_peakVoicing_tonal_db6,3951,1101,StarWars,30,0,1,0.9653,2.1226,0.6188
fixF0_peakVoicing_tonal_db6,3951,1369,StarWars,30,0,1,0.8958,2.1899,0.3897
fixF0_peakVoicing_tonal_db6,3951,3443,Hakuna,30,1,1,0.7552,1.1780,0.8275
fixF0_peakVoicing_tonal_db6,3951,3694,Hakuna,30,1,1,0.7014,1.7462,0.5306
fixF0_peakVoicing_tonal_db6,3955,3332,Hakuna,6,1,1,0.9831,0.7355,0.9268
fixF0_peakVoicing_tonal_db6,3957,0699,Potter,154,0,1,0.4632,1.8656,0.5610
fixF0_peakVoicing_tonal_db6,3957,0790,Potter,154,0,1,0.5333,2.2763,0.3237
fixF0_peakVoicing_tonal_db6,3957,1008,StarWars,154,0,1,0.2769,1.9299,0.5525
fixF0_peakVoicing_tonal_db6,3957,1152,StarWars,154,0,1,0.3829,1.6894,0.5481
fixF0_peakVoicing_tonal_db6,3957,3375,Hakuna,154,1,1,0.4684,1.3132,0.7623
fixF0_peakVoicing_tonal_db6,3957,3762,Hakuna,154,1,1,0.6684,2.0462,0.4040
fixF0_peakVoicing_tonal_db6,3963,0633,Potter,231,0,1,0.5538,1.1581,0.8350
fixF0_peakVoicing_tonal_db6,3963,0803,Potter,231,0,1,0.7129,1.0826,0.8486
fixF0_peakVoicing_tonal_db6,3963,1150,StarWars,231,0,1,0.7582,1.7435,0.5937
fixF0_peakVoicing_tonal_db6,3963,1605,StarWars,231,0,1,0.8112,1.7823,0.6306
fixF0_peakVoicing_tonal_db6,3963,4049,Hakuna,231,1,1,0.8175,0.3122,0.9853
fixF0_peakVoicing_tonal_db6,3963,4112,Hakuna,231,1,1,0.8378,0.3145,0.9864
fixF0_peakVoicing_tonal_db6,3964,0623,Potter,10,0,1,1.0935,1.0908,0.7991
fixF0_peakVoicing_tonal_db6,3964,0830,Potter,10,0,1,1.0045,1.3313,0.6838
fixF0_peakVoicing_tonal_db6,3964,1176,StarWars,10,0,1,1.0980,1.1923,0.6829
fixF0_peakVoicing_tonal_db6,3964,1321,StarWars,10,0,1,1.0445,1.3302,0.6744
fixF0_peakVoicing_tonal_db6,3964,3717,Hakuna,10,1,1,1.0178,1.4896,0.7079
fixF0_peakVoicing_tonal_db6,3964,3891,Hakuna,10,1,1,0.8129,1.4033,0.5627
fixF0_peakVoicing_tonal_db6,3968,0713,Potter,3,0,1,0.4377,1.2499,0.8272
fixF0_peakVoicing_tonal_db6,3968,0748,Potter,3,0,1,0.3866,2.0563,0.4296
fixF0_peakVoicing_tonal_db6,3968,0974,StarWars,3,0,1,0.5096,1.9387,0.4099
fixF0_peakVoicing_tonal_db6,3970,0075,Potter,55,0,1,0.7831,1.5504,0.6513
fixF0_peakVoicing_tonal_db6,3970,0785,Potter,55,0,1,0.7319,1.5543,0.6535
fixF0_peakVoicing_tonal_db6,3970,1160,StarWars,55,0,1,0.6578,1.4210,0.6896
fixF0_peakVoicing_tonal_db6,3970,1648,StarWars,55,0,1,0.9559,1.1098,0.7767
fixF0_peakVoicing_tonal_db6,3970,3887,Hakuna,55,1,1,0.8730,1.1214,0.8433
fixF0_peakVoicing_tonal_db6,3970,4060,Hakuna,55,1,1,0.7813,1.0511,0.6806
fixF0_peakVoicing_tonal_db6,3979,0155,Potter,76,0,1,0.8138,2.0316,0.4631
fixF0_peakVoicing_tonal_db6,3979,0584,Potter,76,0,1,0.7653,1.7244,0.6213
fixF0_peakVoicing_tonal_db6,3979,1381,StarWars,76,0,1,0.7324,2.2714,0.2902
fixF0_peakVoicing_tonal_db6,3979,1445,StarWars,76,0,1,0.8185,2.1301,0.4294
fixF0_peakVoicing_tonal_db6,3979,3706,Hakuna,76,1,1,0.8138,0.9910,0.9078
fixF0_peakVoicing_tonal_db6,3979,4048,Hakuna,76,1,1,0.8670,0.7484,0.9383
fixF0_peakVoicing_tonal_db6,3981,0394,Potter,215,0,1,1.1234,3.3772,0.2002
fixF0_peakVoicing_tonal_db6,3981,0975,StarWars,215,0,1,0.9227,2.4046,0.6741
fixF0_peakVoicing_tonal_db6,3981,1423,StarWars,215,0,1,1.0411,2.5994,0.7101
fixF0_peakVoicing_tonal_db6,3981,3480,Hakuna,215,1,1,0.9342,0.4129,0.9633
fixF0_peakVoicing_tonal_db6,3981,3858,Hakuna,215,1,1,0.9868,0.3737,0.9737
fixF0_peakVoicing_tonal_db6,3982,0124,Potter,58,0,1,1.1199,1.8499,0.4835
fixF0_peakVoicing_tonal_db6,3982,0467,Potter,58,0,1,1.1412,1.9078,0.2785
fixF0_peakVoicing_tonal_db6,3982,1178,StarWars,58,0,1,1.0445,1.8863,0.2846
fixF0_peakVoicing_tonal_db6,3982,1262,StarWars,58,0,1,1.0542,1.7032,0.3768
fixF0_peakVoicing_tonal_db6,3982,3556,Hakuna,58,1,1,0.8143,0.9978,0.6185
fixF0_peakVoicing_tonal_db6,3982,3668,Hakuna,58,1,1,0.8298,0.6932,0.8234
fixF0_peakVoicing_tonal_db6,3995,0663,Potter,149,0,1,0.6620,1.2559,0.4510
fixF0_peakVoicing_tonal_db6,3995,1284,StarWars,149,0,1,0.5370,1.4173,0.3681
fixF0_peakVoicing_tonal_db6,3995,3578,Hakuna,149,1,1,0.1451,1.2994,0.4519
fixF0_peakVoicing_tonal_db6,3999,0055,Potter,200,0,1,1.1153,2.0734,0.3633
fixF0_peakVoicing_tonal_db6,3999,0417,Potter,200,0,1,1.0587,2.2874,0.4783
fixF0_peakVoicing_tonal_db6,3999,1015,StarWars,200,0,1,1.1405,1.8746,0.5120
fixF0_peakVoicing_tonal_db6,3999,1626,StarWars,200,0,1,1.0734,2.1538,0.4799
fixF0_peakVoicing_tonal_db6,3999,3586,Hakuna,200,1,1,0.8470,0.7737,0.7530
fixF0_peakVoicing_tonal_db6,3999,3862,Hakuna,200,1,1,0.9266,0.5553,0.9025
fixF0_peakVoicing_tonal_db6,4006,0004,Potter,160,0,1,0.6734,1.8662,0.6062
fixF0_peakVoicing_tonal_db6,4006,0517,Potter,160,0,1,0.5635,1.8342,0.4790
fixF0_peakVoicing_tonal_db6,4006,1390,StarWars,160,0,1,0.7614,2.1294,0.4398
fixF0_peakVoicing_tonal_db6,4006,1641,StarWars,160,0,1,0.7445,2.1333,0.3613
fixF0_peakVoicing_tonal_db6,4006,3786,Hakuna,160,1,1,0.6210,1.5891,0.7845
fixF0_peakVoicing_tonal_db6,4006,3994,Hakuna,160,1,1,0.6125,1.5772,0.7147
fixF0_peakVoicing_tonal_db6,4009,0542,Potter,44,0,1,1.0372,1.5755,0.7973
fixF0_peakVoicing_tonal_db6,4009,0739,Potter,44,0,1,1.1117,1.6520,0.7746
fixF0_peakVoicing_tonal_db6,4009,0964,StarWars,44,0,1,1.1036,2.2509,0.7417
fixF0_peakVoicing_tonal_db6,4009,1026,StarWars,44,0,1,1.0615,2.5130,0.7125
fixF0_peakVoicing_tonal_db6,4009,3485,Hakuna,44,1,1,1.0016,0.4131,0.9801
fixF0_peakVoicing_tonal_db6,4009,3781,Hakuna,44,1,1,0.9288,0.4409,0.9770
fixF0_peakVoicing_tonal_db6,4011,0145,Potter,141,0,1,0.7439,1.8552,0.4662
fixF0_peakVoicing_tonal_db6,4011,0620,Potter,141,0,1,0.4542,1.5777,0.3925
fixF0_peakVoicing_tonal_db6,4011,1636,StarWars,141,0,1,0.7907,1.7365,0.1547
fixF0_peakVoicing_tonal_db6,4011,1652,StarWars,141,0,1,0.7383,1.7087,0.1634
fixF0_peakVoicing_tonal_db6,4011,3687,Hakuna,141,1,1,0.7290,1.3465,0.6613
fixF0_peakVoicing_tonal_db6,4011,3895,Hakuna,141,1,1,0.7252,1.1804,0.7582
fixF0_peakVoicing_tonal_db6,4017,0057,Potter,60,0,1,0.7213,1.5010,0.5744
fixF0_peakVoicing_tonal_db6,4017,0348,Potter,60,0,1,0.6976,1.3582,0.7771
fixF0_peakVoicing_tonal_db6,4018,0427,Potter,174,0,1,0.6215,2.1064,0.5092
fixF0_peakVoicing_tonal_db6,4018,0577,Potter,174,0,1,0.6786,1.8706,0.6098
fixF0_peakVoicing_tonal_db6,4018,1403,StarWars,174,0,1,0.5511,2.2274,0.4212
fixF0_peakVoicing_tonal_db6,4018,1502,StarWars,174,0,1,0.7238,2.6928,0.2137
fixF0_peakVoicing_tonal_db6,4018,3424,Hakuna,174,1,1,0.5750,2.7502,0.1031
fixF0_peakVoicing_tonal_db6,4018,4122,Hakuna,174,1,1,0.4529,2.2489,0.2819
fixF0_peakVoicing_tonal_db6,4021,0229,Potter,230,0,1,1.0675,2.2734,0.4028
fixF0_peakVoicing_tonal_db6,4021,0245,Potter,230,0,1,0.8778,2.5104,0.5525
fixF0_peakVoicing_tonal_db6,4021,1010,StarWars,230,0,1,0.9904,1.6171,0.7624
fixF0_peakVoicing_tonal_db6,4021,1048,StarWars,230,0,1,1.0450,1.9523,0.7404
fixF0_peakVoicing_tonal_db6,4021,3670,Hakuna,230,1,1,0.8264,0.7330,0.8944
fixF0_peakVoicing_tonal_db6,4021,3702,Hakuna,230,1,1,0.8167,0.5944,0.9366
fixF0_peakVoicing_tonal_db6,4025,0273,Potter,172,0,1,0.7883,2.1860,0.3791
fixF0_peakVoicing_tonal_db6,4025,1064,StarWars,172,0,1,0.7932,1.7878,0.6362
fixF0_peakVoicing_tonal_db6,4025,1498,StarWars,172,0,1,0.6694,1.3897,0.7375
fixF0_peakVoicing_tonal_db6,4025,3708,Hakuna,172,1,1,0.7801,3.2383,0.2470
fixF0_peakVoicing_tonal_db6,4025,4145,Hakuna,172,1,1,0.7948,1.5639,0.5561
fixF0_peakVoicing_tonal_db6,4029,0418,Potter,111,0,1,0.9759,3.6278,0.0959
fixF0_peakVoicing_tonal_db6,4029,0454,Potter,111,0,1,0.6838,3.2590,0.3241
fixF0_peakVoicing_tonal_db6,4029,0940,StarWars,111,0,1,0.5481,2.1741,0.4903
fixF0_peakVoicing_tonal_db6,4029,1398,StarWars,111,0,1,0.5447,2.6719,0.5763
fixF0_peakVoicing_tonal_db6,4029,4091,Hakuna,111,1,1,0.7612,2.1307,0.4493
fixF0_peakVoicing_tonal_db6,4029,4133,Hakuna,111,1,1,0.6186,3.1839,0.2371
fixF0_peakVoicing_tonal_db6,4032,0060,Potter,222,0,1,1.1199,2.0547,0.7238
fixF0_peakVoicing_tonal_db6,4032,0107,Potter,222,0,1,1.2710,1.9437,0.6767
fixF0_peakVoicing_tonal_db6,4032,0959,StarWars,222,0,1,1.0240,1.9690,0.6121
fixF0_peakVoicing_tonal_db6,4032,1276,StarWars,222,0,1,0.9904,2.1388,0.6046
fixF0_peakVoicing_tonal_db6,4032,4064,Hakuna,222,1,1,1.1583,1.4861,0.7492
fixF0_peakVoicing_tonal_db6,4032,4085,Hakuna,222,1,1,1.1439,1.6339,0.7953
fixF0_peakVoicing_tonal_db6,4033,0202,Potter,164,0,1,0.9764,1.4682,0.7108
fixF0_peakVoicing_tonal_db6,4033,0293,Potter,164,0,1,0.9601,1.4223,0.7506
fixF0_peakVoicing_tonal_db6,4033,1315,StarWars,164,0,1,1.0380,2.1869,0.3664
fixF0_peakVoicing_tonal_db6,4033,1482,StarWars,164,0,1,0.9601,1.8359,0.5439
fixF0_peakVoicing_tonal_db6,4033,3746,Hakuna,164,1,1,0.8207,1.5041,0.7818
fixF0_peakVoicing_tonal_db6,4033,3954,Hakuna,164,1,1,0.8188,1.3978,0.7372
fixF0_peakVoicing_tonal_db6,4034,0616,Potter,71,0,1,0.4605,2.2537,0.5878
fixF0_peakVoicing_tonal_db6,4034,0753,Potter,71,0,1,0.4939,1.6780,0.7980
fixF0_peakVoicing_tonal_db6,4034,1170,StarWars,71,0,1,0.1854,1.8439,0.6278
fixF0_peakVoicing_tonal_db6,4034,1327,StarWars,71,0,1,0.1657,2.0352,0.5338
fixF0_peakVoicing_tonal_db6,4034,3542,Hakuna,71,1,1,0.2447,1.7324,0.7076
fixF0_peakVoicing_tonal_db6,4034,3755,Hakuna,71,1,1,0.2508,1.9062,0.6317
fixF0_peakVoicing_tonal_db6,4038,0282,Potter,8,0,1,1.0509,2.2679,0.6241
fixF0_peakVoicing_tonal_db6,4038,0802,Potter,8,0,1,0.9097,2.2409,0.5020
fixF0_peakVoicing_tonal_db6,4038,1046,StarWars,8,0,1,0.8030,2.6329,0.1235
fixF0_peakVoicing_tonal_db6,4038,1667,StarWars,8,0,1,0.8194,2.3730,0.6293
fixF0_peakVoicing_tonal_db6,4038,3795,Hakuna,8,1,1,0.7209,2.2504,0.5910
fixF0_peakVoicing_tonal_db6,4038,4144,Hakuna,8,1,1,0.7225,2.2732,0.6869
fixF0_peakVoicing_tonal_db6,4040,0328,Potter,106,0,1,0.5925,1.2834,0.6643
fixF0_peakVoicing_tonal_db6,4040,0777,Potter,106,0,1,0.6645,1.5145,0.5458
fixF0_peakVoicing_tonal_db6,4040,1062,StarWars,106,0,1,0.6563,2.5968,0.4785
fixF0_peakVoicing_tonal_db6,4040,1581,StarWars,106,0,1,0.3781,2.1476,0.5487
fixF0_peakVoicing_tonal_db6,4040,3427,Hakuna,106,1,1,0.6252,2.9727,0.4701
fixF0_peakVoicing_tonal_db6,4040,4075,Hakuna,106,1,1,0.5696,2.8085,0.4331
fixF0_peakVoicing_tonal_db6,4043,0292,Potter,166,0,1,1.1657,2.3012,0.4424
fixF0_peakVoicing_tonal_db6,4043,0353,Potter,166,0,1,1.6647,2.0022,0.4977
fixF0_peakVoicing_tonal_db6,4043,1233,StarWars,166,0,1,0.9840,1.8034,0.3805
fixF0_peakVoicing_tonal_db6,4043,1267,StarWars,166,0,1,0.9820,1.9595,0.2727
fixF0_peakVoicing_tonal_db6,4045,0377,Potter,234,0,1,0.7789,1.3618,0.7268
fixF0_peakVoicing_tonal_db6,4045,0406,Potter,234,0,1,0.8618,1.6543,0.6605
fixF0_peakVoicing_tonal_db6,4045,0906,StarWars,234,0,1,0.8670,1.6378,0.6974
fixF0_peakVoicing_tonal_db6,4045,3484,Hakuna,234,1,1,0.7444,0.8840,0.8937
fixF0_peakVoicing_tonal_db6,4045,3975,Hakuna,234,1,1,0.7962,1.0713,0.8245
fixF0_peakVoicing_tonal_db6,4046,0445,Potter,146,0,1,0.8635,2.4276,0.4306
fixF0_peakVoicing_tonal_db6,4046,0622,Potter,146,0,1,0.9723,1.6717,0.7197
fixF0_peakVoicing_tonal_db6,4046,0925,StarWars,146,0,1,0.6697,2.1070,0.4323
fixF0_peakVoicing_tonal_db6,4046,1456,StarWars,146,0,1,0.7657,2.7756,0.2894
fixF0_peakVoicing_tonal_db6,4046,3439,Hakuna,146,1,1,0.6199,1.4007,0.7862
fixF0_peakVoicing_tonal_db6,4046,3822,Hakuna,146,1,1,0.6513,2.3557,0.3395
fixF0_peakVoicing_tonal_db6,4057,0489,Potter,87,0,1,0.8576,1.8032,0.2335
fixF0_peakVoicing_tonal_db6,4057,0684,Potter,87,0,1,0.7578,1.8365,0.3635
fixF0_peakVoicing_tonal_db6,4057,1090,StarWars,87,0,1,0.7692,1.4763,0.3662
fixF0_peakVoicing_tonal_db6,4057,1460,StarWars,87,0,1,0.8069,1.0797,0.6857
fixF0_peakVoicing_tonal_db6,4057,3341,Hakuna,87,1,1,0.7594,0.9389,0.7470
fixF0_peakVoicing_tonal_db6,4057,3728,Hakuna,87,1,1,0.7332,1.0979,0.6888
fixF0_peakVoicing_tonal_db6,4059,0397,Potter,20,0,1,0.7694,1.9334,0.5968
fixF0_peakVoicing_tonal_db6,4059,0513,Potter,20,0,1,0.6441,1.5492,0.7526
fixF0_peakVoicing_tonal_db6,4059,1297,StarWars,20,0,1,0.7435,2.1597,0.4249
fixF0_peakVoicing_tonal_db6,4059,1582,StarWars,20,0,1,0.6839,1.5712,0.6815
fixF0_peakVoicing_tonal_db6,4059,3642,Hakuna,20,1,1,0.8131,0.8103,0.9030
fixF0_peakVoicing_tonal_db6,4059,3992,Hakuna,20,1,1,0.7674,0.7693,0.9210
fixF0_peakVoicing_tonal_db6,4062,0386,Potter,184,0,1,0.9832,1.9964,0.6715
fixF0_peakVoicing_tonal_db6,4062,0729,Potter,184,0,1,1.0184,2.6982,0.4821
fixF0_peakVoicing_tonal_db6,4062,0887,StarWars,184,0,1,0.7806,2.0162,0.5547
fixF0_peakVoicing_tonal_db6,4062,3612,Hakuna,184,1,1,0.7621,1.0302,0.8855
fixF0_peakVoicing_tonal_db6,4062,3844,Hakuna,184,1,1,0.7789,1.0407,0.8822
fixF0_peakVoicing_tonal_db6,4063,0123,Potter,29,0,1,0.8688,1.9713,0.5035
fixF0_peakVoicing_tonal_db6,4063,0631,Potter,29,0,1,0.8982,1.8186,0.7181
fixF0_peakVoicing_tonal_db6,4063,1142,StarWars,29,0,1,0.9683,2.1127,0.4358
fixF0_peakVoicing_tonal_db6,4063,1493,StarWars,29,0,1,1.1267,1.7462,0.6096
fixF0_peakVoicing_tonal_db6,4063,3893,Hakuna,29,1,1,0.8891,1.7471,0.7631
fixF0_peakVoicing_tonal_db6,4063,4086,Hakuna,29,1,1,0.8303,1.5465,0.8184
fixF0_peakVoicing_tonal_db6,4073,0068,Potter,134,0,1,1.1647,1.6515,0.4880
fixF0_peakVoicing_tonal_db6,4073,0695,Potter,134,0,1,0.7854,1.7028,0.4382
fixF0_peakVoicing_tonal_db6,4073,1461,StarWars,134,0,1,0.7471,1.4812,0.6471
fixF0_peakVoicing_tonal_db6,4073,1589,StarWars,134,0,1,0.7288,2.0316,0.2465
fixF0_peakVoicing_tonal_db6,4073,3780,Hakuna,134,1,1,0.7554,1.5817,0.5279
fixF0_peakVoicing_tonal_db6,4073,3912,Hakuna,134,1,1,0.7504,1.6684,0.5923
fixF0_peakVoicing_tonal_db6,4074,0295,Potter,83,0,1,1.1119,2.4738,0.5521
fixF0_peakVoicing_tonal_db6,4074,0648,Potter,83,0,1,1.2148,3.0466,0.3874
fixF0_peakVoicing_tonal_db6,4074,1165,StarWars,83,0,1,1.1426,3.6040,0.2718
fixF0_peakVoicing_tonal_db6,4074,1491,StarWars,83,0,1,1.1408,2.4660,0.5000
fixF0_peakVoicing_tonal_db6,4074,3452,Hakuna,83,1,1,0.9657,1.3292,0.8976
fixF0_peakVoicing_tonal_db6,4074,4101,Hakuna,83,1,1,0.9332,1.2442,0.9452
fixF0_peakVoicing_tonal_db6,4081,0041,Potter,151,0,1,0.9920,1.2099,0.7743
fixF0_peakVoicing_tonal_db6,4081,0778,Potter,151,0,1,0.9301,1.2117,0.7847
fixF0_peakVoicing_tonal_db6,4081,1060,StarWars,151,0,1,1.2555,2.0441,0.5258
fixF0_peakVoicing_tonal_db6,4081,1252,StarWars,151,0,1,1.2116,1.8530,0.5977
fixF0_peakVoicing_tonal_db6,4081,3523,Hakuna,151,1,1,0.8543,0.6697,0.7214
fixF0_peakVoicing_tonal_db6,4081,3573,Hakuna,151,1,1,0.8643,0.6464,0.7068
fixF0_peakVoicing_tonal_db6,4083,0246,Potter,190,0,1,0.8825,1.2687,0.6985
fixF0_peakVoicing_tonal_db6,4083,0410,Potter,190,0,1,0.9526,1.1176,0.5501
fixF0_peakVoicing_tonal_db6,4083,1077,StarWars,190,0,1,0.8474,1.2598,0.6014
fixF0_peakVoicing_tonal_db6,4083,1085,StarWars,190,0,1,0.7526,1.0828,0.7981
fixF0_peakVoicing_tonal_db6,4083,3625,Hakuna,190,1,1,0.8454,1.2662,0.6650
fixF0_peakVoicing_tonal_db6,4083,3898,Hakuna,190,1,1,0.9072,1.1702,0.5729
fixF0_peakVoicing_tonal_db6,4093,0582,Potter,57,0,1,0.5429,0.9272,0.5429
fixF0_peakVoicing_tonal_db6,4093,0801,Potter,57,0,1,0.5603,1.0099,0.5087
fixF0_peakVoicing_tonal_db6,4093,0985,StarWars,57,0,1,0.5696,0.9617,0.5382
fixF0_peakVoicing_tonal_db6,4093,1249,StarWars,57,0,1,0.5313,1.0142,0.4140
fixF0_peakVoicing_tonal_db6,4093,3745,Hakuna,57,1,1,0.8631,0.8952,0.6130
fixF0_peakVoicing_tonal_db6,4093,3802,Hakuna,57,1,1,0.8608,0.7168,0.6630
fixF0_peakVoicing_tonal_db6,4097,0713,Potter,3,0,1,0.4455,1.2321,0.7942
fixF0_peakVoicing_tonal_db6,4097,0748,Potter,3,0,1,0.3935,2.1067,0.3672
fixF0_peakVoicing_tonal_db6,4097,0974,StarWars,3,0,1,0.5187,1.7646,0.6428
fixF0_peakVoicing_tonal_db6,4098,0123,Potter,29,0,1,0.8889,1.9980,0.4545
fixF0_peakVoicing_tonal_db6,4098,0631,Potter,29,0,1,0.9190,1.9388,0.6128
fixF0_peakVoicing_tonal_db6,4098,1142,StarWars,29,0,1,0.9907,1.9822,0.4877
fixF0_peakVoicing_tonal_db6,4098,1493,StarWars,29,0,1,1.1528,1.7265,0.6223
fixF0_peakVoicing_tonal_db6,4098,3893,Hakuna,29,1,1,0.9097,1.6771,0.8187
fixF0_peakVoicing_tonal_db6,4098,4086,Hakuna,29,1,1,0.8495,1.6898,0.7994
fixF0_peakVoicing_tonal_db6,4108,0279,Potter,223,0,1,1.0455,1.5001,0.5276
fixF0_peakVoicing_tonal_db6,4108,0609,Potter,223,0,1,1.0437,1.6582,0.4592
fixF0_peakVoicing_tonal_db6,4108,1197,StarWars,223,0,1,0.8427,1.6720,0.5929
fixF0_peakVoicing_tonal_db6,4108,3343,Hakuna,223,1,1,0.8059,0.5988,0.9314
fixF0_peakVoicing_tonal_db6,4108,4153,Hakuna,223,1,1,0.8077,0.6636,0.9040
fixF0_peakVoicing_tonal_db6,4109,0168,Potter,198,0,1,0.2158,2.4524,0.5017
fixF0_peakVoicing_tonal_db6,4109,0461,Potter,198,0,1,0.6911,2.4112,0.4250
fixF0_peakVoicing_tonal_db6,4109,1354,StarWars,198,0,1,0.1368,2.4671,0.4389
fixF0_peakVoicing_tonal_db6,4109,1535,StarWars,198,0,1,0.1918,2.3511,0.5779
fixF0_peakVoicing_tonal_db6,4109,3607,Hakuna,198,1,1,0.4485,2.9045,0.2594
fixF0_peakVoicing_tonal_db6,4109,4013,Hakuna,198,1,1,0.2779,2.6603,0.5218
fixF0_peakVoicing_tonal_db6,4115,0239,Potter,59,0,1,0.5585,2.0183,0.5450
fixF0_peakVoicing_tonal_db6,4115,0798,Potter,59,0,1,0.4104,1.9512,0.6244
fixF0_peakVoicing_tonal_db6,4115,0923,StarWars,59,0,1,0.2667,1.8706,0.6411
fixF0_peakVoicing_tonal_db6,4115,1246,StarWars,59,0,1,0.4000,2.1086,0.4290
fixF0_peakVoicing_tonal_db6,4115,3956,Hakuna,59,1,1,0.3289,2.1584,0.5897
fixF0_peakVoicing_tonal_db6,4115,4124,Hakuna,59,1,1,0.3556,1.9557,0.5223
fixF0_peakVoicing_tonal_db6,4117,0071,Potter,109,0,1,1.1636,2.0153,0.5664
fixF0_peakVoicing_tonal_db6,4117,0388,Potter,109,0,1,1.2484,1.6637,0.7942
fixF0_peakVoicing_tonal_db6,4117,0986,StarWars,109,0,1,1.1263,2.5942,0.4508
fixF0_peakVoicing_tonal_db6,4117,1078,StarWars,109,0,1,1.2029,2.6899,0.4236
fixF0_peakVoicing_tonal_db6,4117,3457,Hakuna,109,1,1,0.9255,0.8826,0.7611
fixF0_peakVoicing_tonal_db6,4117,3837,Hakuna,109,1,1,0.8551,0.9273,0.9157
fixF0_peakVoicing_tonal_db6,4126,0708,Potter,9,0,1,0.7108,1.9707,0.5171
fixF0_peakVoicing_tonal_db6,4126,0757,Potter,9,0,1,0.8526,1.8044,0.6235
fixF0_peakVoicing_tonal_db6,4126,1280,StarWars,9,0,1,0.5539,1.9542,0.6108
fixF0_peakVoicing_tonal_db6,4126,1463,StarWars,9,0,1,0.6011,2.7065,0.3957
fixF0_peakVoicing_tonal_db6,4126,3431,Hakuna,9,1,1,0.3176,1.8850,0.4938
fixF0_peakVoicing_tonal_db6,4126,3525,Hakuna,9,1,1,0.3705,1.8043,0.5425
fixF0_peakVoicing_tonal_db6,4127,0435,Potter,185,0,1,0.6106,1.6584,0.6403
fixF0_peakVoicing_tonal_db6,4127,0666,Potter,185,0,1,1.0216,1.6025,0.6843
fixF0_peakVoicing_tonal_db6,4127,1173,StarWars,185,0,1,1.0233,2.1005,0.3723
fixF0_peakVoicing_tonal_db6,4127,1575,StarWars,185,0,1,0.6007,2.0639,0.2917
fixF0_peakVoicing_tonal_db6,4127,3561,Hakuna,185,1,1,0.9634,1.1300,0.8780
fixF0_peakVoicing_tonal_db6,4127,3613,Hakuna,185,1,1,0.7854,1.1604,0.8887
fixF0_peakVoicing_tonal_db6,4128,0319,Potter,54,0,1,1.0658,1.9430,0.7077
fixF0_peakVoicing_tonal_db6,4128,0573,Potter,54,0,1,1.0815,1.8304,0.7726
fixF0_peakVoicing_tonal_db6,4128,0885,StarWars,54,0,1,1.0799,2.0319,0.7824
fixF0_peakVoicing_tonal_db6,4128,1561,StarWars,54,0,1,0.9201,2.8076,0.6634
fixF0_peakVoicing_tonal_db6,4128,3395,Hakuna,54,1,1,0.9577,0.8257,0.9365
fixF0_peakVoicing_tonal_db6,4128,3880,Hakuna,54,1,1,0.8997,0.7512,0.9390
fixF0_peakVoicing_tonal_db6,4129,0424,Potter,38,0,1,1.1993,1.4254,0.6308
fixF0_peakVoicing_tonal_db6,4129,0829,Potter,38,0,1,1.1940,1.6149,0.4987
fixF0_peakVoicing_tonal_db6,4129,1149,StarWars,38,0,1,1.0285,1.4159,0.6339
fixF0_peakVoicing_tonal_db6,4129,1273,StarWars,38,0,1,1.0214,1.6345,0.6503
fixF0_peakVoicing_tonal_db6,4129,3506,Hakuna,38,1,1,0.9128,0.4655,0.9463
fixF0_peakVoicing_tonal_db6,4129,3732,Hakuna,38,1,1,0.9982,0.6182,0.8964
fixF0_peakVoicing_tonal_db6,4130,0198,Potter,67,0,1,1.6194,1.6958,0.7000
fixF0_peakVoicing_tonal_db6,4130,0369,Potter,67,0,1,1.4028,1.5863,0.7209
fixF0_peakVoicing_tonal_db6,4130,1298,StarWars,67,0,1,1.4944,2.3697,0.4161
fixF0_peakVoicing_tonal_db6,4130,1326,StarWars,67,0,1,1.3944,2.0507,0.7357
fixF0_peakVoicing_tonal_db6,4130,3412,Hakuna,67,1,1,1.0583,1.4712,0.7778
fixF0_peakVoicing_tonal_db6,4130,3447,Hakuna,67,1,1,1.0944,1.5890,0.7909
fixF0_peakVoicing_tonal_db6,4136,0194,Potter,169,0,1,0.6588,2.2608,0.4625
fixF0_peakVoicing_tonal_db6,4136,0728,Potter,169,0,1,0.6948,2.2354,0.3463
fixF0_peakVoicing_tonal_db6,4136,0848,StarWars,169,0,1,0.7246,2.3056,0.3637
fixF0_peakVoicing_tonal_db6,4136,1533,StarWars,169,0,1,0.6854,2.3121,0.4644
fixF0_peakVoicing_tonal_db6,4136,3399,Hakuna,169,1,1,0.7277,2.0518,0.5433
fixF0_peakVoicing_tonal_db6,4136,3605,Hakuna,169,1,1,0.6604,2.0375,0.5799
fixF0_peakVoicing_tonal_db6,4147,0371,Potter,52,0,1,1.1841,1.9985,0.5159
fixF0_peakVoicing_tonal_db6,4147,0529,Potter,52,0,1,0.9614,2.2459,0.4197
fixF0_peakVoicing_tonal_db6,4147,0954,StarWars,52,0,1,1.0318,1.7735,0.6551
fixF0_peakVoicing_tonal_db6,4147,1331,StarWars,52,0,1,0.9932,2.0606,0.6294
fixF0_peakVoicing_tonal_db6,4147,3349,Hakuna,52,1,1,0.8864,0.7042,0.9069
fixF0_peakVoicing_tonal_db6,4147,3915,Hakuna,52,1,1,0.9455,0.8010,0.8470
fixF0_peakVoicing_tonal_db6,4152,0271,Potter,121,0,1,1.0941,1.9086,0.4768
fixF0_peakVoicing_tonal_db6,4152,0416,Potter,121,0,1,0.8911,1.7850,0.4597
fixF0_peakVoicing_tonal_db6,4152,0852,StarWars,121,0,1,1.1064,1.7803,0.5240
fixF0_peakVoicing_tonal_db6,4152,1525,StarWars,121,0,1,1.0569,1.7883,0.3555
fixF0_peakVoicing_tonal_db6,4152,3647,Hakuna,121,1,1,1.0347,0.8516,0.8684
fixF0_peakVoicing_tonal_db6,4152,4058,Hakuna,121,1,1,1.0569,0.8701,0.8632
fixF0_peakVoicing_tonal_db6,4158,0756,Potter,219,0,1,0.6187,1.6030,0.2488
fixF0_peakVoicing_tonal_db6,4158,0805,Potter,219,0,1,0.8265,1.6638,0.2049
fixF0_peakVoicing_tonal_db6,4158,0988,StarWars,219,0,1,0.8836,1.5061,0.4823
fixF0_peakVoicing_tonal_db6,4158,1255,StarWars,219,0,1,0.8105,1.5835,0.5192
fixF0_peakVoicing_tonal_db6,4158,3355,Hakuna,219,1,1,0.7671,1.8194,0.1295
fixF0_peakVoicing_tonal_db6,4158,3635,Hakuna,219,1,1,0.9110,1.5536,0.2442
